[30Sep2026 04:19:19.083] [main/INFO] [cpw.mods.modlauncher.Launcher/MODLAUNCHER]: ModLauncher running: args [--launchTarget, forgeclientdev, --version, 21.1.252, --assetIndex, 17, --assetsDir, /home/braydon/.gradle/caches/neoformruntime/assets, --gameDir, ., --fml.fmlVersion, 4.0.44, --fml.mcVersion, 1.21.1, --fml.neoForgeVersion, 21.1.252, --fml.neoFormVersion, 20240808.144430, --username, AuditPilot, --quickPlayMultiplayer, 127.0.0.1:25585]
[30Sep2026 04:19:19.084] [main/INFO] [cpw.mods.modlauncher.Launcher/MODLAUNCHER]: JVM identified as Arch Linux OpenJDK 64-Bit Server VM 21.0.12.1+1
[30Sep2026 04:19:19.085] [main/INFO] [cpw.mods.modlauncher.Launcher/MODLAUNCHER]: ModLauncher 11.0.5+main.901c6ea8 starting: java version 21.0.12.1 by Arch Linux; OS Linux arch amd64 version 7.2.7-zen1-1-zen
[30Sep2026 04:19:19.128] [main/INFO] [net.neoforged.fml.loading.ImmediateWindowHandler/]: Loading ImmediateWindowProvider fmlearlywindow
[30Sep2026 04:19:19.736] [main/INFO] [EARLYDISPLAY/]: Trying GL version 4.6
[30Sep2026 04:19:19.769] [main/INFO] [EARLYDISPLAY/]: Requested GL version 4.6 got version 4.6
[30Sep2026 04:19:19.799] [main/INFO] [mixin/]: SpongePowered MIXIN Subsystem Version=0.8.7 Source=union:/home/braydon/.gradle/caches/modules-2/files-2.1/net.fabricmc/sponge-mixin/0.15.2+mixin.0.8.7/2af2f021d8e02a0220dc27a7a72b4666d66d44ca/sponge-mixin-0.15.2+mixin.0.8.7.jar%23126!/ Service=ModLauncher Env=CLIENT
[30Sep2026 04:19:19.834] [pool-2-thread-1/INFO] [EARLYDISPLAY/]: GL info: llvmpipe (LLVM 22.1.8, 256 bits) GL version 4.6 (Core Profile) Mesa 26.2.3-arch1.1, Mesa
[30Sep2026 04:19:20.038] [main/WARN] [net.neoforged.jarjar.selection.JarSelector/]: Attempted to select a dependency jar for JarJar which was passed in as source: library:Registrate.MC1._21._67. Using Mod File: /home/braydon/.gradle/caches/modules-2/files-2.1/com.tterrag.registrate/Registrate/MC1.21-1.3.0+67/66ddc4cd56472fea1ea1a24182901e6c92a51c0a/Registrate-MC1.21-1.3.0+67.jar
[30Sep2026 04:19:20.039] [main/WARN] [net.neoforged.jarjar.selection.JarSelector/]: Attempted to select a dependency jar for JarJar which was passed in as source: veil. Using Mod File: /home/braydon/.gradle/caches/modules-2/files-2.1/foundry.veil/veil-neoforge-1.21.1/4.1.4/642ec0bd02213ee087d86eda553d6d79c6a04d2b/veil-neoforge-1.21.1-4.1.4.jar
[30Sep2026 04:19:20.039] [main/WARN] [net.neoforged.jarjar.selection.JarSelector/]: Attempted to select a dependency jar for JarJar which was passed in as source: sablecompanion. Using Mod File: /home/braydon/.gradle/caches/modules-2/files-2.1/dev.ryanhcode.sable-companion/sable-companion-common-1.21.1/1.6.0/370be7db705926176e05c0215ed676150c45daae/sable-companion-common-1.21.1-1.6.0.jar
[30Sep2026 04:19:20.039] [main/WARN] [net.neoforged.jarjar.selection.JarSelector/]: Attempted to select a dependency jar for JarJar which was passed in as source: flywheel. Using Mod File: /home/braydon/.gradle/caches/modules-2/files-2.1/dev.engine-room.flywheel/flywheel-neoforge-1.21.1/1.0.6/a943872ad0bdd4458d818d8d7dc123fb250eb744/flywheel-neoforge-1.21.1-1.0.6.jar
[30Sep2026 04:19:20.039] [main/WARN] [net.neoforged.jarjar.selection.JarSelector/]: Attempted to select a dependency jar for JarJar which was passed in as source: library:sable_rapier. Using Mod File: /home/braydon/.gradle/caches/modules-2/files-2.1/dev.ryanhcode.sable/sable-sable_rapier-1.21.1/2.0.3/a88c0860320890144b6b44c332a2a2db3a61e189/sable-sable_rapier-1.21.1-2.0.3.jar
[30Sep2026 04:19:20.039] [main/WARN] [net.neoforged.jarjar.selection.JarSelector/]: Attempted to select a dependency jar for JarJar which was passed in as source: ponder. Using Mod File: /home/braydon/.gradle/caches/modules-2/files-2.1/net.createmod.ponder/ponder-neoforge/1.0.87+mc1.21.1/7783eeff0389f8c6003457133b9dd98e903266c6/ponder-neoforge-1.0.87+mc1.21.1.jar
[30Sep2026 04:19:20.039] [main/INFO] [net.neoforged.fml.loading.moddiscovery.locators.JarInJarDependencyLocator/]: Found 5 dependencies adding them to mods collection
[30Sep2026 04:19:20.040] [main/INFO] [net.neoforged.fml.loading.moddiscovery.ModDiscoverer/]:
     Mod List:
		Name Version (Mod Id)

		Aviator Dreams (Reloaded) 1.2.7+1.21.1 (aviator_dream)
		Create 6.0.11 (create)
		Create Aeronautics 1.3.0 (aeronautics)
		Create Simulated 1.3.0 (simulated)
		Flywheel 1.0.6 (flywheel)
		Immersive Aircraft 1.5.2+1.21.1 (immersive_aircraft)
		Magnetization 1.4.6 (magnetization)
		Minecraft 1.21.1 (minecraft)
		NeoForge 21.1.252 (neoforge)
		Ponder 1.0.87+mc1.21.1 (ponder)
		Sable 2.0.3 (sable)
		Sable Companion 1.6.0 (sablecompanion)
		TerraBlender 4.1.0.8 (terrablender)
		Veil 4.1.4 (veil)
[30Sep2026 04:19:20.404] [main/INFO] [mixin/]: Compatibility level set to JAVA_21
[30Sep2026 04:19:20.420] [main/INFO] [cpw.mods.modlauncher.LaunchServiceHandler/MODLAUNCHER]: Launching target 'forgeclientdev' with arguments [--version, 21.1.252, --gameDir, ., --assetsDir, /home/braydon/.gradle/caches/neoformruntime/assets, --assetIndex, 17, --username, AuditPilot, --quickPlayMultiplayer, 127.0.0.1:25585]
[30Sep2026 04:19:20.448] [main/WARN] [mixin/]: Reference map 'simulated.refmap.json' for simulated.mixins.json could not be read. If this is a development environment you can ignore this message
[30Sep2026 04:19:20.450] [main/WARN] [mixin/]: Reference map 'aeronautics.refmap.json' for aeronautics.mixins.json could not be read. If this is a development environment you can ignore this message
[30Sep2026 04:19:20.453] [main/WARN] [mixin/]: Reference map 'ponder.refmap.json' for ponder-common.mixins.json could not be read. If this is a development environment you can ignore this message
[30Sep2026 04:19:20.458] [main/INFO] [dev.ryanhcode.sable.mixin.AbstractSableMixinPlugin/]: Using Vanilla renderer mixins
[30Sep2026 04:19:20.459] [main/INFO] [dev.ryanhcode.sable.mixin.AbstractSableMixinPlugin/]: Using Vanilla renderer mixins
[30Sep2026 04:19:20.463] [main/WARN] [mixin/]: Reference map 'terrablender.refmap.json' for terrablender.mixins.json could not be read. If this is a development environment you can ignore this message
[30Sep2026 04:19:20.463] [main/WARN] [mixin/]: Reference map 'terrablender.refmap.json' for terrablender_neoforge.mixins.json could not be read. If this is a development environment you can ignore this message
[30Sep2026 04:19:20.646] [main/WARN] [mixin/]: Error loading class: net/irisshaders/iris/pipeline/PipelineManager (java.lang.ClassNotFoundException: net.irisshaders.iris.pipeline.PipelineManager)
[30Sep2026 04:19:20.646] [main/WARN] [mixin/]: @Mixin target net.irisshaders.iris.pipeline.PipelineManager was not found veil.neoforge.mixins.json:client.perspective.iris.PipelineManagerMixin from mod veil
[30Sep2026 04:19:20.677] [main/WARN] [mixin/]: Error loading class: mezz/jei/library/plugins/vanilla/ingredients/ItemStackListFactory (java.lang.ClassNotFoundException: mezz.jei.library.plugins.vanilla.ingredients.ItemStackListFactory)
[30Sep2026 04:19:20.930] [main/WARN] [mixin/]: Error loading class: com/copycatsplus/copycats/foundation/copycat/CCCopycatBlockEntity (java.lang.ClassNotFoundException: com.copycatsplus.copycats.foundation.copycat.CCCopycatBlockEntity)
[30Sep2026 04:19:20.931] [main/WARN] [mixin/]: Error loading class: com/copycatsplus/copycats/foundation/copycat/multistate/MultiStateCopycatBlockEntity (java.lang.ClassNotFoundException: com.copycatsplus.copycats.foundation.copycat.multistate.MultiStateCopycatBlockEntity)
[30Sep2026 04:19:20.931] [main/WARN] [mixin/]: Error loading class: com/jesz/createdieselgenerators/content/tools/ChemicalSprayerProjectileEntity (java.lang.ClassNotFoundException: com.jesz.createdieselgenerators.content.tools.ChemicalSprayerProjectileEntity)
[30Sep2026 04:19:20.932] [main/WARN] [mixin/]: Error loading class: qouteall/imm_ptl/core/compat/sable_integration/IPSableBridge (java.lang.ClassNotFoundException: qouteall.imm_ptl.core.compat.sable_integration.IPSableBridge)
[30Sep2026 04:19:20.933] [main/WARN] [mixin/]: Error loading class: com/github/alexmodguy/alexscaves/server/block/blockentity/TeslaBulbBlockEntity (java.lang.ClassNotFoundException: com.github.alexmodguy.alexscaves.server.block.blockentity.TeslaBulbBlockEntity)
[30Sep2026 04:19:20.933] [main/WARN] [mixin/]: Error loading class: dev/devce/rocketnautics/content/orbit/DeepSpaceData (java.lang.ClassNotFoundException: dev.devce.rocketnautics.content.orbit.DeepSpaceData)
[30Sep2026 04:19:20.967] [main/WARN] [mixin/]: Error loading class: org/jetbrains/annotations/ApiStatus$ScheduledForRemoval (java.lang.ClassNotFoundException: org.jetbrains.annotations.ApiStatus$ScheduledForRemoval)
[30Sep2026 04:19:20.996] [main/INFO] [MixinExtras|Service/]: Initializing MixinExtras via com.llamalad7.mixinextras.service.MixinExtrasServiceImpl(version=0.5.3).
[30Sep2026 04:19:21.613] [Datafixer Bootstrap/INFO] [com.mojang.datafixers.DataFixerBuilder/]: 229 Datafixer optimizations took 109 milliseconds
[30Sep2026 04:19:24.137] [main/WARN] [net.minecraft.commands.Commands/]: Ambiguity between arguments [teleport, location] and [teleport, destination] with inputs: [0.1 -0.5 .9, 0 0 0]
[30Sep2026 04:19:24.138] [main/WARN] [net.minecraft.commands.Commands/]: Ambiguity between arguments [teleport, location] and [teleport, targets] with inputs: [0.1 -0.5 .9, 0 0 0]
[30Sep2026 04:19:24.139] [main/WARN] [net.minecraft.commands.Commands/]: Ambiguity between arguments [teleport, destination] and [teleport, targets] with inputs: [Player, 0123, @e, dd12be42-52a9-4a91-a8a1-11c01849e498]
[30Sep2026 04:19:24.140] [main/WARN] [net.minecraft.commands.Commands/]: Ambiguity between arguments [teleport, targets] and [teleport, destination] with inputs: [Player, 0123, dd12be42-52a9-4a91-a8a1-11c01849e498]
[30Sep2026 04:19:24.141] [main/WARN] [net.minecraft.commands.Commands/]: Ambiguity between arguments [teleport, targets, location] and [teleport, targets, destination] with inputs: [0.1 -0.5 .9, 0 0 0]
[30Sep2026 04:19:24.234] [Render thread/WARN] [net.minecraft.server.packs.VanillaPackResourcesBuilder/]: Assets URL 'union:/home/braydon/Magnetization-API/build/moddev/artifacts/neoforge-21.1.252.jar%23177!/assets/.mcassetsroot' uses unexpected schema
[30Sep2026 04:19:24.234] [Render thread/WARN] [net.minecraft.server.packs.VanillaPackResourcesBuilder/]: Assets URL 'union:/home/braydon/Magnetization-API/build/moddev/artifacts/neoforge-21.1.252.jar%23177!/data/.mcassetsroot' uses unexpected schema
[30Sep2026 04:19:24.244] [Render thread/INFO] [com.mojang.authlib.yggdrasil.YggdrasilAuthenticationService/]: Environment: Environment[sessionHost=https://sessionserver.mojang.com, servicesHost=https://api.minecraftservices.com, name=PROD]
[30Sep2026 04:19:24.250] [Render thread/INFO] [net.minecraft.client.Minecraft/]: Setting user: AuditPilot
[30Sep2026 04:19:24.304] [Render thread/INFO] [net.minecraft.client.Minecraft/]: Backend library: LWJGL version 3.3.3+5
[30Sep2026 04:19:24.497] [modloading-worker-0/INFO] [Veil/]: Veil is initializing.
[30Sep2026 04:19:24.508] [modloading-worker-0/INFO] [net.neoforged.neoforge.common.NeoForgeMod/NEOFORGE-MOD]: NeoForge mod loading, version 21.1.252, for MC 1.21.1
[30Sep2026 04:19:24.620] [modloading-worker-0/INFO] [com.simibubi.create.Create/]: Create 6.0.11 initializing! Commit hash: 87b3c6a65fd00c023a07b37b0353144bc7e6a5bf
[30Sep2026 04:19:25.450] [modloading-worker-0/INFO] [dev.ryanhcode.sable.Sable/]: Sable loaded!
[30Sep2026 04:19:25.459] [modloading-worker-0/WARN] [dev.ryanhcode.sable.Sable/]: NOTE: Sable is loaded with Flywheel. Sable contains extensive shader overrides and a full light-storage replacement. Expect this to cause compatibility issues. If issues arise, please report them to the Sable issue tracker (https://github.com/ryanhcode/sable/issues) instead of the Flywheel issue tracker.
[30Sep2026 04:19:26.631] [Render thread/INFO] [Veil/]: GL Debug supported
[30Sep2026 04:19:26.780] [Render thread/INFO] [net.neoforged.neoforge.gametest.GameTestHooks/]: Enabled Gametest Namespaces: [magnetization]
[30Sep2026 04:19:26.990] [Render thread/ERROR] [com.mojang.text2speech.Narrator/]: Error while loading the narrator
com.mojang.text2speech.Narrator$InitializeException: Failed to load library flite
	at MC-BOOTSTRAP/text2speech@1.17.9/com.mojang.text2speech.NarratorLinux$FliteLibrary.loadNative(NarratorLinux.java:69) ~[text2speech-1.17.9.jar%23110!/:?]
	at MC-BOOTSTRAP/text2speech@1.17.9/com.mojang.text2speech.NarratorLinux.<init>(NarratorLinux.java:18) ~[text2speech-1.17.9.jar%23110!/:?]
	at MC-BOOTSTRAP/text2speech@1.17.9/com.mojang.text2speech.Narrator.getNarrator(Narrator.java:41) ~[text2speech-1.17.9.jar%23110!/:?]
	at TRANSFORMER/minecraft@1.21.1/net.minecraft.client.GameNarrator.<init>(GameNarrator.java:21) ~[neoforge-21.1.252.jar%23177!/:?]
	at TRANSFORMER/minecraft@1.21.1/net.minecraft.client.Minecraft.<init>(Minecraft.java:609) ~[neoforge-21.1.252.jar%23177!/:?]
	at TRANSFORMER/minecraft@1.21.1/net.minecraft.client.main.Main.main(Main.java:214) ~[neoforge-21.1.252.jar%23177!/:?]
	at java.base/jdk.internal.reflect.DirectMethodHandleAccessor.invoke(DirectMethodHandleAccessor.java:103) ~[?:?]
	at java.base/java.lang.reflect.Method.invoke(Method.java:580) ~[?:?]
	at MC-BOOTSTRAP/fml_loader@4.0.44/net.neoforged.fml.loading.targets.CommonLaunchHandler.runTarget(CommonLaunchHandler.java:136) ~[loader-4.0.44.jar%23134!/:4.0]
	at MC-BOOTSTRAP/fml_loader@4.0.44/net.neoforged.fml.loading.targets.CommonLaunchHandler.clientService(CommonLaunchHandler.java:124) ~[loader-4.0.44.jar%23134!/:4.0]
	at MC-BOOTSTRAP/fml_loader@4.0.44/net.neoforged.fml.loading.targets.NeoForgeClientDevLaunchHandler.runService(NeoForgeClientDevLaunchHandler.java:23) ~[loader-4.0.44.jar%23134!/:4.0]
	at MC-BOOTSTRAP/fml_loader@4.0.44/net.neoforged.fml.loading.targets.CommonLaunchHandler.lambda$launchService$4(CommonLaunchHandler.java:118) ~[loader-4.0.44.jar%23134!/:4.0]
	at MC-BOOTSTRAP/cpw.mods.modlauncher@11.0.5/cpw.mods.modlauncher.LaunchServiceHandlerDecorator.launch(LaunchServiceHandlerDecorator.java:30) [modlauncher-11.0.5.jar%23114!/:?]
	at MC-BOOTSTRAP/cpw.mods.modlauncher@11.0.5/cpw.mods.modlauncher.LaunchServiceHandler.launch(LaunchServiceHandler.java:53) [modlauncher-11.0.5.jar%23114!/:?]
	at MC-BOOTSTRAP/cpw.mods.modlauncher@11.0.5/cpw.mods.modlauncher.LaunchServiceHandler.launch(LaunchServiceHandler.java:71) [modlauncher-11.0.5.jar%23114!/:?]
	at MC-BOOTSTRAP/cpw.mods.modlauncher@11.0.5/cpw.mods.modlauncher.Launcher.run(Launcher.java:103) [modlauncher-11.0.5.jar%23114!/:?]
	at MC-BOOTSTRAP/cpw.mods.modlauncher@11.0.5/cpw.mods.modlauncher.Launcher.main(Launcher.java:74) [modlauncher-11.0.5.jar%23114!/:?]
	at MC-BOOTSTRAP/cpw.mods.modlauncher@11.0.5/cpw.mods.modlauncher.BootstrapLaunchConsumer.accept(BootstrapLaunchConsumer.java:26) [modlauncher-11.0.5.jar%23114!/:?]
	at MC-BOOTSTRAP/cpw.mods.modlauncher@11.0.5/cpw.mods.modlauncher.BootstrapLaunchConsumer.accept(BootstrapLaunchConsumer.java:23) [modlauncher-11.0.5.jar%23114!/:?]
	at cpw.mods.bootstraplauncher@2.0.2/cpw.mods.bootstraplauncher.BootstrapLauncher.run(BootstrapLauncher.java:210) [bootstraplauncher-2.0.2.jar:?]
	at cpw.mods.bootstraplauncher@2.0.2/cpw.mods.bootstraplauncher.BootstrapLauncher.main(BootstrapLauncher.java:69) [bootstraplauncher-2.0.2.jar:?]
	at java.base/jdk.internal.reflect.DirectMethodHandleAccessor.invoke(DirectMethodHandleAccessor.java:103) ~[?:?]
	at java.base/java.lang.reflect.Method.invoke(Method.java:580) ~[?:?]
	at net.neoforged.devlaunch.Main.main(Main.java:57) [DevLaunch-1.0.2.jar:?]
Caused by: java.lang.UnsatisfiedLinkError: Unable to load library 'flite':
libflite.so: cannot open shared object file: No such file or directory
libflite.so: cannot open shared object file: No such file or directory
Native library (linux-x86-64/libflite.so) not found in resource path (/home/braydon/Magnetization-API/build/classes/java/main:/home/braydon/Magnetization-API/build/resources/main:/home/braydon/Magnetization-API/build/moddev/artifacts/neoforge-21.1.252.jar:/home/braydon/Magnetization-API/build/moddev/artifacts/neoforge-21.1.252-client-extra-aka-minecraft-resources.jar:/home/braydon/.gradle/caches/modules-2/files-2.1/net.neoforged/DevLaunch/1.0.2/2e0e9a67793d5bfdedee4f9ea00934dbf3f2e22d/DevLaunch-1.0.2.jar:/home/braydon/.gradle/caches/modules-2/files-2.1/dev.ryanhcode.sable/sable-neoforge-1.21.1/2.0.3/f3ba9a497122ba29d9e94ebe6f9a3a3aaa5fa756/sable-neoforge-1.21.1-2.0.3.jar:/home/braydon/.gradle/caches/modules-2/files-2.1/com.simibubi.create/create-1.21.1/6.0.11-295/811466e6d002216057f3aa2fbefd58422e378dde/create-1.21.1-6.0.11-295.jar:/home/braydon/.gradle/caches/modules-2/files-2.1/net.createmod.ponder/ponder-neoforge/1.0.87+mc1.21.1/7783eeff0389f8c6003457133b9dd98e903266c6/ponder-neoforge-1.0.87+mc1.21.1.jar:/home/braydon/.gradle/caches/modules-2/files-2.1/com.tterrag.registrate/Registrate/MC1.21-1.3.0+67/66ddc4cd56472fea1ea1a24182901e6c92a51c0a/Registrate-MC1.21-1.3.0+67.jar:/home/braydon/.gradle/caches/modules-2/files-2.1/dev.ryanhcode.sable-companion/sable-companion-common-1.21.1/1.6.0/370be7db705926176e05c0215ed676150c45daae/sable-companion-common-1.21.1-1.6.0.jar:/home/braydon/.gradle/caches/modules-2/files-2.1/dev.eriksonn.aeronautics/aeronautics-neoforge-1.21.1/1.3.0/98c9ad19d4af0cad19283084c0ae921a148c1c04/aeronautics-neoforge-1.21.1-1.3.0.jar:/home/braydon/.gradle/caches/modules-2/files-2.1/dev.simulated_team.simulated/simulated-neoforge-1.21.1/1.3.0/4c8ed098f2ecec41c87fdbeb96d38d8b82a929c3/simulated-neoforge-1.21.1-1.3.0.jar:/home/braydon/.gradle/caches/modules-2/files-2.1/maven.modrinth/terrablender/6e8GCrLb/744394d979b422be560babf9df7a6800ede9ac5b/terrablender-6e8GCrLb.jar:/home/braydon/.gradle/caches/modules-2/files-2.1/dev.engine-room.flywheel/flywheel-neoforge-1.21.1/1.0.6/a943872ad0bdd4458d818d8d7dc123fb250eb744/flywheel-neoforge-1.21.1-1.0.6.jar:/home/braydon/.gradle/caches/modules-2/files-2.1/maven.modrinth/immersive-aircraft/ZZTlNkV9/6f7dded9292e8bd32feb24082aad2987c72af908/immersive-aircraft-ZZTlNkV9.jar:/home/braydon/.gradle/caches/modules-2/files-2.1/maven.modrinth/aviator-dreams-reloaded/4Aa8QEq9/eb754ee91bc108265de62aead4a046fbeb8de6bf/aviator-dreams-reloaded-4Aa8QEq9.jar:/home/braydon/.gradle/caches/modules-2/files-2.1/foundry.veil/veil-neoforge-1.21.1/4.1.4/642ec0bd02213ee087d86eda553d6d79c6a04d2b/veil-neoforge-1.21.1-4.1.4.jar:/home/braydon/.gradle/caches/modules-2/files-2.1/dev.ryanhcode.sable/sable-sable_rapier-1.21.1/2.0.3/a88c0860320890144b6b44c332a2a2db3a61e189/sable-sable_rapier-1.21.1-2.0.3.jar:/home/braydon/.gradle/caches/modules-2/files-2.1/net.neoforged.fancymodloader/earlydisplay/4.0.44/cb2afcf15672180eca1c49b1c9b1208951ef322e/earlydisplay-4.0.44.jar:/home/braydon/.gradle/caches/modules-2/files-2.1/net.neoforged.fancymodloader/loader/4.0.44/63433608b68302a442e3dba87880e54f42ea0583/loader-4.0.44.jar:/home/braydon/.gradle/caches/modules-2/files-2.1/net.neoforged.accesstransformers/at-modlauncher/10.0.1/5aba50202aceead086bc09fbc2751c9f05cb4890/at-modlauncher-10.0.1.jar:/home/braydon/.gradle/caches/modules-2/files-2.1/net.neoforged/accesstransformers/10.0.1/fd83b5725f76eae9115e9355fa1c456a6a441400/accesstransformers-10.0.1.jar:/home/braydon/.gradle/caches/modules-2/files-2.1/net.neoforged/bus/8.0.5/5b2d33285ab5d1554e9798ad98c40d6ea3868bd5/bus-8.0.5.jar:/home/braydon/.gradle/caches/modules-2/files-2.1/net.neoforged/coremods/7.0.3/9147e6f638b4272b3bd5fc8f92ad37802512c6c/coremods-7.0.3.jar:/home/braydon/.gradle/caches/modules-2/files-2.1/cpw.mods/modlauncher/11.0.5/b8f0d49294f733fdb6173931b263553e943dc950/modlauncher-11.0.5.jar:/home/braydon/.gradle/caches/modules-2/files-2.1/net.neoforged/mergetool/2.0.0/52fe1949be64e3303aabaaa21e315f551db9c9f4/mergetool-2.0.0-api.jar:/home/braydon/.gradle/caches/modules-2/files-2.1/com.electronwill.night-config/toml/3.8.3/90b2fd6efcb4a7d5b9810cf78f9d824994d717f2/toml-3.8.3.jar:/home/braydon/.gradle/caches/modules-2/files-2.1/com.electronwill.night-config/core/3.8.3/b442a95f09e349927f5a945ecb594455870fcf4f/core-3.8.3.jar:/home/braydon/.gradle/caches/modules-2/files-2.1/net.neoforged/JarJarSelector/0.4.1/fb3cc7a58af22ad2880adb98af6d518128c47dae/JarJarSelector-0.4.1.jar:/home/braydon/.gradle/caches/modules-2/files-2.1/net.neoforged/JarJarMetadata/0.4.1/f8da03683dc81694556dc3e177c5e3bb77ae6fcb/JarJarMetadata-0.4.1.jar:/home/braydon/.gradle/caches/modules-2/files-2.1/org.apache.maven/maven-artifact/3.8.5/4433f50c07debefaed0553bd0068f4f48d449313/maven-artifact-3.8.5.jar:/home/braydon/.gradle/caches/modules-2/files-2.1/net.jodah/typetools/0.6.3/a01aaa6ddaea9ec07ec4f209487b7a46a526283a/typetools-0.6.3.jar:/home/braydon/.gradle/caches/modules-2/files-2.1/net.minecrell/terminalconsoleappender/1.3.0/b562e9bb61235c9520e26282cdee71f8f802d1fc/terminalconsoleappender-1.3.0.jar:/home/braydon/.gradle/caches/modules-2/files-2.1/net.fabricmc/sponge-mixin/0.15.2+mixin.0.8.7/2af2f021d8e02a0220dc27a7a72b4666d66d44ca/sponge-mixin-0.15.2+mixin.0.8.7.jar:/home/braydon/.gradle/caches/modules-2/files-2.1/org.openjdk.nashorn/nashorn-core/15.4/f67f5ffaa5f5130cf6fb9b133da00c7df3b532a5/nashorn-core-15.4.jar:/home/braydon/.gradle/caches/modules-2/files-2.1/org.apache.commons/commons-lang3/3.14.0/1ed471194b02f2c6cb734a0cd6f6f107c673afae/commons-lang3-3.14.0.jar:/home/braydon/.gradle/caches/modules-2/files-2.1/cpw.mods/bootstraplauncher/2.0.2/1a2d076cbc33b0520cbacd591224427b2a20047d/bootstraplauncher-2.0.2.jar:/home/braydon/.gradle/caches/modules-2/files-2.1/cpw.mods/securejarhandler/3.0.8/c0ef95cecd8699a0449053ac7d9c160748d902cd/securejarhandler-3.0.8.jar:/home/braydon/.gradle/caches/modules-2/files-2.1/org.ow2.asm/asm-commons/9.10.1/4229e4c55fd8e01c23f9fe9884075cc628aacc50/asm-commons-9.10.1.jar:/home/braydon/.gradle/caches/modules-2/files-2.1/org.ow2.asm/asm-util/9.10.1/7bb9d450e8d4cbf9f9e04096c44bbfe7fba80b15/asm-util-9.10.1.jar:/home/braydon/.gradle/caches/modules-2/files-2.1/org.ow2.asm/asm-analysis/9.10.1/8d49f14d51f632cb1d87c88d1ceaf50db0d8af1b/asm-analysis-9.10.1.jar:/home/braydon/.gradle/caches/modules-2/files-2.1/gg.moonflower/molang-compiler/3.1.1.19/c7c0f9a9d0431c3485a0b6d2a4fb87e3de415ff9/molang-compiler-3.1.1.19.jar:/home/braydon/.gradle/caches/modules-2/files-2.1/io.github.ocelot/glsl-processor/0.2.3/f43cf0a51050fcdcbe8253368f0d77cf0439bf04/glsl-processor-0.2.3.jar:/home/braydon/.gradle/caches/modules-2/files-2.1/org.ow2.asm/asm-tree/9.10.1/e244332a17564c1d1572449399a842de35881be2/asm-tree-9.10.1.jar:/home/braydon/.gradle/caches/modules-2/files-2.1/org.ow2.asm/asm/9.10.1/ada2141c0cc52ee8f5c48cd5fa4ce0e794f22236/asm-9.10.1.jar:/home/braydon/.gradle/caches/modules-2/files-2.1/net.neoforged/JarJarFileSystems/0.4.1/78f59f89defcd032ed788b151ca6a0d40ace796a/JarJarFileSystems-0.4.1.jar:/home/braydon/.gradle/caches/modules-2/files-2.1/net.sf.jopt-simple/jopt-simple/5.0.4/4fdac2fbe92dfad86aa6e9301736f6b4342a3f5c/jopt-simple-5.0.4.jar:/home/braydon/.gradle/caches/modules-2/files-2.1/commons-io/commons-io/2.15.1/f11560da189ab563a5c8e351941415430e9304ea/commons-io-2.15.1.jar:/home/braydon/.gradle/caches/modules-2/files-2.1/com.mojang/logging/1.2.7/24cb95ffb0e3433fd6e844c04e68009e504ca1c0/logging-1.2.7.jar:/home/braydon/.gradle/caches/modules-2/files-2.1/org.apache.logging.log4j/log4j-slf4j2-impl/2.22.1/d7e6693c2606cb7e7335047d7bb96dec52db5665/log4j-slf4j2-impl-2.22.1.jar:/home/braydon/.gradle/caches/modules-2/files-2.1/org.apache.logging.log4j/log4j-core/2.22.1/7183a25510a02ad00cc6a95d3b3d2a7d3c5a8dc4/log4j-core-2.22.1.jar:/home/braydon/.gradle/caches/modules-2/files-2.1/org.apache.logging.log4j/log4j-api/2.22.1/bea6fede6328fabafd7e68363161a7ea6605abd1/log4j-api-2.22.1.jar:/home/braydon/.gradle/caches/modules-2/files-2.1/com.google.guava/guava/32.1.2-jre/5e64ec7e056456bef3a4bc4c6fdaef71e8ab6318/guava-32.1.2-jre.jar:/home/braydon/.gradle/caches/modules-2/files-2.1/com.google.code.gson/gson/2.10.1/b3add478d4382b78ea20b1671390a858002feb6c/gson-2.10.1.jar:/home/braydon/.gradle/caches/modules-2/files-2.1/org.slf4j/slf4j-api/2.0.9/7cf2726fdcfbc8610f9a71fb3ed639871f315340/slf4j-api-2.0.9.jar:/home/braydon/.gradle/caches/modules-2/files-2.1/org.antlr/antlr4-runtime/4.13.1/17125bae1d965624e265ef49552f6465a2bfa307/antlr4-runtime-4.13.1.jar:/home/braydon/.gradle/caches/modules-2/files-2.1/net.minecraftforge/srgutils/0.4.15/ca408b131759478f164e010fae0d73997e125fb5/srgutils-0.4.15.jar:/home/braydon/.gradle/caches/modules-2/files-2.1/org.codehaus.plexus/plexus-utils/3.3.0/cf43b5391de623b36fe066a21127baef82c64022/plexus-utils-3.3.0.jar:/home/braydon/.gradle/caches/modules-2/files-2.1/org.jline/jline-reader/3.20.0/8f15415b022a25b473e8e16c28ae913186ffb9c4/jline-reader-3.20.0.jar:/home/braydon/.gradle/caches/modules-2/files-2.1/com.machinezoo.noexception/noexception/1.7.1/b65330c98e38a1f915fa54a6e5eca496505e3f0a/noexception-1.7.1.jar:/home/braydon/.gradle/caches/modules-2/files-2.1/com.google.guava/failureaccess/1.0.1/1dcf1de382a0bf95a3d8b0849546c88bac1292c9/failureaccess-1.0.1.jar:/home/braydon/.gradle/caches/modules-2/files-2.1/com.google.guava/listenablefuture/9999.0-empty-to-avoid-conflict-with-guava/b421526c5f297295adef1c886e5246c39d4ac629/listenablefuture-9999.0-empty-to-avoid-conflict-with-guava.jar:/home/braydon/.gradle/caches/modules-2/files-2.1/com.google.code.findbugs/jsr305/3.0.2/25ea2e8b0c338a877313bd4672d3fe056ea78f0d/jsr305-3.0.2.jar:/home/braydon/.gradle/caches/modules-2/files-2.1/org.checkerframework/checker-qual/3.33.0/de2b60b62da487644fc11f734e73c8b0b431238f/checker-qual-3.33.0.jar:/home/braydon/.gradle/caches/modules-2/files-2.1/com.google.errorprone/error_prone_annotations/2.18.0/89b684257096f548fa39a7df9fdaa409d4d4df91/error_prone_annotations-2.18.0.jar:/home/braydon/.gradle/caches/modules-2/files-2.1/com.google.j2objc/j2objc-annotations/2.8/c85270e307e7b822f1086b93689124b89768e273/j2objc-annotations-2.8.jar:/home/braydon/.gradle/caches/modules-2/files-2.1/org.jline/jline-terminal/3.20.0/d0ddcc708ddf527a3454c941b7b9225cc83a15ff/jline-terminal-3.20.0.jar:/home/braydon/.gradle/caches/modules-2/files-2.1/com.github.oshi/oshi-core/6.4.10/b1d8ab82d11d92fd639b56d639f8f46f739dd5fa/oshi-core-6.4.10.jar:/home/braydon/.gradle/caches/modules-2/files-2.1/com.ibm.icu/icu4j/73.2/61ad4ef7f9131fcf6d25c34b817f90d6da06c9e9/icu4j-73.2.jar:/home/braydon/.gradle/caches/modules-2/files-2.1/com.mojang/authlib/6.0.54/de8bc95660e1b2fe8793fd427a7a10dcec5b3ea7/authlib-6.0.54.jar:/home/braydon/.gradle/caches/modules-2/files-2.1/com.mojang/blocklist/1.0.10/5c685c5ffa94c4cd39496c7184c1d122e515ecef/blocklist-1.0.10.jar:/home/braydon/.gradle/caches/modules-2/files-2.1/com.mojang/brigadier/1.3.10/d15b53a14cf20fdcaa98f731af5dda654452c010/brigadier-1.3.10.jar:/home/braydon/.gradle/caches/modules-2/files-2.1/com.mojang/datafixerupper/8.0.16/67d4de6d7f95d89bcf5862995fb854ebaec02a34/datafixerupper-8.0.16.jar:/home/braydon/.gradle/caches/modules-2/files-2.1/com.mojang/patchy/2.2.10/da05971b07cbb379d002cf7eaec6a2048211fefc/patchy-2.2.10.jar:/home/braydon/.gradle/caches/modules-2/files-2.1/com.mojang/text2speech/1.17.9/3cad216e3a7f0c19b4b394388bc9ffc446f13b14/text2speech-1.17.9.jar:/home/braydon/.gradle/caches/modules-2/files-2.1/commons-codec/commons-codec/1.16.0/4e3eb3d79888d76b54e28b350915b5dc3919c9de/commons-codec-1.16.0.jar:/home/braydon/.gradle/caches/modules-2/files-2.1/commons-logging/commons-logging/1.2/4bfc12adfe4842bf07b657f0369c4cb522955686/commons-logging-1.2.jar:/home/braydon/.gradle/caches/modules-2/files-2.1/io.netty/netty-buffer/4.1.97.Final/f8f3d8644afa5e6e1a40a3a6aeb9d9aa970ecb4f/netty-buffer-4.1.97.Final.jar:/home/braydon/.gradle/caches/modules-2/files-2.1/io.netty/netty-codec/4.1.97.Final/384ba4d75670befbedb45c4d3b497a93639c206d/netty-codec-4.1.97.Final.jar:/home/braydon/.gradle/caches/modules-2/files-2.1/io.netty/netty-common/4.1.97.Final/7cceacaf11df8dc63f23d0fb58e9d4640fc88404/netty-common-4.1.97.Final.jar:/home/braydon/.gradle/caches/modules-2/files-2.1/io.netty/netty-handler/4.1.97.Final/abb86c6906bf512bf2b797a41cd7d2e8d3cd7c36/netty-handler-4.1.97.Final.jar:/home/braydon/.gradle/caches/modules-2/files-2.1/io.netty/netty-resolver/4.1.97.Final/cec8348108dc76c47cf87c669d514be52c922144/netty-resolver-4.1.97.Final.jar:/home/braydon/.gradle/caches/modules-2/files-2.1/io.netty/netty-transport-classes-epoll/4.1.97.Final/795da37ded759e862457a82d9d92c4d39ce8ecee/netty-transport-classes-epoll-4.1.97.Final.jar:/home/braydon/.gradle/caches/modules-2/files-2.1/io.netty/netty-transport-native-unix-common/4.1.97.Final/d469d84265ab70095b01b40886cabdd433b6e664/netty-transport-native-unix-common-4.1.97.Final.jar:/home/braydon/.gradle/caches/modules-2/files-2.1/io.netty/netty-transport/4.1.97.Final/f37380d23c9bb079bc702910833b2fd532c9abd0/netty-transport-4.1.97.Final.jar:/home/braydon/.gradle/caches/modules-2/files-2.1/it.unimi.dsi/fastutil/8.5.12/c24946d46824bd528054bface3231d2ecb7e95e8/fastutil-8.5.12.jar:/home/braydon/.gradle/caches/modules-2/files-2.1/net.java.dev.jna/jna-platform/5.14.0/28934d48aed814f11e4c584da55c49fa7032b31b/jna-platform-5.14.0.jar:/home/braydon/.gradle/caches/modules-2/files-2.1/net.java.dev.jna/jna/5.14.0/67bf3eaea4f0718cb376a181a629e5f88fa1c9dd/jna-5.14.0.jar:/home/braydon/.gradle/caches/modules-2/files-2.1/org.apache.commons/commons-compress/1.26.0/659feffdd12280201c8aacb8f7be94f9a883c824/commons-compress-1.26.0.jar:/home/braydon/.gradle/caches/modules-2/files-2.1/org.apache.httpcomponents/httpclient/4.5.13/e5f6cae5ca7ecaac1ec2827a9e2d65ae2869cada/httpclient-4.5.13.jar:/home/braydon/.gradle/caches/modules-2/files-2.1/org.apache.httpcomponents/httpcore/4.4.16/51cf043c87253c9f58b539c9f7e44c8894223850/httpcore-4.4.16.jar:/home/braydon/.gradle/caches/modules-2/files-2.1/org.jcraft/jorbis/0.0.17/8872d22b293e8f5d7d56ff92be966e6dc28ebdc6/jorbis-0.0.17.jar:/home/braydon/.gradle/caches/modules-2/files-2.1/org.joml/joml/1.10.5/22566d58af70ad3d72308bab63b8339906deb649/joml-1.10.5.jar:/home/braydon/.gradle/caches/modules-2/files-2.1/org.lwjgl/lwjgl-freetype/3.3.3/a0db6c84a8becc8ca05f9dbfa985edc348a824c7/lwjgl-freetype-3.3.3.jar:/home/braydon/.gradle/caches/modules-2/files-2.1/org.lwjgl/lwjgl-freetype/3.3.3/149070a5480900347071b7074779531f25a6e3dc/lwjgl-freetype-3.3.3-natives-linux.jar:/home/braydon/.gradle/caches/modules-2/files-2.1/org.lwjgl/lwjgl-glfw/3.3.3/efa1eb78c5ccd840e9f329717109b5e892d72f8e/lwjgl-glfw-3.3.3.jar:/home/braydon/.gradle/caches/modules-2/files-2.1/org.lwjgl/lwjgl-glfw/3.3.3/a03684c5e4b1b1dbbe0d29dbbdc27b985b6840f2/lwjgl-glfw-3.3.3-natives-linux.jar:/home/braydon/.gradle/caches/modules-2/files-2.1/org.lwjgl/lwjgl-jemalloc/3.3.3/b543467b7ff3c6920539a88ee602d34098628be5/lwjgl-jemalloc-3.3.3.jar:/home/braydon/.gradle/caches/modules-2/files-2.1/org.lwjgl/lwjgl-jemalloc/3.3.3/4f86728bf449b1dd61251c4e0ac01df1389cb51e/lwjgl-jemalloc-3.3.3-natives-linux.jar:/home/braydon/.gradle/caches/modules-2/files-2.1/org.lwjgl/lwjgl-openal/3.3.3/daada81ceb5fc0c291fbfdd4433cb8d9423577f2/lwjgl-openal-3.3.3.jar:/home/braydon/.gradle/caches/modules-2/files-2.1/org.lwjgl/lwjgl-openal/3.3.3/3037360cc4595079bea240af250b6d1a527e0905/lwjgl-openal-3.3.3-natives-linux.jar:/home/braydon/.gradle/caches/modules-2/files-2.1/org.lwjgl/lwjgl-opengl/3.3.3/2f6b0147078396a58979125a4c947664e98293a/lwjgl-opengl-3.3.3.jar:/home/braydon/.gradle/caches/modules-2/files-2.1/org.lwjgl/lwjgl-opengl/3.3.3/62c70a4b00ca5391882b0f4b787c1588d24f1c86/lwjgl-opengl-3.3.3-natives-linux.jar:/home/braydon/.gradle/caches/modules-2/files-2.1/org.lwjgl/lwjgl-stb/3.3.3/25dd6161988d7e65f71d5065c99902402ee32746/lwjgl-stb-3.3.3.jar:/home/braydon/.gradle/caches/modules-2/files-2.1/org.lwjgl/lwjgl-stb/3.3.3/fd1271ccd9d85eff2fa31f3fd543e02ccfaf5041/lwjgl-stb-3.3.3-natives-linux.jar:/home/braydon/.gradle/caches/modules-2/files-2.1/org.lwjgl/lwjgl-tinyfd/3.3.3/82d755ca94b102e9ca77283b9e2dc46d1b15fbe5/lwjgl-tinyfd-3.3.3.jar:/home/braydon/.gradle/caches/modules-2/files-2.1/org.lwjgl/lwjgl-tinyfd/3.3.3/d8d58daa0c3e5fd906fee96f5fddbcbc07cc308b/lwjgl-tinyfd-3.3.3-natives-linux.jar:/home/braydon/.gradle/caches/modules-2/files-2.1/org.lwjgl/lwjgl/3.3.3/29589b5f87ed335a6c7e7ee6a5775f81f97ecb84/lwjgl-3.3.3.jar:/home/braydon/.gradle/caches/modules-2/files-2.1/org.lwjgl/lwjgl/3.3.3/1713758e3660ba66e1e954396fd18126038b33c0/lwjgl-3.3.3-natives-linux.jar:/home/braydon/.gradle/caches/modules-2/files-2.1/org.lz4/lz4-java/1.8.0/4b986a99445e49ea5fbf5d149c4b63f6ed6c6780/lz4-java-1.8.0.jar:/home/braydon/.gradle/caches/modules-2/files-2.1/io.netty/netty-transport-native-epoll/4.1.97.Final/5514744c588190ffda076b35a9b8c9f24946a960/netty-transport-native-epoll-4.1.97.Final-linux-aarch_64.jar:/home/braydon/.gradle/caches/modules-2/files-2.1/io.netty/netty-transport-native-epoll/4.1.97.Final/54188f271e388e7f313aea995e82f58ce2cdb809/netty-transport-native-epoll-4.1.97.Final-linux-x86_64.jar)
	at MC-BOOTSTRAP/com.sun.jna@5.14.0/com.sun.jna.NativeLibrary.loadLibrary(NativeLibrary.java:325) ~[jna-5.14.0.jar%23128!/:5.14.0 (b0)]
	at MC-BOOTSTRAP/com.sun.jna@5.14.0/com.sun.jna.NativeLibrary.getInstance(NativeLibrary.java:481) ~[jna-5.14.0.jar%23128!/:5.14.0 (b0)]
	at MC-BOOTSTRAP/com.sun.jna@5.14.0/com.sun.jna.NativeLibrary.getInstance(NativeLibrary.java:423) ~[jna-5.14.0.jar%23128!/:5.14.0 (b0)]
	at MC-BOOTSTRAP/text2speech@1.17.9/com.mojang.text2speech.NarratorLinux$FliteLibrary.loadNative(NarratorLinux.java:67) ~[text2speech-1.17.9.jar%23110!/:?]
	... 23 more
	Suppressed: java.lang.UnsatisfiedLinkError: libflite.so: cannot open shared object file: No such file or directory
		at MC-BOOTSTRAP/com.sun.jna@5.14.0/com.sun.jna.Native.open(Native Method) ~[jna-5.14.0.jar%23128!/:5.14.0 (b0)]
		at MC-BOOTSTRAP/com.sun.jna@5.14.0/com.sun.jna.NativeLibrary.loadLibrary(NativeLibrary.java:213) ~[jna-5.14.0.jar%23128!/:5.14.0 (b0)]
		at MC-BOOTSTRAP/com.sun.jna@5.14.0/com.sun.jna.NativeLibrary.getInstance(NativeLibrary.java:481) ~[jna-5.14.0.jar%23128!/:5.14.0 (b0)]
		at MC-BOOTSTRAP/com.sun.jna@5.14.0/com.sun.jna.NativeLibrary.getInstance(NativeLibrary.java:423) ~[jna-5.14.0.jar%23128!/:5.14.0 (b0)]
		at MC-BOOTSTRAP/text2speech@1.17.9/com.mojang.text2speech.NarratorLinux$FliteLibrary.loadNative(NarratorLinux.java:67) ~[text2speech-1.17.9.jar%23110!/:?]
		at MC-BOOTSTRAP/text2speech@1.17.9/com.mojang.text2speech.NarratorLinux.<init>(NarratorLinux.java:18) ~[text2speech-1.17.9.jar%23110!/:?]
		at MC-BOOTSTRAP/text2speech@1.17.9/com.mojang.text2speech.Narrator.getNarrator(Narrator.java:41) ~[text2speech-1.17.9.jar%23110!/:?]
		at TRANSFORMER/minecraft@1.21.1/net.minecraft.client.GameNarrator.<init>(GameNarrator.java:21) ~[neoforge-21.1.252.jar%23177!/:?]
		at TRANSFORMER/minecraft@1.21.1/net.minecraft.client.Minecraft.<init>(Minecraft.java:609) ~[neoforge-21.1.252.jar%23177!/:?]
		at TRANSFORMER/minecraft@1.21.1/net.minecraft.client.main.Main.main(Main.java:214) ~[neoforge-21.1.252.jar%23177!/:?]
		at java.base/jdk.internal.reflect.DirectMethodHandleAccessor.invoke(DirectMethodHandleAccessor.java:103) ~[?:?]
		at java.base/java.lang.reflect.Method.invoke(Method.java:580) ~[?:?]
		at MC-BOOTSTRAP/fml_loader@4.0.44/net.neoforged.fml.loading.targets.CommonLaunchHandler.runTarget(CommonLaunchHandler.java:136) ~[loader-4.0.44.jar%23134!/:4.0]
		at MC-BOOTSTRAP/fml_loader@4.0.44/net.neoforged.fml.loading.targets.CommonLaunchHandler.clientService(CommonLaunchHandler.java:124) ~[loader-4.0.44.jar%23134!/:4.0]
		at MC-BOOTSTRAP/fml_loader@4.0.44/net.neoforged.fml.loading.targets.NeoForgeClientDevLaunchHandler.runService(NeoForgeClientDevLaunchHandler.java:23) ~[loader-4.0.44.jar%23134!/:4.0]
		at MC-BOOTSTRAP/fml_loader@4.0.44/net.neoforged.fml.loading.targets.CommonLaunchHandler.lambda$launchService$4(CommonLaunchHandler.java:118) ~[loader-4.0.44.jar%23134!/:4.0]
		at MC-BOOTSTRAP/cpw.mods.modlauncher@11.0.5/cpw.mods.modlauncher.LaunchServiceHandlerDecorator.launch(LaunchServiceHandlerDecorator.java:30) [modlauncher-11.0.5.jar%23114!/:?]
		at MC-BOOTSTRAP/cpw.mods.modlauncher@11.0.5/cpw.mods.modlauncher.LaunchServiceHandler.launch(LaunchServiceHandler.java:53) [modlauncher-11.0.5.jar%23114!/:?]
		at MC-BOOTSTRAP/cpw.mods.modlauncher@11.0.5/cpw.mods.modlauncher.LaunchServiceHandler.launch(LaunchServiceHandler.java:71) [modlauncher-11.0.5.jar%23114!/:?]
		at MC-BOOTSTRAP/cpw.mods.modlauncher@11.0.5/cpw.mods.modlauncher.Launcher.run(Launcher.java:103) [modlauncher-11.0.5.jar%23114!/:?]
		at MC-BOOTSTRAP/cpw.mods.modlauncher@11.0.5/cpw.mods.modlauncher.Launcher.main(Launcher.java:74) [modlauncher-11.0.5.jar%23114!/:?]
		at MC-BOOTSTRAP/cpw.mods.modlauncher@11.0.5/cpw.mods.modlauncher.BootstrapLaunchConsumer.accept(BootstrapLaunchConsumer.java:26) [modlauncher-11.0.5.jar%23114!/:?]
		at MC-BOOTSTRAP/cpw.mods.modlauncher@11.0.5/cpw.mods.modlauncher.BootstrapLaunchConsumer.accept(BootstrapLaunchConsumer.java:23) [modlauncher-11.0.5.jar%23114!/:?]
		at cpw.mods.bootstraplauncher@2.0.2/cpw.mods.bootstraplauncher.BootstrapLauncher.run(BootstrapLauncher.java:210) [bootstraplauncher-2.0.2.jar:?]
		at cpw.mods.bootstraplauncher@2.0.2/cpw.mods.bootstraplauncher.BootstrapLauncher.main(BootstrapLauncher.java:69) [bootstraplauncher-2.0.2.jar:?]
		at java.base/jdk.internal.reflect.DirectMethodHandleAccessor.invoke(DirectMethodHandleAccessor.java:103) ~[?:?]
		at java.base/java.lang.reflect.Method.invoke(Method.java:580) ~[?:?]
		at net.neoforged.devlaunch.Main.main(Main.java:57) [DevLaunch-1.0.2.jar:?]
	Suppressed: java.lang.UnsatisfiedLinkError: libflite.so: cannot open shared object file: No such file or directory
		at MC-BOOTSTRAP/com.sun.jna@5.14.0/com.sun.jna.Native.open(Native Method) ~[jna-5.14.0.jar%23128!/:5.14.0 (b0)]
		at MC-BOOTSTRAP/com.sun.jna@5.14.0/com.sun.jna.NativeLibrary.loadLibrary(NativeLibrary.java:226) ~[jna-5.14.0.jar%23128!/:5.14.0 (b0)]
		at MC-BOOTSTRAP/com.sun.jna@5.14.0/com.sun.jna.NativeLibrary.getInstance(NativeLibrary.java:481) ~[jna-5.14.0.jar%23128!/:5.14.0 (b0)]
		at MC-BOOTSTRAP/com.sun.jna@5.14.0/com.sun.jna.NativeLibrary.getInstance(NativeLibrary.java:423) ~[jna-5.14.0.jar%23128!/:5.14.0 (b0)]
		at MC-BOOTSTRAP/text2speech@1.17.9/com.mojang.text2speech.NarratorLinux$FliteLibrary.loadNative(NarratorLinux.java:67) ~[text2speech-1.17.9.jar%23110!/:?]
		at MC-BOOTSTRAP/text2speech@1.17.9/com.mojang.text2speech.NarratorLinux.<init>(NarratorLinux.java:18) ~[text2speech-1.17.9.jar%23110!/:?]
		at MC-BOOTSTRAP/text2speech@1.17.9/com.mojang.text2speech.Narrator.getNarrator(Narrator.java:41) ~[text2speech-1.17.9.jar%23110!/:?]
		at TRANSFORMER/minecraft@1.21.1/net.minecraft.client.GameNarrator.<init>(GameNarrator.java:21) ~[neoforge-21.1.252.jar%23177!/:?]
		at TRANSFORMER/minecraft@1.21.1/net.minecraft.client.Minecraft.<init>(Minecraft.java:609) ~[neoforge-21.1.252.jar%23177!/:?]
		at TRANSFORMER/minecraft@1.21.1/net.minecraft.client.main.Main.main(Main.java:214) ~[neoforge-21.1.252.jar%23177!/:?]
		at java.base/jdk.internal.reflect.DirectMethodHandleAccessor.invoke(DirectMethodHandleAccessor.java:103) ~[?:?]
		at java.base/java.lang.reflect.Method.invoke(Method.java:580) ~[?:?]
		at MC-BOOTSTRAP/fml_loader@4.0.44/net.neoforged.fml.loading.targets.CommonLaunchHandler.runTarget(CommonLaunchHandler.java:136) ~[loader-4.0.44.jar%23134!/:4.0]
		at MC-BOOTSTRAP/fml_loader@4.0.44/net.neoforged.fml.loading.targets.CommonLaunchHandler.clientService(CommonLaunchHandler.java:124) ~[loader-4.0.44.jar%23134!/:4.0]
		at MC-BOOTSTRAP/fml_loader@4.0.44/net.neoforged.fml.loading.targets.NeoForgeClientDevLaunchHandler.runService(NeoForgeClientDevLaunchHandler.java:23) ~[loader-4.0.44.jar%23134!/:4.0]
		at MC-BOOTSTRAP/fml_loader@4.0.44/net.neoforged.fml.loading.targets.CommonLaunchHandler.lambda$launchService$4(CommonLaunchHandler.java:118) ~[loader-4.0.44.jar%23134!/:4.0]
		at MC-BOOTSTRAP/cpw.mods.modlauncher@11.0.5/cpw.mods.modlauncher.LaunchServiceHandlerDecorator.launch(LaunchServiceHandlerDecorator.java:30) [modlauncher-11.0.5.jar%23114!/:?]
		at MC-BOOTSTRAP/cpw.mods.modlauncher@11.0.5/cpw.mods.modlauncher.LaunchServiceHandler.launch(LaunchServiceHandler.java:53) [modlauncher-11.0.5.jar%23114!/:?]
		at MC-BOOTSTRAP/cpw.mods.modlauncher@11.0.5/cpw.mods.modlauncher.LaunchServiceHandler.launch(LaunchServiceHandler.java:71) [modlauncher-11.0.5.jar%23114!/:?]
		at MC-BOOTSTRAP/cpw.mods.modlauncher@11.0.5/cpw.mods.modlauncher.Launcher.run(Launcher.java:103) [modlauncher-11.0.5.jar%23114!/:?]
		at MC-BOOTSTRAP/cpw.mods.modlauncher@11.0.5/cpw.mods.modlauncher.Launcher.main(Launcher.java:74) [modlauncher-11.0.5.jar%23114!/:?]
		at MC-BOOTSTRAP/cpw.mods.modlauncher@11.0.5/cpw.mods.modlauncher.BootstrapLaunchConsumer.accept(BootstrapLaunchConsumer.java:26) [modlauncher-11.0.5.jar%23114!/:?]
		at MC-BOOTSTRAP/cpw.mods.modlauncher@11.0.5/cpw.mods.modlauncher.BootstrapLaunchConsumer.accept(BootstrapLaunchConsumer.java:23) [modlauncher-11.0.5.jar%23114!/:?]
		at cpw.mods.bootstraplauncher@2.0.2/cpw.mods.bootstraplauncher.BootstrapLauncher.run(BootstrapLauncher.java:210) [bootstraplauncher-2.0.2.jar:?]
		at cpw.mods.bootstraplauncher@2.0.2/cpw.mods.bootstraplauncher.BootstrapLauncher.main(BootstrapLauncher.java:69) [bootstraplauncher-2.0.2.jar:?]
		at java.base/jdk.internal.reflect.DirectMethodHandleAccessor.invoke(DirectMethodHandleAccessor.java:103) ~[?:?]
		at java.base/java.lang.reflect.Method.invoke(Method.java:580) ~[?:?]
		at net.neoforged.devlaunch.Main.main(Main.java:57) [DevLaunch-1.0.2.jar:?]
	Suppressed: java.io.IOException: Native library (linux-x86-64/libflite.so) not found in resource path (/home/braydon/Magnetization-API/build/classes/java/main:/home/braydon/Magnetization-API/build/resources/main:/home/braydon/Magnetization-API/build/moddev/artifacts/neoforge-21.1.252.jar:/home/braydon/Magnetization-API/build/moddev/artifacts/neoforge-21.1.252-client-extra-aka-minecraft-resources.jar:/home/braydon/.gradle/caches/modules-2/files-2.1/net.neoforged/DevLaunch/1.0.2/2e0e9a67793d5bfdedee4f9ea00934dbf3f2e22d/DevLaunch-1.0.2.jar:/home/braydon/.gradle/caches/modules-2/files-2.1/dev.ryanhcode.sable/sable-neoforge-1.21.1/2.0.3/f3ba9a497122ba29d9e94ebe6f9a3a3aaa5fa756/sable-neoforge-1.21.1-2.0.3.jar:/home/braydon/.gradle/caches/modules-2/files-2.1/com.simibubi.create/create-1.21.1/6.0.11-295/811466e6d002216057f3aa2fbefd58422e378dde/create-1.21.1-6.0.11-295.jar:/home/braydon/.gradle/caches/modules-2/files-2.1/net.createmod.ponder/ponder-neoforge/1.0.87+mc1.21.1/7783eeff0389f8c6003457133b9dd98e903266c6/ponder-neoforge-1.0.87+mc1.21.1.jar:/home/braydon/.gradle/caches/modules-2/files-2.1/com.tterrag.registrate/Registrate/MC1.21-1.3.0+67/66ddc4cd56472fea1ea1a24182901e6c92a51c0a/Registrate-MC1.21-1.3.0+67.jar:/home/braydon/.gradle/caches/modules-2/files-2.1/dev.ryanhcode.sable-companion/sable-companion-common-1.21.1/1.6.0/370be7db705926176e05c0215ed676150c45daae/sable-companion-common-1.21.1-1.6.0.jar:/home/braydon/.gradle/caches/modules-2/files-2.1/dev.eriksonn.aeronautics/aeronautics-neoforge-1.21.1/1.3.0/98c9ad19d4af0cad19283084c0ae921a148c1c04/aeronautics-neoforge-1.21.1-1.3.0.jar:/home/braydon/.gradle/caches/modules-2/files-2.1/dev.simulated_team.simulated/simulated-neoforge-1.21.1/1.3.0/4c8ed098f2ecec41c87fdbeb96d38d8b82a929c3/simulated-neoforge-1.21.1-1.3.0.jar:/home/braydon/.gradle/caches/modules-2/files-2.1/maven.modrinth/terrablender/6e8GCrLb/744394d979b422be560babf9df7a6800ede9ac5b/terrablender-6e8GCrLb.jar:/home/braydon/.gradle/caches/modules-2/files-2.1/dev.engine-room.flywheel/flywheel-neoforge-1.21.1/1.0.6/a943872ad0bdd4458d818d8d7dc123fb250eb744/flywheel-neoforge-1.21.1-1.0.6.jar:/home/braydon/.gradle/caches/modules-2/files-2.1/maven.modrinth/immersive-aircraft/ZZTlNkV9/6f7dded9292e8bd32feb24082aad2987c72af908/immersive-aircraft-ZZTlNkV9.jar:/home/braydon/.gradle/caches/modules-2/files-2.1/maven.modrinth/aviator-dreams-reloaded/4Aa8QEq9/eb754ee91bc108265de62aead4a046fbeb8de6bf/aviator-dreams-reloaded-4Aa8QEq9.jar:/home/braydon/.gradle/caches/modules-2/files-2.1/foundry.veil/veil-neoforge-1.21.1/4.1.4/642ec0bd02213ee087d86eda553d6d79c6a04d2b/veil-neoforge-1.21.1-4.1.4.jar:/home/braydon/.gradle/caches/modules-2/files-2.1/dev.ryanhcode.sable/sable-sable_rapier-1.21.1/2.0.3/a88c0860320890144b6b44c332a2a2db3a61e189/sable-sable_rapier-1.21.1-2.0.3.jar:/home/braydon/.gradle/caches/modules-2/files-2.1/net.neoforged.fancymodloader/earlydisplay/4.0.44/cb2afcf15672180eca1c49b1c9b1208951ef322e/earlydisplay-4.0.44.jar:/home/braydon/.gradle/caches/modules-2/files-2.1/net.neoforged.fancymodloader/loader/4.0.44/63433608b68302a442e3dba87880e54f42ea0583/loader-4.0.44.jar:/home/braydon/.gradle/caches/modules-2/files-2.1/net.neoforged.accesstransformers/at-modlauncher/10.0.1/5aba50202aceead086bc09fbc2751c9f05cb4890/at-modlauncher-10.0.1.jar:/home/braydon/.gradle/caches/modules-2/files-2.1/net.neoforged/accesstransformers/10.0.1/fd83b5725f76eae9115e9355fa1c456a6a441400/accesstransformers-10.0.1.jar:/home/braydon/.gradle/caches/modules-2/files-2.1/net.neoforged/bus/8.0.5/5b2d33285ab5d1554e9798ad98c40d6ea3868bd5/bus-8.0.5.jar:/home/braydon/.gradle/caches/modules-2/files-2.1/net.neoforged/coremods/7.0.3/9147e6f638b4272b3bd5fc8f92ad37802512c6c/coremods-7.0.3.jar:/home/braydon/.gradle/caches/modules-2/files-2.1/cpw.mods/modlauncher/11.0.5/b8f0d49294f733fdb6173931b263553e943dc950/modlauncher-11.0.5.jar:/home/braydon/.gradle/caches/modules-2/files-2.1/net.neoforged/mergetool/2.0.0/52fe1949be64e3303aabaaa21e315f551db9c9f4/mergetool-2.0.0-api.jar:/home/braydon/.gradle/caches/modules-2/files-2.1/com.electronwill.night-config/toml/3.8.3/90b2fd6efcb4a7d5b9810cf78f9d824994d717f2/toml-3.8.3.jar:/home/braydon/.gradle/caches/modules-2/files-2.1/com.electronwill.night-config/core/3.8.3/b442a95f09e349927f5a945ecb594455870fcf4f/core-3.8.3.jar:/home/braydon/.gradle/caches/modules-2/files-2.1/net.neoforged/JarJarSelector/0.4.1/fb3cc7a58af22ad2880adb98af6d518128c47dae/JarJarSelector-0.4.1.jar:/home/braydon/.gradle/caches/modules-2/files-2.1/net.neoforged/JarJarMetadata/0.4.1/f8da03683dc81694556dc3e177c5e3bb77ae6fcb/JarJarMetadata-0.4.1.jar:/home/braydon/.gradle/caches/modules-2/files-2.1/org.apache.maven/maven-artifact/3.8.5/4433f50c07debefaed0553bd0068f4f48d449313/maven-artifact-3.8.5.jar:/home/braydon/.gradle/caches/modules-2/files-2.1/net.jodah/typetools/0.6.3/a01aaa6ddaea9ec07ec4f209487b7a46a526283a/typetools-0.6.3.jar:/home/braydon/.gradle/caches/modules-2/files-2.1/net.minecrell/terminalconsoleappender/1.3.0/b562e9bb61235c9520e26282cdee71f8f802d1fc/terminalconsoleappender-1.3.0.jar:/home/braydon/.gradle/caches/modules-2/files-2.1/net.fabricmc/sponge-mixin/0.15.2+mixin.0.8.7/2af2f021d8e02a0220dc27a7a72b4666d66d44ca/sponge-mixin-0.15.2+mixin.0.8.7.jar:/home/braydon/.gradle/caches/modules-2/files-2.1/org.openjdk.nashorn/nashorn-core/15.4/f67f5ffaa5f5130cf6fb9b133da00c7df3b532a5/nashorn-core-15.4.jar:/home/braydon/.gradle/caches/modules-2/files-2.1/org.apache.commons/commons-lang3/3.14.0/1ed471194b02f2c6cb734a0cd6f6f107c673afae/commons-lang3-3.14.0.jar:/home/braydon/.gradle/caches/modules-2/files-2.1/cpw.mods/bootstraplauncher/2.0.2/1a2d076cbc33b0520cbacd591224427b2a20047d/bootstraplauncher-2.0.2.jar:/home/braydon/.gradle/caches/modules-2/files-2.1/cpw.mods/securejarhandler/3.0.8/c0ef95cecd8699a0449053ac7d9c160748d902cd/securejarhandler-3.0.8.jar:/home/braydon/.gradle/caches/modules-2/files-2.1/org.ow2.asm/asm-commons/9.10.1/4229e4c55fd8e01c23f9fe9884075cc628aacc50/asm-commons-9.10.1.jar:/home/braydon/.gradle/caches/modules-2/files-2.1/org.ow2.asm/asm-util/9.10.1/7bb9d450e8d4cbf9f9e04096c44bbfe7fba80b15/asm-util-9.10.1.jar:/home/braydon/.gradle/caches/modules-2/files-2.1/org.ow2.asm/asm-analysis/9.10.1/8d49f14d51f632cb1d87c88d1ceaf50db0d8af1b/asm-analysis-9.10.1.jar:/home/braydon/.gradle/caches/modules-2/files-2.1/gg.moonflower/molang-compiler/3.1.1.19/c7c0f9a9d0431c3485a0b6d2a4fb87e3de415ff9/molang-compiler-3.1.1.19.jar:/home/braydon/.gradle/caches/modules-2/files-2.1/io.github.ocelot/glsl-processor/0.2.3/f43cf0a51050fcdcbe8253368f0d77cf0439bf04/glsl-processor-0.2.3.jar:/home/braydon/.gradle/caches/modules-2/files-2.1/org.ow2.asm/asm-tree/9.10.1/e244332a17564c1d1572449399a842de35881be2/asm-tree-9.10.1.jar:/home/braydon/.gradle/caches/modules-2/files-2.1/org.ow2.asm/asm/9.10.1/ada2141c0cc52ee8f5c48cd5fa4ce0e794f22236/asm-9.10.1.jar:/home/braydon/.gradle/caches/modules-2/files-2.1/net.neoforged/JarJarFileSystems/0.4.1/78f59f89defcd032ed788b151ca6a0d40ace796a/JarJarFileSystems-0.4.1.jar:/home/braydon/.gradle/caches/modules-2/files-2.1/net.sf.jopt-simple/jopt-simple/5.0.4/4fdac2fbe92dfad86aa6e9301736f6b4342a3f5c/jopt-simple-5.0.4.jar:/home/braydon/.gradle/caches/modules-2/files-2.1/commons-io/commons-io/2.15.1/f11560da189ab563a5c8e351941415430e9304ea/commons-io-2.15.1.jar:/home/braydon/.gradle/caches/modules-2/files-2.1/com.mojang/logging/1.2.7/24cb95ffb0e3433fd6e844c04e68009e504ca1c0/logging-1.2.7.jar:/home/braydon/.gradle/caches/modules-2/files-2.1/org.apache.logging.log4j/log4j-slf4j2-impl/2.22.1/d7e6693c2606cb7e7335047d7bb96dec52db5665/log4j-slf4j2-impl-2.22.1.jar:/home/braydon/.gradle/caches/modules-2/files-2.1/org.apache.logging.log4j/log4j-core/2.22.1/7183a25510a02ad00cc6a95d3b3d2a7d3c5a8dc4/log4j-core-2.22.1.jar:/home/braydon/.gradle/caches/modules-2/files-2.1/org.apache.logging.log4j/log4j-api/2.22.1/bea6fede6328fabafd7e68363161a7ea6605abd1/log4j-api-2.22.1.jar:/home/braydon/.gradle/caches/modules-2/files-2.1/com.google.guava/guava/32.1.2-jre/5e64ec7e056456bef3a4bc4c6fdaef71e8ab6318/guava-32.1.2-jre.jar:/home/braydon/.gradle/caches/modules-2/files-2.1/com.google.code.gson/gson/2.10.1/b3add478d4382b78ea20b1671390a858002feb6c/gson-2.10.1.jar:/home/braydon/.gradle/caches/modules-2/files-2.1/org.slf4j/slf4j-api/2.0.9/7cf2726fdcfbc8610f9a71fb3ed639871f315340/slf4j-api-2.0.9.jar:/home/braydon/.gradle/caches/modules-2/files-2.1/org.antlr/antlr4-runtime/4.13.1/17125bae1d965624e265ef49552f6465a2bfa307/antlr4-runtime-4.13.1.jar:/home/braydon/.gradle/caches/modules-2/files-2.1/net.minecraftforge/srgutils/0.4.15/ca408b131759478f164e010fae0d73997e125fb5/srgutils-0.4.15.jar:/home/braydon/.gradle/caches/modules-2/files-2.1/org.codehaus.plexus/plexus-utils/3.3.0/cf43b5391de623b36fe066a21127baef82c64022/plexus-utils-3.3.0.jar:/home/braydon/.gradle/caches/modules-2/files-2.1/org.jline/jline-reader/3.20.0/8f15415b022a25b473e8e16c28ae913186ffb9c4/jline-reader-3.20.0.jar:/home/braydon/.gradle/caches/modules-2/files-2.1/com.machinezoo.noexception/noexception/1.7.1/b65330c98e38a1f915fa54a6e5eca496505e3f0a/noexception-1.7.1.jar:/home/braydon/.gradle/caches/modules-2/files-2.1/com.google.guava/failureaccess/1.0.1/1dcf1de382a0bf95a3d8b0849546c88bac1292c9/failureaccess-1.0.1.jar:/home/braydon/.gradle/caches/modules-2/files-2.1/com.google.guava/listenablefuture/9999.0-empty-to-avoid-conflict-with-guava/b421526c5f297295adef1c886e5246c39d4ac629/listenablefuture-9999.0-empty-to-avoid-conflict-with-guava.jar:/home/braydon/.gradle/caches/modules-2/files-2.1/com.google.code.findbugs/jsr305/3.0.2/25ea2e8b0c338a877313bd4672d3fe056ea78f0d/jsr305-3.0.2.jar:/home/braydon/.gradle/caches/modules-2/files-2.1/org.checkerframework/checker-qual/3.33.0/de2b60b62da487644fc11f734e73c8b0b431238f/checker-qual-3.33.0.jar:/home/braydon/.gradle/caches/modules-2/files-2.1/com.google.errorprone/error_prone_annotations/2.18.0/89b684257096f548fa39a7df9fdaa409d4d4df91/error_prone_annotations-2.18.0.jar:/home/braydon/.gradle/caches/modules-2/files-2.1/com.google.j2objc/j2objc-annotations/2.8/c85270e307e7b822f1086b93689124b89768e273/j2objc-annotations-2.8.jar:/home/braydon/.gradle/caches/modules-2/files-2.1/org.jline/jline-terminal/3.20.0/d0ddcc708ddf527a3454c941b7b9225cc83a15ff/jline-terminal-3.20.0.jar:/home/braydon/.gradle/caches/modules-2/files-2.1/com.github.oshi/oshi-core/6.4.10/b1d8ab82d11d92fd639b56d639f8f46f739dd5fa/oshi-core-6.4.10.jar:/home/braydon/.gradle/caches/modules-2/files-2.1/com.ibm.icu/icu4j/73.2/61ad4ef7f9131fcf6d25c34b817f90d6da06c9e9/icu4j-73.2.jar:/home/braydon/.gradle/caches/modules-2/files-2.1/com.mojang/authlib/6.0.54/de8bc95660e1b2fe8793fd427a7a10dcec5b3ea7/authlib-6.0.54.jar:/home/braydon/.gradle/caches/modules-2/files-2.1/com.mojang/blocklist/1.0.10/5c685c5ffa94c4cd39496c7184c1d122e515ecef/blocklist-1.0.10.jar:/home/braydon/.gradle/caches/modules-2/files-2.1/com.mojang/brigadier/1.3.10/d15b53a14cf20fdcaa98f731af5dda654452c010/brigadier-1.3.10.jar:/home/braydon/.gradle/caches/modules-2/files-2.1/com.mojang/datafixerupper/8.0.16/67d4de6d7f95d89bcf5862995fb854ebaec02a34/datafixerupper-8.0.16.jar:/home/braydon/.gradle/caches/modules-2/files-2.1/com.mojang/patchy/2.2.10/da05971b07cbb379d002cf7eaec6a2048211fefc/patchy-2.2.10.jar:/home/braydon/.gradle/caches/modules-2/files-2.1/com.mojang/text2speech/1.17.9/3cad216e3a7f0c19b4b394388bc9ffc446f13b14/text2speech-1.17.9.jar:/home/braydon/.gradle/caches/modules-2/files-2.1/commons-codec/commons-codec/1.16.0/4e3eb3d79888d76b54e28b350915b5dc3919c9de/commons-codec-1.16.0.jar:/home/braydon/.gradle/caches/modules-2/files-2.1/commons-logging/commons-logging/1.2/4bfc12adfe4842bf07b657f0369c4cb522955686/commons-logging-1.2.jar:/home/braydon/.gradle/caches/modules-2/files-2.1/io.netty/netty-buffer/4.1.97.Final/f8f3d8644afa5e6e1a40a3a6aeb9d9aa970ecb4f/netty-buffer-4.1.97.Final.jar:/home/braydon/.gradle/caches/modules-2/files-2.1/io.netty/netty-codec/4.1.97.Final/384ba4d75670befbedb45c4d3b497a93639c206d/netty-codec-4.1.97.Final.jar:/home/braydon/.gradle/caches/modules-2/files-2.1/io.netty/netty-common/4.1.97.Final/7cceacaf11df8dc63f23d0fb58e9d4640fc88404/netty-common-4.1.97.Final.jar:/home/braydon/.gradle/caches/modules-2/files-2.1/io.netty/netty-handler/4.1.97.Final/abb86c6906bf512bf2b797a41cd7d2e8d3cd7c36/netty-handler-4.1.97.Final.jar:/home/braydon/.gradle/caches/modules-2/files-2.1/io.netty/netty-resolver/4.1.97.Final/cec8348108dc76c47cf87c669d514be52c922144/netty-resolver-4.1.97.Final.jar:/home/braydon/.gradle/caches/modules-2/files-2.1/io.netty/netty-transport-classes-epoll/4.1.97.Final/795da37ded759e862457a82d9d92c4d39ce8ecee/netty-transport-classes-epoll-4.1.97.Final.jar:/home/braydon/.gradle/caches/modules-2/files-2.1/io.netty/netty-transport-native-unix-common/4.1.97.Final/d469d84265ab70095b01b40886cabdd433b6e664/netty-transport-native-unix-common-4.1.97.Final.jar:/home/braydon/.gradle/caches/modules-2/files-2.1/io.netty/netty-transport/4.1.97.Final/f37380d23c9bb079bc702910833b2fd532c9abd0/netty-transport-4.1.97.Final.jar:/home/braydon/.gradle/caches/modules-2/files-2.1/it.unimi.dsi/fastutil/8.5.12/c24946d46824bd528054bface3231d2ecb7e95e8/fastutil-8.5.12.jar:/home/braydon/.gradle/caches/modules-2/files-2.1/net.java.dev.jna/jna-platform/5.14.0/28934d48aed814f11e4c584da55c49fa7032b31b/jna-platform-5.14.0.jar:/home/braydon/.gradle/caches/modules-2/files-2.1/net.java.dev.jna/jna/5.14.0/67bf3eaea4f0718cb376a181a629e5f88fa1c9dd/jna-5.14.0.jar:/home/braydon/.gradle/caches/modules-2/files-2.1/org.apache.commons/commons-compress/1.26.0/659feffdd12280201c8aacb8f7be94f9a883c824/commons-compress-1.26.0.jar:/home/braydon/.gradle/caches/modules-2/files-2.1/org.apache.httpcomponents/httpclient/4.5.13/e5f6cae5ca7ecaac1ec2827a9e2d65ae2869cada/httpclient-4.5.13.jar:/home/braydon/.gradle/caches/modules-2/files-2.1/org.apache.httpcomponents/httpcore/4.4.16/51cf043c87253c9f58b539c9f7e44c8894223850/httpcore-4.4.16.jar:/home/braydon/.gradle/caches/modules-2/files-2.1/org.jcraft/jorbis/0.0.17/8872d22b293e8f5d7d56ff92be966e6dc28ebdc6/jorbis-0.0.17.jar:/home/braydon/.gradle/caches/modules-2/files-2.1/org.joml/joml/1.10.5/22566d58af70ad3d72308bab63b8339906deb649/joml-1.10.5.jar:/home/braydon/.gradle/caches/modules-2/files-2.1/org.lwjgl/lwjgl-freetype/3.3.3/a0db6c84a8becc8ca05f9dbfa985edc348a824c7/lwjgl-freetype-3.3.3.jar:/home/braydon/.gradle/caches/modules-2/files-2.1/org.lwjgl/lwjgl-freetype/3.3.3/149070a5480900347071b7074779531f25a6e3dc/lwjgl-freetype-3.3.3-natives-linux.jar:/home/braydon/.gradle/caches/modules-2/files-2.1/org.lwjgl/lwjgl-glfw/3.3.3/efa1eb78c5ccd840e9f329717109b5e892d72f8e/lwjgl-glfw-3.3.3.jar:/home/braydon/.gradle/caches/modules-2/files-2.1/org.lwjgl/lwjgl-glfw/3.3.3/a03684c5e4b1b1dbbe0d29dbbdc27b985b6840f2/lwjgl-glfw-3.3.3-natives-linux.jar:/home/braydon/.gradle/caches/modules-2/files-2.1/org.lwjgl/lwjgl-jemalloc/3.3.3/b543467b7ff3c6920539a88ee602d34098628be5/lwjgl-jemalloc-3.3.3.jar:/home/braydon/.gradle/caches/modules-2/files-2.1/org.lwjgl/lwjgl-jemalloc/3.3.3/4f86728bf449b1dd61251c4e0ac01df1389cb51e/lwjgl-jemalloc-3.3.3-natives-linux.jar:/home/braydon/.gradle/caches/modules-2/files-2.1/org.lwjgl/lwjgl-openal/3.3.3/daada81ceb5fc0c291fbfdd4433cb8d9423577f2/lwjgl-openal-3.3.3.jar:/home/braydon/.gradle/caches/modules-2/files-2.1/org.lwjgl/lwjgl-openal/3.3.3/3037360cc4595079bea240af250b6d1a527e0905/lwjgl-openal-3.3.3-natives-linux.jar:/home/braydon/.gradle/caches/modules-2/files-2.1/org.lwjgl/lwjgl-opengl/3.3.3/2f6b0147078396a58979125a4c947664e98293a/lwjgl-opengl-3.3.3.jar:/home/braydon/.gradle/caches/modules-2/files-2.1/org.lwjgl/lwjgl-opengl/3.3.3/62c70a4b00ca5391882b0f4b787c1588d24f1c86/lwjgl-opengl-3.3.3-natives-linux.jar:/home/braydon/.gradle/caches/modules-2/files-2.1/org.lwjgl/lwjgl-stb/3.3.3/25dd6161988d7e65f71d5065c99902402ee32746/lwjgl-stb-3.3.3.jar:/home/braydon/.gradle/caches/modules-2/files-2.1/org.lwjgl/lwjgl-stb/3.3.3/fd1271ccd9d85eff2fa31f3fd543e02ccfaf5041/lwjgl-stb-3.3.3-natives-linux.jar:/home/braydon/.gradle/caches/modules-2/files-2.1/org.lwjgl/lwjgl-tinyfd/3.3.3/82d755ca94b102e9ca77283b9e2dc46d1b15fbe5/lwjgl-tinyfd-3.3.3.jar:/home/braydon/.gradle/caches/modules-2/files-2.1/org.lwjgl/lwjgl-tinyfd/3.3.3/d8d58daa0c3e5fd906fee96f5fddbcbc07cc308b/lwjgl-tinyfd-3.3.3-natives-linux.jar:/home/braydon/.gradle/caches/modules-2/files-2.1/org.lwjgl/lwjgl/3.3.3/29589b5f87ed335a6c7e7ee6a5775f81f97ecb84/lwjgl-3.3.3.jar:/home/braydon/.gradle/caches/modules-2/files-2.1/org.lwjgl/lwjgl/3.3.3/1713758e3660ba66e1e954396fd18126038b33c0/lwjgl-3.3.3-natives-linux.jar:/home/braydon/.gradle/caches/modules-2/files-2.1/org.lz4/lz4-java/1.8.0/4b986a99445e49ea5fbf5d149c4b63f6ed6c6780/lz4-java-1.8.0.jar:/home/braydon/.gradle/caches/modules-2/files-2.1/io.netty/netty-transport-native-epoll/4.1.97.Final/5514744c588190ffda076b35a9b8c9f24946a960/netty-transport-native-epoll-4.1.97.Final-linux-aarch_64.jar:/home/braydon/.gradle/caches/modules-2/files-2.1/io.netty/netty-transport-native-epoll/4.1.97.Final/54188f271e388e7f313aea995e82f58ce2cdb809/netty-transport-native-epoll-4.1.97.Final-linux-x86_64.jar)
		at MC-BOOTSTRAP/com.sun.jna@5.14.0/com.sun.jna.Native.extractFromResourcePath(Native.java:1141) ~[jna-5.14.0.jar%23128!/:5.14.0 (b0)]
		at MC-BOOTSTRAP/com.sun.jna@5.14.0/com.sun.jna.NativeLibrary.loadLibrary(NativeLibrary.java:297) ~[jna-5.14.0.jar%23128!/:5.14.0 (b0)]
		at MC-BOOTSTRAP/com.sun.jna@5.14.0/com.sun.jna.NativeLibrary.getInstance(NativeLibrary.java:481) ~[jna-5.14.0.jar%23128!/:5.14.0 (b0)]
		at MC-BOOTSTRAP/com.sun.jna@5.14.0/com.sun.jna.NativeLibrary.getInstance(NativeLibrary.java:423) ~[jna-5.14.0.jar%23128!/:5.14.0 (b0)]
		at MC-BOOTSTRAP/text2speech@1.17.9/com.mojang.text2speech.NarratorLinux$FliteLibrary.loadNative(NarratorLinux.java:67) ~[text2speech-1.17.9.jar%23110!/:?]
		at MC-BOOTSTRAP/text2speech@1.17.9/com.mojang.text2speech.NarratorLinux.<init>(NarratorLinux.java:18) ~[text2speech-1.17.9.jar%23110!/:?]
		at MC-BOOTSTRAP/text2speech@1.17.9/com.mojang.text2speech.Narrator.getNarrator(Narrator.java:41) ~[text2speech-1.17.9.jar%23110!/:?]
		at TRANSFORMER/minecraft@1.21.1/net.minecraft.client.GameNarrator.<init>(GameNarrator.java:21) ~[neoforge-21.1.252.jar%23177!/:?]
		at TRANSFORMER/minecraft@1.21.1/net.minecraft.client.Minecraft.<init>(Minecraft.java:609) ~[neoforge-21.1.252.jar%23177!/:?]
		at TRANSFORMER/minecraft@1.21.1/net.minecraft.client.main.Main.main(Main.java:214) ~[neoforge-21.1.252.jar%23177!/:?]
		at java.base/jdk.internal.reflect.DirectMethodHandleAccessor.invoke(DirectMethodHandleAccessor.java:103) ~[?:?]
		at java.base/java.lang.reflect.Method.invoke(Method.java:580) ~[?:?]
		at MC-BOOTSTRAP/fml_loader@4.0.44/net.neoforged.fml.loading.targets.CommonLaunchHandler.runTarget(CommonLaunchHandler.java:136) ~[loader-4.0.44.jar%23134!/:4.0]
		at MC-BOOTSTRAP/fml_loader@4.0.44/net.neoforged.fml.loading.targets.CommonLaunchHandler.clientService(CommonLaunchHandler.java:124) ~[loader-4.0.44.jar%23134!/:4.0]
		at MC-BOOTSTRAP/fml_loader@4.0.44/net.neoforged.fml.loading.targets.NeoForgeClientDevLaunchHandler.runService(NeoForgeClientDevLaunchHandler.java:23) ~[loader-4.0.44.jar%23134!/:4.0]
		at MC-BOOTSTRAP/fml_loader@4.0.44/net.neoforged.fml.loading.targets.CommonLaunchHandler.lambda$launchService$4(CommonLaunchHandler.java:118) ~[loader-4.0.44.jar%23134!/:4.0]
		at MC-BOOTSTRAP/cpw.mods.modlauncher@11.0.5/cpw.mods.modlauncher.LaunchServiceHandlerDecorator.launch(LaunchServiceHandlerDecorator.java:30) [modlauncher-11.0.5.jar%23114!/:?]
		at MC-BOOTSTRAP/cpw.mods.modlauncher@11.0.5/cpw.mods.modlauncher.LaunchServiceHandler.launch(LaunchServiceHandler.java:53) [modlauncher-11.0.5.jar%23114!/:?]
		at MC-BOOTSTRAP/cpw.mods.modlauncher@11.0.5/cpw.mods.modlauncher.LaunchServiceHandler.launch(LaunchServiceHandler.java:71) [modlauncher-11.0.5.jar%23114!/:?]
		at MC-BOOTSTRAP/cpw.mods.modlauncher@11.0.5/cpw.mods.modlauncher.Launcher.run(Launcher.java:103) [modlauncher-11.0.5.jar%23114!/:?]
		at MC-BOOTSTRAP/cpw.mods.modlauncher@11.0.5/cpw.mods.modlauncher.Launcher.main(Launcher.java:74) [modlauncher-11.0.5.jar%23114!/:?]
		at MC-BOOTSTRAP/cpw.mods.modlauncher@11.0.5/cpw.mods.modlauncher.BootstrapLaunchConsumer.accept(BootstrapLaunchConsumer.java:26) [modlauncher-11.0.5.jar%23114!/:?]
		at MC-BOOTSTRAP/cpw.mods.modlauncher@11.0.5/cpw.mods.modlauncher.BootstrapLaunchConsumer.accept(BootstrapLaunchConsumer.java:23) [modlauncher-11.0.5.jar%23114!/:?]
		at cpw.mods.bootstraplauncher@2.0.2/cpw.mods.bootstraplauncher.BootstrapLauncher.run(BootstrapLauncher.java:210) [bootstraplauncher-2.0.2.jar:?]
		at cpw.mods.bootstraplauncher@2.0.2/cpw.mods.bootstraplauncher.BootstrapLauncher.main(BootstrapLauncher.java:69) [bootstraplauncher-2.0.2.jar:?]
		at java.base/jdk.internal.reflect.DirectMethodHandleAccessor.invoke(DirectMethodHandleAccessor.java:103) ~[?:?]
		at java.base/java.lang.reflect.Method.invoke(Method.java:580) ~[?:?]
		at net.neoforged.devlaunch.Main.main(Main.java:57) [DevLaunch-1.0.2.jar:?]
[30Sep2026 04:19:27.002] [Render thread/INFO] [net.minecraft.server.packs.resources.ReloadableResourceManager/]: Reloading ResourceManager: vanilla, mod_resources, mod/veil, mod/simulated, mod/aeronautics, mod/immersive_aircraft, mod/flywheel, mod/ponder, mod/sablecompanion, mod/create, mod/sable, mod/magnetization, mod/terrablender, mod/neoforge, mod/aviator_dream
[30Sep2026 04:19:27.039] [NeoForge Version Check/INFO] [net.neoforged.fml.VersionChecker/]: [aviator_dream] Starting version check at https://api.modrinth.com/updates/aviator-dreams-reloaded/forge_updates.json?neoforge_only
[30Sep2026 04:19:27.052] [Worker-Main-2/INFO] [net.minecraft.client.gui.font.providers.UnihexProvider/]: Found unifont_all_no_pua-15.1.05.hex, loading
[30Sep2026 04:19:27.056] [Worker-Main-15/INFO] [net.minecraft.client.gui.font.providers.UnihexProvider/]: Found unifont_jp_patch-15.1.05.hex, loading
[30Sep2026 04:19:27.146] [Render thread/INFO] [terrablender/]: Registered region minecraft:overworld to index 0 for type OVERWORLD
[30Sep2026 04:19:27.147] [Render thread/INFO] [terrablender/]: Registered region minecraft:nether to index 0 for type NETHER
[30Sep2026 04:19:27.147] [Render thread/INFO] [terrablender/]: Registered region magnetization:anomaly_region to index 1 for type OVERWORLD
[30Sep2026 04:19:27.147] [Render thread/INFO] [terrablender/]: Registered region magnetization:petrified_forest_region to index 2 for type OVERWORLD
[30Sep2026 04:19:27.151] [Render thread/INFO] [magnetization/]: Surface rules registered for OVERWORLD category (anomaly + petrified_forest)
[30Sep2026 04:19:27.656] [NeoForge Version Check/INFO] [net.neoforged.fml.VersionChecker/]: [aviator_dream] Found status: BETA Current: 1.2.7+1.21.1 Target: null
[30Sep2026 04:19:28.531] [Render thread/INFO] [Veil/]: Loaded 0 shader modifications
[30Sep2026 04:19:28.849] [Render thread/INFO] [Veil/]: Loaded 29 shaders from: pinwheel/shaders/program
[30Sep2026 04:19:28.934] [Render thread/WARN] [immersive_aircraft.Main/]: Non-quad face found in model: aviator_dream:test!
[30Sep2026 04:19:28.935] [Render thread/WARN] [immersive_aircraft.Main/]: Non-quad face found in model: aviator_dream:test!
[30Sep2026 04:19:28.935] [Render thread/WARN] [immersive_aircraft.Main/]: Non-quad face found in model: aviator_dream:test!
[30Sep2026 04:19:28.935] [Render thread/WARN] [immersive_aircraft.Main/]: Non-quad face found in model: aviator_dream:test!
[30Sep2026 04:19:28.935] [Render thread/WARN] [immersive_aircraft.Main/]: Non-quad face found in model: aviator_dream:test!
[30Sep2026 04:19:28.935] [Render thread/WARN] [immersive_aircraft.Main/]: Non-quad face found in model: aviator_dream:test!
[30Sep2026 04:19:28.935] [Render thread/WARN] [immersive_aircraft.Main/]: Non-quad face found in model: aviator_dream:test!
[30Sep2026 04:19:28.935] [Render thread/WARN] [immersive_aircraft.Main/]: Non-quad face found in model: aviator_dream:test!
[30Sep2026 04:19:28.935] [Render thread/WARN] [immersive_aircraft.Main/]: Non-quad face found in model: aviator_dream:test!
[30Sep2026 04:19:28.935] [Render thread/WARN] [immersive_aircraft.Main/]: Non-quad face found in model: aviator_dream:test!
[30Sep2026 04:19:28.935] [Render thread/WARN] [immersive_aircraft.Main/]: Non-quad face found in model: aviator_dream:test!
[30Sep2026 04:19:28.935] [Render thread/WARN] [immersive_aircraft.Main/]: Non-quad face found in model: aviator_dream:test!
[30Sep2026 04:19:28.935] [Render thread/WARN] [immersive_aircraft.Main/]: Non-quad face found in model: aviator_dream:test!
[30Sep2026 04:19:28.936] [Render thread/WARN] [immersive_aircraft.Main/]: Non-quad face found in model: aviator_dream:test!
[30Sep2026 04:19:28.936] [Render thread/WARN] [immersive_aircraft.Main/]: Non-quad face found in model: aviator_dream:test!
[30Sep2026 04:19:28.936] [Render thread/WARN] [immersive_aircraft.Main/]: Non-quad face found in model: aviator_dream:test!
[30Sep2026 04:19:28.936] [Render thread/WARN] [immersive_aircraft.Main/]: Non-quad face found in model: aviator_dream:test!
[30Sep2026 04:19:28.936] [Render thread/WARN] [immersive_aircraft.Main/]: Non-quad face found in model: aviator_dream:test!
[30Sep2026 04:19:28.936] [Render thread/WARN] [immersive_aircraft.Main/]: Non-quad face found in model: aviator_dream:test!
[30Sep2026 04:19:28.936] [Render thread/WARN] [immersive_aircraft.Main/]: Non-quad face found in model: aviator_dream:test!
[30Sep2026 04:19:28.936] [Render thread/WARN] [immersive_aircraft.Main/]: Non-quad face found in model: aviator_dream:test!
[30Sep2026 04:19:28.936] [Render thread/WARN] [immersive_aircraft.Main/]: Non-quad face found in model: aviator_dream:test!
[30Sep2026 04:19:28.936] [Render thread/WARN] [immersive_aircraft.Main/]: Non-quad face found in model: aviator_dream:test!
[30Sep2026 04:19:28.936] [Render thread/WARN] [immersive_aircraft.Main/]: Non-quad face found in model: aviator_dream:test!
[30Sep2026 04:19:28.936] [Render thread/WARN] [immersive_aircraft.Main/]: Non-quad face found in model: aviator_dream:test!
[30Sep2026 04:19:28.937] [Render thread/WARN] [immersive_aircraft.Main/]: Non-quad face found in model: aviator_dream:test!
[30Sep2026 04:19:28.937] [Render thread/WARN] [immersive_aircraft.Main/]: Non-quad face found in model: aviator_dream:test!
[30Sep2026 04:19:28.937] [Render thread/WARN] [immersive_aircraft.Main/]: Non-quad face found in model: aviator_dream:test!
[30Sep2026 04:19:28.937] [Render thread/WARN] [immersive_aircraft.Main/]: Non-quad face found in model: aviator_dream:test!
[30Sep2026 04:19:28.937] [Render thread/WARN] [immersive_aircraft.Main/]: Non-quad face found in model: aviator_dream:test!
[30Sep2026 04:19:28.937] [Render thread/WARN] [immersive_aircraft.Main/]: Non-quad face found in model: aviator_dream:test!
[30Sep2026 04:19:28.937] [Render thread/WARN] [immersive_aircraft.Main/]: Non-quad face found in model: aviator_dream:test!
[30Sep2026 04:19:28.937] [Render thread/WARN] [immersive_aircraft.Main/]: Non-quad face found in model: aviator_dream:test!
[30Sep2026 04:19:28.937] [Render thread/WARN] [immersive_aircraft.Main/]: Non-quad face found in model: aviator_dream:test!
[30Sep2026 04:19:28.938] [Render thread/WARN] [immersive_aircraft.Main/]: Non-quad face found in model: aviator_dream:test!
[30Sep2026 04:19:28.938] [Render thread/WARN] [immersive_aircraft.Main/]: Non-quad face found in model: aviator_dream:test!
[30Sep2026 04:19:28.938] [Render thread/WARN] [immersive_aircraft.Main/]: Non-quad face found in model: aviator_dream:test!
[30Sep2026 04:19:28.938] [Render thread/WARN] [immersive_aircraft.Main/]: Non-quad face found in model: aviator_dream:test!
[30Sep2026 04:19:28.938] [Render thread/WARN] [immersive_aircraft.Main/]: Non-quad face found in model: aviator_dream:test!
[30Sep2026 04:19:28.938] [Render thread/WARN] [immersive_aircraft.Main/]: Non-quad face found in model: aviator_dream:test!
[30Sep2026 04:19:28.938] [Render thread/WARN] [immersive_aircraft.Main/]: Non-quad face found in model: aviator_dream:test!
[30Sep2026 04:19:28.938] [Render thread/WARN] [immersive_aircraft.Main/]: Non-quad face found in model: aviator_dream:test!
[30Sep2026 04:19:28.938] [Render thread/WARN] [immersive_aircraft.Main/]: Non-quad face found in model: aviator_dream:test!
[30Sep2026 04:19:28.938] [Render thread/WARN] [immersive_aircraft.Main/]: Non-quad face found in model: aviator_dream:test!
[30Sep2026 04:19:28.938] [Render thread/WARN] [immersive_aircraft.Main/]: Non-quad face found in model: aviator_dream:test!
[30Sep2026 04:19:28.938] [Render thread/WARN] [immersive_aircraft.Main/]: Non-quad face found in model: aviator_dream:test!
[30Sep2026 04:19:28.938] [Render thread/WARN] [immersive_aircraft.Main/]: Non-quad face found in model: aviator_dream:test!
[30Sep2026 04:19:28.939] [Render thread/WARN] [immersive_aircraft.Main/]: Non-quad face found in model: aviator_dream:test!
[30Sep2026 04:19:28.939] [Render thread/WARN] [immersive_aircraft.Main/]: Non-quad face found in model: aviator_dream:test!
[30Sep2026 04:19:28.939] [Render thread/WARN] [immersive_aircraft.Main/]: Non-quad face found in model: aviator_dream:test!
[30Sep2026 04:19:28.939] [Render thread/WARN] [immersive_aircraft.Main/]: Non-quad face found in model: aviator_dream:test!
[30Sep2026 04:19:28.939] [Render thread/WARN] [immersive_aircraft.Main/]: Non-quad face found in model: aviator_dream:test!
[30Sep2026 04:19:28.939] [Render thread/WARN] [immersive_aircraft.Main/]: Non-quad face found in model: aviator_dream:test!
[30Sep2026 04:19:28.939] [Render thread/WARN] [immersive_aircraft.Main/]: Non-quad face found in model: aviator_dream:test!
[30Sep2026 04:19:28.939] [Render thread/WARN] [immersive_aircraft.Main/]: Non-quad face found in model: aviator_dream:test!
[30Sep2026 04:19:28.939] [Render thread/WARN] [immersive_aircraft.Main/]: Non-quad face found in model: aviator_dream:test!
[30Sep2026 04:19:28.939] [Render thread/WARN] [immersive_aircraft.Main/]: Non-quad face found in model: aviator_dream:test!
[30Sep2026 04:19:28.939] [Render thread/WARN] [immersive_aircraft.Main/]: Non-quad face found in model: aviator_dream:test!
[30Sep2026 04:19:28.939] [Render thread/WARN] [immersive_aircraft.Main/]: Non-quad face found in model: aviator_dream:test!
[30Sep2026 04:19:28.939] [Render thread/WARN] [immersive_aircraft.Main/]: Non-quad face found in model: aviator_dream:test!
[30Sep2026 04:19:28.940] [Render thread/WARN] [immersive_aircraft.Main/]: Non-quad face found in model: aviator_dream:test!
[30Sep2026 04:19:28.940] [Render thread/WARN] [immersive_aircraft.Main/]: Non-quad face found in model: aviator_dream:test!
[30Sep2026 04:19:28.940] [Render thread/WARN] [immersive_aircraft.Main/]: Non-quad face found in model: aviator_dream:test!
[30Sep2026 04:19:28.940] [Render thread/WARN] [immersive_aircraft.Main/]: Non-quad face found in model: aviator_dream:test!
[30Sep2026 04:19:28.940] [Render thread/WARN] [immersive_aircraft.Main/]: Non-quad face found in model: aviator_dream:test!
[30Sep2026 04:19:28.940] [Render thread/WARN] [immersive_aircraft.Main/]: Non-quad face found in model: aviator_dream:test!
[30Sep2026 04:19:28.940] [Render thread/WARN] [immersive_aircraft.Main/]: Non-quad face found in model: aviator_dream:test!
[30Sep2026 04:19:28.940] [Render thread/WARN] [immersive_aircraft.Main/]: Non-quad face found in model: aviator_dream:test!
[30Sep2026 04:19:28.940] [Render thread/WARN] [immersive_aircraft.Main/]: Non-quad face found in model: aviator_dream:test!
[30Sep2026 04:19:28.940] [Render thread/WARN] [immersive_aircraft.Main/]: Non-quad face found in model: aviator_dream:test!
[30Sep2026 04:19:28.940] [Render thread/WARN] [immersive_aircraft.Main/]: Non-quad face found in model: aviator_dream:test!
[30Sep2026 04:19:28.941] [Render thread/WARN] [immersive_aircraft.Main/]: Non-quad face found in model: aviator_dream:test!
[30Sep2026 04:19:28.941] [Render thread/WARN] [immersive_aircraft.Main/]: Non-quad face found in model: aviator_dream:test!
[30Sep2026 04:19:28.941] [Render thread/WARN] [immersive_aircraft.Main/]: Non-quad face found in model: aviator_dream:test!
[30Sep2026 04:19:28.941] [Render thread/WARN] [immersive_aircraft.Main/]: Non-quad face found in model: aviator_dream:test!
[30Sep2026 04:19:28.941] [Render thread/WARN] [immersive_aircraft.Main/]: Non-quad face found in model: aviator_dream:test!
[30Sep2026 04:19:28.941] [Render thread/WARN] [immersive_aircraft.Main/]: Non-quad face found in model: aviator_dream:test!
[30Sep2026 04:19:28.941] [Render thread/WARN] [immersive_aircraft.Main/]: Non-quad face found in model: aviator_dream:test!
[30Sep2026 04:19:28.941] [Render thread/WARN] [immersive_aircraft.Main/]: Non-quad face found in model: aviator_dream:test!
[30Sep2026 04:19:28.941] [Render thread/WARN] [immersive_aircraft.Main/]: Non-quad face found in model: aviator_dream:test!
[30Sep2026 04:19:28.941] [Render thread/WARN] [immersive_aircraft.Main/]: Non-quad face found in model: aviator_dream:test!
[30Sep2026 04:19:28.941] [Render thread/WARN] [immersive_aircraft.Main/]: Non-quad face found in model: aviator_dream:test!
[30Sep2026 04:19:28.941] [Render thread/WARN] [immersive_aircraft.Main/]: Non-quad face found in model: aviator_dream:test!
[30Sep2026 04:19:28.941] [Render thread/WARN] [immersive_aircraft.Main/]: Non-quad face found in model: aviator_dream:test!
[30Sep2026 04:19:28.941] [Render thread/WARN] [immersive_aircraft.Main/]: Non-quad face found in model: aviator_dream:test!
[30Sep2026 04:19:28.941] [Render thread/WARN] [immersive_aircraft.Main/]: Non-quad face found in model: aviator_dream:test!
[30Sep2026 04:19:28.941] [Render thread/WARN] [immersive_aircraft.Main/]: Non-quad face found in model: aviator_dream:test!
[30Sep2026 04:19:28.941] [Render thread/WARN] [immersive_aircraft.Main/]: Non-quad face found in model: aviator_dream:test!
[30Sep2026 04:19:28.941] [Render thread/WARN] [immersive_aircraft.Main/]: Non-quad face found in model: aviator_dream:test!
[30Sep2026 04:19:28.941] [Render thread/WARN] [immersive_aircraft.Main/]: Non-quad face found in model: aviator_dream:test!
[30Sep2026 04:19:28.942] [Render thread/WARN] [immersive_aircraft.Main/]: Non-quad face found in model: aviator_dream:test!
[30Sep2026 04:19:28.942] [Render thread/WARN] [immersive_aircraft.Main/]: Non-quad face found in model: aviator_dream:test!
[30Sep2026 04:19:28.942] [Render thread/WARN] [immersive_aircraft.Main/]: Non-quad face found in model: aviator_dream:test!
[30Sep2026 04:19:28.942] [Render thread/WARN] [immersive_aircraft.Main/]: Non-quad face found in model: aviator_dream:test!
[30Sep2026 04:19:28.942] [Render thread/WARN] [immersive_aircraft.Main/]: Non-quad face found in model: aviator_dream:test!
[30Sep2026 04:19:28.942] [Render thread/WARN] [immersive_aircraft.Main/]: Non-quad face found in model: aviator_dream:test!
[30Sep2026 04:19:28.942] [Render thread/WARN] [immersive_aircraft.Main/]: Non-quad face found in model: aviator_dream:test!
[30Sep2026 04:19:28.942] [Render thread/WARN] [immersive_aircraft.Main/]: Non-quad face found in model: aviator_dream:test!
[30Sep2026 04:19:28.942] [Render thread/WARN] [immersive_aircraft.Main/]: Non-quad face found in model: aviator_dream:test!
[30Sep2026 04:19:28.942] [Render thread/WARN] [immersive_aircraft.Main/]: Non-quad face found in model: aviator_dream:test!
[30Sep2026 04:19:28.942] [Render thread/WARN] [immersive_aircraft.Main/]: Non-quad face found in model: aviator_dream:test!
[30Sep2026 04:19:28.942] [Render thread/WARN] [immersive_aircraft.Main/]: Non-quad face found in model: aviator_dream:test!
[30Sep2026 04:19:28.942] [Render thread/WARN] [immersive_aircraft.Main/]: Non-quad face found in model: aviator_dream:test!
[30Sep2026 04:19:28.942] [Render thread/WARN] [immersive_aircraft.Main/]: Non-quad face found in model: aviator_dream:test!
[30Sep2026 04:19:28.942] [Render thread/WARN] [immersive_aircraft.Main/]: Non-quad face found in model: aviator_dream:test!
[30Sep2026 04:19:28.942] [Render thread/WARN] [immersive_aircraft.Main/]: Non-quad face found in model: aviator_dream:test!
[30Sep2026 04:19:28.943] [Render thread/WARN] [immersive_aircraft.Main/]: Non-quad face found in model: aviator_dream:test!
[30Sep2026 04:19:28.943] [Render thread/WARN] [immersive_aircraft.Main/]: Non-quad face found in model: aviator_dream:test!
[30Sep2026 04:19:28.943] [Render thread/WARN] [immersive_aircraft.Main/]: Non-quad face found in model: aviator_dream:test!
[30Sep2026 04:19:28.943] [Render thread/WARN] [immersive_aircraft.Main/]: Non-quad face found in model: aviator_dream:test!
[30Sep2026 04:19:28.943] [Render thread/WARN] [immersive_aircraft.Main/]: Non-quad face found in model: aviator_dream:test!
[30Sep2026 04:19:28.943] [Render thread/WARN] [immersive_aircraft.Main/]: Non-quad face found in model: aviator_dream:test!
[30Sep2026 04:19:28.943] [Render thread/WARN] [immersive_aircraft.Main/]: Non-quad face found in model: aviator_dream:test!
[30Sep2026 04:19:28.943] [Render thread/WARN] [immersive_aircraft.Main/]: Non-quad face found in model: aviator_dream:test!
[30Sep2026 04:19:28.943] [Render thread/WARN] [immersive_aircraft.Main/]: Non-quad face found in model: aviator_dream:test!
[30Sep2026 04:19:28.943] [Render thread/WARN] [immersive_aircraft.Main/]: Non-quad face found in model: aviator_dream:test!
[30Sep2026 04:19:28.943] [Render thread/WARN] [immersive_aircraft.Main/]: Non-quad face found in model: aviator_dream:test!
[30Sep2026 04:19:28.943] [Render thread/WARN] [immersive_aircraft.Main/]: Non-quad face found in model: aviator_dream:test!
[30Sep2026 04:19:28.943] [Render thread/WARN] [immersive_aircraft.Main/]: Non-quad face found in model: aviator_dream:test!
[30Sep2026 04:19:28.943] [Render thread/WARN] [immersive_aircraft.Main/]: Non-quad face found in model: aviator_dream:test!
[30Sep2026 04:19:28.943] [Render thread/WARN] [immersive_aircraft.Main/]: Non-quad face found in model: aviator_dream:test!
[30Sep2026 04:19:28.943] [Render thread/WARN] [immersive_aircraft.Main/]: Non-quad face found in model: aviator_dream:test!
[30Sep2026 04:19:28.944] [Render thread/WARN] [immersive_aircraft.Main/]: Non-quad face found in model: aviator_dream:test!
[30Sep2026 04:19:28.944] [Render thread/WARN] [immersive_aircraft.Main/]: Non-quad face found in model: aviator_dream:test!
[30Sep2026 04:19:28.944] [Render thread/WARN] [immersive_aircraft.Main/]: Non-quad face found in model: aviator_dream:test!
[30Sep2026 04:19:28.944] [Render thread/WARN] [immersive_aircraft.Main/]: Non-quad face found in model: aviator_dream:test!
[30Sep2026 04:19:28.944] [Render thread/WARN] [immersive_aircraft.Main/]: Non-quad face found in model: aviator_dream:test!
[30Sep2026 04:19:28.944] [Render thread/WARN] [immersive_aircraft.Main/]: Non-quad face found in model: aviator_dream:test!
[30Sep2026 04:19:28.944] [Render thread/WARN] [immersive_aircraft.Main/]: Non-quad face found in model: aviator_dream:test!
[30Sep2026 04:19:28.944] [Render thread/WARN] [immersive_aircraft.Main/]: Non-quad face found in model: aviator_dream:test!
[30Sep2026 04:19:28.944] [Render thread/WARN] [immersive_aircraft.Main/]: Non-quad face found in model: aviator_dream:test!
[30Sep2026 04:19:28.944] [Render thread/WARN] [immersive_aircraft.Main/]: Non-quad face found in model: aviator_dream:test!
[30Sep2026 04:19:28.944] [Render thread/WARN] [immersive_aircraft.Main/]: Non-quad face found in model: aviator_dream:test!
[30Sep2026 04:19:28.944] [Render thread/WARN] [immersive_aircraft.Main/]: Non-quad face found in model: aviator_dream:test!
[30Sep2026 04:19:28.944] [Render thread/WARN] [immersive_aircraft.Main/]: Non-quad face found in model: aviator_dream:test!
[30Sep2026 04:19:28.944] [Render thread/WARN] [immersive_aircraft.Main/]: Non-quad face found in model: aviator_dream:test!
[30Sep2026 04:19:28.944] [Render thread/WARN] [immersive_aircraft.Main/]: Non-quad face found in model: aviator_dream:test!
[30Sep2026 04:19:28.944] [Render thread/WARN] [immersive_aircraft.Main/]: Non-quad face found in model: aviator_dream:test!
[30Sep2026 04:19:28.944] [Render thread/WARN] [immersive_aircraft.Main/]: Non-quad face found in model: aviator_dream:test!
[30Sep2026 04:19:28.944] [Render thread/WARN] [immersive_aircraft.Main/]: Non-quad face found in model: aviator_dream:test!
[30Sep2026 04:19:28.945] [Render thread/WARN] [immersive_aircraft.Main/]: Non-quad face found in model: aviator_dream:test!
[30Sep2026 04:19:28.945] [Render thread/WARN] [immersive_aircraft.Main/]: Non-quad face found in model: aviator_dream:test!
[30Sep2026 04:19:28.945] [Render thread/WARN] [immersive_aircraft.Main/]: Non-quad face found in model: aviator_dream:test!
[30Sep2026 04:19:28.945] [Render thread/WARN] [immersive_aircraft.Main/]: Non-quad face found in model: aviator_dream:test!
[30Sep2026 04:19:28.945] [Render thread/WARN] [immersive_aircraft.Main/]: Non-quad face found in model: aviator_dream:test!
[30Sep2026 04:19:28.945] [Render thread/WARN] [immersive_aircraft.Main/]: Non-quad face found in model: aviator_dream:test!
[30Sep2026 04:19:28.945] [Render thread/WARN] [immersive_aircraft.Main/]: Non-quad face found in model: aviator_dream:test!
[30Sep2026 04:19:28.945] [Render thread/WARN] [immersive_aircraft.Main/]: Non-quad face found in model: aviator_dream:test!
[30Sep2026 04:19:28.945] [Render thread/WARN] [immersive_aircraft.Main/]: Non-quad face found in model: aviator_dream:test!
[30Sep2026 04:19:28.945] [Render thread/WARN] [immersive_aircraft.Main/]: Non-quad face found in model: aviator_dream:test!
[30Sep2026 04:19:28.945] [Render thread/WARN] [immersive_aircraft.Main/]: Non-quad face found in model: aviator_dream:test!
[30Sep2026 04:19:28.945] [Render thread/WARN] [immersive_aircraft.Main/]: Non-quad face found in model: aviator_dream:test!
[30Sep2026 04:19:28.946] [Render thread/WARN] [immersive_aircraft.Main/]: Non-quad face found in model: aviator_dream:test!
[30Sep2026 04:19:28.946] [Render thread/WARN] [immersive_aircraft.Main/]: Non-quad face found in model: aviator_dream:test!
[30Sep2026 04:19:28.946] [Render thread/WARN] [immersive_aircraft.Main/]: Non-quad face found in model: aviator_dream:test!
[30Sep2026 04:19:28.946] [Render thread/WARN] [immersive_aircraft.Main/]: Non-quad face found in model: aviator_dream:test!
[30Sep2026 04:19:28.946] [Render thread/WARN] [immersive_aircraft.Main/]: Non-quad face found in model: aviator_dream:test!
[30Sep2026 04:19:28.946] [Render thread/WARN] [immersive_aircraft.Main/]: Non-quad face found in model: aviator_dream:test!
[30Sep2026 04:19:28.946] [Render thread/WARN] [immersive_aircraft.Main/]: Non-quad face found in model: aviator_dream:test!
[30Sep2026 04:19:28.946] [Render thread/WARN] [immersive_aircraft.Main/]: Non-quad face found in model: aviator_dream:test!
[30Sep2026 04:19:28.946] [Render thread/WARN] [immersive_aircraft.Main/]: Non-quad face found in model: aviator_dream:test!
[30Sep2026 04:19:28.946] [Render thread/WARN] [immersive_aircraft.Main/]: Non-quad face found in model: aviator_dream:test!
[30Sep2026 04:19:28.946] [Render thread/WARN] [immersive_aircraft.Main/]: Non-quad face found in model: aviator_dream:test!
[30Sep2026 04:19:28.946] [Render thread/WARN] [immersive_aircraft.Main/]: Non-quad face found in model: aviator_dream:test!
[30Sep2026 04:19:28.946] [Render thread/WARN] [immersive_aircraft.Main/]: Non-quad face found in model: aviator_dream:test!
[30Sep2026 04:19:28.946] [Render thread/WARN] [immersive_aircraft.Main/]: Non-quad face found in model: aviator_dream:test!
[30Sep2026 04:19:28.946] [Render thread/WARN] [immersive_aircraft.Main/]: Non-quad face found in model: aviator_dream:test!
[30Sep2026 04:19:28.946] [Render thread/WARN] [immersive_aircraft.Main/]: Non-quad face found in model: aviator_dream:test!
[30Sep2026 04:19:28.946] [Render thread/WARN] [immersive_aircraft.Main/]: Non-quad face found in model: aviator_dream:test!
[30Sep2026 04:19:28.946] [Render thread/WARN] [immersive_aircraft.Main/]: Non-quad face found in model: aviator_dream:test!
[30Sep2026 04:19:28.946] [Render thread/WARN] [immersive_aircraft.Main/]: Non-quad face found in model: aviator_dream:test!
[30Sep2026 04:19:28.946] [Render thread/WARN] [immersive_aircraft.Main/]: Non-quad face found in model: aviator_dream:test!
[30Sep2026 04:19:28.946] [Render thread/WARN] [immersive_aircraft.Main/]: Non-quad face found in model: aviator_dream:test!
[30Sep2026 04:19:28.947] [Render thread/WARN] [immersive_aircraft.Main/]: Non-quad face found in model: aviator_dream:test!
[30Sep2026 04:19:28.947] [Render thread/WARN] [immersive_aircraft.Main/]: Non-quad face found in model: aviator_dream:test!
[30Sep2026 04:19:28.947] [Render thread/WARN] [immersive_aircraft.Main/]: Non-quad face found in model: aviator_dream:test!
[30Sep2026 04:19:28.947] [Render thread/WARN] [immersive_aircraft.Main/]: Non-quad face found in model: aviator_dream:test!
[30Sep2026 04:19:28.947] [Render thread/WARN] [immersive_aircraft.Main/]: Non-quad face found in model: aviator_dream:test!
[30Sep2026 04:19:28.947] [Render thread/WARN] [immersive_aircraft.Main/]: Non-quad face found in model: aviator_dream:test!
[30Sep2026 04:19:28.947] [Render thread/WARN] [immersive_aircraft.Main/]: Non-quad face found in model: aviator_dream:test!
[30Sep2026 04:19:28.948] [Render thread/WARN] [immersive_aircraft.Main/]: Non-quad face found in model: aviator_dream:test!
[30Sep2026 04:19:28.948] [Render thread/WARN] [immersive_aircraft.Main/]: Non-quad face found in model: aviator_dream:test!
[30Sep2026 04:19:28.948] [Render thread/WARN] [immersive_aircraft.Main/]: Non-quad face found in model: aviator_dream:test!
[30Sep2026 04:19:28.948] [Render thread/WARN] [immersive_aircraft.Main/]: Non-quad face found in model: aviator_dream:test!
[30Sep2026 04:19:28.948] [Render thread/WARN] [immersive_aircraft.Main/]: Non-quad face found in model: aviator_dream:test!
[30Sep2026 04:19:28.948] [Render thread/WARN] [immersive_aircraft.Main/]: Non-quad face found in model: aviator_dream:test!
[30Sep2026 04:19:28.948] [Render thread/WARN] [immersive_aircraft.Main/]: Non-quad face found in model: aviator_dream:test!
[30Sep2026 04:19:28.948] [Render thread/WARN] [immersive_aircraft.Main/]: Non-quad face found in model: aviator_dream:test!
[30Sep2026 04:19:28.948] [Render thread/WARN] [immersive_aircraft.Main/]: Non-quad face found in model: aviator_dream:test!
[30Sep2026 04:19:28.948] [Render thread/WARN] [immersive_aircraft.Main/]: Non-quad face found in model: aviator_dream:test!
[30Sep2026 04:19:28.949] [Render thread/WARN] [immersive_aircraft.Main/]: Non-quad face found in model: aviator_dream:test!
[30Sep2026 04:19:28.949] [Render thread/WARN] [immersive_aircraft.Main/]: Non-quad face found in model: aviator_dream:test!
[30Sep2026 04:19:28.949] [Render thread/WARN] [immersive_aircraft.Main/]: Non-quad face found in model: aviator_dream:test!
[30Sep2026 04:19:28.949] [Render thread/WARN] [immersive_aircraft.Main/]: Non-quad face found in model: aviator_dream:test!
[30Sep2026 04:19:28.949] [Render thread/WARN] [immersive_aircraft.Main/]: Non-quad face found in model: aviator_dream:test!
[30Sep2026 04:19:28.949] [Render thread/WARN] [immersive_aircraft.Main/]: Non-quad face found in model: aviator_dream:test!
[30Sep2026 04:19:28.949] [Render thread/WARN] [immersive_aircraft.Main/]: Non-quad face found in model: aviator_dream:test!
[30Sep2026 04:19:28.949] [Render thread/WARN] [immersive_aircraft.Main/]: Non-quad face found in model: aviator_dream:test!
[30Sep2026 04:19:28.949] [Render thread/WARN] [immersive_aircraft.Main/]: Non-quad face found in model: aviator_dream:test!
[30Sep2026 04:19:28.949] [Render thread/WARN] [immersive_aircraft.Main/]: Non-quad face found in model: aviator_dream:test!
[30Sep2026 04:19:28.950] [Render thread/WARN] [immersive_aircraft.Main/]: Non-quad face found in model: aviator_dream:test!
[30Sep2026 04:19:28.950] [Render thread/WARN] [immersive_aircraft.Main/]: Non-quad face found in model: aviator_dream:test!
[30Sep2026 04:19:28.950] [Render thread/WARN] [immersive_aircraft.Main/]: Non-quad face found in model: aviator_dream:test!
[30Sep2026 04:19:28.950] [Render thread/WARN] [immersive_aircraft.Main/]: Non-quad face found in model: aviator_dream:test!
[30Sep2026 04:19:28.950] [Render thread/WARN] [immersive_aircraft.Main/]: Non-quad face found in model: aviator_dream:test!
[30Sep2026 04:19:28.950] [Render thread/WARN] [immersive_aircraft.Main/]: Non-quad face found in model: aviator_dream:test!
[30Sep2026 04:19:28.950] [Render thread/WARN] [immersive_aircraft.Main/]: Non-quad face found in model: aviator_dream:test!
[30Sep2026 04:19:28.950] [Render thread/WARN] [immersive_aircraft.Main/]: Non-quad face found in model: aviator_dream:test!
[30Sep2026 04:19:28.950] [Render thread/WARN] [immersive_aircraft.Main/]: Non-quad face found in model: aviator_dream:test!
[30Sep2026 04:19:28.950] [Render thread/WARN] [immersive_aircraft.Main/]: Non-quad face found in model: aviator_dream:test!
[30Sep2026 04:19:28.950] [Render thread/WARN] [immersive_aircraft.Main/]: Non-quad face found in model: aviator_dream:test!
[30Sep2026 04:19:28.950] [Render thread/WARN] [immersive_aircraft.Main/]: Non-quad face found in model: aviator_dream:test!
[30Sep2026 04:19:28.950] [Render thread/WARN] [immersive_aircraft.Main/]: Non-quad face found in model: aviator_dream:test!
[30Sep2026 04:19:28.950] [Render thread/WARN] [immersive_aircraft.Main/]: Non-quad face found in model: aviator_dream:test!
[30Sep2026 04:19:28.950] [Render thread/WARN] [immersive_aircraft.Main/]: Non-quad face found in model: aviator_dream:test!
[30Sep2026 04:19:28.950] [Render thread/WARN] [immersive_aircraft.Main/]: Non-quad face found in model: aviator_dream:test!
[30Sep2026 04:19:28.950] [Render thread/WARN] [immersive_aircraft.Main/]: Non-quad face found in model: aviator_dream:test!
[30Sep2026 04:19:28.950] [Render thread/WARN] [immersive_aircraft.Main/]: Non-quad face found in model: aviator_dream:test!
[30Sep2026 04:19:28.950] [Render thread/WARN] [immersive_aircraft.Main/]: Non-quad face found in model: aviator_dream:test!
[30Sep2026 04:19:28.950] [Render thread/WARN] [immersive_aircraft.Main/]: Non-quad face found in model: aviator_dream:test!
[30Sep2026 04:19:28.951] [Render thread/WARN] [immersive_aircraft.Main/]: Non-quad face found in model: aviator_dream:test!
[30Sep2026 04:19:28.951] [Render thread/WARN] [immersive_aircraft.Main/]: Non-quad face found in model: aviator_dream:test!
[30Sep2026 04:19:28.951] [Render thread/WARN] [immersive_aircraft.Main/]: Non-quad face found in model: aviator_dream:test!
[30Sep2026 04:19:28.951] [Render thread/WARN] [immersive_aircraft.Main/]: Non-quad face found in model: aviator_dream:test!
[30Sep2026 04:19:28.951] [Render thread/WARN] [immersive_aircraft.Main/]: Non-quad face found in model: aviator_dream:test!
[30Sep2026 04:19:28.951] [Render thread/WARN] [immersive_aircraft.Main/]: Non-quad face found in model: aviator_dream:test!
[30Sep2026 04:19:28.951] [Render thread/WARN] [immersive_aircraft.Main/]: Non-quad face found in model: aviator_dream:test!
[30Sep2026 04:19:28.951] [Render thread/WARN] [immersive_aircraft.Main/]: Non-quad face found in model: aviator_dream:test!
[30Sep2026 04:19:28.951] [Render thread/WARN] [immersive_aircraft.Main/]: Non-quad face found in model: aviator_dream:test!
[30Sep2026 04:19:28.951] [Render thread/WARN] [immersive_aircraft.Main/]: Non-quad face found in model: aviator_dream:test!
[30Sep2026 04:19:28.952] [Render thread/WARN] [immersive_aircraft.Main/]: Non-quad face found in model: aviator_dream:test!
[30Sep2026 04:19:28.952] [Render thread/WARN] [immersive_aircraft.Main/]: Non-quad face found in model: aviator_dream:test!
[30Sep2026 04:19:28.952] [Render thread/WARN] [immersive_aircraft.Main/]: Non-quad face found in model: aviator_dream:test!
[30Sep2026 04:19:28.952] [Render thread/WARN] [immersive_aircraft.Main/]: Non-quad face found in model: aviator_dream:test!
[30Sep2026 04:19:28.952] [Render thread/WARN] [immersive_aircraft.Main/]: Non-quad face found in model: aviator_dream:test!
[30Sep2026 04:19:28.952] [Render thread/WARN] [immersive_aircraft.Main/]: Non-quad face found in model: aviator_dream:test!
[30Sep2026 04:19:28.952] [Render thread/WARN] [immersive_aircraft.Main/]: Non-quad face found in model: aviator_dream:test!
[30Sep2026 04:19:28.952] [Render thread/WARN] [immersive_aircraft.Main/]: Non-quad face found in model: aviator_dream:test!
[30Sep2026 04:19:28.952] [Render thread/WARN] [immersive_aircraft.Main/]: Non-quad face found in model: aviator_dream:test!
[30Sep2026 04:19:28.952] [Render thread/WARN] [immersive_aircraft.Main/]: Non-quad face found in model: aviator_dream:test!
[30Sep2026 04:19:28.952] [Render thread/WARN] [immersive_aircraft.Main/]: Non-quad face found in model: aviator_dream:test!
[30Sep2026 04:19:28.952] [Render thread/WARN] [immersive_aircraft.Main/]: Non-quad face found in model: aviator_dream:test!
[30Sep2026 04:19:28.952] [Render thread/WARN] [immersive_aircraft.Main/]: Non-quad face found in model: aviator_dream:test!
[30Sep2026 04:19:28.952] [Render thread/WARN] [immersive_aircraft.Main/]: Non-quad face found in model: aviator_dream:test!
[30Sep2026 04:19:28.952] [Render thread/WARN] [immersive_aircraft.Main/]: Non-quad face found in model: aviator_dream:test!
[30Sep2026 04:19:28.952] [Render thread/WARN] [immersive_aircraft.Main/]: Non-quad face found in model: aviator_dream:test!
[30Sep2026 04:19:28.952] [Render thread/WARN] [immersive_aircraft.Main/]: Non-quad face found in model: aviator_dream:test!
[30Sep2026 04:19:28.952] [Render thread/WARN] [immersive_aircraft.Main/]: Non-quad face found in model: aviator_dream:test!
[30Sep2026 04:19:28.952] [Render thread/WARN] [immersive_aircraft.Main/]: Non-quad face found in model: aviator_dream:test!
[30Sep2026 04:19:28.952] [Render thread/WARN] [immersive_aircraft.Main/]: Non-quad face found in model: aviator_dream:test!
[30Sep2026 04:19:28.952] [Render thread/WARN] [immersive_aircraft.Main/]: Non-quad face found in model: aviator_dream:test!
[30Sep2026 04:19:28.952] [Render thread/WARN] [immersive_aircraft.Main/]: Non-quad face found in model: aviator_dream:test!
[30Sep2026 04:19:28.953] [Render thread/WARN] [immersive_aircraft.Main/]: Non-quad face found in model: aviator_dream:test!
[30Sep2026 04:19:28.953] [Render thread/WARN] [immersive_aircraft.Main/]: Non-quad face found in model: aviator_dream:test!
[30Sep2026 04:19:28.953] [Render thread/WARN] [immersive_aircraft.Main/]: Non-quad face found in model: aviator_dream:test!
[30Sep2026 04:19:28.953] [Render thread/WARN] [immersive_aircraft.Main/]: Non-quad face found in model: aviator_dream:test!
[30Sep2026 04:19:28.953] [Render thread/WARN] [immersive_aircraft.Main/]: Non-quad face found in model: aviator_dream:test!
[30Sep2026 04:19:28.953] [Render thread/WARN] [immersive_aircraft.Main/]: Non-quad face found in model: aviator_dream:test!
[30Sep2026 04:19:28.953] [Render thread/WARN] [immersive_aircraft.Main/]: Non-quad face found in model: aviator_dream:test!
[30Sep2026 04:19:28.953] [Render thread/WARN] [immersive_aircraft.Main/]: Non-quad face found in model: aviator_dream:test!
[30Sep2026 04:19:28.953] [Render thread/WARN] [immersive_aircraft.Main/]: Non-quad face found in model: aviator_dream:test!
[30Sep2026 04:19:28.953] [Render thread/WARN] [immersive_aircraft.Main/]: Non-quad face found in model: aviator_dream:test!
[30Sep2026 04:19:28.953] [Render thread/WARN] [immersive_aircraft.Main/]: Non-quad face found in model: aviator_dream:test!
[30Sep2026 04:19:28.953] [Render thread/WARN] [immersive_aircraft.Main/]: Non-quad face found in model: aviator_dream:test!
[30Sep2026 04:19:28.953] [Render thread/WARN] [immersive_aircraft.Main/]: Non-quad face found in model: aviator_dream:test!
[30Sep2026 04:19:28.953] [Render thread/WARN] [immersive_aircraft.Main/]: Non-quad face found in model: aviator_dream:test!
[30Sep2026 04:19:28.953] [Render thread/WARN] [immersive_aircraft.Main/]: Non-quad face found in model: aviator_dream:test!
[30Sep2026 04:19:28.953] [Render thread/WARN] [immersive_aircraft.Main/]: Non-quad face found in model: aviator_dream:test!
[30Sep2026 04:19:28.953] [Render thread/WARN] [immersive_aircraft.Main/]: Non-quad face found in model: aviator_dream:test!
[30Sep2026 04:19:28.953] [Render thread/WARN] [immersive_aircraft.Main/]: Non-quad face found in model: aviator_dream:test!
[30Sep2026 04:19:28.953] [Render thread/WARN] [immersive_aircraft.Main/]: Non-quad face found in model: aviator_dream:test!
[30Sep2026 04:19:28.953] [Render thread/WARN] [immersive_aircraft.Main/]: Non-quad face found in model: aviator_dream:test!
[30Sep2026 04:19:28.953] [Render thread/WARN] [immersive_aircraft.Main/]: Non-quad face found in model: aviator_dream:test!
[30Sep2026 04:19:28.953] [Render thread/WARN] [immersive_aircraft.Main/]: Non-quad face found in model: aviator_dream:test!
[30Sep2026 04:19:28.954] [Render thread/WARN] [immersive_aircraft.Main/]: Non-quad face found in model: aviator_dream:test!
[30Sep2026 04:19:28.954] [Render thread/WARN] [immersive_aircraft.Main/]: Non-quad face found in model: aviator_dream:test!
[30Sep2026 04:19:28.954] [Render thread/WARN] [immersive_aircraft.Main/]: Non-quad face found in model: aviator_dream:test!
[30Sep2026 04:19:28.954] [Render thread/WARN] [immersive_aircraft.Main/]: Non-quad face found in model: aviator_dream:test!
[30Sep2026 04:19:28.954] [Render thread/WARN] [immersive_aircraft.Main/]: Non-quad face found in model: aviator_dream:test!
[30Sep2026 04:19:28.954] [Render thread/WARN] [immersive_aircraft.Main/]: Non-quad face found in model: aviator_dream:test!
[30Sep2026 04:19:28.954] [Render thread/WARN] [immersive_aircraft.Main/]: Non-quad face found in model: aviator_dream:test!
[30Sep2026 04:19:28.954] [Render thread/WARN] [immersive_aircraft.Main/]: Non-quad face found in model: aviator_dream:test!
[30Sep2026 04:19:28.954] [Render thread/WARN] [immersive_aircraft.Main/]: Non-quad face found in model: aviator_dream:test!
[30Sep2026 04:19:28.954] [Render thread/WARN] [immersive_aircraft.Main/]: Non-quad face found in model: aviator_dream:test!
[30Sep2026 04:19:28.954] [Render thread/WARN] [immersive_aircraft.Main/]: Non-quad face found in model: aviator_dream:test!
[30Sep2026 04:19:28.954] [Render thread/WARN] [immersive_aircraft.Main/]: Non-quad face found in model: aviator_dream:test!
[30Sep2026 04:19:28.954] [Render thread/WARN] [immersive_aircraft.Main/]: Non-quad face found in model: aviator_dream:test!
[30Sep2026 04:19:28.954] [Render thread/WARN] [immersive_aircraft.Main/]: Non-quad face found in model: aviator_dream:test!
[30Sep2026 04:19:28.954] [Render thread/WARN] [immersive_aircraft.Main/]: Non-quad face found in model: aviator_dream:test!
[30Sep2026 04:19:28.954] [Render thread/WARN] [immersive_aircraft.Main/]: Non-quad face found in model: aviator_dream:test!
[30Sep2026 04:19:28.954] [Render thread/WARN] [immersive_aircraft.Main/]: Non-quad face found in model: aviator_dream:test!
[30Sep2026 04:19:28.954] [Render thread/WARN] [immersive_aircraft.Main/]: Non-quad face found in model: aviator_dream:test!
[30Sep2026 04:19:28.954] [Render thread/WARN] [immersive_aircraft.Main/]: Non-quad face found in model: aviator_dream:test!
[30Sep2026 04:19:28.954] [Render thread/WARN] [immersive_aircraft.Main/]: Non-quad face found in model: aviator_dream:test!
[30Sep2026 04:19:28.955] [Render thread/WARN] [immersive_aircraft.Main/]: Non-quad face found in model: aviator_dream:test!
[30Sep2026 04:19:28.955] [Render thread/WARN] [immersive_aircraft.Main/]: Non-quad face found in model: aviator_dream:test!
[30Sep2026 04:19:28.955] [Render thread/WARN] [immersive_aircraft.Main/]: Non-quad face found in model: aviator_dream:test!
[30Sep2026 04:19:28.955] [Render thread/WARN] [immersive_aircraft.Main/]: Non-quad face found in model: aviator_dream:test!
[30Sep2026 04:19:28.955] [Render thread/WARN] [immersive_aircraft.Main/]: Non-quad face found in model: aviator_dream:test!
[30Sep2026 04:19:28.955] [Render thread/WARN] [immersive_aircraft.Main/]: Non-quad face found in model: aviator_dream:test!
[30Sep2026 04:19:28.955] [Render thread/WARN] [immersive_aircraft.Main/]: Non-quad face found in model: aviator_dream:test!
[30Sep2026 04:19:28.955] [Render thread/WARN] [immersive_aircraft.Main/]: Non-quad face found in model: aviator_dream:test!
[30Sep2026 04:19:28.955] [Render thread/WARN] [immersive_aircraft.Main/]: Non-quad face found in model: aviator_dream:test!
[30Sep2026 04:19:28.955] [Render thread/WARN] [immersive_aircraft.Main/]: Non-quad face found in model: aviator_dream:test!
[30Sep2026 04:19:28.955] [Render thread/WARN] [immersive_aircraft.Main/]: Non-quad face found in model: aviator_dream:test!
[30Sep2026 04:19:28.955] [Render thread/WARN] [immersive_aircraft.Main/]: Non-quad face found in model: aviator_dream:test!
[30Sep2026 04:19:28.955] [Render thread/WARN] [immersive_aircraft.Main/]: Non-quad face found in model: aviator_dream:test!
[30Sep2026 04:19:28.955] [Render thread/WARN] [immersive_aircraft.Main/]: Non-quad face found in model: aviator_dream:test!
[30Sep2026 04:19:28.955] [Render thread/WARN] [immersive_aircraft.Main/]: Non-quad face found in model: aviator_dream:test!
[30Sep2026 04:19:28.955] [Render thread/WARN] [immersive_aircraft.Main/]: Non-quad face found in model: aviator_dream:test!
[30Sep2026 04:19:28.955] [Render thread/WARN] [immersive_aircraft.Main/]: Non-quad face found in model: aviator_dream:test!
[30Sep2026 04:19:28.956] [Render thread/WARN] [immersive_aircraft.Main/]: Non-quad face found in model: aviator_dream:test!
[30Sep2026 04:19:28.956] [Render thread/WARN] [immersive_aircraft.Main/]: Non-quad face found in model: aviator_dream:test!
[30Sep2026 04:19:28.956] [Render thread/WARN] [immersive_aircraft.Main/]: Non-quad face found in model: aviator_dream:test!
[30Sep2026 04:19:28.956] [Render thread/WARN] [immersive_aircraft.Main/]: Non-quad face found in model: aviator_dream:test!
[30Sep2026 04:19:28.956] [Render thread/WARN] [immersive_aircraft.Main/]: Non-quad face found in model: aviator_dream:test!
[30Sep2026 04:19:28.956] [Render thread/WARN] [immersive_aircraft.Main/]: Non-quad face found in model: aviator_dream:test!
[30Sep2026 04:19:28.957] [Render thread/WARN] [immersive_aircraft.Main/]: Non-quad face found in model: aviator_dream:test!
[30Sep2026 04:19:28.957] [Render thread/WARN] [immersive_aircraft.Main/]: Non-quad face found in model: aviator_dream:test!
[30Sep2026 04:19:28.957] [Render thread/WARN] [immersive_aircraft.Main/]: Non-quad face found in model: aviator_dream:test!
[30Sep2026 04:19:28.957] [Render thread/WARN] [immersive_aircraft.Main/]: Non-quad face found in model: aviator_dream:test!
[30Sep2026 04:19:28.958] [Render thread/WARN] [immersive_aircraft.Main/]: Non-quad face found in model: aviator_dream:test!
[30Sep2026 04:19:28.958] [Render thread/WARN] [immersive_aircraft.Main/]: Non-quad face found in model: aviator_dream:test!
[30Sep2026 04:19:28.958] [Render thread/WARN] [immersive_aircraft.Main/]: Non-quad face found in model: aviator_dream:test!
[30Sep2026 04:19:28.958] [Render thread/WARN] [immersive_aircraft.Main/]: Non-quad face found in model: aviator_dream:test!
[30Sep2026 04:19:28.958] [Render thread/WARN] [immersive_aircraft.Main/]: Non-quad face found in model: aviator_dream:test!
[30Sep2026 04:19:28.958] [Render thread/WARN] [immersive_aircraft.Main/]: Non-quad face found in model: aviator_dream:test!
[30Sep2026 04:19:28.958] [Render thread/WARN] [immersive_aircraft.Main/]: Non-quad face found in model: aviator_dream:test!
[30Sep2026 04:19:28.958] [Render thread/WARN] [immersive_aircraft.Main/]: Non-quad face found in model: aviator_dream:test!
[30Sep2026 04:19:28.958] [Render thread/WARN] [immersive_aircraft.Main/]: Non-quad face found in model: aviator_dream:test!
[30Sep2026 04:19:28.958] [Render thread/WARN] [immersive_aircraft.Main/]: Non-quad face found in model: aviator_dream:test!
[30Sep2026 04:19:28.958] [Render thread/WARN] [immersive_aircraft.Main/]: Non-quad face found in model: aviator_dream:test!
[30Sep2026 04:19:28.958] [Render thread/WARN] [immersive_aircraft.Main/]: Non-quad face found in model: aviator_dream:test!
[30Sep2026 04:19:28.959] [Render thread/WARN] [immersive_aircraft.Main/]: Non-quad face found in model: aviator_dream:test!
[30Sep2026 04:19:28.959] [Render thread/WARN] [immersive_aircraft.Main/]: Non-quad face found in model: aviator_dream:test!
[30Sep2026 04:19:28.959] [Render thread/WARN] [immersive_aircraft.Main/]: Non-quad face found in model: aviator_dream:test!
[30Sep2026 04:19:28.959] [Render thread/WARN] [immersive_aircraft.Main/]: Non-quad face found in model: aviator_dream:test!
[30Sep2026 04:19:28.959] [Render thread/WARN] [immersive_aircraft.Main/]: Non-quad face found in model: aviator_dream:test!
[30Sep2026 04:19:28.959] [Render thread/WARN] [immersive_aircraft.Main/]: Non-quad face found in model: aviator_dream:test!
[30Sep2026 04:19:28.959] [Render thread/WARN] [immersive_aircraft.Main/]: Non-quad face found in model: aviator_dream:test!
[30Sep2026 04:19:28.959] [Render thread/WARN] [immersive_aircraft.Main/]: Non-quad face found in model: aviator_dream:test!
[30Sep2026 04:19:28.959] [Render thread/WARN] [immersive_aircraft.Main/]: Non-quad face found in model: aviator_dream:test!
[30Sep2026 04:19:28.959] [Render thread/WARN] [immersive_aircraft.Main/]: Non-quad face found in model: aviator_dream:test!
[30Sep2026 04:19:28.959] [Render thread/WARN] [immersive_aircraft.Main/]: Non-quad face found in model: aviator_dream:test!
[30Sep2026 04:19:28.959] [Render thread/WARN] [immersive_aircraft.Main/]: Non-quad face found in model: aviator_dream:test!
[30Sep2026 04:19:28.959] [Render thread/WARN] [immersive_aircraft.Main/]: Non-quad face found in model: aviator_dream:test!
[30Sep2026 04:19:28.959] [Render thread/WARN] [immersive_aircraft.Main/]: Non-quad face found in model: aviator_dream:test!
[30Sep2026 04:19:28.959] [Render thread/WARN] [immersive_aircraft.Main/]: Non-quad face found in model: aviator_dream:test!
[30Sep2026 04:19:28.959] [Render thread/WARN] [immersive_aircraft.Main/]: Non-quad face found in model: aviator_dream:test!
[30Sep2026 04:19:28.959] [Render thread/WARN] [immersive_aircraft.Main/]: Non-quad face found in model: aviator_dream:test!
[30Sep2026 04:19:28.959] [Render thread/WARN] [immersive_aircraft.Main/]: Non-quad face found in model: aviator_dream:test!
[30Sep2026 04:19:28.959] [Render thread/WARN] [immersive_aircraft.Main/]: Non-quad face found in model: aviator_dream:test!
[30Sep2026 04:19:28.959] [Render thread/WARN] [immersive_aircraft.Main/]: Non-quad face found in model: aviator_dream:test!
[30Sep2026 04:19:28.960] [Render thread/WARN] [immersive_aircraft.Main/]: Non-quad face found in model: aviator_dream:test!
[30Sep2026 04:19:28.960] [Render thread/WARN] [immersive_aircraft.Main/]: Non-quad face found in model: aviator_dream:test!
[30Sep2026 04:19:28.960] [Render thread/WARN] [immersive_aircraft.Main/]: Non-quad face found in model: aviator_dream:test!
[30Sep2026 04:19:28.960] [Render thread/WARN] [immersive_aircraft.Main/]: Non-quad face found in model: aviator_dream:test!
[30Sep2026 04:19:28.960] [Render thread/WARN] [immersive_aircraft.Main/]: Non-quad face found in model: aviator_dream:test!
[30Sep2026 04:19:28.960] [Render thread/WARN] [immersive_aircraft.Main/]: Non-quad face found in model: aviator_dream:test!
[30Sep2026 04:19:28.960] [Render thread/WARN] [immersive_aircraft.Main/]: Non-quad face found in model: aviator_dream:test!
[30Sep2026 04:19:28.960] [Render thread/WARN] [immersive_aircraft.Main/]: Non-quad face found in model: aviator_dream:test!
[30Sep2026 04:19:28.960] [Render thread/WARN] [immersive_aircraft.Main/]: Non-quad face found in model: aviator_dream:test!
[30Sep2026 04:19:28.960] [Render thread/WARN] [immersive_aircraft.Main/]: Non-quad face found in model: aviator_dream:test!
[30Sep2026 04:19:28.960] [Render thread/WARN] [immersive_aircraft.Main/]: Non-quad face found in model: aviator_dream:test!
[30Sep2026 04:19:28.960] [Render thread/WARN] [immersive_aircraft.Main/]: Non-quad face found in model: aviator_dream:test!
[30Sep2026 04:19:28.960] [Render thread/WARN] [immersive_aircraft.Main/]: Non-quad face found in model: aviator_dream:test!
[30Sep2026 04:19:28.960] [Render thread/WARN] [immersive_aircraft.Main/]: Non-quad face found in model: aviator_dream:test!
[30Sep2026 04:19:28.960] [Render thread/WARN] [immersive_aircraft.Main/]: Non-quad face found in model: aviator_dream:test!
[30Sep2026 04:19:28.960] [Render thread/WARN] [immersive_aircraft.Main/]: Non-quad face found in model: aviator_dream:test!
[30Sep2026 04:19:28.960] [Render thread/WARN] [immersive_aircraft.Main/]: Non-quad face found in model: aviator_dream:test!
[30Sep2026 04:19:28.960] [Render thread/WARN] [immersive_aircraft.Main/]: Non-quad face found in model: aviator_dream:test!
[30Sep2026 04:19:28.960] [Render thread/WARN] [immersive_aircraft.Main/]: Non-quad face found in model: aviator_dream:test!
[30Sep2026 04:19:28.960] [Render thread/WARN] [immersive_aircraft.Main/]: Non-quad face found in model: aviator_dream:test!
[30Sep2026 04:19:28.960] [Render thread/WARN] [immersive_aircraft.Main/]: Non-quad face found in model: aviator_dream:test!
[30Sep2026 04:19:28.960] [Render thread/WARN] [immersive_aircraft.Main/]: Non-quad face found in model: aviator_dream:test!
[30Sep2026 04:19:28.960] [Render thread/WARN] [immersive_aircraft.Main/]: Non-quad face found in model: aviator_dream:test!
[30Sep2026 04:19:28.960] [Render thread/WARN] [immersive_aircraft.Main/]: Non-quad face found in model: aviator_dream:test!
[30Sep2026 04:19:28.960] [Render thread/WARN] [immersive_aircraft.Main/]: Non-quad face found in model: aviator_dream:test!
[30Sep2026 04:19:28.960] [Render thread/WARN] [immersive_aircraft.Main/]: Non-quad face found in model: aviator_dream:test!
[30Sep2026 04:19:28.960] [Render thread/WARN] [immersive_aircraft.Main/]: Non-quad face found in model: aviator_dream:test!
[30Sep2026 04:19:28.961] [Render thread/WARN] [immersive_aircraft.Main/]: Non-quad face found in model: aviator_dream:test!
[30Sep2026 04:19:28.961] [Render thread/WARN] [immersive_aircraft.Main/]: Non-quad face found in model: aviator_dream:test!
[30Sep2026 04:19:28.961] [Render thread/WARN] [immersive_aircraft.Main/]: Non-quad face found in model: aviator_dream:test!
[30Sep2026 04:19:28.961] [Render thread/WARN] [immersive_aircraft.Main/]: Non-quad face found in model: aviator_dream:test!
[30Sep2026 04:19:28.961] [Render thread/WARN] [immersive_aircraft.Main/]: Non-quad face found in model: aviator_dream:test!
[30Sep2026 04:19:28.961] [Render thread/WARN] [immersive_aircraft.Main/]: Non-quad face found in model: aviator_dream:test!
[30Sep2026 04:19:28.962] [Render thread/WARN] [immersive_aircraft.Main/]: Non-quad face found in model: aviator_dream:test!
[30Sep2026 04:19:28.962] [Render thread/WARN] [immersive_aircraft.Main/]: Non-quad face found in model: aviator_dream:test!
[30Sep2026 04:19:28.962] [Render thread/WARN] [immersive_aircraft.Main/]: Non-quad face found in model: aviator_dream:test!
[30Sep2026 04:19:28.962] [Render thread/WARN] [immersive_aircraft.Main/]: Non-quad face found in model: aviator_dream:test!
[30Sep2026 04:19:28.962] [Render thread/WARN] [immersive_aircraft.Main/]: Non-quad face found in model: aviator_dream:test!
[30Sep2026 04:19:28.962] [Render thread/WARN] [immersive_aircraft.Main/]: Non-quad face found in model: aviator_dream:test!
[30Sep2026 04:19:28.962] [Render thread/WARN] [immersive_aircraft.Main/]: Non-quad face found in model: aviator_dream:test!
[30Sep2026 04:19:28.962] [Render thread/WARN] [immersive_aircraft.Main/]: Non-quad face found in model: aviator_dream:test!
[30Sep2026 04:19:28.962] [Render thread/WARN] [immersive_aircraft.Main/]: Non-quad face found in model: aviator_dream:test!
[30Sep2026 04:19:28.962] [Render thread/WARN] [immersive_aircraft.Main/]: Non-quad face found in model: aviator_dream:test!
[30Sep2026 04:19:28.962] [Render thread/WARN] [immersive_aircraft.Main/]: Non-quad face found in model: aviator_dream:test!
[30Sep2026 04:19:28.962] [Render thread/WARN] [immersive_aircraft.Main/]: Non-quad face found in model: aviator_dream:test!
[30Sep2026 04:19:28.962] [Render thread/WARN] [immersive_aircraft.Main/]: Non-quad face found in model: aviator_dream:test!
[30Sep2026 04:19:28.962] [Render thread/WARN] [immersive_aircraft.Main/]: Non-quad face found in model: aviator_dream:test!
[30Sep2026 04:19:28.962] [Render thread/WARN] [immersive_aircraft.Main/]: Non-quad face found in model: aviator_dream:test!
[30Sep2026 04:19:28.962] [Render thread/WARN] [immersive_aircraft.Main/]: Non-quad face found in model: aviator_dream:test!
[30Sep2026 04:19:28.962] [Render thread/WARN] [immersive_aircraft.Main/]: Non-quad face found in model: aviator_dream:test!
[30Sep2026 04:19:28.962] [Render thread/WARN] [immersive_aircraft.Main/]: Non-quad face found in model: aviator_dream:test!
[30Sep2026 04:19:28.962] [Render thread/WARN] [immersive_aircraft.Main/]: Non-quad face found in model: aviator_dream:test!
[30Sep2026 04:19:28.962] [Render thread/WARN] [immersive_aircraft.Main/]: Non-quad face found in model: aviator_dream:test!
[30Sep2026 04:19:28.962] [Render thread/WARN] [immersive_aircraft.Main/]: Non-quad face found in model: aviator_dream:test!
[30Sep2026 04:19:28.962] [Render thread/WARN] [immersive_aircraft.Main/]: Non-quad face found in model: aviator_dream:test!
[30Sep2026 04:19:28.962] [Render thread/WARN] [immersive_aircraft.Main/]: Non-quad face found in model: aviator_dream:test!
[30Sep2026 04:19:28.962] [Render thread/WARN] [immersive_aircraft.Main/]: Non-quad face found in model: aviator_dream:test!
[30Sep2026 04:19:28.962] [Render thread/WARN] [immersive_aircraft.Main/]: Non-quad face found in model: aviator_dream:test!
[30Sep2026 04:19:28.963] [Render thread/WARN] [immersive_aircraft.Main/]: Non-quad face found in model: aviator_dream:test!
[30Sep2026 04:19:28.963] [Render thread/WARN] [immersive_aircraft.Main/]: Non-quad face found in model: aviator_dream:test!
[30Sep2026 04:19:28.963] [Render thread/WARN] [immersive_aircraft.Main/]: Non-quad face found in model: aviator_dream:test!
[30Sep2026 04:19:28.963] [Render thread/WARN] [immersive_aircraft.Main/]: Non-quad face found in model: aviator_dream:test!
[30Sep2026 04:19:28.963] [Render thread/WARN] [immersive_aircraft.Main/]: Non-quad face found in model: aviator_dream:test!
[30Sep2026 04:19:28.963] [Render thread/WARN] [immersive_aircraft.Main/]: Non-quad face found in model: aviator_dream:test!
[30Sep2026 04:19:28.963] [Render thread/WARN] [immersive_aircraft.Main/]: Non-quad face found in model: aviator_dream:test!
[30Sep2026 04:19:28.963] [Render thread/WARN] [immersive_aircraft.Main/]: Non-quad face found in model: aviator_dream:test!
[30Sep2026 04:19:28.963] [Render thread/WARN] [immersive_aircraft.Main/]: Non-quad face found in model: aviator_dream:test!
[30Sep2026 04:19:28.963] [Render thread/WARN] [immersive_aircraft.Main/]: Non-quad face found in model: aviator_dream:test!
[30Sep2026 04:19:28.963] [Render thread/WARN] [immersive_aircraft.Main/]: Non-quad face found in model: aviator_dream:test!
[30Sep2026 04:19:28.963] [Render thread/WARN] [immersive_aircraft.Main/]: Non-quad face found in model: aviator_dream:test!
[30Sep2026 04:19:28.963] [Render thread/WARN] [immersive_aircraft.Main/]: Non-quad face found in model: aviator_dream:test!
[30Sep2026 04:19:28.963] [Render thread/WARN] [immersive_aircraft.Main/]: Non-quad face found in model: aviator_dream:test!
[30Sep2026 04:19:28.963] [Render thread/WARN] [immersive_aircraft.Main/]: Non-quad face found in model: aviator_dream:test!
[30Sep2026 04:19:28.963] [Render thread/WARN] [immersive_aircraft.Main/]: Non-quad face found in model: aviator_dream:test!
[30Sep2026 04:19:28.963] [Render thread/WARN] [immersive_aircraft.Main/]: Non-quad face found in model: aviator_dream:test!
[30Sep2026 04:19:28.963] [Render thread/WARN] [immersive_aircraft.Main/]: Non-quad face found in model: aviator_dream:test!
[30Sep2026 04:19:28.963] [Render thread/WARN] [immersive_aircraft.Main/]: Non-quad face found in model: aviator_dream:test!
[30Sep2026 04:19:28.963] [Render thread/WARN] [immersive_aircraft.Main/]: Non-quad face found in model: aviator_dream:test!
[30Sep2026 04:19:28.963] [Render thread/WARN] [immersive_aircraft.Main/]: Non-quad face found in model: aviator_dream:test!
[30Sep2026 04:19:28.963] [Render thread/WARN] [immersive_aircraft.Main/]: Non-quad face found in model: aviator_dream:test!
[30Sep2026 04:19:28.963] [Render thread/WARN] [immersive_aircraft.Main/]: Non-quad face found in model: aviator_dream:test!
[30Sep2026 04:19:28.963] [Render thread/WARN] [immersive_aircraft.Main/]: Non-quad face found in model: aviator_dream:test!
[30Sep2026 04:19:28.963] [Render thread/WARN] [immersive_aircraft.Main/]: Non-quad face found in model: aviator_dream:test!
[30Sep2026 04:19:28.963] [Render thread/WARN] [immersive_aircraft.Main/]: Non-quad face found in model: aviator_dream:test!
[30Sep2026 04:19:28.963] [Render thread/WARN] [immersive_aircraft.Main/]: Non-quad face found in model: aviator_dream:test!
[30Sep2026 04:19:28.963] [Render thread/WARN] [immersive_aircraft.Main/]: Non-quad face found in model: aviator_dream:test!
[30Sep2026 04:19:28.963] [Render thread/WARN] [immersive_aircraft.Main/]: Non-quad face found in model: aviator_dream:test!
[30Sep2026 04:19:28.963] [Render thread/WARN] [immersive_aircraft.Main/]: Non-quad face found in model: aviator_dream:test!
[30Sep2026 04:19:28.963] [Render thread/WARN] [immersive_aircraft.Main/]: Non-quad face found in model: aviator_dream:test!
[30Sep2026 04:19:28.964] [Render thread/WARN] [immersive_aircraft.Main/]: Non-quad face found in model: aviator_dream:test!
[30Sep2026 04:19:28.964] [Render thread/WARN] [immersive_aircraft.Main/]: Non-quad face found in model: aviator_dream:test!
[30Sep2026 04:19:28.964] [Render thread/WARN] [immersive_aircraft.Main/]: Non-quad face found in model: aviator_dream:test!
[30Sep2026 04:19:28.964] [Render thread/WARN] [immersive_aircraft.Main/]: Non-quad face found in model: aviator_dream:test!
[30Sep2026 04:19:28.964] [Render thread/WARN] [immersive_aircraft.Main/]: Non-quad face found in model: aviator_dream:test!
[30Sep2026 04:19:28.964] [Render thread/WARN] [immersive_aircraft.Main/]: Non-quad face found in model: aviator_dream:test!
[30Sep2026 04:19:28.964] [Render thread/WARN] [immersive_aircraft.Main/]: Non-quad face found in model: aviator_dream:test!
[30Sep2026 04:19:28.964] [Render thread/WARN] [immersive_aircraft.Main/]: Non-quad face found in model: aviator_dream:test!
[30Sep2026 04:19:28.964] [Render thread/WARN] [immersive_aircraft.Main/]: Non-quad face found in model: aviator_dream:test!
[30Sep2026 04:19:28.964] [Render thread/WARN] [immersive_aircraft.Main/]: Non-quad face found in model: aviator_dream:test!
[30Sep2026 04:19:28.964] [Render thread/WARN] [immersive_aircraft.Main/]: Non-quad face found in model: aviator_dream:test!
[30Sep2026 04:19:28.964] [Render thread/WARN] [immersive_aircraft.Main/]: Non-quad face found in model: aviator_dream:test!
[30Sep2026 04:19:28.964] [Render thread/WARN] [immersive_aircraft.Main/]: Non-quad face found in model: aviator_dream:test!
[30Sep2026 04:19:28.964] [Render thread/WARN] [immersive_aircraft.Main/]: Non-quad face found in model: aviator_dream:test!
[30Sep2026 04:19:28.964] [Render thread/WARN] [immersive_aircraft.Main/]: Non-quad face found in model: aviator_dream:test!
[30Sep2026 04:19:28.964] [Render thread/WARN] [immersive_aircraft.Main/]: Non-quad face found in model: aviator_dream:test!
[30Sep2026 04:19:28.964] [Render thread/WARN] [immersive_aircraft.Main/]: Non-quad face found in model: aviator_dream:test!
[30Sep2026 04:19:28.964] [Render thread/WARN] [immersive_aircraft.Main/]: Non-quad face found in model: aviator_dream:test!
[30Sep2026 04:19:28.964] [Render thread/WARN] [immersive_aircraft.Main/]: Non-quad face found in model: aviator_dream:test!
[30Sep2026 04:19:28.964] [Render thread/WARN] [immersive_aircraft.Main/]: Non-quad face found in model: aviator_dream:test!
[30Sep2026 04:19:28.964] [Render thread/WARN] [immersive_aircraft.Main/]: Non-quad face found in model: aviator_dream:test!
[30Sep2026 04:19:28.964] [Render thread/WARN] [immersive_aircraft.Main/]: Non-quad face found in model: aviator_dream:test!
[30Sep2026 04:19:28.964] [Render thread/WARN] [immersive_aircraft.Main/]: Non-quad face found in model: aviator_dream:test!
[30Sep2026 04:19:28.964] [Render thread/WARN] [immersive_aircraft.Main/]: Non-quad face found in model: aviator_dream:test!
[30Sep2026 04:19:28.965] [Render thread/WARN] [immersive_aircraft.Main/]: Non-quad face found in model: aviator_dream:test!
[30Sep2026 04:19:28.965] [Render thread/WARN] [immersive_aircraft.Main/]: Non-quad face found in model: aviator_dream:test!
[30Sep2026 04:19:28.965] [Render thread/WARN] [immersive_aircraft.Main/]: Non-quad face found in model: aviator_dream:test!
[30Sep2026 04:19:28.965] [Render thread/WARN] [immersive_aircraft.Main/]: Non-quad face found in model: aviator_dream:test!
[30Sep2026 04:19:28.965] [Render thread/WARN] [immersive_aircraft.Main/]: Non-quad face found in model: aviator_dream:test!
[30Sep2026 04:19:28.965] [Render thread/WARN] [immersive_aircraft.Main/]: Non-quad face found in model: aviator_dream:test!
[30Sep2026 04:19:28.965] [Render thread/WARN] [immersive_aircraft.Main/]: Non-quad face found in model: aviator_dream:test!
[30Sep2026 04:19:28.965] [Render thread/WARN] [immersive_aircraft.Main/]: Non-quad face found in model: aviator_dream:test!
[30Sep2026 04:19:28.965] [Render thread/WARN] [immersive_aircraft.Main/]: Non-quad face found in model: aviator_dream:test!
[30Sep2026 04:19:28.965] [Render thread/WARN] [immersive_aircraft.Main/]: Non-quad face found in model: aviator_dream:test!
[30Sep2026 04:19:28.965] [Render thread/WARN] [immersive_aircraft.Main/]: Non-quad face found in model: aviator_dream:test!
[30Sep2026 04:19:28.965] [Render thread/WARN] [immersive_aircraft.Main/]: Non-quad face found in model: aviator_dream:test!
[30Sep2026 04:19:28.965] [Render thread/WARN] [immersive_aircraft.Main/]: Non-quad face found in model: aviator_dream:test!
[30Sep2026 04:19:28.965] [Render thread/WARN] [immersive_aircraft.Main/]: Non-quad face found in model: aviator_dream:test!
[30Sep2026 04:19:28.965] [Render thread/WARN] [immersive_aircraft.Main/]: Non-quad face found in model: aviator_dream:test!
[30Sep2026 04:19:28.965] [Render thread/WARN] [immersive_aircraft.Main/]: Non-quad face found in model: aviator_dream:test!
[30Sep2026 04:19:28.965] [Render thread/WARN] [immersive_aircraft.Main/]: Non-quad face found in model: aviator_dream:test!
[30Sep2026 04:19:28.965] [Render thread/WARN] [immersive_aircraft.Main/]: Non-quad face found in model: aviator_dream:test!
[30Sep2026 04:19:28.965] [Render thread/WARN] [immersive_aircraft.Main/]: Non-quad face found in model: aviator_dream:test!
[30Sep2026 04:19:28.965] [Render thread/WARN] [immersive_aircraft.Main/]: Non-quad face found in model: aviator_dream:test!
[30Sep2026 04:19:28.965] [Render thread/WARN] [immersive_aircraft.Main/]: Non-quad face found in model: aviator_dream:test!
[30Sep2026 04:19:28.965] [Render thread/WARN] [immersive_aircraft.Main/]: Non-quad face found in model: aviator_dream:test!
[30Sep2026 04:19:28.965] [Render thread/WARN] [immersive_aircraft.Main/]: Non-quad face found in model: aviator_dream:test!
[30Sep2026 04:19:28.965] [Render thread/WARN] [immersive_aircraft.Main/]: Non-quad face found in model: aviator_dream:test!
[30Sep2026 04:19:28.966] [Render thread/WARN] [immersive_aircraft.Main/]: Non-quad face found in model: aviator_dream:test!
[30Sep2026 04:19:28.966] [Render thread/WARN] [immersive_aircraft.Main/]: Non-quad face found in model: aviator_dream:test!
[30Sep2026 04:19:28.966] [Render thread/WARN] [immersive_aircraft.Main/]: Non-quad face found in model: aviator_dream:test!
[30Sep2026 04:19:28.966] [Render thread/WARN] [immersive_aircraft.Main/]: Non-quad face found in model: aviator_dream:test!
[30Sep2026 04:19:28.966] [Render thread/WARN] [immersive_aircraft.Main/]: Non-quad face found in model: aviator_dream:test!
[30Sep2026 04:19:28.966] [Render thread/WARN] [immersive_aircraft.Main/]: Non-quad face found in model: aviator_dream:test!
[30Sep2026 04:19:28.966] [Render thread/WARN] [immersive_aircraft.Main/]: Non-quad face found in model: aviator_dream:test!
[30Sep2026 04:19:28.966] [Render thread/WARN] [immersive_aircraft.Main/]: Non-quad face found in model: aviator_dream:test!
[30Sep2026 04:19:28.966] [Render thread/WARN] [immersive_aircraft.Main/]: Non-quad face found in model: aviator_dream:test!
[30Sep2026 04:19:28.966] [Render thread/WARN] [immersive_aircraft.Main/]: Non-quad face found in model: aviator_dream:test!
[30Sep2026 04:19:28.966] [Render thread/WARN] [immersive_aircraft.Main/]: Non-quad face found in model: aviator_dream:test!
[30Sep2026 04:19:28.966] [Render thread/WARN] [immersive_aircraft.Main/]: Non-quad face found in model: aviator_dream:test!
[30Sep2026 04:19:28.966] [Render thread/WARN] [immersive_aircraft.Main/]: Non-quad face found in model: aviator_dream:test!
[30Sep2026 04:19:28.966] [Render thread/WARN] [immersive_aircraft.Main/]: Non-quad face found in model: aviator_dream:test!
[30Sep2026 04:19:28.966] [Render thread/WARN] [immersive_aircraft.Main/]: Non-quad face found in model: aviator_dream:test!
[30Sep2026 04:19:28.966] [Render thread/WARN] [immersive_aircraft.Main/]: Non-quad face found in model: aviator_dream:test!
[30Sep2026 04:19:28.968] [Render thread/WARN] [immersive_aircraft.Main/]: Non-quad face found in model: aviator_dream:test!
[30Sep2026 04:19:28.968] [Render thread/WARN] [immersive_aircraft.Main/]: Non-quad face found in model: aviator_dream:test!
[30Sep2026 04:19:28.968] [Render thread/WARN] [immersive_aircraft.Main/]: Non-quad face found in model: aviator_dream:test!
[30Sep2026 04:19:28.968] [Render thread/WARN] [immersive_aircraft.Main/]: Non-quad face found in model: aviator_dream:test!
[30Sep2026 04:19:28.968] [Render thread/WARN] [immersive_aircraft.Main/]: Non-quad face found in model: aviator_dream:test!
[30Sep2026 04:19:28.968] [Render thread/WARN] [immersive_aircraft.Main/]: Non-quad face found in model: aviator_dream:test!
[30Sep2026 04:19:28.968] [Render thread/WARN] [immersive_aircraft.Main/]: Non-quad face found in model: aviator_dream:test!
[30Sep2026 04:19:28.968] [Render thread/WARN] [immersive_aircraft.Main/]: Non-quad face found in model: aviator_dream:test!
[30Sep2026 04:19:28.968] [Render thread/WARN] [immersive_aircraft.Main/]: Non-quad face found in model: aviator_dream:test!
[30Sep2026 04:19:28.968] [Render thread/WARN] [immersive_aircraft.Main/]: Non-quad face found in model: aviator_dream:test!
[30Sep2026 04:19:28.968] [Render thread/WARN] [immersive_aircraft.Main/]: Non-quad face found in model: aviator_dream:test!
[30Sep2026 04:19:28.968] [Render thread/WARN] [immersive_aircraft.Main/]: Non-quad face found in model: aviator_dream:test!
[30Sep2026 04:19:28.968] [Render thread/WARN] [immersive_aircraft.Main/]: Non-quad face found in model: aviator_dream:test!
[30Sep2026 04:19:28.968] [Render thread/WARN] [immersive_aircraft.Main/]: Non-quad face found in model: aviator_dream:test!
[30Sep2026 04:19:28.968] [Render thread/WARN] [immersive_aircraft.Main/]: Non-quad face found in model: aviator_dream:test!
[30Sep2026 04:19:28.968] [Render thread/WARN] [immersive_aircraft.Main/]: Non-quad face found in model: aviator_dream:test!
[30Sep2026 04:19:28.968] [Render thread/WARN] [immersive_aircraft.Main/]: Non-quad face found in model: aviator_dream:test!
[30Sep2026 04:19:28.968] [Render thread/WARN] [immersive_aircraft.Main/]: Non-quad face found in model: aviator_dream:test!
[30Sep2026 04:19:28.969] [Render thread/WARN] [immersive_aircraft.Main/]: Non-quad face found in model: aviator_dream:test!
[30Sep2026 04:19:28.969] [Render thread/WARN] [immersive_aircraft.Main/]: Non-quad face found in model: aviator_dream:test!
[30Sep2026 04:19:28.969] [Render thread/WARN] [immersive_aircraft.Main/]: Non-quad face found in model: aviator_dream:test!
[30Sep2026 04:19:28.969] [Render thread/WARN] [immersive_aircraft.Main/]: Non-quad face found in model: aviator_dream:test!
[30Sep2026 04:19:28.969] [Render thread/WARN] [immersive_aircraft.Main/]: Non-quad face found in model: aviator_dream:test!
[30Sep2026 04:19:28.969] [Render thread/WARN] [immersive_aircraft.Main/]: Non-quad face found in model: aviator_dream:test!
[30Sep2026 04:19:28.969] [Render thread/WARN] [immersive_aircraft.Main/]: Non-quad face found in model: aviator_dream:test!
[30Sep2026 04:19:28.969] [Render thread/WARN] [immersive_aircraft.Main/]: Non-quad face found in model: aviator_dream:test!
[30Sep2026 04:19:28.969] [Render thread/WARN] [immersive_aircraft.Main/]: Non-quad face found in model: aviator_dream:test!
[30Sep2026 04:19:28.969] [Render thread/WARN] [immersive_aircraft.Main/]: Non-quad face found in model: aviator_dream:test!
[30Sep2026 04:19:28.969] [Render thread/WARN] [immersive_aircraft.Main/]: Non-quad face found in model: aviator_dream:test!
[30Sep2026 04:19:28.969] [Render thread/WARN] [immersive_aircraft.Main/]: Non-quad face found in model: aviator_dream:test!
[30Sep2026 04:19:28.969] [Render thread/WARN] [immersive_aircraft.Main/]: Non-quad face found in model: aviator_dream:test!
[30Sep2026 04:19:28.969] [Render thread/WARN] [immersive_aircraft.Main/]: Non-quad face found in model: aviator_dream:test!
[30Sep2026 04:19:28.969] [Render thread/WARN] [immersive_aircraft.Main/]: Non-quad face found in model: aviator_dream:test!
[30Sep2026 04:19:28.969] [Render thread/WARN] [immersive_aircraft.Main/]: Non-quad face found in model: aviator_dream:test!
[30Sep2026 04:19:28.969] [Render thread/WARN] [immersive_aircraft.Main/]: Non-quad face found in model: aviator_dream:test!
[30Sep2026 04:19:28.969] [Render thread/WARN] [immersive_aircraft.Main/]: Non-quad face found in model: aviator_dream:test!
[30Sep2026 04:19:28.969] [Render thread/WARN] [immersive_aircraft.Main/]: Non-quad face found in model: aviator_dream:test!
[30Sep2026 04:19:28.969] [Render thread/WARN] [immersive_aircraft.Main/]: Non-quad face found in model: aviator_dream:test!
[30Sep2026 04:19:28.969] [Render thread/WARN] [immersive_aircraft.Main/]: Non-quad face found in model: aviator_dream:test!
[30Sep2026 04:19:28.969] [Render thread/WARN] [immersive_aircraft.Main/]: Non-quad face found in model: aviator_dream:test!
[30Sep2026 04:19:28.973] [Render thread/WARN] [immersive_aircraft.Main/]: Non-quad face found in model: aviator_dream:test!
[30Sep2026 04:19:28.973] [Render thread/WARN] [immersive_aircraft.Main/]: Non-quad face found in model: aviator_dream:test!
[30Sep2026 04:19:28.973] [Render thread/WARN] [immersive_aircraft.Main/]: Non-quad face found in model: aviator_dream:test!
[30Sep2026 04:19:28.973] [Render thread/WARN] [immersive_aircraft.Main/]: Non-quad face found in model: aviator_dream:test!
[30Sep2026 04:19:28.973] [Render thread/WARN] [immersive_aircraft.Main/]: Non-quad face found in model: aviator_dream:test!
[30Sep2026 04:19:28.973] [Render thread/WARN] [immersive_aircraft.Main/]: Non-quad face found in model: aviator_dream:test!
[30Sep2026 04:19:28.973] [Render thread/WARN] [immersive_aircraft.Main/]: Non-quad face found in model: aviator_dream:test!
[30Sep2026 04:19:28.973] [Render thread/WARN] [immersive_aircraft.Main/]: Non-quad face found in model: aviator_dream:test!
[30Sep2026 04:19:28.973] [Render thread/WARN] [immersive_aircraft.Main/]: Non-quad face found in model: aviator_dream:test!
[30Sep2026 04:19:28.973] [Render thread/WARN] [immersive_aircraft.Main/]: Non-quad face found in model: aviator_dream:test!
[30Sep2026 04:19:28.973] [Render thread/WARN] [immersive_aircraft.Main/]: Non-quad face found in model: aviator_dream:test!
[30Sep2026 04:19:28.973] [Render thread/WARN] [immersive_aircraft.Main/]: Non-quad face found in model: aviator_dream:test!
[30Sep2026 04:19:28.973] [Render thread/WARN] [immersive_aircraft.Main/]: Non-quad face found in model: aviator_dream:test!
[30Sep2026 04:19:28.973] [Render thread/WARN] [immersive_aircraft.Main/]: Non-quad face found in model: aviator_dream:test!
[30Sep2026 04:19:28.973] [Render thread/WARN] [immersive_aircraft.Main/]: Non-quad face found in model: aviator_dream:test!
[30Sep2026 04:19:28.973] [Render thread/WARN] [immersive_aircraft.Main/]: Non-quad face found in model: aviator_dream:test!
[30Sep2026 04:19:28.973] [Render thread/WARN] [immersive_aircraft.Main/]: Non-quad face found in model: aviator_dream:test!
[30Sep2026 04:19:28.973] [Render thread/WARN] [immersive_aircraft.Main/]: Non-quad face found in model: aviator_dream:test!
[30Sep2026 04:19:28.973] [Render thread/WARN] [immersive_aircraft.Main/]: Non-quad face found in model: aviator_dream:test!
[30Sep2026 04:19:28.973] [Render thread/WARN] [immersive_aircraft.Main/]: Non-quad face found in model: aviator_dream:test!
[30Sep2026 04:19:28.973] [Render thread/WARN] [immersive_aircraft.Main/]: Non-quad face found in model: aviator_dream:test!
[30Sep2026 04:19:28.973] [Render thread/WARN] [immersive_aircraft.Main/]: Non-quad face found in model: aviator_dream:test!
[30Sep2026 04:19:28.973] [Render thread/WARN] [immersive_aircraft.Main/]: Non-quad face found in model: aviator_dream:test!
[30Sep2026 04:19:28.973] [Render thread/WARN] [immersive_aircraft.Main/]: Non-quad face found in model: aviator_dream:test!
[30Sep2026 04:19:28.973] [Render thread/WARN] [immersive_aircraft.Main/]: Non-quad face found in model: aviator_dream:test!
[30Sep2026 04:19:28.973] [Render thread/WARN] [immersive_aircraft.Main/]: Non-quad face found in model: aviator_dream:test!
[30Sep2026 04:19:28.973] [Render thread/WARN] [immersive_aircraft.Main/]: Non-quad face found in model: aviator_dream:test!
[30Sep2026 04:19:28.973] [Render thread/WARN] [immersive_aircraft.Main/]: Non-quad face found in model: aviator_dream:test!
[30Sep2026 04:19:28.973] [Render thread/WARN] [immersive_aircraft.Main/]: Non-quad face found in model: aviator_dream:test!
[30Sep2026 04:19:28.973] [Render thread/WARN] [immersive_aircraft.Main/]: Non-quad face found in model: aviator_dream:test!
[30Sep2026 04:19:28.973] [Render thread/WARN] [immersive_aircraft.Main/]: Non-quad face found in model: aviator_dream:test!
[30Sep2026 04:19:28.973] [Render thread/WARN] [immersive_aircraft.Main/]: Non-quad face found in model: aviator_dream:test!
[30Sep2026 04:19:28.973] [Render thread/WARN] [immersive_aircraft.Main/]: Non-quad face found in model: aviator_dream:test!
[30Sep2026 04:19:28.973] [Render thread/WARN] [immersive_aircraft.Main/]: Non-quad face found in model: aviator_dream:test!
[30Sep2026 04:19:28.973] [Render thread/WARN] [immersive_aircraft.Main/]: Non-quad face found in model: aviator_dream:test!
[30Sep2026 04:19:28.973] [Render thread/WARN] [immersive_aircraft.Main/]: Non-quad face found in model: aviator_dream:test!
[30Sep2026 04:19:28.973] [Render thread/WARN] [immersive_aircraft.Main/]: Non-quad face found in model: aviator_dream:test!
[30Sep2026 04:19:28.973] [Render thread/WARN] [immersive_aircraft.Main/]: Non-quad face found in model: aviator_dream:test!
[30Sep2026 04:19:28.973] [Render thread/WARN] [immersive_aircraft.Main/]: Non-quad face found in model: aviator_dream:test!
[30Sep2026 04:19:28.973] [Render thread/WARN] [immersive_aircraft.Main/]: Non-quad face found in model: aviator_dream:test!
[30Sep2026 04:19:28.974] [Render thread/WARN] [immersive_aircraft.Main/]: Non-quad face found in model: aviator_dream:test!
[30Sep2026 04:19:28.974] [Render thread/WARN] [immersive_aircraft.Main/]: Non-quad face found in model: aviator_dream:test!
[30Sep2026 04:19:28.974] [Render thread/WARN] [immersive_aircraft.Main/]: Non-quad face found in model: aviator_dream:test!
[30Sep2026 04:19:28.974] [Render thread/WARN] [immersive_aircraft.Main/]: Non-quad face found in model: aviator_dream:test!
[30Sep2026 04:19:28.974] [Render thread/WARN] [immersive_aircraft.Main/]: Non-quad face found in model: aviator_dream:test!
[30Sep2026 04:19:28.974] [Render thread/WARN] [immersive_aircraft.Main/]: Non-quad face found in model: aviator_dream:test!
[30Sep2026 04:19:28.974] [Render thread/WARN] [immersive_aircraft.Main/]: Non-quad face found in model: aviator_dream:test!
[30Sep2026 04:19:28.974] [Render thread/WARN] [immersive_aircraft.Main/]: Non-quad face found in model: aviator_dream:test!
[30Sep2026 04:19:28.974] [Render thread/WARN] [immersive_aircraft.Main/]: Non-quad face found in model: aviator_dream:test!
[30Sep2026 04:19:28.974] [Render thread/WARN] [immersive_aircraft.Main/]: Non-quad face found in model: aviator_dream:test!
[30Sep2026 04:19:28.974] [Render thread/WARN] [immersive_aircraft.Main/]: Non-quad face found in model: aviator_dream:test!
[30Sep2026 04:19:28.974] [Render thread/WARN] [immersive_aircraft.Main/]: Non-quad face found in model: aviator_dream:test!
[30Sep2026 04:19:28.974] [Render thread/WARN] [immersive_aircraft.Main/]: Non-quad face found in model: aviator_dream:test!
[30Sep2026 04:19:28.974] [Render thread/WARN] [immersive_aircraft.Main/]: Non-quad face found in model: aviator_dream:test!
[30Sep2026 04:19:28.974] [Render thread/WARN] [immersive_aircraft.Main/]: Non-quad face found in model: aviator_dream:test!
[30Sep2026 04:19:28.974] [Render thread/WARN] [immersive_aircraft.Main/]: Non-quad face found in model: aviator_dream:test!
[30Sep2026 04:19:28.974] [Render thread/WARN] [immersive_aircraft.Main/]: Non-quad face found in model: aviator_dream:test!
[30Sep2026 04:19:28.974] [Render thread/WARN] [immersive_aircraft.Main/]: Non-quad face found in model: aviator_dream:test!
[30Sep2026 04:19:28.974] [Render thread/WARN] [immersive_aircraft.Main/]: Non-quad face found in model: aviator_dream:test!
[30Sep2026 04:19:28.974] [Render thread/WARN] [immersive_aircraft.Main/]: Non-quad face found in model: aviator_dream:test!
[30Sep2026 04:19:28.974] [Render thread/WARN] [immersive_aircraft.Main/]: Non-quad face found in model: aviator_dream:test!
[30Sep2026 04:19:28.974] [Render thread/WARN] [immersive_aircraft.Main/]: Non-quad face found in model: aviator_dream:test!
[30Sep2026 04:19:28.974] [Render thread/WARN] [immersive_aircraft.Main/]: Non-quad face found in model: aviator_dream:test!
[30Sep2026 04:19:28.974] [Render thread/WARN] [immersive_aircraft.Main/]: Non-quad face found in model: aviator_dream:test!
[30Sep2026 04:19:28.974] [Render thread/WARN] [immersive_aircraft.Main/]: Non-quad face found in model: aviator_dream:test!
[30Sep2026 04:19:28.974] [Render thread/WARN] [immersive_aircraft.Main/]: Non-quad face found in model: aviator_dream:test!
[30Sep2026 04:19:28.974] [Render thread/WARN] [immersive_aircraft.Main/]: Non-quad face found in model: aviator_dream:test!
[30Sep2026 04:19:28.974] [Render thread/WARN] [immersive_aircraft.Main/]: Non-quad face found in model: aviator_dream:test!
[30Sep2026 04:19:28.975] [Render thread/WARN] [immersive_aircraft.Main/]: Non-quad face found in model: aviator_dream:test!
[30Sep2026 04:19:28.975] [Render thread/WARN] [immersive_aircraft.Main/]: Non-quad face found in model: aviator_dream:test!
[30Sep2026 04:19:28.975] [Render thread/WARN] [immersive_aircraft.Main/]: Non-quad face found in model: aviator_dream:test!
[30Sep2026 04:19:28.975] [Render thread/WARN] [immersive_aircraft.Main/]: Non-quad face found in model: aviator_dream:test!
[30Sep2026 04:19:28.975] [Render thread/WARN] [immersive_aircraft.Main/]: Non-quad face found in model: aviator_dream:test!
[30Sep2026 04:19:28.975] [Render thread/WARN] [immersive_aircraft.Main/]: Non-quad face found in model: aviator_dream:test!
[30Sep2026 04:19:28.975] [Render thread/WARN] [immersive_aircraft.Main/]: Non-quad face found in model: aviator_dream:test!
[30Sep2026 04:19:28.975] [Render thread/WARN] [immersive_aircraft.Main/]: Non-quad face found in model: aviator_dream:test!
[30Sep2026 04:19:28.975] [Render thread/WARN] [immersive_aircraft.Main/]: Non-quad face found in model: aviator_dream:test!
[30Sep2026 04:19:28.975] [Render thread/WARN] [immersive_aircraft.Main/]: Non-quad face found in model: aviator_dream:test!
[30Sep2026 04:19:28.975] [Render thread/WARN] [immersive_aircraft.Main/]: Non-quad face found in model: aviator_dream:test!
[30Sep2026 04:19:28.975] [Render thread/WARN] [immersive_aircraft.Main/]: Non-quad face found in model: aviator_dream:test!
[30Sep2026 04:19:28.975] [Render thread/WARN] [immersive_aircraft.Main/]: Non-quad face found in model: aviator_dream:test!
[30Sep2026 04:19:28.975] [Render thread/WARN] [immersive_aircraft.Main/]: Non-quad face found in model: aviator_dream:test!
[30Sep2026 04:19:28.975] [Render thread/WARN] [immersive_aircraft.Main/]: Non-quad face found in model: aviator_dream:test!
[30Sep2026 04:19:28.975] [Render thread/WARN] [immersive_aircraft.Main/]: Non-quad face found in model: aviator_dream:test!
[30Sep2026 04:19:28.975] [Render thread/WARN] [immersive_aircraft.Main/]: Non-quad face found in model: aviator_dream:test!
[30Sep2026 04:19:28.975] [Render thread/WARN] [immersive_aircraft.Main/]: Non-quad face found in model: aviator_dream:test!
[30Sep2026 04:19:28.975] [Render thread/WARN] [immersive_aircraft.Main/]: Non-quad face found in model: aviator_dream:test!
[30Sep2026 04:19:28.975] [Render thread/WARN] [immersive_aircraft.Main/]: Non-quad face found in model: aviator_dream:test!
[30Sep2026 04:19:28.975] [Render thread/WARN] [immersive_aircraft.Main/]: Non-quad face found in model: aviator_dream:test!
[30Sep2026 04:19:28.975] [Render thread/WARN] [immersive_aircraft.Main/]: Non-quad face found in model: aviator_dream:test!
[30Sep2026 04:19:28.975] [Render thread/WARN] [immersive_aircraft.Main/]: Non-quad face found in model: aviator_dream:test!
[30Sep2026 04:19:28.975] [Render thread/WARN] [immersive_aircraft.Main/]: Non-quad face found in model: aviator_dream:test!
[30Sep2026 04:19:28.975] [Render thread/WARN] [immersive_aircraft.Main/]: Non-quad face found in model: aviator_dream:test!
[30Sep2026 04:19:28.975] [Render thread/WARN] [immersive_aircraft.Main/]: Non-quad face found in model: aviator_dream:test!
[30Sep2026 04:19:28.975] [Render thread/WARN] [immersive_aircraft.Main/]: Non-quad face found in model: aviator_dream:test!
[30Sep2026 04:19:28.975] [Render thread/WARN] [immersive_aircraft.Main/]: Non-quad face found in model: aviator_dream:test!
[30Sep2026 04:19:28.975] [Render thread/WARN] [immersive_aircraft.Main/]: Non-quad face found in model: aviator_dream:test!
[30Sep2026 04:19:28.975] [Render thread/WARN] [immersive_aircraft.Main/]: Non-quad face found in model: aviator_dream:test!
[30Sep2026 04:19:28.975] [Render thread/WARN] [immersive_aircraft.Main/]: Non-quad face found in model: aviator_dream:test!
[30Sep2026 04:19:28.975] [Render thread/WARN] [immersive_aircraft.Main/]: Non-quad face found in model: aviator_dream:test!
[30Sep2026 04:19:28.975] [Render thread/WARN] [immersive_aircraft.Main/]: Non-quad face found in model: aviator_dream:test!
[30Sep2026 04:19:28.975] [Render thread/WARN] [immersive_aircraft.Main/]: Non-quad face found in model: aviator_dream:test!
[30Sep2026 04:19:28.975] [Render thread/WARN] [immersive_aircraft.Main/]: Non-quad face found in model: aviator_dream:test!
[30Sep2026 04:19:28.975] [Render thread/WARN] [immersive_aircraft.Main/]: Non-quad face found in model: aviator_dream:test!
[30Sep2026 04:19:28.976] [Render thread/WARN] [immersive_aircraft.Main/]: Non-quad face found in model: aviator_dream:test!
[30Sep2026 04:19:28.976] [Render thread/WARN] [immersive_aircraft.Main/]: Non-quad face found in model: aviator_dream:test!
[30Sep2026 04:19:28.976] [Render thread/WARN] [immersive_aircraft.Main/]: Non-quad face found in model: aviator_dream:test!
[30Sep2026 04:19:28.976] [Render thread/WARN] [immersive_aircraft.Main/]: Non-quad face found in model: aviator_dream:test!
[30Sep2026 04:19:28.976] [Render thread/WARN] [immersive_aircraft.Main/]: Non-quad face found in model: aviator_dream:test!
[30Sep2026 04:19:28.976] [Render thread/WARN] [immersive_aircraft.Main/]: Non-quad face found in model: aviator_dream:test!
[30Sep2026 04:19:28.976] [Render thread/WARN] [immersive_aircraft.Main/]: Non-quad face found in model: aviator_dream:test!
[30Sep2026 04:19:28.976] [Render thread/WARN] [immersive_aircraft.Main/]: Non-quad face found in model: aviator_dream:test!
[30Sep2026 04:19:28.976] [Render thread/WARN] [immersive_aircraft.Main/]: Non-quad face found in model: aviator_dream:test!
[30Sep2026 04:19:28.976] [Render thread/WARN] [immersive_aircraft.Main/]: Non-quad face found in model: aviator_dream:test!
[30Sep2026 04:19:28.976] [Render thread/WARN] [immersive_aircraft.Main/]: Non-quad face found in model: aviator_dream:test!
[30Sep2026 04:19:28.976] [Render thread/WARN] [immersive_aircraft.Main/]: Non-quad face found in model: aviator_dream:test!
[30Sep2026 04:19:28.976] [Render thread/WARN] [immersive_aircraft.Main/]: Non-quad face found in model: aviator_dream:test!
[30Sep2026 04:19:28.976] [Render thread/WARN] [immersive_aircraft.Main/]: Non-quad face found in model: aviator_dream:test!
[30Sep2026 04:19:28.976] [Render thread/WARN] [immersive_aircraft.Main/]: Non-quad face found in model: aviator_dream:test!
[30Sep2026 04:19:28.976] [Render thread/WARN] [immersive_aircraft.Main/]: Non-quad face found in model: aviator_dream:test!
[30Sep2026 04:19:28.976] [Render thread/WARN] [immersive_aircraft.Main/]: Non-quad face found in model: aviator_dream:test!
[30Sep2026 04:19:28.976] [Render thread/WARN] [immersive_aircraft.Main/]: Non-quad face found in model: aviator_dream:test!
[30Sep2026 04:19:28.976] [Render thread/WARN] [immersive_aircraft.Main/]: Non-quad face found in model: aviator_dream:test!
[30Sep2026 04:19:28.976] [Render thread/WARN] [immersive_aircraft.Main/]: Non-quad face found in model: aviator_dream:test!
[30Sep2026 04:19:28.976] [Render thread/WARN] [immersive_aircraft.Main/]: Non-quad face found in model: aviator_dream:test!
[30Sep2026 04:19:28.976] [Render thread/WARN] [immersive_aircraft.Main/]: Non-quad face found in model: aviator_dream:test!
[30Sep2026 04:19:28.976] [Render thread/WARN] [immersive_aircraft.Main/]: Non-quad face found in model: aviator_dream:test!
[30Sep2026 04:19:28.976] [Render thread/WARN] [immersive_aircraft.Main/]: Non-quad face found in model: aviator_dream:test!
[30Sep2026 04:19:28.976] [Render thread/WARN] [immersive_aircraft.Main/]: Non-quad face found in model: aviator_dream:test!
[30Sep2026 04:19:28.976] [Render thread/WARN] [immersive_aircraft.Main/]: Non-quad face found in model: aviator_dream:test!
[30Sep2026 04:19:28.976] [Render thread/WARN] [immersive_aircraft.Main/]: Non-quad face found in model: aviator_dream:test!
[30Sep2026 04:19:28.976] [Render thread/WARN] [immersive_aircraft.Main/]: Non-quad face found in model: aviator_dream:test!
[30Sep2026 04:19:28.976] [Render thread/WARN] [immersive_aircraft.Main/]: Non-quad face found in model: aviator_dream:test!
[30Sep2026 04:19:28.976] [Render thread/WARN] [immersive_aircraft.Main/]: Non-quad face found in model: aviator_dream:test!
[30Sep2026 04:19:28.976] [Render thread/WARN] [immersive_aircraft.Main/]: Non-quad face found in model: aviator_dream:test!
[30Sep2026 04:19:28.976] [Render thread/WARN] [immersive_aircraft.Main/]: Non-quad face found in model: aviator_dream:test!
[30Sep2026 04:19:28.976] [Render thread/WARN] [immersive_aircraft.Main/]: Non-quad face found in model: aviator_dream:test!
[30Sep2026 04:19:28.976] [Render thread/WARN] [immersive_aircraft.Main/]: Non-quad face found in model: aviator_dream:test!
[30Sep2026 04:19:28.976] [Render thread/WARN] [immersive_aircraft.Main/]: Non-quad face found in model: aviator_dream:test!
[30Sep2026 04:19:28.976] [Render thread/WARN] [immersive_aircraft.Main/]: Non-quad face found in model: aviator_dream:test!
[30Sep2026 04:19:28.977] [Render thread/WARN] [immersive_aircraft.Main/]: Non-quad face found in model: aviator_dream:test!
[30Sep2026 04:19:28.977] [Render thread/WARN] [immersive_aircraft.Main/]: Non-quad face found in model: aviator_dream:test!
[30Sep2026 04:19:28.977] [Render thread/WARN] [immersive_aircraft.Main/]: Non-quad face found in model: aviator_dream:test!
[30Sep2026 04:19:28.977] [Render thread/WARN] [immersive_aircraft.Main/]: Non-quad face found in model: aviator_dream:test!
[30Sep2026 04:19:28.977] [Render thread/WARN] [immersive_aircraft.Main/]: Non-quad face found in model: aviator_dream:test!
[30Sep2026 04:19:28.977] [Render thread/WARN] [immersive_aircraft.Main/]: Non-quad face found in model: aviator_dream:test!
[30Sep2026 04:19:28.977] [Render thread/WARN] [immersive_aircraft.Main/]: Non-quad face found in model: aviator_dream:test!
[30Sep2026 04:19:28.977] [Render thread/WARN] [immersive_aircraft.Main/]: Non-quad face found in model: aviator_dream:test!
[30Sep2026 04:19:28.977] [Render thread/WARN] [immersive_aircraft.Main/]: Non-quad face found in model: aviator_dream:test!
[30Sep2026 04:19:28.977] [Render thread/WARN] [immersive_aircraft.Main/]: Non-quad face found in model: aviator_dream:test!
[30Sep2026 04:19:28.977] [Render thread/WARN] [immersive_aircraft.Main/]: Non-quad face found in model: aviator_dream:test!
[30Sep2026 04:19:28.977] [Render thread/WARN] [immersive_aircraft.Main/]: Non-quad face found in model: aviator_dream:test!
[30Sep2026 04:19:28.977] [Render thread/WARN] [immersive_aircraft.Main/]: Non-quad face found in model: aviator_dream:test!
[30Sep2026 04:19:28.977] [Render thread/WARN] [immersive_aircraft.Main/]: Non-quad face found in model: aviator_dream:test!
[30Sep2026 04:19:28.977] [Render thread/WARN] [immersive_aircraft.Main/]: Non-quad face found in model: aviator_dream:test!
[30Sep2026 04:19:28.977] [Render thread/WARN] [immersive_aircraft.Main/]: Non-quad face found in model: aviator_dream:test!
[30Sep2026 04:19:28.977] [Render thread/WARN] [immersive_aircraft.Main/]: Non-quad face found in model: aviator_dream:test!
[30Sep2026 04:19:28.977] [Render thread/WARN] [immersive_aircraft.Main/]: Non-quad face found in model: aviator_dream:test!
[30Sep2026 04:19:28.977] [Render thread/WARN] [immersive_aircraft.Main/]: Non-quad face found in model: aviator_dream:test!
[30Sep2026 04:19:28.977] [Render thread/WARN] [immersive_aircraft.Main/]: Non-quad face found in model: aviator_dream:test!
[30Sep2026 04:19:28.977] [Render thread/WARN] [immersive_aircraft.Main/]: Non-quad face found in model: aviator_dream:test!
[30Sep2026 04:19:28.977] [Render thread/WARN] [immersive_aircraft.Main/]: Non-quad face found in model: aviator_dream:test!
[30Sep2026 04:19:28.977] [Render thread/WARN] [immersive_aircraft.Main/]: Non-quad face found in model: aviator_dream:test!
[30Sep2026 04:19:28.977] [Render thread/WARN] [immersive_aircraft.Main/]: Non-quad face found in model: aviator_dream:test!
[30Sep2026 04:19:28.977] [Render thread/WARN] [immersive_aircraft.Main/]: Non-quad face found in model: aviator_dream:test!
[30Sep2026 04:19:28.977] [Render thread/WARN] [immersive_aircraft.Main/]: Non-quad face found in model: aviator_dream:test!
[30Sep2026 04:19:28.977] [Render thread/WARN] [immersive_aircraft.Main/]: Non-quad face found in model: aviator_dream:test!
[30Sep2026 04:19:28.977] [Render thread/WARN] [immersive_aircraft.Main/]: Non-quad face found in model: aviator_dream:test!
[30Sep2026 04:19:28.978] [Render thread/WARN] [immersive_aircraft.Main/]: Non-quad face found in model: aviator_dream:test!
[30Sep2026 04:19:28.978] [Render thread/WARN] [immersive_aircraft.Main/]: Non-quad face found in model: aviator_dream:test!
[30Sep2026 04:19:28.978] [Render thread/WARN] [immersive_aircraft.Main/]: Non-quad face found in model: aviator_dream:test!
[30Sep2026 04:19:28.978] [Render thread/WARN] [immersive_aircraft.Main/]: Non-quad face found in model: aviator_dream:test!
[30Sep2026 04:19:28.978] [Render thread/WARN] [immersive_aircraft.Main/]: Non-quad face found in model: aviator_dream:test!
[30Sep2026 04:19:28.978] [Render thread/WARN] [immersive_aircraft.Main/]: Non-quad face found in model: aviator_dream:test!
[30Sep2026 04:19:28.978] [Render thread/WARN] [immersive_aircraft.Main/]: Non-quad face found in model: aviator_dream:test!
[30Sep2026 04:19:28.978] [Render thread/WARN] [immersive_aircraft.Main/]: Non-quad face found in model: aviator_dream:test!
[30Sep2026 04:19:28.978] [Render thread/WARN] [immersive_aircraft.Main/]: Non-quad face found in model: aviator_dream:test!
[30Sep2026 04:19:28.978] [Render thread/WARN] [immersive_aircraft.Main/]: Non-quad face found in model: aviator_dream:test!
[30Sep2026 04:19:28.978] [Render thread/WARN] [immersive_aircraft.Main/]: Non-quad face found in model: aviator_dream:test!
[30Sep2026 04:19:28.978] [Render thread/WARN] [immersive_aircraft.Main/]: Non-quad face found in model: aviator_dream:test!
[30Sep2026 04:19:28.978] [Render thread/WARN] [immersive_aircraft.Main/]: Non-quad face found in model: aviator_dream:test!
[30Sep2026 04:19:28.978] [Render thread/WARN] [immersive_aircraft.Main/]: Non-quad face found in model: aviator_dream:test!
[30Sep2026 04:19:28.978] [Render thread/WARN] [immersive_aircraft.Main/]: Non-quad face found in model: aviator_dream:test!
[30Sep2026 04:19:28.978] [Render thread/WARN] [immersive_aircraft.Main/]: Non-quad face found in model: aviator_dream:test!
[30Sep2026 04:19:28.978] [Render thread/WARN] [immersive_aircraft.Main/]: Non-quad face found in model: aviator_dream:test!
[30Sep2026 04:19:28.978] [Render thread/WARN] [immersive_aircraft.Main/]: Non-quad face found in model: aviator_dream:test!
[30Sep2026 04:19:28.978] [Render thread/WARN] [immersive_aircraft.Main/]: Non-quad face found in model: aviator_dream:test!
[30Sep2026 04:19:28.978] [Render thread/WARN] [immersive_aircraft.Main/]: Non-quad face found in model: aviator_dream:test!
[30Sep2026 04:19:28.978] [Render thread/WARN] [immersive_aircraft.Main/]: Non-quad face found in model: aviator_dream:test!
[30Sep2026 04:19:28.978] [Render thread/WARN] [immersive_aircraft.Main/]: Non-quad face found in model: aviator_dream:test!
[30Sep2026 04:19:28.978] [Render thread/WARN] [immersive_aircraft.Main/]: Non-quad face found in model: aviator_dream:test!
[30Sep2026 04:19:28.978] [Render thread/WARN] [immersive_aircraft.Main/]: Non-quad face found in model: aviator_dream:test!
[30Sep2026 04:19:28.978] [Render thread/WARN] [immersive_aircraft.Main/]: Non-quad face found in model: aviator_dream:test!
[30Sep2026 04:19:28.978] [Render thread/WARN] [immersive_aircraft.Main/]: Non-quad face found in model: aviator_dream:test!
[30Sep2026 04:19:28.978] [Render thread/WARN] [immersive_aircraft.Main/]: Non-quad face found in model: aviator_dream:test!
[30Sep2026 04:19:28.978] [Render thread/WARN] [immersive_aircraft.Main/]: Non-quad face found in model: aviator_dream:test!
[30Sep2026 04:19:28.978] [Render thread/WARN] [immersive_aircraft.Main/]: Non-quad face found in model: aviator_dream:test!
[30Sep2026 04:19:28.978] [Render thread/WARN] [immersive_aircraft.Main/]: Non-quad face found in model: aviator_dream:test!
[30Sep2026 04:19:28.978] [Render thread/WARN] [immersive_aircraft.Main/]: Non-quad face found in model: aviator_dream:test!
[30Sep2026 04:19:28.978] [Render thread/WARN] [immersive_aircraft.Main/]: Non-quad face found in model: aviator_dream:test!
[30Sep2026 04:19:28.978] [Render thread/WARN] [immersive_aircraft.Main/]: Non-quad face found in model: aviator_dream:test!
[30Sep2026 04:19:28.978] [Render thread/WARN] [immersive_aircraft.Main/]: Non-quad face found in model: aviator_dream:test!
[30Sep2026 04:19:28.978] [Render thread/WARN] [immersive_aircraft.Main/]: Non-quad face found in model: aviator_dream:test!
[30Sep2026 04:19:28.978] [Render thread/WARN] [immersive_aircraft.Main/]: Non-quad face found in model: aviator_dream:test!
[30Sep2026 04:19:28.978] [Render thread/WARN] [immersive_aircraft.Main/]: Non-quad face found in model: aviator_dream:test!
[30Sep2026 04:19:28.978] [Render thread/WARN] [immersive_aircraft.Main/]: Non-quad face found in model: aviator_dream:test!
[30Sep2026 04:19:28.978] [Render thread/WARN] [immersive_aircraft.Main/]: Non-quad face found in model: aviator_dream:test!
[30Sep2026 04:19:28.978] [Render thread/WARN] [immersive_aircraft.Main/]: Non-quad face found in model: aviator_dream:test!
[30Sep2026 04:19:28.979] [Render thread/WARN] [immersive_aircraft.Main/]: Non-quad face found in model: aviator_dream:test!
[30Sep2026 04:19:28.979] [Render thread/WARN] [immersive_aircraft.Main/]: Non-quad face found in model: aviator_dream:test!
[30Sep2026 04:19:28.979] [Render thread/WARN] [immersive_aircraft.Main/]: Non-quad face found in model: aviator_dream:test!
[30Sep2026 04:19:28.979] [Render thread/WARN] [immersive_aircraft.Main/]: Non-quad face found in model: aviator_dream:test!
[30Sep2026 04:19:28.979] [Render thread/WARN] [immersive_aircraft.Main/]: Non-quad face found in model: aviator_dream:test!
[30Sep2026 04:19:28.979] [Render thread/WARN] [immersive_aircraft.Main/]: Non-quad face found in model: aviator_dream:test!
[30Sep2026 04:19:28.979] [Render thread/WARN] [immersive_aircraft.Main/]: Non-quad face found in model: aviator_dream:test!
[30Sep2026 04:19:28.979] [Render thread/WARN] [immersive_aircraft.Main/]: Non-quad face found in model: aviator_dream:test!
[30Sep2026 04:19:28.979] [Render thread/WARN] [immersive_aircraft.Main/]: Non-quad face found in model: aviator_dream:test!
[30Sep2026 04:19:28.979] [Render thread/WARN] [immersive_aircraft.Main/]: Non-quad face found in model: aviator_dream:test!
[30Sep2026 04:19:28.979] [Render thread/WARN] [immersive_aircraft.Main/]: Non-quad face found in model: aviator_dream:test!
[30Sep2026 04:19:28.979] [Render thread/WARN] [immersive_aircraft.Main/]: Non-quad face found in model: aviator_dream:test!
[30Sep2026 04:19:28.979] [Render thread/WARN] [immersive_aircraft.Main/]: Non-quad face found in model: aviator_dream:test!
[30Sep2026 04:19:28.979] [Render thread/WARN] [immersive_aircraft.Main/]: Non-quad face found in model: aviator_dream:test!
[30Sep2026 04:19:28.979] [Render thread/WARN] [immersive_aircraft.Main/]: Non-quad face found in model: aviator_dream:test!
[30Sep2026 04:19:28.979] [Render thread/WARN] [immersive_aircraft.Main/]: Non-quad face found in model: aviator_dream:test!
[30Sep2026 04:19:28.979] [Render thread/WARN] [immersive_aircraft.Main/]: Non-quad face found in model: aviator_dream:test!
[30Sep2026 04:19:28.979] [Render thread/WARN] [immersive_aircraft.Main/]: Non-quad face found in model: aviator_dream:test!
[30Sep2026 04:19:28.979] [Render thread/WARN] [immersive_aircraft.Main/]: Non-quad face found in model: aviator_dream:test!
[30Sep2026 04:19:28.979] [Render thread/WARN] [immersive_aircraft.Main/]: Non-quad face found in model: aviator_dream:test!
[30Sep2026 04:19:28.979] [Render thread/WARN] [immersive_aircraft.Main/]: Non-quad face found in model: aviator_dream:test!
[30Sep2026 04:19:28.979] [Render thread/WARN] [immersive_aircraft.Main/]: Non-quad face found in model: aviator_dream:test!
[30Sep2026 04:19:28.979] [Render thread/WARN] [immersive_aircraft.Main/]: Non-quad face found in model: aviator_dream:test!
[30Sep2026 04:19:28.979] [Render thread/WARN] [immersive_aircraft.Main/]: Non-quad face found in model: aviator_dream:test!
[30Sep2026 04:19:28.979] [Render thread/WARN] [immersive_aircraft.Main/]: Non-quad face found in model: aviator_dream:test!
[30Sep2026 04:19:28.979] [Render thread/WARN] [immersive_aircraft.Main/]: Non-quad face found in model: aviator_dream:test!
[30Sep2026 04:19:28.980] [Render thread/WARN] [immersive_aircraft.Main/]: Non-quad face found in model: aviator_dream:test!
[30Sep2026 04:19:28.980] [Render thread/WARN] [immersive_aircraft.Main/]: Non-quad face found in model: aviator_dream:test!
[30Sep2026 04:19:28.980] [Render thread/WARN] [immersive_aircraft.Main/]: Non-quad face found in model: aviator_dream:test!
[30Sep2026 04:19:28.980] [Render thread/WARN] [immersive_aircraft.Main/]: Non-quad face found in model: aviator_dream:test!
[30Sep2026 04:19:28.980] [Render thread/WARN] [immersive_aircraft.Main/]: Non-quad face found in model: aviator_dream:test!
[30Sep2026 04:19:28.980] [Render thread/WARN] [immersive_aircraft.Main/]: Non-quad face found in model: aviator_dream:test!
[30Sep2026 04:19:28.980] [Render thread/WARN] [immersive_aircraft.Main/]: Non-quad face found in model: aviator_dream:test!
[30Sep2026 04:19:28.980] [Render thread/WARN] [immersive_aircraft.Main/]: Non-quad face found in model: aviator_dream:test!
[30Sep2026 04:19:28.980] [Render thread/WARN] [immersive_aircraft.Main/]: Non-quad face found in model: aviator_dream:test!
[30Sep2026 04:19:28.980] [Render thread/WARN] [immersive_aircraft.Main/]: Non-quad face found in model: aviator_dream:test!
[30Sep2026 04:19:28.980] [Render thread/WARN] [immersive_aircraft.Main/]: Non-quad face found in model: aviator_dream:test!
[30Sep2026 04:19:28.980] [Render thread/WARN] [immersive_aircraft.Main/]: Non-quad face found in model: aviator_dream:test!
[30Sep2026 04:19:28.980] [Render thread/WARN] [immersive_aircraft.Main/]: Non-quad face found in model: aviator_dream:test!
[30Sep2026 04:19:28.980] [Render thread/WARN] [immersive_aircraft.Main/]: Non-quad face found in model: aviator_dream:test!
[30Sep2026 04:19:28.980] [Render thread/WARN] [immersive_aircraft.Main/]: Non-quad face found in model: aviator_dream:test!
[30Sep2026 04:19:28.980] [Render thread/WARN] [immersive_aircraft.Main/]: Non-quad face found in model: aviator_dream:test!
[30Sep2026 04:19:28.980] [Render thread/WARN] [immersive_aircraft.Main/]: Non-quad face found in model: aviator_dream:test!
[30Sep2026 04:19:28.980] [Render thread/WARN] [immersive_aircraft.Main/]: Non-quad face found in model: aviator_dream:test!
[30Sep2026 04:19:28.980] [Render thread/WARN] [immersive_aircraft.Main/]: Non-quad face found in model: aviator_dream:test!
[30Sep2026 04:19:28.980] [Render thread/WARN] [immersive_aircraft.Main/]: Non-quad face found in model: aviator_dream:test!
[30Sep2026 04:19:28.980] [Render thread/WARN] [immersive_aircraft.Main/]: Non-quad face found in model: aviator_dream:test!
[30Sep2026 04:19:28.980] [Render thread/WARN] [immersive_aircraft.Main/]: Non-quad face found in model: aviator_dream:test!
[30Sep2026 04:19:28.980] [Render thread/WARN] [immersive_aircraft.Main/]: Non-quad face found in model: aviator_dream:test!
[30Sep2026 04:19:28.980] [Render thread/WARN] [immersive_aircraft.Main/]: Non-quad face found in model: aviator_dream:test!
[30Sep2026 04:19:28.980] [Render thread/WARN] [immersive_aircraft.Main/]: Non-quad face found in model: aviator_dream:test!
[30Sep2026 04:19:28.980] [Render thread/WARN] [immersive_aircraft.Main/]: Non-quad face found in model: aviator_dream:test!
[30Sep2026 04:19:28.980] [Render thread/WARN] [immersive_aircraft.Main/]: Non-quad face found in model: aviator_dream:test!
[30Sep2026 04:19:28.980] [Render thread/WARN] [immersive_aircraft.Main/]: Non-quad face found in model: aviator_dream:test!
[30Sep2026 04:19:28.980] [Render thread/WARN] [immersive_aircraft.Main/]: Non-quad face found in model: aviator_dream:test!
[30Sep2026 04:19:28.980] [Render thread/WARN] [immersive_aircraft.Main/]: Non-quad face found in model: aviator_dream:test!
[30Sep2026 04:19:28.980] [Render thread/WARN] [immersive_aircraft.Main/]: Non-quad face found in model: aviator_dream:test!
[30Sep2026 04:19:28.981] [Render thread/WARN] [immersive_aircraft.Main/]: Non-quad face found in model: aviator_dream:test!
[30Sep2026 04:19:28.981] [Render thread/WARN] [immersive_aircraft.Main/]: Non-quad face found in model: aviator_dream:test!
[30Sep2026 04:19:28.981] [Render thread/WARN] [immersive_aircraft.Main/]: Non-quad face found in model: aviator_dream:test!
[30Sep2026 04:19:28.981] [Render thread/WARN] [immersive_aircraft.Main/]: Non-quad face found in model: aviator_dream:test!
[30Sep2026 04:19:28.981] [Render thread/WARN] [immersive_aircraft.Main/]: Non-quad face found in model: aviator_dream:test!
[30Sep2026 04:19:28.981] [Render thread/WARN] [immersive_aircraft.Main/]: Non-quad face found in model: aviator_dream:test!
[30Sep2026 04:19:28.981] [Render thread/WARN] [immersive_aircraft.Main/]: Non-quad face found in model: aviator_dream:test!
[30Sep2026 04:19:28.981] [Render thread/WARN] [immersive_aircraft.Main/]: Non-quad face found in model: aviator_dream:test!
[30Sep2026 04:19:28.981] [Render thread/WARN] [immersive_aircraft.Main/]: Non-quad face found in model: aviator_dream:test!
[30Sep2026 04:19:28.981] [Render thread/WARN] [immersive_aircraft.Main/]: Non-quad face found in model: aviator_dream:test!
[30Sep2026 04:19:28.981] [Render thread/WARN] [immersive_aircraft.Main/]: Non-quad face found in model: aviator_dream:test!
[30Sep2026 04:19:28.981] [Render thread/WARN] [immersive_aircraft.Main/]: Non-quad face found in model: aviator_dream:test!
[30Sep2026 04:19:28.981] [Render thread/WARN] [immersive_aircraft.Main/]: Non-quad face found in model: aviator_dream:test!
[30Sep2026 04:19:28.981] [Render thread/WARN] [immersive_aircraft.Main/]: Non-quad face found in model: aviator_dream:test!
[30Sep2026 04:19:28.981] [Render thread/WARN] [immersive_aircraft.Main/]: Non-quad face found in model: aviator_dream:test!
[30Sep2026 04:19:28.981] [Render thread/WARN] [immersive_aircraft.Main/]: Non-quad face found in model: aviator_dream:test!
[30Sep2026 04:19:28.981] [Render thread/WARN] [immersive_aircraft.Main/]: Non-quad face found in model: aviator_dream:test!
[30Sep2026 04:19:28.981] [Render thread/WARN] [immersive_aircraft.Main/]: Non-quad face found in model: aviator_dream:test!
[30Sep2026 04:19:28.981] [Render thread/WARN] [immersive_aircraft.Main/]: Non-quad face found in model: aviator_dream:test!
[30Sep2026 04:19:28.981] [Render thread/WARN] [immersive_aircraft.Main/]: Non-quad face found in model: aviator_dream:test!
[30Sep2026 04:19:28.981] [Render thread/WARN] [immersive_aircraft.Main/]: Non-quad face found in model: aviator_dream:test!
[30Sep2026 04:19:28.981] [Render thread/WARN] [immersive_aircraft.Main/]: Non-quad face found in model: aviator_dream:test!
[30Sep2026 04:19:28.981] [Render thread/WARN] [immersive_aircraft.Main/]: Non-quad face found in model: aviator_dream:test!
[30Sep2026 04:19:28.981] [Render thread/WARN] [immersive_aircraft.Main/]: Non-quad face found in model: aviator_dream:test!
[30Sep2026 04:19:28.981] [Render thread/WARN] [immersive_aircraft.Main/]: Non-quad face found in model: aviator_dream:test!
[30Sep2026 04:19:28.981] [Render thread/WARN] [immersive_aircraft.Main/]: Non-quad face found in model: aviator_dream:test!
[30Sep2026 04:19:28.981] [Render thread/WARN] [immersive_aircraft.Main/]: Non-quad face found in model: aviator_dream:test!
[30Sep2026 04:19:28.981] [Render thread/WARN] [immersive_aircraft.Main/]: Non-quad face found in model: aviator_dream:test!
[30Sep2026 04:19:28.981] [Render thread/WARN] [immersive_aircraft.Main/]: Non-quad face found in model: aviator_dream:test!
[30Sep2026 04:19:28.981] [Render thread/WARN] [immersive_aircraft.Main/]: Non-quad face found in model: aviator_dream:test!
[30Sep2026 04:19:28.981] [Render thread/WARN] [immersive_aircraft.Main/]: Non-quad face found in model: aviator_dream:test!
[30Sep2026 04:19:28.981] [Render thread/WARN] [immersive_aircraft.Main/]: Non-quad face found in model: aviator_dream:test!
[30Sep2026 04:19:28.981] [Render thread/WARN] [immersive_aircraft.Main/]: Non-quad face found in model: aviator_dream:test!
[30Sep2026 04:19:28.981] [Render thread/WARN] [immersive_aircraft.Main/]: Non-quad face found in model: aviator_dream:test!
[30Sep2026 04:19:28.981] [Render thread/WARN] [immersive_aircraft.Main/]: Non-quad face found in model: aviator_dream:test!
[30Sep2026 04:19:28.981] [Render thread/WARN] [immersive_aircraft.Main/]: Non-quad face found in model: aviator_dream:test!
[30Sep2026 04:19:28.981] [Render thread/WARN] [immersive_aircraft.Main/]: Non-quad face found in model: aviator_dream:test!
[30Sep2026 04:19:28.981] [Render thread/WARN] [immersive_aircraft.Main/]: Non-quad face found in model: aviator_dream:test!
[30Sep2026 04:19:28.981] [Render thread/WARN] [immersive_aircraft.Main/]: Non-quad face found in model: aviator_dream:test!
[30Sep2026 04:19:28.982] [Render thread/WARN] [immersive_aircraft.Main/]: Non-quad face found in model: aviator_dream:test!
[30Sep2026 04:19:28.982] [Render thread/WARN] [immersive_aircraft.Main/]: Non-quad face found in model: aviator_dream:test!
[30Sep2026 04:19:28.982] [Render thread/WARN] [immersive_aircraft.Main/]: Non-quad face found in model: aviator_dream:test!
[30Sep2026 04:19:28.982] [Render thread/WARN] [immersive_aircraft.Main/]: Non-quad face found in model: aviator_dream:test!
[30Sep2026 04:19:28.982] [Render thread/WARN] [immersive_aircraft.Main/]: Non-quad face found in model: aviator_dream:test!
[30Sep2026 04:19:28.982] [Render thread/WARN] [immersive_aircraft.Main/]: Non-quad face found in model: aviator_dream:test!
[30Sep2026 04:19:28.982] [Render thread/WARN] [immersive_aircraft.Main/]: Non-quad face found in model: aviator_dream:test!
[30Sep2026 04:19:28.982] [Render thread/WARN] [immersive_aircraft.Main/]: Non-quad face found in model: aviator_dream:test!
[30Sep2026 04:19:28.983] [Render thread/WARN] [immersive_aircraft.Main/]: Non-quad face found in model: aviator_dream:test!
[30Sep2026 04:19:28.983] [Render thread/WARN] [immersive_aircraft.Main/]: Non-quad face found in model: aviator_dream:test!
[30Sep2026 04:19:28.983] [Render thread/WARN] [immersive_aircraft.Main/]: Non-quad face found in model: aviator_dream:test!
[30Sep2026 04:19:28.983] [Render thread/WARN] [immersive_aircraft.Main/]: Non-quad face found in model: aviator_dream:test!
[30Sep2026 04:19:28.983] [Render thread/WARN] [immersive_aircraft.Main/]: Non-quad face found in model: aviator_dream:test!
[30Sep2026 04:19:28.983] [Render thread/WARN] [immersive_aircraft.Main/]: Non-quad face found in model: aviator_dream:test!
[30Sep2026 04:19:28.983] [Render thread/WARN] [immersive_aircraft.Main/]: Non-quad face found in model: aviator_dream:test!
[30Sep2026 04:19:28.983] [Render thread/WARN] [immersive_aircraft.Main/]: Non-quad face found in model: aviator_dream:test!
[30Sep2026 04:19:28.983] [Render thread/WARN] [immersive_aircraft.Main/]: Non-quad face found in model: aviator_dream:test!
[30Sep2026 04:19:28.983] [Render thread/WARN] [immersive_aircraft.Main/]: Non-quad face found in model: aviator_dream:test!
[30Sep2026 04:19:28.983] [Render thread/WARN] [immersive_aircraft.Main/]: Non-quad face found in model: aviator_dream:test!
[30Sep2026 04:19:28.983] [Render thread/WARN] [immersive_aircraft.Main/]: Non-quad face found in model: aviator_dream:test!
[30Sep2026 04:19:28.983] [Render thread/WARN] [immersive_aircraft.Main/]: Non-quad face found in model: aviator_dream:test!
[30Sep2026 04:19:28.983] [Render thread/WARN] [immersive_aircraft.Main/]: Non-quad face found in model: aviator_dream:test!
[30Sep2026 04:19:28.983] [Render thread/WARN] [immersive_aircraft.Main/]: Non-quad face found in model: aviator_dream:test!
[30Sep2026 04:19:28.983] [Render thread/WARN] [immersive_aircraft.Main/]: Non-quad face found in model: aviator_dream:test!
[30Sep2026 04:19:28.983] [Render thread/WARN] [immersive_aircraft.Main/]: Non-quad face found in model: aviator_dream:test!
[30Sep2026 04:19:28.983] [Render thread/WARN] [immersive_aircraft.Main/]: Non-quad face found in model: aviator_dream:test!
[30Sep2026 04:19:28.983] [Render thread/WARN] [immersive_aircraft.Main/]: Non-quad face found in model: aviator_dream:test!
[30Sep2026 04:19:28.983] [Render thread/WARN] [immersive_aircraft.Main/]: Non-quad face found in model: aviator_dream:test!
[30Sep2026 04:19:28.983] [Render thread/WARN] [immersive_aircraft.Main/]: Non-quad face found in model: aviator_dream:test!
[30Sep2026 04:19:28.983] [Render thread/WARN] [immersive_aircraft.Main/]: Non-quad face found in model: aviator_dream:test!
[30Sep2026 04:19:28.983] [Render thread/WARN] [immersive_aircraft.Main/]: Non-quad face found in model: aviator_dream:test!
[30Sep2026 04:19:28.983] [Render thread/WARN] [immersive_aircraft.Main/]: Non-quad face found in model: aviator_dream:test!
[30Sep2026 04:19:28.983] [Render thread/WARN] [immersive_aircraft.Main/]: Non-quad face found in model: aviator_dream:test!
[30Sep2026 04:19:28.983] [Render thread/WARN] [immersive_aircraft.Main/]: Non-quad face found in model: aviator_dream:test!
[30Sep2026 04:19:28.983] [Render thread/WARN] [immersive_aircraft.Main/]: Non-quad face found in model: aviator_dream:test!
[30Sep2026 04:19:28.983] [Render thread/WARN] [immersive_aircraft.Main/]: Non-quad face found in model: aviator_dream:test!
[30Sep2026 04:19:28.983] [Render thread/WARN] [immersive_aircraft.Main/]: Non-quad face found in model: aviator_dream:test!
[30Sep2026 04:19:28.983] [Render thread/WARN] [immersive_aircraft.Main/]: Non-quad face found in model: aviator_dream:test!
[30Sep2026 04:19:28.983] [Render thread/WARN] [immersive_aircraft.Main/]: Non-quad face found in model: aviator_dream:test!
[30Sep2026 04:19:28.983] [Render thread/WARN] [immersive_aircraft.Main/]: Non-quad face found in model: aviator_dream:test!
[30Sep2026 04:19:28.983] [Render thread/WARN] [immersive_aircraft.Main/]: Non-quad face found in model: aviator_dream:test!
[30Sep2026 04:19:28.983] [Render thread/WARN] [immersive_aircraft.Main/]: Non-quad face found in model: aviator_dream:test!
[30Sep2026 04:19:28.983] [Render thread/WARN] [immersive_aircraft.Main/]: Non-quad face found in model: aviator_dream:test!
[30Sep2026 04:19:28.983] [Render thread/WARN] [immersive_aircraft.Main/]: Non-quad face found in model: aviator_dream:test!
[30Sep2026 04:19:28.983] [Render thread/WARN] [immersive_aircraft.Main/]: Non-quad face found in model: aviator_dream:test!
[30Sep2026 04:19:28.983] [Render thread/WARN] [immersive_aircraft.Main/]: Non-quad face found in model: aviator_dream:test!
[30Sep2026 04:19:28.983] [Render thread/WARN] [immersive_aircraft.Main/]: Non-quad face found in model: aviator_dream:test!
[30Sep2026 04:19:28.983] [Render thread/WARN] [immersive_aircraft.Main/]: Non-quad face found in model: aviator_dream:test!
[30Sep2026 04:19:28.984] [Render thread/WARN] [immersive_aircraft.Main/]: Non-quad face found in model: aviator_dream:test!
[30Sep2026 04:19:28.984] [Render thread/WARN] [immersive_aircraft.Main/]: Non-quad face found in model: aviator_dream:test!
[30Sep2026 04:19:28.984] [Render thread/WARN] [immersive_aircraft.Main/]: Non-quad face found in model: aviator_dream:test!
[30Sep2026 04:19:28.984] [Render thread/WARN] [immersive_aircraft.Main/]: Non-quad face found in model: aviator_dream:test!
[30Sep2026 04:19:28.984] [Render thread/WARN] [immersive_aircraft.Main/]: Non-quad face found in model: aviator_dream:test!
[30Sep2026 04:19:28.984] [Render thread/WARN] [immersive_aircraft.Main/]: Non-quad face found in model: aviator_dream:test!
[30Sep2026 04:19:28.984] [Render thread/WARN] [immersive_aircraft.Main/]: Non-quad face found in model: aviator_dream:test!
[30Sep2026 04:19:28.984] [Render thread/WARN] [immersive_aircraft.Main/]: Non-quad face found in model: aviator_dream:test!
[30Sep2026 04:19:28.984] [Render thread/WARN] [immersive_aircraft.Main/]: Non-quad face found in model: aviator_dream:test!
[30Sep2026 04:19:28.984] [Render thread/WARN] [immersive_aircraft.Main/]: Non-quad face found in model: aviator_dream:test!
[30Sep2026 04:19:28.984] [Render thread/WARN] [immersive_aircraft.Main/]: Non-quad face found in model: aviator_dream:test!
[30Sep2026 04:19:28.984] [Render thread/WARN] [immersive_aircraft.Main/]: Non-quad face found in model: aviator_dream:test!
[30Sep2026 04:19:28.984] [Render thread/WARN] [immersive_aircraft.Main/]: Non-quad face found in model: aviator_dream:test!
[30Sep2026 04:19:28.984] [Render thread/WARN] [immersive_aircraft.Main/]: Non-quad face found in model: aviator_dream:test!
[30Sep2026 04:19:28.984] [Render thread/WARN] [immersive_aircraft.Main/]: Non-quad face found in model: aviator_dream:test!
[30Sep2026 04:19:28.984] [Render thread/WARN] [immersive_aircraft.Main/]: Non-quad face found in model: aviator_dream:test!
[30Sep2026 04:19:28.984] [Render thread/WARN] [immersive_aircraft.Main/]: Non-quad face found in model: aviator_dream:test!
[30Sep2026 04:19:28.984] [Render thread/WARN] [immersive_aircraft.Main/]: Non-quad face found in model: aviator_dream:test!
[30Sep2026 04:19:28.984] [Render thread/WARN] [immersive_aircraft.Main/]: Non-quad face found in model: aviator_dream:test!
[30Sep2026 04:19:28.984] [Render thread/WARN] [immersive_aircraft.Main/]: Non-quad face found in model: aviator_dream:test!
[30Sep2026 04:19:28.984] [Render thread/WARN] [immersive_aircraft.Main/]: Non-quad face found in model: aviator_dream:test!
[30Sep2026 04:19:28.984] [Render thread/WARN] [immersive_aircraft.Main/]: Non-quad face found in model: aviator_dream:test!
[30Sep2026 04:19:28.984] [Render thread/WARN] [immersive_aircraft.Main/]: Non-quad face found in model: aviator_dream:test!
[30Sep2026 04:19:28.984] [Render thread/WARN] [immersive_aircraft.Main/]: Non-quad face found in model: aviator_dream:test!
[30Sep2026 04:19:28.984] [Render thread/WARN] [immersive_aircraft.Main/]: Non-quad face found in model: aviator_dream:test!
[30Sep2026 04:19:28.984] [Render thread/WARN] [immersive_aircraft.Main/]: Non-quad face found in model: aviator_dream:test!
[30Sep2026 04:19:28.984] [Render thread/WARN] [immersive_aircraft.Main/]: Non-quad face found in model: aviator_dream:test!
[30Sep2026 04:19:28.984] [Render thread/WARN] [immersive_aircraft.Main/]: Non-quad face found in model: aviator_dream:test!
[30Sep2026 04:19:28.984] [Render thread/WARN] [immersive_aircraft.Main/]: Non-quad face found in model: aviator_dream:test!
[30Sep2026 04:19:28.984] [Render thread/WARN] [immersive_aircraft.Main/]: Non-quad face found in model: aviator_dream:test!
[30Sep2026 04:19:28.984] [Render thread/WARN] [immersive_aircraft.Main/]: Non-quad face found in model: aviator_dream:test!
[30Sep2026 04:19:28.984] [Render thread/WARN] [immersive_aircraft.Main/]: Non-quad face found in model: aviator_dream:test!
[30Sep2026 04:19:28.984] [Render thread/WARN] [immersive_aircraft.Main/]: Non-quad face found in model: aviator_dream:test!
[30Sep2026 04:19:28.984] [Render thread/WARN] [immersive_aircraft.Main/]: Non-quad face found in model: aviator_dream:test!
[30Sep2026 04:19:28.984] [Render thread/WARN] [immersive_aircraft.Main/]: Non-quad face found in model: aviator_dream:test!
[30Sep2026 04:19:28.985] [Render thread/WARN] [immersive_aircraft.Main/]: Non-quad face found in model: aviator_dream:test!
[30Sep2026 04:19:28.985] [Render thread/WARN] [immersive_aircraft.Main/]: Non-quad face found in model: aviator_dream:test!
[30Sep2026 04:19:28.985] [Render thread/WARN] [immersive_aircraft.Main/]: Non-quad face found in model: aviator_dream:test!
[30Sep2026 04:19:28.985] [Render thread/WARN] [immersive_aircraft.Main/]: Non-quad face found in model: aviator_dream:test!
[30Sep2026 04:19:28.985] [Render thread/WARN] [immersive_aircraft.Main/]: Non-quad face found in model: aviator_dream:test!
[30Sep2026 04:19:28.985] [Render thread/WARN] [immersive_aircraft.Main/]: Non-quad face found in model: aviator_dream:test!
[30Sep2026 04:19:28.985] [Render thread/WARN] [immersive_aircraft.Main/]: Non-quad face found in model: aviator_dream:test!
[30Sep2026 04:19:28.985] [Render thread/WARN] [immersive_aircraft.Main/]: Non-quad face found in model: aviator_dream:test!
[30Sep2026 04:19:28.985] [Render thread/WARN] [immersive_aircraft.Main/]: Non-quad face found in model: aviator_dream:test!
[30Sep2026 04:19:28.985] [Render thread/WARN] [immersive_aircraft.Main/]: Non-quad face found in model: aviator_dream:test!
[30Sep2026 04:19:28.985] [Render thread/WARN] [immersive_aircraft.Main/]: Non-quad face found in model: aviator_dream:test!
[30Sep2026 04:19:28.985] [Render thread/WARN] [immersive_aircraft.Main/]: Non-quad face found in model: aviator_dream:test!
[30Sep2026 04:19:28.985] [Render thread/WARN] [immersive_aircraft.Main/]: Non-quad face found in model: aviator_dream:test!
[30Sep2026 04:19:28.985] [Render thread/WARN] [immersive_aircraft.Main/]: Non-quad face found in model: aviator_dream:test!
[30Sep2026 04:19:28.985] [Render thread/WARN] [immersive_aircraft.Main/]: Non-quad face found in model: aviator_dream:test!
[30Sep2026 04:19:28.985] [Render thread/WARN] [immersive_aircraft.Main/]: Non-quad face found in model: aviator_dream:test!
[30Sep2026 04:19:28.985] [Render thread/WARN] [immersive_aircraft.Main/]: Non-quad face found in model: aviator_dream:test!
[30Sep2026 04:19:28.985] [Render thread/WARN] [immersive_aircraft.Main/]: Non-quad face found in model: aviator_dream:test!
[30Sep2026 04:19:28.985] [Render thread/WARN] [immersive_aircraft.Main/]: Non-quad face found in model: aviator_dream:test!
[30Sep2026 04:19:28.985] [Render thread/WARN] [immersive_aircraft.Main/]: Non-quad face found in model: aviator_dream:test!
[30Sep2026 04:19:28.985] [Render thread/WARN] [immersive_aircraft.Main/]: Non-quad face found in model: aviator_dream:test!
[30Sep2026 04:19:28.985] [Render thread/WARN] [immersive_aircraft.Main/]: Non-quad face found in model: aviator_dream:test!
[30Sep2026 04:19:28.985] [Render thread/WARN] [immersive_aircraft.Main/]: Non-quad face found in model: aviator_dream:test!
[30Sep2026 04:19:28.985] [Render thread/WARN] [immersive_aircraft.Main/]: Non-quad face found in model: aviator_dream:test!
[30Sep2026 04:19:28.985] [Render thread/WARN] [immersive_aircraft.Main/]: Non-quad face found in model: aviator_dream:test!
[30Sep2026 04:19:28.985] [Render thread/WARN] [immersive_aircraft.Main/]: Non-quad face found in model: aviator_dream:test!
[30Sep2026 04:19:28.985] [Render thread/WARN] [immersive_aircraft.Main/]: Non-quad face found in model: aviator_dream:test!
[30Sep2026 04:19:28.985] [Render thread/WARN] [immersive_aircraft.Main/]: Non-quad face found in model: aviator_dream:test!
[30Sep2026 04:19:28.985] [Render thread/WARN] [immersive_aircraft.Main/]: Non-quad face found in model: aviator_dream:test!
[30Sep2026 04:19:28.986] [Render thread/WARN] [immersive_aircraft.Main/]: Non-quad face found in model: aviator_dream:test!
[30Sep2026 04:19:28.986] [Render thread/WARN] [immersive_aircraft.Main/]: Non-quad face found in model: aviator_dream:test!
[30Sep2026 04:19:28.986] [Render thread/WARN] [immersive_aircraft.Main/]: Non-quad face found in model: aviator_dream:test!
[30Sep2026 04:19:28.986] [Render thread/WARN] [immersive_aircraft.Main/]: Non-quad face found in model: aviator_dream:test!
[30Sep2026 04:19:28.986] [Render thread/WARN] [immersive_aircraft.Main/]: Non-quad face found in model: aviator_dream:test!
[30Sep2026 04:19:28.986] [Render thread/WARN] [immersive_aircraft.Main/]: Non-quad face found in model: aviator_dream:test!
[30Sep2026 04:19:28.986] [Render thread/WARN] [immersive_aircraft.Main/]: Non-quad face found in model: aviator_dream:test!
[30Sep2026 04:19:28.986] [Render thread/WARN] [immersive_aircraft.Main/]: Non-quad face found in model: aviator_dream:test!
[30Sep2026 04:19:28.986] [Render thread/WARN] [immersive_aircraft.Main/]: Non-quad face found in model: aviator_dream:test!
[30Sep2026 04:19:28.986] [Render thread/WARN] [immersive_aircraft.Main/]: Non-quad face found in model: aviator_dream:test!
[30Sep2026 04:19:28.986] [Render thread/WARN] [immersive_aircraft.Main/]: Non-quad face found in model: aviator_dream:test!
[30Sep2026 04:19:28.986] [Render thread/WARN] [immersive_aircraft.Main/]: Non-quad face found in model: aviator_dream:test!
[30Sep2026 04:19:28.986] [Render thread/WARN] [immersive_aircraft.Main/]: Non-quad face found in model: aviator_dream:test!
[30Sep2026 04:19:28.986] [Render thread/WARN] [immersive_aircraft.Main/]: Non-quad face found in model: aviator_dream:test!
[30Sep2026 04:19:28.986] [Render thread/WARN] [immersive_aircraft.Main/]: Non-quad face found in model: aviator_dream:test!
[30Sep2026 04:19:28.986] [Render thread/WARN] [immersive_aircraft.Main/]: Non-quad face found in model: aviator_dream:test!
[30Sep2026 04:19:28.986] [Render thread/WARN] [immersive_aircraft.Main/]: Non-quad face found in model: aviator_dream:test!
[30Sep2026 04:19:28.986] [Render thread/WARN] [immersive_aircraft.Main/]: Non-quad face found in model: aviator_dream:test!
[30Sep2026 04:19:28.986] [Render thread/WARN] [immersive_aircraft.Main/]: Non-quad face found in model: aviator_dream:test!
[30Sep2026 04:19:28.986] [Render thread/WARN] [immersive_aircraft.Main/]: Non-quad face found in model: aviator_dream:test!
[30Sep2026 04:19:28.987] [Render thread/WARN] [immersive_aircraft.Main/]: Non-quad face found in model: aviator_dream:test!
[30Sep2026 04:19:28.987] [Render thread/WARN] [immersive_aircraft.Main/]: Non-quad face found in model: aviator_dream:test!
[30Sep2026 04:19:28.987] [Render thread/WARN] [immersive_aircraft.Main/]: Non-quad face found in model: aviator_dream:test!
[30Sep2026 04:19:28.987] [Render thread/WARN] [immersive_aircraft.Main/]: Non-quad face found in model: aviator_dream:test!
[30Sep2026 04:19:28.987] [Render thread/WARN] [immersive_aircraft.Main/]: Non-quad face found in model: aviator_dream:test!
[30Sep2026 04:19:28.987] [Render thread/WARN] [immersive_aircraft.Main/]: Non-quad face found in model: aviator_dream:test!
[30Sep2026 04:19:28.987] [Render thread/WARN] [immersive_aircraft.Main/]: Non-quad face found in model: aviator_dream:test!
[30Sep2026 04:19:28.987] [Render thread/WARN] [immersive_aircraft.Main/]: Non-quad face found in model: aviator_dream:test!
[30Sep2026 04:19:28.987] [Render thread/WARN] [immersive_aircraft.Main/]: Non-quad face found in model: aviator_dream:test!
[30Sep2026 04:19:28.987] [Render thread/WARN] [immersive_aircraft.Main/]: Non-quad face found in model: aviator_dream:test!
[30Sep2026 04:19:28.987] [Render thread/WARN] [immersive_aircraft.Main/]: Non-quad face found in model: aviator_dream:test!
[30Sep2026 04:19:28.987] [Render thread/WARN] [immersive_aircraft.Main/]: Non-quad face found in model: aviator_dream:test!
[30Sep2026 04:19:28.987] [Render thread/WARN] [immersive_aircraft.Main/]: Non-quad face found in model: aviator_dream:test!
[30Sep2026 04:19:28.987] [Render thread/WARN] [immersive_aircraft.Main/]: Non-quad face found in model: aviator_dream:test!
[30Sep2026 04:19:28.987] [Render thread/WARN] [immersive_aircraft.Main/]: Non-quad face found in model: aviator_dream:test!
[30Sep2026 04:19:28.987] [Render thread/WARN] [immersive_aircraft.Main/]: Non-quad face found in model: aviator_dream:test!
[30Sep2026 04:19:28.987] [Render thread/WARN] [immersive_aircraft.Main/]: Non-quad face found in model: aviator_dream:test!
[30Sep2026 04:19:28.987] [Render thread/WARN] [immersive_aircraft.Main/]: Non-quad face found in model: aviator_dream:test!
[30Sep2026 04:19:28.987] [Render thread/WARN] [immersive_aircraft.Main/]: Non-quad face found in model: aviator_dream:test!
[30Sep2026 04:19:28.987] [Render thread/WARN] [immersive_aircraft.Main/]: Non-quad face found in model: aviator_dream:test!
[30Sep2026 04:19:28.987] [Render thread/WARN] [immersive_aircraft.Main/]: Non-quad face found in model: aviator_dream:test!
[30Sep2026 04:19:28.987] [Render thread/WARN] [immersive_aircraft.Main/]: Non-quad face found in model: aviator_dream:test!
[30Sep2026 04:19:28.987] [Render thread/WARN] [immersive_aircraft.Main/]: Non-quad face found in model: aviator_dream:test!
[30Sep2026 04:19:28.987] [Render thread/WARN] [immersive_aircraft.Main/]: Non-quad face found in model: aviator_dream:test!
[30Sep2026 04:19:28.987] [Render thread/WARN] [immersive_aircraft.Main/]: Non-quad face found in model: aviator_dream:test!
[30Sep2026 04:19:28.987] [Render thread/WARN] [immersive_aircraft.Main/]: Non-quad face found in model: aviator_dream:test!
[30Sep2026 04:19:28.987] [Render thread/WARN] [immersive_aircraft.Main/]: Non-quad face found in model: aviator_dream:test!
[30Sep2026 04:19:28.987] [Render thread/WARN] [immersive_aircraft.Main/]: Non-quad face found in model: aviator_dream:test!
[30Sep2026 04:19:28.988] [Render thread/WARN] [immersive_aircraft.Main/]: Non-quad face found in model: aviator_dream:test!
[30Sep2026 04:19:28.988] [Render thread/WARN] [immersive_aircraft.Main/]: Non-quad face found in model: aviator_dream:test!
[30Sep2026 04:19:28.988] [Render thread/WARN] [immersive_aircraft.Main/]: Non-quad face found in model: aviator_dream:test!
[30Sep2026 04:19:28.988] [Render thread/WARN] [immersive_aircraft.Main/]: Non-quad face found in model: aviator_dream:test!
[30Sep2026 04:19:28.988] [Render thread/WARN] [immersive_aircraft.Main/]: Non-quad face found in model: aviator_dream:test!
[30Sep2026 04:19:28.988] [Render thread/WARN] [immersive_aircraft.Main/]: Non-quad face found in model: aviator_dream:test!
[30Sep2026 04:19:28.988] [Render thread/WARN] [immersive_aircraft.Main/]: Non-quad face found in model: aviator_dream:test!
[30Sep2026 04:19:28.988] [Render thread/WARN] [immersive_aircraft.Main/]: Non-quad face found in model: aviator_dream:test!
[30Sep2026 04:19:28.988] [Render thread/WARN] [immersive_aircraft.Main/]: Non-quad face found in model: aviator_dream:test!
[30Sep2026 04:19:28.988] [Render thread/WARN] [immersive_aircraft.Main/]: Non-quad face found in model: aviator_dream:test!
[30Sep2026 04:19:28.988] [Render thread/WARN] [immersive_aircraft.Main/]: Non-quad face found in model: aviator_dream:test!
[30Sep2026 04:19:28.988] [Render thread/WARN] [immersive_aircraft.Main/]: Non-quad face found in model: aviator_dream:test!
[30Sep2026 04:19:28.988] [Render thread/WARN] [immersive_aircraft.Main/]: Non-quad face found in model: aviator_dream:test!
[30Sep2026 04:19:28.988] [Render thread/WARN] [immersive_aircraft.Main/]: Non-quad face found in model: aviator_dream:test!
[30Sep2026 04:19:28.988] [Render thread/WARN] [immersive_aircraft.Main/]: Non-quad face found in model: aviator_dream:test!
[30Sep2026 04:19:28.988] [Render thread/WARN] [immersive_aircraft.Main/]: Non-quad face found in model: aviator_dream:test!
[30Sep2026 04:19:28.988] [Render thread/WARN] [immersive_aircraft.Main/]: Non-quad face found in model: aviator_dream:test!
[30Sep2026 04:19:28.988] [Render thread/WARN] [immersive_aircraft.Main/]: Non-quad face found in model: aviator_dream:test!
[30Sep2026 04:19:28.988] [Render thread/WARN] [immersive_aircraft.Main/]: Non-quad face found in model: aviator_dream:test!
[30Sep2026 04:19:28.988] [Render thread/WARN] [immersive_aircraft.Main/]: Non-quad face found in model: aviator_dream:test!
[30Sep2026 04:19:28.988] [Render thread/WARN] [immersive_aircraft.Main/]: Non-quad face found in model: aviator_dream:test!
[30Sep2026 04:19:28.988] [Render thread/WARN] [immersive_aircraft.Main/]: Non-quad face found in model: aviator_dream:test!
[30Sep2026 04:19:28.988] [Render thread/WARN] [immersive_aircraft.Main/]: Non-quad face found in model: aviator_dream:test!
[30Sep2026 04:19:28.988] [Render thread/WARN] [immersive_aircraft.Main/]: Non-quad face found in model: aviator_dream:test!
[30Sep2026 04:19:28.988] [Render thread/WARN] [immersive_aircraft.Main/]: Non-quad face found in model: aviator_dream:test!
[30Sep2026 04:19:28.988] [Render thread/WARN] [immersive_aircraft.Main/]: Non-quad face found in model: aviator_dream:test!
[30Sep2026 04:19:28.988] [Render thread/WARN] [immersive_aircraft.Main/]: Non-quad face found in model: aviator_dream:test!
[30Sep2026 04:19:28.988] [Render thread/WARN] [immersive_aircraft.Main/]: Non-quad face found in model: aviator_dream:test!
[30Sep2026 04:19:28.988] [Render thread/WARN] [immersive_aircraft.Main/]: Non-quad face found in model: aviator_dream:test!
[30Sep2026 04:19:28.988] [Render thread/WARN] [immersive_aircraft.Main/]: Non-quad face found in model: aviator_dream:test!
[30Sep2026 04:19:28.988] [Render thread/WARN] [immersive_aircraft.Main/]: Non-quad face found in model: aviator_dream:test!
[30Sep2026 04:19:28.988] [Render thread/WARN] [immersive_aircraft.Main/]: Non-quad face found in model: aviator_dream:test!
[30Sep2026 04:19:28.988] [Render thread/WARN] [immersive_aircraft.Main/]: Non-quad face found in model: aviator_dream:test!
[30Sep2026 04:19:28.988] [Render thread/WARN] [immersive_aircraft.Main/]: Non-quad face found in model: aviator_dream:test!
[30Sep2026 04:19:28.988] [Render thread/WARN] [immersive_aircraft.Main/]: Non-quad face found in model: aviator_dream:test!
[30Sep2026 04:19:28.988] [Render thread/WARN] [immersive_aircraft.Main/]: Non-quad face found in model: aviator_dream:test!
[30Sep2026 04:19:28.988] [Render thread/WARN] [immersive_aircraft.Main/]: Non-quad face found in model: aviator_dream:test!
[30Sep2026 04:19:28.988] [Render thread/WARN] [immersive_aircraft.Main/]: Non-quad face found in model: aviator_dream:test!
[30Sep2026 04:19:28.988] [Render thread/WARN] [immersive_aircraft.Main/]: Non-quad face found in model: aviator_dream:test!
[30Sep2026 04:19:28.988] [Render thread/WARN] [immersive_aircraft.Main/]: Non-quad face found in model: aviator_dream:test!
[30Sep2026 04:19:28.988] [Render thread/WARN] [immersive_aircraft.Main/]: Non-quad face found in model: aviator_dream:test!
[30Sep2026 04:19:28.988] [Render thread/WARN] [immersive_aircraft.Main/]: Non-quad face found in model: aviator_dream:test!
[30Sep2026 04:19:28.988] [Render thread/WARN] [immersive_aircraft.Main/]: Non-quad face found in model: aviator_dream:test!
[30Sep2026 04:19:28.989] [Render thread/WARN] [immersive_aircraft.Main/]: Non-quad face found in model: aviator_dream:test!
[30Sep2026 04:19:28.989] [Render thread/WARN] [immersive_aircraft.Main/]: Non-quad face found in model: aviator_dream:test!
[30Sep2026 04:19:28.989] [Render thread/WARN] [immersive_aircraft.Main/]: Non-quad face found in model: aviator_dream:test!
[30Sep2026 04:19:28.989] [Render thread/WARN] [immersive_aircraft.Main/]: Non-quad face found in model: aviator_dream:test!
[30Sep2026 04:19:28.989] [Render thread/WARN] [immersive_aircraft.Main/]: Non-quad face found in model: aviator_dream:test!
[30Sep2026 04:19:28.989] [Render thread/WARN] [immersive_aircraft.Main/]: Non-quad face found in model: aviator_dream:test!
[30Sep2026 04:19:28.989] [Render thread/WARN] [immersive_aircraft.Main/]: Non-quad face found in model: aviator_dream:test!
[30Sep2026 04:19:28.989] [Render thread/WARN] [immersive_aircraft.Main/]: Non-quad face found in model: aviator_dream:test!
[30Sep2026 04:19:28.989] [Render thread/WARN] [immersive_aircraft.Main/]: Non-quad face found in model: aviator_dream:test!
[30Sep2026 04:19:28.989] [Render thread/WARN] [immersive_aircraft.Main/]: Non-quad face found in model: aviator_dream:test!
[30Sep2026 04:19:28.989] [Render thread/WARN] [immersive_aircraft.Main/]: Non-quad face found in model: aviator_dream:test!
[30Sep2026 04:19:28.989] [Render thread/WARN] [immersive_aircraft.Main/]: Non-quad face found in model: aviator_dream:test!
[30Sep2026 04:19:28.989] [Render thread/WARN] [immersive_aircraft.Main/]: Non-quad face found in model: aviator_dream:test!
[30Sep2026 04:19:28.990] [Render thread/WARN] [immersive_aircraft.Main/]: Non-quad face found in model: aviator_dream:test!
[30Sep2026 04:19:28.990] [Render thread/WARN] [immersive_aircraft.Main/]: Non-quad face found in model: aviator_dream:test!
[30Sep2026 04:19:28.990] [Render thread/WARN] [immersive_aircraft.Main/]: Non-quad face found in model: aviator_dream:test!
[30Sep2026 04:19:28.990] [Render thread/WARN] [immersive_aircraft.Main/]: Non-quad face found in model: aviator_dream:test!
[30Sep2026 04:19:28.990] [Render thread/WARN] [immersive_aircraft.Main/]: Non-quad face found in model: aviator_dream:test!
[30Sep2026 04:19:28.990] [Render thread/WARN] [immersive_aircraft.Main/]: Non-quad face found in model: aviator_dream:test!
[30Sep2026 04:19:28.990] [Render thread/WARN] [immersive_aircraft.Main/]: Non-quad face found in model: aviator_dream:test!
[30Sep2026 04:19:28.990] [Render thread/WARN] [immersive_aircraft.Main/]: Non-quad face found in model: aviator_dream:test!
[30Sep2026 04:19:28.990] [Render thread/WARN] [immersive_aircraft.Main/]: Non-quad face found in model: aviator_dream:test!
[30Sep2026 04:19:28.990] [Render thread/WARN] [immersive_aircraft.Main/]: Non-quad face found in model: aviator_dream:test!
[30Sep2026 04:19:28.990] [Render thread/WARN] [immersive_aircraft.Main/]: Non-quad face found in model: aviator_dream:test!
[30Sep2026 04:19:28.990] [Render thread/WARN] [immersive_aircraft.Main/]: Non-quad face found in model: aviator_dream:test!
[30Sep2026 04:19:28.990] [Render thread/WARN] [immersive_aircraft.Main/]: Non-quad face found in model: aviator_dream:test!
[30Sep2026 04:19:28.990] [Render thread/WARN] [immersive_aircraft.Main/]: Non-quad face found in model: aviator_dream:test!
[30Sep2026 04:19:28.990] [Render thread/WARN] [immersive_aircraft.Main/]: Non-quad face found in model: aviator_dream:test!
[30Sep2026 04:19:28.990] [Render thread/WARN] [immersive_aircraft.Main/]: Non-quad face found in model: aviator_dream:test!
[30Sep2026 04:19:28.990] [Render thread/WARN] [immersive_aircraft.Main/]: Non-quad face found in model: aviator_dream:test!
[30Sep2026 04:19:28.990] [Render thread/WARN] [immersive_aircraft.Main/]: Non-quad face found in model: aviator_dream:test!
[30Sep2026 04:19:28.990] [Render thread/WARN] [immersive_aircraft.Main/]: Non-quad face found in model: aviator_dream:test!
[30Sep2026 04:19:28.990] [Render thread/WARN] [immersive_aircraft.Main/]: Non-quad face found in model: aviator_dream:test!
[30Sep2026 04:19:28.990] [Render thread/WARN] [immersive_aircraft.Main/]: Non-quad face found in model: aviator_dream:test!
[30Sep2026 04:19:28.990] [Render thread/WARN] [immersive_aircraft.Main/]: Non-quad face found in model: aviator_dream:test!
[30Sep2026 04:19:28.990] [Render thread/WARN] [immersive_aircraft.Main/]: Non-quad face found in model: aviator_dream:test!
[30Sep2026 04:19:28.990] [Render thread/WARN] [immersive_aircraft.Main/]: Non-quad face found in model: aviator_dream:test!
[30Sep2026 04:19:28.991] [Render thread/WARN] [immersive_aircraft.Main/]: Non-quad face found in model: aviator_dream:test!
[30Sep2026 04:19:28.991] [Render thread/WARN] [immersive_aircraft.Main/]: Non-quad face found in model: aviator_dream:test!
[30Sep2026 04:19:28.991] [Render thread/WARN] [immersive_aircraft.Main/]: Non-quad face found in model: aviator_dream:test!
[30Sep2026 04:19:28.991] [Render thread/WARN] [immersive_aircraft.Main/]: Non-quad face found in model: aviator_dream:test!
[30Sep2026 04:19:28.991] [Render thread/WARN] [immersive_aircraft.Main/]: Non-quad face found in model: aviator_dream:test!
[30Sep2026 04:19:28.991] [Render thread/WARN] [immersive_aircraft.Main/]: Non-quad face found in model: aviator_dream:test!
[30Sep2026 04:19:28.991] [Render thread/WARN] [immersive_aircraft.Main/]: Non-quad face found in model: aviator_dream:test!
[30Sep2026 04:19:28.991] [Render thread/WARN] [immersive_aircraft.Main/]: Non-quad face found in model: aviator_dream:test!
[30Sep2026 04:19:28.991] [Render thread/WARN] [immersive_aircraft.Main/]: Non-quad face found in model: aviator_dream:test!
[30Sep2026 04:19:28.991] [Render thread/WARN] [immersive_aircraft.Main/]: Non-quad face found in model: aviator_dream:test!
[30Sep2026 04:19:28.991] [Render thread/WARN] [immersive_aircraft.Main/]: Non-quad face found in model: aviator_dream:test!
[30Sep2026 04:19:28.991] [Render thread/WARN] [immersive_aircraft.Main/]: Non-quad face found in model: aviator_dream:test!
[30Sep2026 04:19:28.991] [Render thread/WARN] [immersive_aircraft.Main/]: Non-quad face found in model: aviator_dream:test!
[30Sep2026 04:19:28.991] [Render thread/WARN] [immersive_aircraft.Main/]: Non-quad face found in model: aviator_dream:test!
[30Sep2026 04:19:28.991] [Render thread/WARN] [immersive_aircraft.Main/]: Non-quad face found in model: aviator_dream:test!
[30Sep2026 04:19:28.991] [Render thread/WARN] [immersive_aircraft.Main/]: Non-quad face found in model: aviator_dream:test!
[30Sep2026 04:19:28.991] [Render thread/WARN] [immersive_aircraft.Main/]: Non-quad face found in model: aviator_dream:test!
[30Sep2026 04:19:28.991] [Render thread/WARN] [immersive_aircraft.Main/]: Non-quad face found in model: aviator_dream:test!
[30Sep2026 04:19:28.991] [Render thread/WARN] [immersive_aircraft.Main/]: Non-quad face found in model: aviator_dream:test!
[30Sep2026 04:19:28.991] [Render thread/WARN] [immersive_aircraft.Main/]: Non-quad face found in model: aviator_dream:test!
[30Sep2026 04:19:28.991] [Render thread/WARN] [immersive_aircraft.Main/]: Non-quad face found in model: aviator_dream:test!
[30Sep2026 04:19:28.992] [Render thread/WARN] [immersive_aircraft.Main/]: Non-quad face found in model: aviator_dream:test!
[30Sep2026 04:19:28.992] [Render thread/WARN] [immersive_aircraft.Main/]: Non-quad face found in model: aviator_dream:test!
[30Sep2026 04:19:28.992] [Render thread/WARN] [immersive_aircraft.Main/]: Non-quad face found in model: aviator_dream:test!
[30Sep2026 04:19:28.992] [Render thread/WARN] [immersive_aircraft.Main/]: Non-quad face found in model: aviator_dream:test!
[30Sep2026 04:19:28.992] [Render thread/WARN] [immersive_aircraft.Main/]: Non-quad face found in model: aviator_dream:test!
[30Sep2026 04:19:28.992] [Render thread/WARN] [immersive_aircraft.Main/]: Non-quad face found in model: aviator_dream:test!
[30Sep2026 04:19:28.992] [Render thread/WARN] [immersive_aircraft.Main/]: Non-quad face found in model: aviator_dream:test!
[30Sep2026 04:19:28.992] [Render thread/WARN] [immersive_aircraft.Main/]: Non-quad face found in model: aviator_dream:test!
[30Sep2026 04:19:28.992] [Render thread/WARN] [immersive_aircraft.Main/]: Non-quad face found in model: aviator_dream:test!
[30Sep2026 04:19:28.992] [Render thread/WARN] [immersive_aircraft.Main/]: Non-quad face found in model: aviator_dream:test!
[30Sep2026 04:19:28.992] [Render thread/WARN] [immersive_aircraft.Main/]: Non-quad face found in model: aviator_dream:test!
[30Sep2026 04:19:28.992] [Render thread/WARN] [immersive_aircraft.Main/]: Non-quad face found in model: aviator_dream:test!
[30Sep2026 04:19:28.992] [Render thread/WARN] [immersive_aircraft.Main/]: Non-quad face found in model: aviator_dream:test!
[30Sep2026 04:19:28.992] [Render thread/WARN] [immersive_aircraft.Main/]: Non-quad face found in model: aviator_dream:test!
[30Sep2026 04:19:28.992] [Render thread/WARN] [immersive_aircraft.Main/]: Non-quad face found in model: aviator_dream:test!
[30Sep2026 04:19:28.992] [Render thread/WARN] [immersive_aircraft.Main/]: Non-quad face found in model: aviator_dream:test!
[30Sep2026 04:19:28.992] [Render thread/WARN] [immersive_aircraft.Main/]: Non-quad face found in model: aviator_dream:test!
[30Sep2026 04:19:28.992] [Render thread/WARN] [immersive_aircraft.Main/]: Non-quad face found in model: aviator_dream:test!
[30Sep2026 04:19:28.992] [Render thread/WARN] [immersive_aircraft.Main/]: Non-quad face found in model: aviator_dream:test!
[30Sep2026 04:19:28.992] [Render thread/WARN] [immersive_aircraft.Main/]: Non-quad face found in model: aviator_dream:test!
[30Sep2026 04:19:28.992] [Render thread/WARN] [immersive_aircraft.Main/]: Non-quad face found in model: aviator_dream:test!
[30Sep2026 04:19:28.992] [Render thread/WARN] [immersive_aircraft.Main/]: Non-quad face found in model: aviator_dream:test!
[30Sep2026 04:19:28.992] [Render thread/WARN] [immersive_aircraft.Main/]: Non-quad face found in model: aviator_dream:test!
[30Sep2026 04:19:28.992] [Render thread/WARN] [immersive_aircraft.Main/]: Non-quad face found in model: aviator_dream:test!
[30Sep2026 04:19:28.992] [Render thread/WARN] [immersive_aircraft.Main/]: Non-quad face found in model: aviator_dream:test!
[30Sep2026 04:19:28.992] [Render thread/WARN] [immersive_aircraft.Main/]: Non-quad face found in model: aviator_dream:test!
[30Sep2026 04:19:28.992] [Render thread/WARN] [immersive_aircraft.Main/]: Non-quad face found in model: aviator_dream:test!
[30Sep2026 04:19:28.992] [Render thread/WARN] [immersive_aircraft.Main/]: Non-quad face found in model: aviator_dream:test!
[30Sep2026 04:19:28.992] [Render thread/WARN] [immersive_aircraft.Main/]: Non-quad face found in model: aviator_dream:test!
[30Sep2026 04:19:28.992] [Render thread/WARN] [immersive_aircraft.Main/]: Non-quad face found in model: aviator_dream:test!
[30Sep2026 04:19:28.992] [Render thread/WARN] [immersive_aircraft.Main/]: Non-quad face found in model: aviator_dream:test!
[30Sep2026 04:19:28.993] [Render thread/WARN] [immersive_aircraft.Main/]: Non-quad face found in model: aviator_dream:test!
[30Sep2026 04:19:28.993] [Render thread/WARN] [immersive_aircraft.Main/]: Non-quad face found in model: aviator_dream:test!
[30Sep2026 04:19:28.993] [Render thread/WARN] [immersive_aircraft.Main/]: Non-quad face found in model: aviator_dream:test!
[30Sep2026 04:19:28.993] [Render thread/WARN] [immersive_aircraft.Main/]: Non-quad face found in model: aviator_dream:test!
[30Sep2026 04:19:28.993] [Render thread/WARN] [immersive_aircraft.Main/]: Non-quad face found in model: aviator_dream:test!
[30Sep2026 04:19:28.993] [Render thread/WARN] [immersive_aircraft.Main/]: Non-quad face found in model: aviator_dream:test!
[30Sep2026 04:19:28.993] [Render thread/WARN] [immersive_aircraft.Main/]: Non-quad face found in model: aviator_dream:test!
[30Sep2026 04:19:28.993] [Render thread/WARN] [immersive_aircraft.Main/]: Non-quad face found in model: aviator_dream:test!
[30Sep2026 04:19:28.993] [Render thread/WARN] [immersive_aircraft.Main/]: Non-quad face found in model: aviator_dream:test!
[30Sep2026 04:19:28.993] [Render thread/WARN] [immersive_aircraft.Main/]: Non-quad face found in model: aviator_dream:test!
[30Sep2026 04:19:28.993] [Render thread/WARN] [immersive_aircraft.Main/]: Non-quad face found in model: aviator_dream:test!
[30Sep2026 04:19:28.993] [Render thread/WARN] [immersive_aircraft.Main/]: Non-quad face found in model: aviator_dream:test!
[30Sep2026 04:19:28.993] [Render thread/WARN] [immersive_aircraft.Main/]: Non-quad face found in model: aviator_dream:test!
[30Sep2026 04:19:28.993] [Render thread/WARN] [immersive_aircraft.Main/]: Non-quad face found in model: aviator_dream:test!
[30Sep2026 04:19:28.993] [Render thread/WARN] [immersive_aircraft.Main/]: Non-quad face found in model: aviator_dream:test!
[30Sep2026 04:19:28.993] [Render thread/WARN] [immersive_aircraft.Main/]: Non-quad face found in model: aviator_dream:test!
[30Sep2026 04:19:28.993] [Render thread/WARN] [immersive_aircraft.Main/]: Non-quad face found in model: aviator_dream:test!
[30Sep2026 04:19:28.993] [Render thread/WARN] [immersive_aircraft.Main/]: Non-quad face found in model: aviator_dream:test!
[30Sep2026 04:19:28.993] [Render thread/WARN] [immersive_aircraft.Main/]: Non-quad face found in model: aviator_dream:test!
[30Sep2026 04:19:28.993] [Render thread/WARN] [immersive_aircraft.Main/]: Non-quad face found in model: aviator_dream:test!
[30Sep2026 04:19:28.993] [Render thread/WARN] [immersive_aircraft.Main/]: Non-quad face found in model: aviator_dream:test!
[30Sep2026 04:19:28.993] [Render thread/WARN] [immersive_aircraft.Main/]: Non-quad face found in model: aviator_dream:test!
[30Sep2026 04:19:28.993] [Render thread/WARN] [immersive_aircraft.Main/]: Non-quad face found in model: aviator_dream:test!
[30Sep2026 04:19:28.993] [Render thread/WARN] [immersive_aircraft.Main/]: Non-quad face found in model: aviator_dream:test!
[30Sep2026 04:19:28.993] [Render thread/WARN] [immersive_aircraft.Main/]: Non-quad face found in model: aviator_dream:test!
[30Sep2026 04:19:28.993] [Render thread/WARN] [immersive_aircraft.Main/]: Non-quad face found in model: aviator_dream:test!
[30Sep2026 04:19:28.993] [Render thread/WARN] [immersive_aircraft.Main/]: Non-quad face found in model: aviator_dream:test!
[30Sep2026 04:19:28.993] [Render thread/WARN] [immersive_aircraft.Main/]: Non-quad face found in model: aviator_dream:test!
[30Sep2026 04:19:28.994] [Render thread/WARN] [immersive_aircraft.Main/]: Non-quad face found in model: aviator_dream:test!
[30Sep2026 04:19:28.994] [Render thread/WARN] [immersive_aircraft.Main/]: Non-quad face found in model: aviator_dream:test!
[30Sep2026 04:19:28.994] [Render thread/WARN] [immersive_aircraft.Main/]: Non-quad face found in model: aviator_dream:test!
[30Sep2026 04:19:28.994] [Render thread/WARN] [immersive_aircraft.Main/]: Non-quad face found in model: aviator_dream:test!
[30Sep2026 04:19:28.994] [Render thread/WARN] [immersive_aircraft.Main/]: Non-quad face found in model: aviator_dream:test!
[30Sep2026 04:19:28.994] [Render thread/WARN] [immersive_aircraft.Main/]: Non-quad face found in model: aviator_dream:test!
[30Sep2026 04:19:28.994] [Render thread/WARN] [immersive_aircraft.Main/]: Non-quad face found in model: aviator_dream:test!
[30Sep2026 04:19:28.994] [Render thread/WARN] [immersive_aircraft.Main/]: Non-quad face found in model: aviator_dream:test!
[30Sep2026 04:19:28.994] [Render thread/WARN] [immersive_aircraft.Main/]: Non-quad face found in model: aviator_dream:test!
[30Sep2026 04:19:28.994] [Render thread/WARN] [immersive_aircraft.Main/]: Non-quad face found in model: aviator_dream:test!
[30Sep2026 04:19:28.994] [Render thread/WARN] [immersive_aircraft.Main/]: Non-quad face found in model: aviator_dream:test!
[30Sep2026 04:19:28.994] [Render thread/WARN] [immersive_aircraft.Main/]: Non-quad face found in model: aviator_dream:test!
[30Sep2026 04:19:28.994] [Render thread/WARN] [immersive_aircraft.Main/]: Non-quad face found in model: aviator_dream:test!
[30Sep2026 04:19:28.994] [Render thread/WARN] [immersive_aircraft.Main/]: Non-quad face found in model: aviator_dream:test!
[30Sep2026 04:19:28.994] [Render thread/WARN] [immersive_aircraft.Main/]: Non-quad face found in model: aviator_dream:test!
[30Sep2026 04:19:28.994] [Render thread/WARN] [immersive_aircraft.Main/]: Non-quad face found in model: aviator_dream:test!
[30Sep2026 04:19:28.995] [Render thread/WARN] [immersive_aircraft.Main/]: Non-quad face found in model: aviator_dream:test!
[30Sep2026 04:19:28.995] [Render thread/WARN] [immersive_aircraft.Main/]: Non-quad face found in model: aviator_dream:test!
[30Sep2026 04:19:28.995] [Render thread/WARN] [immersive_aircraft.Main/]: Non-quad face found in model: aviator_dream:test!
[30Sep2026 04:19:28.995] [Render thread/WARN] [immersive_aircraft.Main/]: Non-quad face found in model: aviator_dream:test!
[30Sep2026 04:19:28.995] [Render thread/WARN] [immersive_aircraft.Main/]: Non-quad face found in model: aviator_dream:test!
[30Sep2026 04:19:28.995] [Render thread/WARN] [immersive_aircraft.Main/]: Non-quad face found in model: aviator_dream:test!
[30Sep2026 04:19:28.995] [Render thread/WARN] [immersive_aircraft.Main/]: Non-quad face found in model: aviator_dream:test!
[30Sep2026 04:19:28.995] [Render thread/WARN] [immersive_aircraft.Main/]: Non-quad face found in model: aviator_dream:test!
[30Sep2026 04:19:28.995] [Render thread/WARN] [immersive_aircraft.Main/]: Non-quad face found in model: aviator_dream:test!
[30Sep2026 04:19:28.995] [Render thread/WARN] [immersive_aircraft.Main/]: Non-quad face found in model: aviator_dream:test!
[30Sep2026 04:19:28.995] [Render thread/WARN] [immersive_aircraft.Main/]: Non-quad face found in model: aviator_dream:test!
[30Sep2026 04:19:28.995] [Render thread/WARN] [immersive_aircraft.Main/]: Non-quad face found in model: aviator_dream:test!
[30Sep2026 04:19:28.995] [Render thread/WARN] [immersive_aircraft.Main/]: Non-quad face found in model: aviator_dream:test!
[30Sep2026 04:19:28.995] [Render thread/WARN] [immersive_aircraft.Main/]: Non-quad face found in model: aviator_dream:test!
[30Sep2026 04:19:28.995] [Render thread/WARN] [immersive_aircraft.Main/]: Non-quad face found in model: aviator_dream:test!
[30Sep2026 04:19:28.995] [Render thread/WARN] [immersive_aircraft.Main/]: Non-quad face found in model: aviator_dream:test!
[30Sep2026 04:19:28.995] [Render thread/WARN] [immersive_aircraft.Main/]: Non-quad face found in model: aviator_dream:test!
[30Sep2026 04:19:28.995] [Render thread/WARN] [immersive_aircraft.Main/]: Non-quad face found in model: aviator_dream:test!
[30Sep2026 04:19:28.995] [Render thread/WARN] [immersive_aircraft.Main/]: Non-quad face found in model: aviator_dream:test!
[30Sep2026 04:19:28.995] [Render thread/WARN] [immersive_aircraft.Main/]: Non-quad face found in model: aviator_dream:test!
[30Sep2026 04:19:28.995] [Render thread/WARN] [immersive_aircraft.Main/]: Non-quad face found in model: aviator_dream:test!
[30Sep2026 04:19:28.995] [Render thread/WARN] [immersive_aircraft.Main/]: Non-quad face found in model: aviator_dream:test!
[30Sep2026 04:19:28.995] [Render thread/WARN] [immersive_aircraft.Main/]: Non-quad face found in model: aviator_dream:test!
[30Sep2026 04:19:28.995] [Render thread/WARN] [immersive_aircraft.Main/]: Non-quad face found in model: aviator_dream:test!
[30Sep2026 04:19:28.996] [Render thread/WARN] [immersive_aircraft.Main/]: Non-quad face found in model: aviator_dream:test!
[30Sep2026 04:19:28.996] [Render thread/WARN] [immersive_aircraft.Main/]: Non-quad face found in model: aviator_dream:test!
[30Sep2026 04:19:28.996] [Render thread/WARN] [immersive_aircraft.Main/]: Non-quad face found in model: aviator_dream:test!
[30Sep2026 04:19:28.996] [Render thread/WARN] [immersive_aircraft.Main/]: Non-quad face found in model: aviator_dream:test!
[30Sep2026 04:19:28.996] [Render thread/WARN] [immersive_aircraft.Main/]: Non-quad face found in model: aviator_dream:test!
[30Sep2026 04:19:28.996] [Render thread/WARN] [immersive_aircraft.Main/]: Non-quad face found in model: aviator_dream:test!
[30Sep2026 04:19:28.996] [Render thread/WARN] [immersive_aircraft.Main/]: Non-quad face found in model: aviator_dream:test!
[30Sep2026 04:19:28.996] [Render thread/WARN] [immersive_aircraft.Main/]: Non-quad face found in model: aviator_dream:test!
[30Sep2026 04:19:28.996] [Render thread/WARN] [immersive_aircraft.Main/]: Non-quad face found in model: aviator_dream:test!
[30Sep2026 04:19:28.996] [Render thread/WARN] [immersive_aircraft.Main/]: Non-quad face found in model: aviator_dream:test!
[30Sep2026 04:19:28.996] [Render thread/WARN] [immersive_aircraft.Main/]: Non-quad face found in model: aviator_dream:test!
[30Sep2026 04:19:28.996] [Render thread/WARN] [immersive_aircraft.Main/]: Non-quad face found in model: aviator_dream:test!
[30Sep2026 04:19:28.996] [Render thread/WARN] [immersive_aircraft.Main/]: Non-quad face found in model: aviator_dream:test!
[30Sep2026 04:19:28.996] [Render thread/WARN] [immersive_aircraft.Main/]: Non-quad face found in model: aviator_dream:test!
[30Sep2026 04:19:28.996] [Render thread/WARN] [immersive_aircraft.Main/]: Non-quad face found in model: aviator_dream:test!
[30Sep2026 04:19:28.996] [Render thread/WARN] [immersive_aircraft.Main/]: Non-quad face found in model: aviator_dream:test!
[30Sep2026 04:19:28.996] [Render thread/WARN] [immersive_aircraft.Main/]: Non-quad face found in model: aviator_dream:test!
[30Sep2026 04:19:28.996] [Render thread/WARN] [immersive_aircraft.Main/]: Non-quad face found in model: aviator_dream:test!
[30Sep2026 04:19:28.996] [Render thread/WARN] [immersive_aircraft.Main/]: Non-quad face found in model: aviator_dream:test!
[30Sep2026 04:19:28.997] [Render thread/WARN] [immersive_aircraft.Main/]: Non-quad face found in model: aviator_dream:test!
[30Sep2026 04:19:28.997] [Render thread/WARN] [immersive_aircraft.Main/]: Non-quad face found in model: aviator_dream:test!
[30Sep2026 04:19:28.997] [Render thread/WARN] [immersive_aircraft.Main/]: Non-quad face found in model: aviator_dream:test!
[30Sep2026 04:19:28.997] [Render thread/WARN] [immersive_aircraft.Main/]: Non-quad face found in model: aviator_dream:test!
[30Sep2026 04:19:28.997] [Render thread/WARN] [immersive_aircraft.Main/]: Non-quad face found in model: aviator_dream:test!
[30Sep2026 04:19:28.997] [Render thread/WARN] [immersive_aircraft.Main/]: Non-quad face found in model: aviator_dream:test!
[30Sep2026 04:19:28.997] [Render thread/WARN] [immersive_aircraft.Main/]: Non-quad face found in model: aviator_dream:test!
[30Sep2026 04:19:28.997] [Render thread/WARN] [immersive_aircraft.Main/]: Non-quad face found in model: aviator_dream:test!
[30Sep2026 04:19:28.997] [Render thread/WARN] [immersive_aircraft.Main/]: Non-quad face found in model: aviator_dream:test!
[30Sep2026 04:19:28.997] [Render thread/WARN] [immersive_aircraft.Main/]: Non-quad face found in model: aviator_dream:test!
[30Sep2026 04:19:28.997] [Render thread/WARN] [immersive_aircraft.Main/]: Non-quad face found in model: aviator_dream:test!
[30Sep2026 04:19:28.997] [Render thread/WARN] [immersive_aircraft.Main/]: Non-quad face found in model: aviator_dream:test!
[30Sep2026 04:19:28.997] [Render thread/WARN] [immersive_aircraft.Main/]: Non-quad face found in model: aviator_dream:test!
[30Sep2026 04:19:28.997] [Render thread/WARN] [immersive_aircraft.Main/]: Non-quad face found in model: aviator_dream:test!
[30Sep2026 04:19:28.997] [Render thread/WARN] [immersive_aircraft.Main/]: Non-quad face found in model: aviator_dream:test!
[30Sep2026 04:19:28.997] [Render thread/WARN] [immersive_aircraft.Main/]: Non-quad face found in model: aviator_dream:test!
[30Sep2026 04:19:28.997] [Render thread/WARN] [immersive_aircraft.Main/]: Non-quad face found in model: aviator_dream:test!
[30Sep2026 04:19:28.997] [Render thread/WARN] [immersive_aircraft.Main/]: Non-quad face found in model: aviator_dream:test!
[30Sep2026 04:19:28.997] [Render thread/WARN] [immersive_aircraft.Main/]: Non-quad face found in model: aviator_dream:test!
[30Sep2026 04:19:28.997] [Render thread/WARN] [immersive_aircraft.Main/]: Non-quad face found in model: aviator_dream:test!
[30Sep2026 04:19:28.997] [Render thread/WARN] [immersive_aircraft.Main/]: Non-quad face found in model: aviator_dream:test!
[30Sep2026 04:19:28.997] [Render thread/WARN] [immersive_aircraft.Main/]: Non-quad face found in model: aviator_dream:test!
[30Sep2026 04:19:28.997] [Render thread/WARN] [immersive_aircraft.Main/]: Non-quad face found in model: aviator_dream:test!
[30Sep2026 04:19:28.997] [Render thread/WARN] [immersive_aircraft.Main/]: Non-quad face found in model: aviator_dream:test!
[30Sep2026 04:19:28.997] [Render thread/WARN] [immersive_aircraft.Main/]: Non-quad face found in model: aviator_dream:test!
[30Sep2026 04:19:28.997] [Render thread/WARN] [immersive_aircraft.Main/]: Non-quad face found in model: aviator_dream:test!
[30Sep2026 04:19:28.997] [Render thread/WARN] [immersive_aircraft.Main/]: Non-quad face found in model: aviator_dream:test!
[30Sep2026 04:19:28.998] [Render thread/WARN] [immersive_aircraft.Main/]: Non-quad face found in model: aviator_dream:test!
[30Sep2026 04:19:28.998] [Render thread/WARN] [immersive_aircraft.Main/]: Non-quad face found in model: aviator_dream:test!
[30Sep2026 04:19:28.998] [Render thread/WARN] [immersive_aircraft.Main/]: Non-quad face found in model: aviator_dream:test!
[30Sep2026 04:19:28.998] [Render thread/WARN] [immersive_aircraft.Main/]: Non-quad face found in model: aviator_dream:test!
[30Sep2026 04:19:28.998] [Render thread/WARN] [immersive_aircraft.Main/]: Non-quad face found in model: aviator_dream:test!
[30Sep2026 04:19:28.998] [Render thread/WARN] [immersive_aircraft.Main/]: Non-quad face found in model: aviator_dream:test!
[30Sep2026 04:19:28.998] [Render thread/WARN] [immersive_aircraft.Main/]: Non-quad face found in model: aviator_dream:test!
[30Sep2026 04:19:28.998] [Render thread/WARN] [immersive_aircraft.Main/]: Non-quad face found in model: aviator_dream:test!
[30Sep2026 04:19:28.998] [Render thread/WARN] [immersive_aircraft.Main/]: Non-quad face found in model: aviator_dream:test!
[30Sep2026 04:19:28.998] [Render thread/WARN] [immersive_aircraft.Main/]: Non-quad face found in model: aviator_dream:test!
[30Sep2026 04:19:28.998] [Render thread/WARN] [immersive_aircraft.Main/]: Non-quad face found in model: aviator_dream:test!
[30Sep2026 04:19:28.998] [Render thread/WARN] [immersive_aircraft.Main/]: Non-quad face found in model: aviator_dream:test!
[30Sep2026 04:19:28.998] [Render thread/WARN] [immersive_aircraft.Main/]: Non-quad face found in model: aviator_dream:test!
[30Sep2026 04:19:28.998] [Render thread/WARN] [immersive_aircraft.Main/]: Non-quad face found in model: aviator_dream:test!
[30Sep2026 04:19:28.998] [Render thread/WARN] [immersive_aircraft.Main/]: Non-quad face found in model: aviator_dream:test!
[30Sep2026 04:19:28.998] [Render thread/WARN] [immersive_aircraft.Main/]: Non-quad face found in model: aviator_dream:test!
[30Sep2026 04:19:28.998] [Render thread/WARN] [immersive_aircraft.Main/]: Non-quad face found in model: aviator_dream:test!
[30Sep2026 04:19:28.998] [Render thread/WARN] [immersive_aircraft.Main/]: Non-quad face found in model: aviator_dream:test!
[30Sep2026 04:19:28.998] [Render thread/WARN] [immersive_aircraft.Main/]: Non-quad face found in model: aviator_dream:test!
[30Sep2026 04:19:28.998] [Render thread/WARN] [immersive_aircraft.Main/]: Non-quad face found in model: aviator_dream:test!
[30Sep2026 04:19:28.998] [Render thread/WARN] [immersive_aircraft.Main/]: Non-quad face found in model: aviator_dream:test!
[30Sep2026 04:19:28.998] [Render thread/WARN] [immersive_aircraft.Main/]: Non-quad face found in model: aviator_dream:test!
[30Sep2026 04:19:28.998] [Render thread/WARN] [immersive_aircraft.Main/]: Non-quad face found in model: aviator_dream:test!
[30Sep2026 04:19:28.998] [Render thread/WARN] [immersive_aircraft.Main/]: Non-quad face found in model: aviator_dream:test!
[30Sep2026 04:19:28.998] [Render thread/WARN] [immersive_aircraft.Main/]: Non-quad face found in model: aviator_dream:test!
[30Sep2026 04:19:28.998] [Render thread/WARN] [immersive_aircraft.Main/]: Non-quad face found in model: aviator_dream:test!
[30Sep2026 04:19:28.998] [Render thread/WARN] [immersive_aircraft.Main/]: Non-quad face found in model: aviator_dream:test!
[30Sep2026 04:19:28.999] [Render thread/WARN] [immersive_aircraft.Main/]: Non-quad face found in model: aviator_dream:test!
[30Sep2026 04:19:28.999] [Render thread/WARN] [immersive_aircraft.Main/]: Non-quad face found in model: aviator_dream:test!
[30Sep2026 04:19:28.999] [Render thread/WARN] [immersive_aircraft.Main/]: Non-quad face found in model: aviator_dream:test!
[30Sep2026 04:19:28.999] [Render thread/WARN] [immersive_aircraft.Main/]: Non-quad face found in model: aviator_dream:test!
[30Sep2026 04:19:28.999] [Render thread/WARN] [immersive_aircraft.Main/]: Non-quad face found in model: aviator_dream:test!
[30Sep2026 04:19:28.999] [Render thread/WARN] [immersive_aircraft.Main/]: Non-quad face found in model: aviator_dream:test!
[30Sep2026 04:19:28.999] [Render thread/WARN] [immersive_aircraft.Main/]: Non-quad face found in model: aviator_dream:test!
[30Sep2026 04:19:28.999] [Render thread/WARN] [immersive_aircraft.Main/]: Non-quad face found in model: aviator_dream:test!
[30Sep2026 04:19:28.999] [Render thread/WARN] [immersive_aircraft.Main/]: Non-quad face found in model: aviator_dream:test!
[30Sep2026 04:19:28.999] [Render thread/WARN] [immersive_aircraft.Main/]: Non-quad face found in model: aviator_dream:test!
[30Sep2026 04:19:28.999] [Render thread/WARN] [immersive_aircraft.Main/]: Non-quad face found in model: aviator_dream:test!
[30Sep2026 04:19:28.999] [Render thread/WARN] [immersive_aircraft.Main/]: Non-quad face found in model: aviator_dream:test!
[30Sep2026 04:19:28.999] [Render thread/WARN] [immersive_aircraft.Main/]: Non-quad face found in model: aviator_dream:test!
[30Sep2026 04:19:28.999] [Render thread/WARN] [immersive_aircraft.Main/]: Non-quad face found in model: aviator_dream:test!
[30Sep2026 04:19:28.999] [Render thread/WARN] [immersive_aircraft.Main/]: Non-quad face found in model: aviator_dream:test!
[30Sep2026 04:19:28.999] [Render thread/WARN] [immersive_aircraft.Main/]: Non-quad face found in model: aviator_dream:test!
[30Sep2026 04:19:28.999] [Render thread/WARN] [immersive_aircraft.Main/]: Non-quad face found in model: aviator_dream:test!
[30Sep2026 04:19:28.999] [Render thread/WARN] [immersive_aircraft.Main/]: Non-quad face found in model: aviator_dream:test!
[30Sep2026 04:19:28.999] [Render thread/WARN] [immersive_aircraft.Main/]: Non-quad face found in model: aviator_dream:test!
[30Sep2026 04:19:28.999] [Render thread/WARN] [immersive_aircraft.Main/]: Non-quad face found in model: aviator_dream:test!
[30Sep2026 04:19:28.999] [Render thread/WARN] [immersive_aircraft.Main/]: Non-quad face found in model: aviator_dream:test!
[30Sep2026 04:19:28.999] [Render thread/WARN] [immersive_aircraft.Main/]: Non-quad face found in model: aviator_dream:test!
[30Sep2026 04:19:28.999] [Render thread/WARN] [immersive_aircraft.Main/]: Non-quad face found in model: aviator_dream:test!
[30Sep2026 04:19:28.999] [Render thread/WARN] [immersive_aircraft.Main/]: Non-quad face found in model: aviator_dream:test!
[30Sep2026 04:19:28.999] [Render thread/WARN] [immersive_aircraft.Main/]: Non-quad face found in model: aviator_dream:test!
[30Sep2026 04:19:28.999] [Render thread/WARN] [immersive_aircraft.Main/]: Non-quad face found in model: aviator_dream:test!
[30Sep2026 04:19:28.999] [Render thread/WARN] [immersive_aircraft.Main/]: Non-quad face found in model: aviator_dream:test!
[30Sep2026 04:19:28.999] [Render thread/WARN] [immersive_aircraft.Main/]: Non-quad face found in model: aviator_dream:test!
[30Sep2026 04:19:28.999] [Render thread/WARN] [immersive_aircraft.Main/]: Non-quad face found in model: aviator_dream:test!
[30Sep2026 04:19:28.999] [Render thread/WARN] [immersive_aircraft.Main/]: Non-quad face found in model: aviator_dream:test!
[30Sep2026 04:19:28.999] [Render thread/WARN] [immersive_aircraft.Main/]: Non-quad face found in model: aviator_dream:test!
[30Sep2026 04:19:29.000] [Render thread/WARN] [immersive_aircraft.Main/]: Non-quad face found in model: aviator_dream:test!
[30Sep2026 04:19:29.000] [Render thread/WARN] [immersive_aircraft.Main/]: Non-quad face found in model: aviator_dream:test!
[30Sep2026 04:19:29.000] [Render thread/WARN] [immersive_aircraft.Main/]: Non-quad face found in model: aviator_dream:test!
[30Sep2026 04:19:29.000] [Render thread/WARN] [immersive_aircraft.Main/]: Non-quad face found in model: aviator_dream:test!
[30Sep2026 04:19:29.000] [Render thread/WARN] [immersive_aircraft.Main/]: Non-quad face found in model: aviator_dream:test!
[30Sep2026 04:19:29.000] [Render thread/WARN] [immersive_aircraft.Main/]: Non-quad face found in model: aviator_dream:test!
[30Sep2026 04:19:29.000] [Render thread/WARN] [immersive_aircraft.Main/]: Non-quad face found in model: aviator_dream:test!
[30Sep2026 04:19:29.000] [Render thread/WARN] [immersive_aircraft.Main/]: Non-quad face found in model: aviator_dream:test!
[30Sep2026 04:19:29.000] [Render thread/WARN] [immersive_aircraft.Main/]: Non-quad face found in model: aviator_dream:test!
[30Sep2026 04:19:29.000] [Render thread/WARN] [immersive_aircraft.Main/]: Non-quad face found in model: aviator_dream:test!
[30Sep2026 04:19:29.000] [Render thread/WARN] [immersive_aircraft.Main/]: Non-quad face found in model: aviator_dream:test!
[30Sep2026 04:19:29.000] [Render thread/WARN] [immersive_aircraft.Main/]: Non-quad face found in model: aviator_dream:test!
[30Sep2026 04:19:29.000] [Render thread/WARN] [immersive_aircraft.Main/]: Non-quad face found in model: aviator_dream:test!
[30Sep2026 04:19:29.001] [Render thread/WARN] [immersive_aircraft.Main/]: Non-quad face found in model: aviator_dream:test!
[30Sep2026 04:19:29.001] [Render thread/WARN] [immersive_aircraft.Main/]: Non-quad face found in model: aviator_dream:test!
[30Sep2026 04:19:29.001] [Render thread/WARN] [immersive_aircraft.Main/]: Non-quad face found in model: aviator_dream:test!
[30Sep2026 04:19:29.001] [Render thread/WARN] [immersive_aircraft.Main/]: Non-quad face found in model: aviator_dream:test!
[30Sep2026 04:19:29.001] [Render thread/WARN] [immersive_aircraft.Main/]: Non-quad face found in model: aviator_dream:test!
[30Sep2026 04:19:29.001] [Render thread/WARN] [immersive_aircraft.Main/]: Non-quad face found in model: aviator_dream:test!
[30Sep2026 04:19:29.001] [Render thread/WARN] [immersive_aircraft.Main/]: Non-quad face found in model: aviator_dream:test!
[30Sep2026 04:19:29.001] [Render thread/WARN] [immersive_aircraft.Main/]: Non-quad face found in model: aviator_dream:test!
[30Sep2026 04:19:29.001] [Render thread/WARN] [immersive_aircraft.Main/]: Non-quad face found in model: aviator_dream:test!
[30Sep2026 04:19:29.001] [Render thread/WARN] [immersive_aircraft.Main/]: Non-quad face found in model: aviator_dream:test!
[30Sep2026 04:19:29.001] [Render thread/WARN] [immersive_aircraft.Main/]: Non-quad face found in model: aviator_dream:test!
[30Sep2026 04:19:29.001] [Render thread/WARN] [immersive_aircraft.Main/]: Non-quad face found in model: aviator_dream:test!
[30Sep2026 04:19:29.001] [Render thread/WARN] [immersive_aircraft.Main/]: Non-quad face found in model: aviator_dream:test!
[30Sep2026 04:19:29.001] [Render thread/WARN] [immersive_aircraft.Main/]: Non-quad face found in model: aviator_dream:test!
[30Sep2026 04:19:29.001] [Render thread/WARN] [immersive_aircraft.Main/]: Non-quad face found in model: aviator_dream:test!
[30Sep2026 04:19:29.001] [Render thread/WARN] [immersive_aircraft.Main/]: Non-quad face found in model: aviator_dream:test!
[30Sep2026 04:19:29.001] [Render thread/WARN] [immersive_aircraft.Main/]: Non-quad face found in model: aviator_dream:test!
[30Sep2026 04:19:29.001] [Render thread/WARN] [immersive_aircraft.Main/]: Non-quad face found in model: aviator_dream:test!
[30Sep2026 04:19:29.001] [Render thread/WARN] [immersive_aircraft.Main/]: Non-quad face found in model: aviator_dream:test!
[30Sep2026 04:19:29.001] [Render thread/WARN] [immersive_aircraft.Main/]: Non-quad face found in model: aviator_dream:test!
[30Sep2026 04:19:29.001] [Render thread/WARN] [immersive_aircraft.Main/]: Non-quad face found in model: aviator_dream:test!
[30Sep2026 04:19:29.001] [Render thread/WARN] [immersive_aircraft.Main/]: Non-quad face found in model: aviator_dream:test!
[30Sep2026 04:19:29.001] [Render thread/WARN] [immersive_aircraft.Main/]: Non-quad face found in model: aviator_dream:test!
[30Sep2026 04:19:29.001] [Render thread/WARN] [immersive_aircraft.Main/]: Non-quad face found in model: aviator_dream:test!
[30Sep2026 04:19:29.001] [Render thread/WARN] [immersive_aircraft.Main/]: Non-quad face found in model: aviator_dream:test!
[30Sep2026 04:19:29.001] [Render thread/WARN] [immersive_aircraft.Main/]: Non-quad face found in model: aviator_dream:test!
[30Sep2026 04:19:29.001] [Render thread/WARN] [immersive_aircraft.Main/]: Non-quad face found in model: aviator_dream:test!
[30Sep2026 04:19:29.001] [Render thread/WARN] [immersive_aircraft.Main/]: Non-quad face found in model: aviator_dream:test!
[30Sep2026 04:19:29.001] [Render thread/WARN] [immersive_aircraft.Main/]: Non-quad face found in model: aviator_dream:test!
[30Sep2026 04:19:29.002] [Render thread/WARN] [immersive_aircraft.Main/]: Non-quad face found in model: aviator_dream:test!
[30Sep2026 04:19:29.002] [Render thread/WARN] [immersive_aircraft.Main/]: Non-quad face found in model: aviator_dream:test!
[30Sep2026 04:19:29.002] [Render thread/WARN] [immersive_aircraft.Main/]: Non-quad face found in model: aviator_dream:test!
[30Sep2026 04:19:29.002] [Render thread/WARN] [immersive_aircraft.Main/]: Non-quad face found in model: aviator_dream:test!
[30Sep2026 04:19:29.002] [Render thread/WARN] [immersive_aircraft.Main/]: Non-quad face found in model: aviator_dream:test!
[30Sep2026 04:19:29.002] [Render thread/WARN] [immersive_aircraft.Main/]: Non-quad face found in model: aviator_dream:test!
[30Sep2026 04:19:29.002] [Render thread/WARN] [immersive_aircraft.Main/]: Non-quad face found in model: aviator_dream:test!
[30Sep2026 04:19:29.002] [Render thread/WARN] [immersive_aircraft.Main/]: Non-quad face found in model: aviator_dream:test!
[30Sep2026 04:19:29.002] [Render thread/WARN] [immersive_aircraft.Main/]: Non-quad face found in model: aviator_dream:test!
[30Sep2026 04:19:29.002] [Render thread/WARN] [immersive_aircraft.Main/]: Non-quad face found in model: aviator_dream:test!
[30Sep2026 04:19:29.002] [Render thread/WARN] [immersive_aircraft.Main/]: Non-quad face found in model: aviator_dream:test!
[30Sep2026 04:19:29.002] [Render thread/WARN] [immersive_aircraft.Main/]: Non-quad face found in model: aviator_dream:test!
[30Sep2026 04:19:29.002] [Render thread/WARN] [immersive_aircraft.Main/]: Non-quad face found in model: aviator_dream:test!
[30Sep2026 04:19:29.002] [Render thread/WARN] [immersive_aircraft.Main/]: Non-quad face found in model: aviator_dream:test!
[30Sep2026 04:19:29.002] [Render thread/WARN] [immersive_aircraft.Main/]: Non-quad face found in model: aviator_dream:test!
[30Sep2026 04:19:29.002] [Render thread/WARN] [immersive_aircraft.Main/]: Non-quad face found in model: aviator_dream:test!
[30Sep2026 04:19:29.002] [Render thread/WARN] [immersive_aircraft.Main/]: Non-quad face found in model: aviator_dream:test!
[30Sep2026 04:19:29.002] [Render thread/WARN] [immersive_aircraft.Main/]: Non-quad face found in model: aviator_dream:test!
[30Sep2026 04:19:29.002] [Render thread/WARN] [immersive_aircraft.Main/]: Non-quad face found in model: aviator_dream:test!
[30Sep2026 04:19:29.002] [Render thread/WARN] [immersive_aircraft.Main/]: Non-quad face found in model: aviator_dream:test!
[30Sep2026 04:19:29.002] [Render thread/WARN] [immersive_aircraft.Main/]: Non-quad face found in model: aviator_dream:test!
[30Sep2026 04:19:29.002] [Render thread/WARN] [immersive_aircraft.Main/]: Non-quad face found in model: aviator_dream:test!
[30Sep2026 04:19:29.003] [Render thread/WARN] [immersive_aircraft.Main/]: Non-quad face found in model: aviator_dream:test!
[30Sep2026 04:19:29.003] [Render thread/WARN] [immersive_aircraft.Main/]: Non-quad face found in model: aviator_dream:test!
[30Sep2026 04:19:29.003] [Render thread/WARN] [immersive_aircraft.Main/]: Non-quad face found in model: aviator_dream:test!
[30Sep2026 04:19:29.003] [Render thread/WARN] [immersive_aircraft.Main/]: Non-quad face found in model: aviator_dream:test!
[30Sep2026 04:19:29.003] [Render thread/WARN] [immersive_aircraft.Main/]: Non-quad face found in model: aviator_dream:test!
[30Sep2026 04:19:29.003] [Render thread/WARN] [immersive_aircraft.Main/]: Non-quad face found in model: aviator_dream:test!
[30Sep2026 04:19:29.003] [Render thread/WARN] [immersive_aircraft.Main/]: Non-quad face found in model: aviator_dream:test!
[30Sep2026 04:19:29.003] [Render thread/WARN] [immersive_aircraft.Main/]: Non-quad face found in model: aviator_dream:test!
[30Sep2026 04:19:29.003] [Render thread/WARN] [immersive_aircraft.Main/]: Non-quad face found in model: aviator_dream:test!
[30Sep2026 04:19:29.003] [Render thread/WARN] [immersive_aircraft.Main/]: Non-quad face found in model: aviator_dream:test!
[30Sep2026 04:19:29.003] [Render thread/WARN] [immersive_aircraft.Main/]: Non-quad face found in model: aviator_dream:test!
[30Sep2026 04:19:29.003] [Render thread/WARN] [immersive_aircraft.Main/]: Non-quad face found in model: aviator_dream:test!
[30Sep2026 04:19:29.003] [Render thread/WARN] [immersive_aircraft.Main/]: Non-quad face found in model: aviator_dream:test!
[30Sep2026 04:19:29.003] [Render thread/WARN] [immersive_aircraft.Main/]: Non-quad face found in model: aviator_dream:test!
[30Sep2026 04:19:29.003] [Render thread/WARN] [immersive_aircraft.Main/]: Non-quad face found in model: aviator_dream:test!
[30Sep2026 04:19:29.003] [Render thread/WARN] [immersive_aircraft.Main/]: Non-quad face found in model: aviator_dream:test!
[30Sep2026 04:19:29.003] [Render thread/WARN] [immersive_aircraft.Main/]: Non-quad face found in model: aviator_dream:test!
[30Sep2026 04:19:29.003] [Render thread/WARN] [immersive_aircraft.Main/]: Non-quad face found in model: aviator_dream:test!
[30Sep2026 04:19:29.003] [Render thread/WARN] [immersive_aircraft.Main/]: Non-quad face found in model: aviator_dream:test!
[30Sep2026 04:19:29.004] [Render thread/WARN] [immersive_aircraft.Main/]: Non-quad face found in model: aviator_dream:test!
[30Sep2026 04:19:29.004] [Render thread/WARN] [immersive_aircraft.Main/]: Non-quad face found in model: aviator_dream:test!
[30Sep2026 04:19:29.004] [Render thread/WARN] [immersive_aircraft.Main/]: Non-quad face found in model: aviator_dream:test!
[30Sep2026 04:19:29.004] [Render thread/WARN] [immersive_aircraft.Main/]: Non-quad face found in model: aviator_dream:test!
[30Sep2026 04:19:29.004] [Render thread/WARN] [immersive_aircraft.Main/]: Non-quad face found in model: aviator_dream:test!
[30Sep2026 04:19:29.004] [Render thread/WARN] [immersive_aircraft.Main/]: Non-quad face found in model: aviator_dream:test!
[30Sep2026 04:19:29.004] [Render thread/WARN] [immersive_aircraft.Main/]: Non-quad face found in model: aviator_dream:test!
[30Sep2026 04:19:29.004] [Render thread/WARN] [immersive_aircraft.Main/]: Non-quad face found in model: aviator_dream:test!
[30Sep2026 04:19:29.004] [Render thread/WARN] [immersive_aircraft.Main/]: Non-quad face found in model: aviator_dream:test!
[30Sep2026 04:19:29.004] [Render thread/WARN] [immersive_aircraft.Main/]: Non-quad face found in model: aviator_dream:test!
[30Sep2026 04:19:29.004] [Render thread/WARN] [immersive_aircraft.Main/]: Non-quad face found in model: aviator_dream:test!
[30Sep2026 04:19:29.004] [Render thread/WARN] [immersive_aircraft.Main/]: Non-quad face found in model: aviator_dream:test!
[30Sep2026 04:19:29.004] [Render thread/WARN] [immersive_aircraft.Main/]: Non-quad face found in model: aviator_dream:test!
[30Sep2026 04:19:29.004] [Render thread/WARN] [immersive_aircraft.Main/]: Non-quad face found in model: aviator_dream:test!
[30Sep2026 04:19:29.004] [Render thread/WARN] [immersive_aircraft.Main/]: Non-quad face found in model: aviator_dream:test!
[30Sep2026 04:19:29.004] [Render thread/WARN] [immersive_aircraft.Main/]: Non-quad face found in model: aviator_dream:test!
[30Sep2026 04:19:29.004] [Render thread/WARN] [immersive_aircraft.Main/]: Non-quad face found in model: aviator_dream:test!
[30Sep2026 04:19:29.004] [Render thread/WARN] [immersive_aircraft.Main/]: Non-quad face found in model: aviator_dream:test!
[30Sep2026 04:19:29.004] [Render thread/WARN] [immersive_aircraft.Main/]: Non-quad face found in model: aviator_dream:test!
[30Sep2026 04:19:29.004] [Render thread/WARN] [immersive_aircraft.Main/]: Non-quad face found in model: aviator_dream:test!
[30Sep2026 04:19:29.004] [Render thread/WARN] [immersive_aircraft.Main/]: Non-quad face found in model: aviator_dream:test!
[30Sep2026 04:19:29.004] [Render thread/WARN] [immersive_aircraft.Main/]: Non-quad face found in model: aviator_dream:test!
[30Sep2026 04:19:29.004] [Render thread/WARN] [immersive_aircraft.Main/]: Non-quad face found in model: aviator_dream:test!
[30Sep2026 04:19:29.004] [Render thread/WARN] [immersive_aircraft.Main/]: Non-quad face found in model: aviator_dream:test!
[30Sep2026 04:19:29.004] [Render thread/WARN] [immersive_aircraft.Main/]: Non-quad face found in model: aviator_dream:test!
[30Sep2026 04:19:29.004] [Render thread/WARN] [immersive_aircraft.Main/]: Non-quad face found in model: aviator_dream:test!
[30Sep2026 04:19:29.004] [Render thread/WARN] [immersive_aircraft.Main/]: Non-quad face found in model: aviator_dream:test!
[30Sep2026 04:19:29.004] [Render thread/WARN] [immersive_aircraft.Main/]: Non-quad face found in model: aviator_dream:test!
[30Sep2026 04:19:29.004] [Render thread/WARN] [immersive_aircraft.Main/]: Non-quad face found in model: aviator_dream:test!
[30Sep2026 04:19:29.005] [Render thread/WARN] [immersive_aircraft.Main/]: Non-quad face found in model: aviator_dream:test!
[30Sep2026 04:19:29.005] [Render thread/WARN] [immersive_aircraft.Main/]: Non-quad face found in model: aviator_dream:test!
[30Sep2026 04:19:29.005] [Render thread/WARN] [immersive_aircraft.Main/]: Non-quad face found in model: aviator_dream:test!
[30Sep2026 04:19:29.005] [Render thread/WARN] [immersive_aircraft.Main/]: Non-quad face found in model: aviator_dream:test!
[30Sep2026 04:19:29.005] [Render thread/WARN] [immersive_aircraft.Main/]: Non-quad face found in model: aviator_dream:test!
[30Sep2026 04:19:29.005] [Render thread/WARN] [immersive_aircraft.Main/]: Non-quad face found in model: aviator_dream:test!
[30Sep2026 04:19:29.005] [Render thread/WARN] [immersive_aircraft.Main/]: Non-quad face found in model: aviator_dream:test!
[30Sep2026 04:19:29.005] [Render thread/WARN] [immersive_aircraft.Main/]: Non-quad face found in model: aviator_dream:test!
[30Sep2026 04:19:29.005] [Render thread/WARN] [immersive_aircraft.Main/]: Non-quad face found in model: aviator_dream:test!
[30Sep2026 04:19:29.005] [Render thread/WARN] [immersive_aircraft.Main/]: Non-quad face found in model: aviator_dream:test!
[30Sep2026 04:19:29.005] [Render thread/WARN] [immersive_aircraft.Main/]: Non-quad face found in model: aviator_dream:test!
[30Sep2026 04:19:29.005] [Render thread/WARN] [immersive_aircraft.Main/]: Non-quad face found in model: aviator_dream:test!
[30Sep2026 04:19:29.005] [Render thread/WARN] [immersive_aircraft.Main/]: Non-quad face found in model: aviator_dream:test!
[30Sep2026 04:19:29.005] [Render thread/WARN] [immersive_aircraft.Main/]: Non-quad face found in model: aviator_dream:test!
[30Sep2026 04:19:29.005] [Render thread/WARN] [immersive_aircraft.Main/]: Non-quad face found in model: aviator_dream:test!
[30Sep2026 04:19:29.005] [Render thread/WARN] [immersive_aircraft.Main/]: Non-quad face found in model: aviator_dream:test!
[30Sep2026 04:19:29.005] [Render thread/WARN] [immersive_aircraft.Main/]: Non-quad face found in model: aviator_dream:test!
[30Sep2026 04:19:29.005] [Render thread/WARN] [immersive_aircraft.Main/]: Non-quad face found in model: aviator_dream:test!
[30Sep2026 04:19:29.005] [Render thread/WARN] [immersive_aircraft.Main/]: Non-quad face found in model: aviator_dream:test!
[30Sep2026 04:19:29.005] [Render thread/WARN] [immersive_aircraft.Main/]: Non-quad face found in model: aviator_dream:test!
[30Sep2026 04:19:29.005] [Render thread/WARN] [immersive_aircraft.Main/]: Non-quad face found in model: aviator_dream:test!
[30Sep2026 04:19:29.005] [Render thread/WARN] [immersive_aircraft.Main/]: Non-quad face found in model: aviator_dream:test!
[30Sep2026 04:19:29.005] [Render thread/WARN] [immersive_aircraft.Main/]: Non-quad face found in model: aviator_dream:test!
[30Sep2026 04:19:29.005] [Render thread/WARN] [immersive_aircraft.Main/]: Non-quad face found in model: aviator_dream:test!
[30Sep2026 04:19:29.005] [Render thread/WARN] [immersive_aircraft.Main/]: Non-quad face found in model: aviator_dream:test!
[30Sep2026 04:19:29.005] [Render thread/WARN] [immersive_aircraft.Main/]: Non-quad face found in model: aviator_dream:test!
[30Sep2026 04:19:29.005] [Render thread/WARN] [immersive_aircraft.Main/]: Non-quad face found in model: aviator_dream:test!
[30Sep2026 04:19:29.005] [Render thread/WARN] [immersive_aircraft.Main/]: Non-quad face found in model: aviator_dream:test!
[30Sep2026 04:19:29.005] [Render thread/WARN] [immersive_aircraft.Main/]: Non-quad face found in model: aviator_dream:test!
[30Sep2026 04:19:29.005] [Render thread/WARN] [immersive_aircraft.Main/]: Non-quad face found in model: aviator_dream:test!
[30Sep2026 04:19:29.005] [Render thread/WARN] [immersive_aircraft.Main/]: Non-quad face found in model: aviator_dream:test!
[30Sep2026 04:19:29.005] [Render thread/WARN] [immersive_aircraft.Main/]: Non-quad face found in model: aviator_dream:test!
[30Sep2026 04:19:29.005] [Render thread/WARN] [immersive_aircraft.Main/]: Non-quad face found in model: aviator_dream:test!
[30Sep2026 04:19:29.005] [Render thread/WARN] [immersive_aircraft.Main/]: Non-quad face found in model: aviator_dream:test!
[30Sep2026 04:19:29.005] [Render thread/WARN] [immersive_aircraft.Main/]: Non-quad face found in model: aviator_dream:test!
[30Sep2026 04:19:29.005] [Render thread/WARN] [immersive_aircraft.Main/]: Non-quad face found in model: aviator_dream:test!
[30Sep2026 04:19:29.005] [Render thread/WARN] [immersive_aircraft.Main/]: Non-quad face found in model: aviator_dream:test!
[30Sep2026 04:19:29.005] [Render thread/WARN] [immersive_aircraft.Main/]: Non-quad face found in model: aviator_dream:test!
[30Sep2026 04:19:29.006] [Render thread/WARN] [immersive_aircraft.Main/]: Non-quad face found in model: aviator_dream:test!
[30Sep2026 04:19:29.006] [Render thread/WARN] [immersive_aircraft.Main/]: Non-quad face found in model: aviator_dream:test!
[30Sep2026 04:19:29.006] [Render thread/WARN] [immersive_aircraft.Main/]: Non-quad face found in model: aviator_dream:test!
[30Sep2026 04:19:29.006] [Render thread/WARN] [immersive_aircraft.Main/]: Non-quad face found in model: aviator_dream:test!
[30Sep2026 04:19:29.006] [Render thread/WARN] [immersive_aircraft.Main/]: Non-quad face found in model: aviator_dream:test!
[30Sep2026 04:19:29.006] [Render thread/WARN] [immersive_aircraft.Main/]: Non-quad face found in model: aviator_dream:test!
[30Sep2026 04:19:29.006] [Render thread/WARN] [immersive_aircraft.Main/]: Non-quad face found in model: aviator_dream:test!
[30Sep2026 04:19:29.006] [Render thread/WARN] [immersive_aircraft.Main/]: Non-quad face found in model: aviator_dream:test!
[30Sep2026 04:19:29.006] [Render thread/WARN] [immersive_aircraft.Main/]: Non-quad face found in model: aviator_dream:test!
[30Sep2026 04:19:29.006] [Render thread/WARN] [immersive_aircraft.Main/]: Non-quad face found in model: aviator_dream:test!
[30Sep2026 04:19:29.006] [Render thread/WARN] [immersive_aircraft.Main/]: Non-quad face found in model: aviator_dream:test!
[30Sep2026 04:19:29.006] [Render thread/WARN] [immersive_aircraft.Main/]: Non-quad face found in model: aviator_dream:test!
[30Sep2026 04:19:29.006] [Render thread/WARN] [immersive_aircraft.Main/]: Non-quad face found in model: aviator_dream:test!
[30Sep2026 04:19:29.006] [Render thread/WARN] [immersive_aircraft.Main/]: Non-quad face found in model: aviator_dream:test!
[30Sep2026 04:19:29.006] [Render thread/WARN] [immersive_aircraft.Main/]: Non-quad face found in model: aviator_dream:test!
[30Sep2026 04:19:29.006] [Render thread/WARN] [immersive_aircraft.Main/]: Non-quad face found in model: aviator_dream:test!
[30Sep2026 04:19:29.006] [Render thread/WARN] [immersive_aircraft.Main/]: Non-quad face found in model: aviator_dream:test!
[30Sep2026 04:19:29.006] [Render thread/WARN] [immersive_aircraft.Main/]: Non-quad face found in model: aviator_dream:test!
[30Sep2026 04:19:29.006] [Render thread/WARN] [immersive_aircraft.Main/]: Non-quad face found in model: aviator_dream:test!
[30Sep2026 04:19:29.006] [Render thread/WARN] [immersive_aircraft.Main/]: Non-quad face found in model: aviator_dream:test!
[30Sep2026 04:19:29.006] [Render thread/WARN] [immersive_aircraft.Main/]: Non-quad face found in model: aviator_dream:test!
[30Sep2026 04:19:29.006] [Render thread/WARN] [immersive_aircraft.Main/]: Non-quad face found in model: aviator_dream:test!
[30Sep2026 04:19:29.006] [Render thread/WARN] [immersive_aircraft.Main/]: Non-quad face found in model: aviator_dream:test!
[30Sep2026 04:19:29.006] [Render thread/WARN] [immersive_aircraft.Main/]: Non-quad face found in model: aviator_dream:test!
[30Sep2026 04:19:29.006] [Render thread/WARN] [immersive_aircraft.Main/]: Non-quad face found in model: aviator_dream:test!
[30Sep2026 04:19:29.006] [Render thread/WARN] [immersive_aircraft.Main/]: Non-quad face found in model: aviator_dream:test!
[30Sep2026 04:19:29.006] [Render thread/WARN] [immersive_aircraft.Main/]: Non-quad face found in model: aviator_dream:test!
[30Sep2026 04:19:29.006] [Render thread/WARN] [immersive_aircraft.Main/]: Non-quad face found in model: aviator_dream:test!
[30Sep2026 04:19:29.007] [Render thread/WARN] [immersive_aircraft.Main/]: Non-quad face found in model: aviator_dream:test!
[30Sep2026 04:19:29.007] [Render thread/WARN] [immersive_aircraft.Main/]: Non-quad face found in model: aviator_dream:test!
[30Sep2026 04:19:29.007] [Render thread/WARN] [immersive_aircraft.Main/]: Non-quad face found in model: aviator_dream:test!
[30Sep2026 04:19:29.007] [Render thread/WARN] [immersive_aircraft.Main/]: Non-quad face found in model: aviator_dream:test!
[30Sep2026 04:19:29.007] [Render thread/WARN] [immersive_aircraft.Main/]: Non-quad face found in model: aviator_dream:test!
[30Sep2026 04:19:29.007] [Render thread/WARN] [immersive_aircraft.Main/]: Non-quad face found in model: aviator_dream:test!
[30Sep2026 04:19:29.007] [Render thread/WARN] [immersive_aircraft.Main/]: Non-quad face found in model: aviator_dream:test!
[30Sep2026 04:19:29.007] [Render thread/WARN] [immersive_aircraft.Main/]: Non-quad face found in model: aviator_dream:test!
[30Sep2026 04:19:29.007] [Render thread/WARN] [immersive_aircraft.Main/]: Non-quad face found in model: aviator_dream:test!
[30Sep2026 04:19:29.007] [Render thread/WARN] [immersive_aircraft.Main/]: Non-quad face found in model: aviator_dream:test!
[30Sep2026 04:19:29.007] [Render thread/WARN] [immersive_aircraft.Main/]: Non-quad face found in model: aviator_dream:test!
[30Sep2026 04:19:29.007] [Render thread/WARN] [immersive_aircraft.Main/]: Non-quad face found in model: aviator_dream:test!
[30Sep2026 04:19:29.007] [Render thread/WARN] [immersive_aircraft.Main/]: Non-quad face found in model: aviator_dream:test!
[30Sep2026 04:19:29.007] [Render thread/WARN] [immersive_aircraft.Main/]: Non-quad face found in model: aviator_dream:test!
[30Sep2026 04:19:29.007] [Render thread/WARN] [immersive_aircraft.Main/]: Non-quad face found in model: aviator_dream:test!
[30Sep2026 04:19:29.007] [Render thread/WARN] [immersive_aircraft.Main/]: Non-quad face found in model: aviator_dream:test!
[30Sep2026 04:19:29.007] [Render thread/WARN] [immersive_aircraft.Main/]: Non-quad face found in model: aviator_dream:test!
[30Sep2026 04:19:29.007] [Render thread/WARN] [immersive_aircraft.Main/]: Non-quad face found in model: aviator_dream:test!
[30Sep2026 04:19:29.007] [Render thread/WARN] [immersive_aircraft.Main/]: Non-quad face found in model: aviator_dream:test!
[30Sep2026 04:19:29.007] [Render thread/WARN] [immersive_aircraft.Main/]: Non-quad face found in model: aviator_dream:test!
[30Sep2026 04:19:29.007] [Render thread/WARN] [immersive_aircraft.Main/]: Non-quad face found in model: aviator_dream:test!
[30Sep2026 04:19:29.007] [Render thread/WARN] [immersive_aircraft.Main/]: Non-quad face found in model: aviator_dream:test!
[30Sep2026 04:19:29.007] [Render thread/WARN] [immersive_aircraft.Main/]: Non-quad face found in model: aviator_dream:test!
[30Sep2026 04:19:29.007] [Render thread/WARN] [immersive_aircraft.Main/]: Non-quad face found in model: aviator_dream:test!
[30Sep2026 04:19:29.007] [Render thread/WARN] [immersive_aircraft.Main/]: Non-quad face found in model: aviator_dream:test!
[30Sep2026 04:19:29.007] [Render thread/WARN] [immersive_aircraft.Main/]: Non-quad face found in model: aviator_dream:test!
[30Sep2026 04:19:29.007] [Render thread/WARN] [immersive_aircraft.Main/]: Non-quad face found in model: aviator_dream:test!
[30Sep2026 04:19:29.007] [Render thread/WARN] [immersive_aircraft.Main/]: Non-quad face found in model: aviator_dream:test!
[30Sep2026 04:19:29.007] [Render thread/WARN] [immersive_aircraft.Main/]: Non-quad face found in model: aviator_dream:test!
[30Sep2026 04:19:29.007] [Render thread/WARN] [immersive_aircraft.Main/]: Non-quad face found in model: aviator_dream:test!
[30Sep2026 04:19:29.007] [Render thread/WARN] [immersive_aircraft.Main/]: Non-quad face found in model: aviator_dream:test!
[30Sep2026 04:19:29.007] [Render thread/WARN] [immersive_aircraft.Main/]: Non-quad face found in model: aviator_dream:test!
[30Sep2026 04:19:29.007] [Render thread/WARN] [immersive_aircraft.Main/]: Non-quad face found in model: aviator_dream:test!
[30Sep2026 04:19:29.008] [Render thread/WARN] [immersive_aircraft.Main/]: Non-quad face found in model: aviator_dream:test!
[30Sep2026 04:19:29.008] [Render thread/WARN] [immersive_aircraft.Main/]: Non-quad face found in model: aviator_dream:test!
[30Sep2026 04:19:29.008] [Render thread/WARN] [immersive_aircraft.Main/]: Non-quad face found in model: aviator_dream:test!
[30Sep2026 04:19:29.008] [Render thread/WARN] [immersive_aircraft.Main/]: Non-quad face found in model: aviator_dream:test!
[30Sep2026 04:19:29.008] [Render thread/WARN] [immersive_aircraft.Main/]: Non-quad face found in model: aviator_dream:test!
[30Sep2026 04:19:29.008] [Render thread/WARN] [immersive_aircraft.Main/]: Non-quad face found in model: aviator_dream:test!
[30Sep2026 04:19:29.008] [Render thread/WARN] [immersive_aircraft.Main/]: Non-quad face found in model: aviator_dream:test!
[30Sep2026 04:19:29.008] [Render thread/WARN] [immersive_aircraft.Main/]: Non-quad face found in model: aviator_dream:test!
[30Sep2026 04:19:29.008] [Render thread/WARN] [immersive_aircraft.Main/]: Non-quad face found in model: aviator_dream:test!
[30Sep2026 04:19:29.008] [Render thread/WARN] [immersive_aircraft.Main/]: Non-quad face found in model: aviator_dream:test!
[30Sep2026 04:19:29.008] [Render thread/WARN] [immersive_aircraft.Main/]: Non-quad face found in model: aviator_dream:test!
[30Sep2026 04:19:29.008] [Render thread/WARN] [immersive_aircraft.Main/]: Non-quad face found in model: aviator_dream:test!
[30Sep2026 04:19:29.008] [Render thread/WARN] [immersive_aircraft.Main/]: Non-quad face found in model: aviator_dream:test!
[30Sep2026 04:19:29.008] [Render thread/WARN] [immersive_aircraft.Main/]: Non-quad face found in model: aviator_dream:test!
[30Sep2026 04:19:29.008] [Render thread/WARN] [immersive_aircraft.Main/]: Non-quad face found in model: aviator_dream:test!
[30Sep2026 04:19:29.008] [Render thread/WARN] [immersive_aircraft.Main/]: Non-quad face found in model: aviator_dream:test!
[30Sep2026 04:19:29.008] [Render thread/WARN] [immersive_aircraft.Main/]: Non-quad face found in model: aviator_dream:test!
[30Sep2026 04:19:29.008] [Render thread/WARN] [immersive_aircraft.Main/]: Non-quad face found in model: aviator_dream:test!
[30Sep2026 04:19:29.008] [Render thread/WARN] [immersive_aircraft.Main/]: Non-quad face found in model: aviator_dream:test!
[30Sep2026 04:19:29.008] [Render thread/WARN] [immersive_aircraft.Main/]: Non-quad face found in model: aviator_dream:test!
[30Sep2026 04:19:29.008] [Render thread/WARN] [immersive_aircraft.Main/]: Non-quad face found in model: aviator_dream:test!
[30Sep2026 04:19:29.008] [Render thread/WARN] [immersive_aircraft.Main/]: Non-quad face found in model: aviator_dream:test!
[30Sep2026 04:19:29.008] [Render thread/WARN] [immersive_aircraft.Main/]: Non-quad face found in model: aviator_dream:test!
[30Sep2026 04:19:29.008] [Render thread/WARN] [immersive_aircraft.Main/]: Non-quad face found in model: aviator_dream:test!
[30Sep2026 04:19:29.008] [Render thread/WARN] [immersive_aircraft.Main/]: Non-quad face found in model: aviator_dream:test!
[30Sep2026 04:19:29.008] [Render thread/WARN] [immersive_aircraft.Main/]: Non-quad face found in model: aviator_dream:test!
[30Sep2026 04:19:29.008] [Render thread/WARN] [immersive_aircraft.Main/]: Non-quad face found in model: aviator_dream:test!
[30Sep2026 04:19:29.008] [Render thread/WARN] [immersive_aircraft.Main/]: Non-quad face found in model: aviator_dream:test!
[30Sep2026 04:19:29.008] [Render thread/WARN] [immersive_aircraft.Main/]: Non-quad face found in model: aviator_dream:test!
[30Sep2026 04:19:29.008] [Render thread/WARN] [immersive_aircraft.Main/]: Non-quad face found in model: aviator_dream:test!
[30Sep2026 04:19:29.008] [Render thread/WARN] [immersive_aircraft.Main/]: Non-quad face found in model: aviator_dream:test!
[30Sep2026 04:19:29.008] [Render thread/WARN] [immersive_aircraft.Main/]: Non-quad face found in model: aviator_dream:test!
[30Sep2026 04:19:29.008] [Render thread/WARN] [immersive_aircraft.Main/]: Non-quad face found in model: aviator_dream:test!
[30Sep2026 04:19:29.008] [Render thread/WARN] [immersive_aircraft.Main/]: Non-quad face found in model: aviator_dream:test!
[30Sep2026 04:19:29.008] [Render thread/WARN] [immersive_aircraft.Main/]: Non-quad face found in model: aviator_dream:test!
[30Sep2026 04:19:29.008] [Render thread/WARN] [immersive_aircraft.Main/]: Non-quad face found in model: aviator_dream:test!
[30Sep2026 04:19:29.009] [Render thread/WARN] [immersive_aircraft.Main/]: Non-quad face found in model: aviator_dream:test!
[30Sep2026 04:19:29.009] [Render thread/WARN] [immersive_aircraft.Main/]: Non-quad face found in model: aviator_dream:test!
[30Sep2026 04:19:29.009] [Render thread/WARN] [immersive_aircraft.Main/]: Non-quad face found in model: aviator_dream:test!
[30Sep2026 04:19:29.009] [Render thread/WARN] [immersive_aircraft.Main/]: Non-quad face found in model: aviator_dream:test!
[30Sep2026 04:19:29.009] [Render thread/WARN] [immersive_aircraft.Main/]: Non-quad face found in model: aviator_dream:test!
[30Sep2026 04:19:29.009] [Render thread/WARN] [immersive_aircraft.Main/]: Non-quad face found in model: aviator_dream:test!
[30Sep2026 04:19:29.009] [Render thread/WARN] [immersive_aircraft.Main/]: Non-quad face found in model: aviator_dream:test!
[30Sep2026 04:19:29.009] [Render thread/WARN] [immersive_aircraft.Main/]: Non-quad face found in model: aviator_dream:test!
[30Sep2026 04:19:29.009] [Render thread/WARN] [immersive_aircraft.Main/]: Non-quad face found in model: aviator_dream:test!
[30Sep2026 04:19:29.009] [Render thread/WARN] [immersive_aircraft.Main/]: Non-quad face found in model: aviator_dream:test!
[30Sep2026 04:19:29.009] [Render thread/WARN] [immersive_aircraft.Main/]: Non-quad face found in model: aviator_dream:test!
[30Sep2026 04:19:29.009] [Render thread/WARN] [immersive_aircraft.Main/]: Non-quad face found in model: aviator_dream:test!
[30Sep2026 04:19:29.009] [Render thread/WARN] [immersive_aircraft.Main/]: Non-quad face found in model: aviator_dream:test!
[30Sep2026 04:19:29.009] [Render thread/WARN] [immersive_aircraft.Main/]: Non-quad face found in model: aviator_dream:test!
[30Sep2026 04:19:29.009] [Render thread/WARN] [immersive_aircraft.Main/]: Non-quad face found in model: aviator_dream:test!
[30Sep2026 04:19:29.009] [Render thread/WARN] [immersive_aircraft.Main/]: Non-quad face found in model: aviator_dream:test!
[30Sep2026 04:19:29.009] [Render thread/WARN] [immersive_aircraft.Main/]: Non-quad face found in model: aviator_dream:test!
[30Sep2026 04:19:29.009] [Render thread/WARN] [immersive_aircraft.Main/]: Non-quad face found in model: aviator_dream:test!
[30Sep2026 04:19:29.009] [Render thread/WARN] [immersive_aircraft.Main/]: Non-quad face found in model: aviator_dream:test!
[30Sep2026 04:19:29.009] [Render thread/WARN] [immersive_aircraft.Main/]: Non-quad face found in model: aviator_dream:test!
[30Sep2026 04:19:29.009] [Render thread/WARN] [immersive_aircraft.Main/]: Non-quad face found in model: aviator_dream:test!
[30Sep2026 04:19:29.009] [Render thread/WARN] [immersive_aircraft.Main/]: Non-quad face found in model: aviator_dream:test!
[30Sep2026 04:19:29.009] [Render thread/WARN] [immersive_aircraft.Main/]: Non-quad face found in model: aviator_dream:test!
[30Sep2026 04:19:29.009] [Render thread/WARN] [immersive_aircraft.Main/]: Non-quad face found in model: aviator_dream:test!
[30Sep2026 04:19:29.009] [Render thread/WARN] [immersive_aircraft.Main/]: Non-quad face found in model: aviator_dream:test!
[30Sep2026 04:19:29.017] [Render thread/WARN] [immersive_aircraft.Main/]: Non-quad face found in model: aviator_dream:douglas_dc1!
[30Sep2026 04:19:29.017] [Render thread/WARN] [immersive_aircraft.Main/]: Non-quad face found in model: aviator_dream:douglas_dc1!
[30Sep2026 04:19:29.017] [Render thread/WARN] [immersive_aircraft.Main/]: Non-quad face found in model: aviator_dream:douglas_dc1!
[30Sep2026 04:19:29.017] [Render thread/WARN] [immersive_aircraft.Main/]: Non-quad face found in model: aviator_dream:douglas_dc1!
[30Sep2026 04:19:29.017] [Render thread/WARN] [immersive_aircraft.Main/]: Non-quad face found in model: aviator_dream:douglas_dc1!
[30Sep2026 04:19:29.017] [Render thread/WARN] [immersive_aircraft.Main/]: Non-quad face found in model: aviator_dream:douglas_dc1!
[30Sep2026 04:19:29.017] [Render thread/WARN] [immersive_aircraft.Main/]: Non-quad face found in model: aviator_dream:douglas_dc1!
[30Sep2026 04:19:29.017] [Render thread/WARN] [immersive_aircraft.Main/]: Non-quad face found in model: aviator_dream:douglas_dc1!
[30Sep2026 04:19:29.020] [Render thread/WARN] [immersive_aircraft.Main/]: Non-quad face found in model: aviator_dream:douglas_dc1!
[30Sep2026 04:19:29.020] [Render thread/WARN] [immersive_aircraft.Main/]: Non-quad face found in model: aviator_dream:douglas_dc1!
[30Sep2026 04:19:29.020] [Render thread/WARN] [immersive_aircraft.Main/]: Non-quad face found in model: aviator_dream:douglas_dc1!
[30Sep2026 04:19:29.020] [Render thread/WARN] [immersive_aircraft.Main/]: Non-quad face found in model: aviator_dream:douglas_dc1!
[30Sep2026 04:19:29.020] [Render thread/WARN] [immersive_aircraft.Main/]: Non-quad face found in model: aviator_dream:douglas_dc1!
[30Sep2026 04:19:29.020] [Render thread/WARN] [immersive_aircraft.Main/]: Non-quad face found in model: aviator_dream:douglas_dc1!
[30Sep2026 04:19:29.020] [Render thread/WARN] [immersive_aircraft.Main/]: Non-quad face found in model: aviator_dream:douglas_dc1!
[30Sep2026 04:19:29.020] [Render thread/WARN] [immersive_aircraft.Main/]: Non-quad face found in model: aviator_dream:douglas_dc1!
[30Sep2026 04:19:29.023] [Render thread/WARN] [immersive_aircraft.Main/]: Non-quad face found in model: aviator_dream:douglas_dc1!
[30Sep2026 04:19:29.023] [Render thread/WARN] [immersive_aircraft.Main/]: Non-quad face found in model: aviator_dream:douglas_dc1!
[30Sep2026 04:19:29.026] [Render thread/WARN] [immersive_aircraft.Main/]: Non-quad face found in model: aviator_dream:douglas_dc1!
[30Sep2026 04:19:29.026] [Render thread/WARN] [immersive_aircraft.Main/]: Non-quad face found in model: aviator_dream:douglas_dc1!
[30Sep2026 04:19:29.027] [Render thread/WARN] [immersive_aircraft.Main/]: Non-quad face found in model: aviator_dream:douglas_dc1!
[30Sep2026 04:19:29.027] [Render thread/WARN] [immersive_aircraft.Main/]: Non-quad face found in model: aviator_dream:douglas_dc1!
[30Sep2026 04:19:29.038] [Render thread/WARN] [immersive_aircraft.Main/]: Non-quad face found in model: aviator_dream:douglas_dc2!
[30Sep2026 04:19:29.038] [Render thread/WARN] [immersive_aircraft.Main/]: Non-quad face found in model: aviator_dream:douglas_dc2!
[30Sep2026 04:19:29.038] [Render thread/WARN] [immersive_aircraft.Main/]: Non-quad face found in model: aviator_dream:douglas_dc2!
[30Sep2026 04:19:29.038] [Render thread/WARN] [immersive_aircraft.Main/]: Non-quad face found in model: aviator_dream:douglas_dc2!
[30Sep2026 04:19:29.038] [Render thread/WARN] [immersive_aircraft.Main/]: Non-quad face found in model: aviator_dream:douglas_dc2!
[30Sep2026 04:19:29.038] [Render thread/WARN] [immersive_aircraft.Main/]: Non-quad face found in model: aviator_dream:douglas_dc2!
[30Sep2026 04:19:29.038] [Render thread/WARN] [immersive_aircraft.Main/]: Non-quad face found in model: aviator_dream:douglas_dc2!
[30Sep2026 04:19:29.038] [Render thread/WARN] [immersive_aircraft.Main/]: Non-quad face found in model: aviator_dream:douglas_dc2!
[30Sep2026 04:19:29.043] [Render thread/WARN] [immersive_aircraft.Main/]: Non-quad face found in model: aviator_dream:douglas_dc2!
[30Sep2026 04:19:29.043] [Render thread/WARN] [immersive_aircraft.Main/]: Non-quad face found in model: aviator_dream:douglas_dc2!
[30Sep2026 04:19:29.043] [Render thread/WARN] [immersive_aircraft.Main/]: Non-quad face found in model: aviator_dream:douglas_dc2!
[30Sep2026 04:19:29.043] [Render thread/WARN] [immersive_aircraft.Main/]: Non-quad face found in model: aviator_dream:douglas_dc2!
[30Sep2026 04:19:29.043] [Render thread/WARN] [immersive_aircraft.Main/]: Non-quad face found in model: aviator_dream:douglas_dc2!
[30Sep2026 04:19:29.043] [Render thread/WARN] [immersive_aircraft.Main/]: Non-quad face found in model: aviator_dream:douglas_dc2!
[30Sep2026 04:19:29.043] [Render thread/WARN] [immersive_aircraft.Main/]: Non-quad face found in model: aviator_dream:douglas_dc2!
[30Sep2026 04:19:29.043] [Render thread/WARN] [immersive_aircraft.Main/]: Non-quad face found in model: aviator_dream:douglas_dc2!
[30Sep2026 04:19:29.045] [Render thread/WARN] [immersive_aircraft.Main/]: Non-quad face found in model: aviator_dream:douglas_dc2!
[30Sep2026 04:19:29.045] [Render thread/WARN] [immersive_aircraft.Main/]: Non-quad face found in model: aviator_dream:douglas_dc2!
[30Sep2026 04:19:29.048] [Render thread/WARN] [immersive_aircraft.Main/]: Non-quad face found in model: aviator_dream:douglas_dc2!
[30Sep2026 04:19:29.048] [Render thread/WARN] [immersive_aircraft.Main/]: Non-quad face found in model: aviator_dream:douglas_dc2!
[30Sep2026 04:19:29.048] [Render thread/WARN] [immersive_aircraft.Main/]: Non-quad face found in model: aviator_dream:douglas_dc2!
[30Sep2026 04:19:29.048] [Render thread/WARN] [immersive_aircraft.Main/]: Non-quad face found in model: aviator_dream:douglas_dc2!
[30Sep2026 04:19:29.059] [Render thread/WARN] [immersive_aircraft.Main/]: Non-quad face found in model: aviator_dream:douglas_c47!
[30Sep2026 04:19:29.060] [Render thread/WARN] [immersive_aircraft.Main/]: Non-quad face found in model: aviator_dream:douglas_c47!
[30Sep2026 04:19:29.060] [Render thread/WARN] [immersive_aircraft.Main/]: Non-quad face found in model: aviator_dream:douglas_c47!
[30Sep2026 04:19:29.060] [Render thread/WARN] [immersive_aircraft.Main/]: Non-quad face found in model: aviator_dream:douglas_c47!
[30Sep2026 04:19:29.060] [Render thread/WARN] [immersive_aircraft.Main/]: Non-quad face found in model: aviator_dream:douglas_c47!
[30Sep2026 04:19:29.060] [Render thread/WARN] [immersive_aircraft.Main/]: Non-quad face found in model: aviator_dream:douglas_c47!
[30Sep2026 04:19:29.060] [Render thread/WARN] [immersive_aircraft.Main/]: Non-quad face found in model: aviator_dream:douglas_c47!
[30Sep2026 04:19:29.060] [Render thread/WARN] [immersive_aircraft.Main/]: Non-quad face found in model: aviator_dream:douglas_c47!
[30Sep2026 04:19:29.063] [Render thread/WARN] [immersive_aircraft.Main/]: Non-quad face found in model: aviator_dream:douglas_c47!
[30Sep2026 04:19:29.063] [Render thread/WARN] [immersive_aircraft.Main/]: Non-quad face found in model: aviator_dream:douglas_c47!
[30Sep2026 04:19:29.064] [Render thread/WARN] [immersive_aircraft.Main/]: Non-quad face found in model: aviator_dream:douglas_c47!
[30Sep2026 04:19:29.064] [Render thread/WARN] [immersive_aircraft.Main/]: Non-quad face found in model: aviator_dream:douglas_c47!
[30Sep2026 04:19:29.064] [Render thread/WARN] [immersive_aircraft.Main/]: Non-quad face found in model: aviator_dream:douglas_c47!
[30Sep2026 04:19:29.064] [Render thread/WARN] [immersive_aircraft.Main/]: Non-quad face found in model: aviator_dream:douglas_c47!
[30Sep2026 04:19:29.064] [Render thread/WARN] [immersive_aircraft.Main/]: Non-quad face found in model: aviator_dream:douglas_c47!
[30Sep2026 04:19:29.064] [Render thread/WARN] [immersive_aircraft.Main/]: Non-quad face found in model: aviator_dream:douglas_c47!
[30Sep2026 04:19:29.068] [Render thread/WARN] [immersive_aircraft.Main/]: Non-quad face found in model: aviator_dream:douglas_c47!
[30Sep2026 04:19:29.068] [Render thread/WARN] [immersive_aircraft.Main/]: Non-quad face found in model: aviator_dream:douglas_c47!
[30Sep2026 04:19:29.071] [Render thread/WARN] [immersive_aircraft.Main/]: Non-quad face found in model: aviator_dream:douglas_c47!
[30Sep2026 04:19:29.071] [Render thread/WARN] [immersive_aircraft.Main/]: Non-quad face found in model: aviator_dream:douglas_c47!
[30Sep2026 04:19:29.071] [Render thread/WARN] [immersive_aircraft.Main/]: Non-quad face found in model: aviator_dream:douglas_c47!
[30Sep2026 04:19:29.071] [Render thread/WARN] [immersive_aircraft.Main/]: Non-quad face found in model: aviator_dream:douglas_c47!
[30Sep2026 04:19:29.074] [Render thread/WARN] [immersive_aircraft.Main/]: Non-quad face found in model: aviator_dream:douglas_c47!
[30Sep2026 04:19:29.074] [Render thread/WARN] [immersive_aircraft.Main/]: Non-quad face found in model: aviator_dream:douglas_c47!
[30Sep2026 04:19:29.077] [Render thread/WARN] [immersive_aircraft.Main/]: Non-quad face found in model: aviator_dream:fokker_fviia!
[30Sep2026 04:19:29.077] [Render thread/WARN] [immersive_aircraft.Main/]: Non-quad face found in model: aviator_dream:fokker_fviia!
[30Sep2026 04:19:29.077] [Render thread/WARN] [immersive_aircraft.Main/]: Non-quad face found in model: aviator_dream:fokker_fviia!
[30Sep2026 04:19:29.077] [Render thread/WARN] [immersive_aircraft.Main/]: Non-quad face found in model: aviator_dream:fokker_fviia!
[30Sep2026 04:19:29.077] [Render thread/WARN] [immersive_aircraft.Main/]: Non-quad face found in model: aviator_dream:fokker_fviia!
[30Sep2026 04:19:29.077] [Render thread/WARN] [immersive_aircraft.Main/]: Non-quad face found in model: aviator_dream:fokker_fviia!
[30Sep2026 04:19:29.077] [Render thread/WARN] [immersive_aircraft.Main/]: Non-quad face found in model: aviator_dream:fokker_fviia!
[30Sep2026 04:19:29.077] [Render thread/WARN] [immersive_aircraft.Main/]: Non-quad face found in model: aviator_dream:fokker_fviia!
[30Sep2026 04:19:29.080] [Render thread/WARN] [immersive_aircraft.Main/]: Non-quad face found in model: aviator_dream:fokker_fviia!
[30Sep2026 04:19:29.090] [Render thread/WARN] [immersive_aircraft.Main/]: Non-quad face found in model: aviator_dream:lockheed_l1049g!
[30Sep2026 04:19:29.090] [Render thread/WARN] [immersive_aircraft.Main/]: Non-quad face found in model: aviator_dream:lockheed_l1049g!
[30Sep2026 04:19:29.093] [Render thread/WARN] [immersive_aircraft.Main/]: Non-quad face found in model: aviator_dream:lockheed_l1049g!
[30Sep2026 04:19:29.093] [Render thread/WARN] [immersive_aircraft.Main/]: Non-quad face found in model: aviator_dream:lockheed_l1049g!
[30Sep2026 04:19:29.093] [Render thread/WARN] [immersive_aircraft.Main/]: Non-quad face found in model: aviator_dream:lockheed_l1049g!
[30Sep2026 04:19:29.093] [Render thread/WARN] [immersive_aircraft.Main/]: Non-quad face found in model: aviator_dream:lockheed_l1049g!
[30Sep2026 04:19:29.093] [Render thread/WARN] [immersive_aircraft.Main/]: Non-quad face found in model: aviator_dream:lockheed_l1049g!
[30Sep2026 04:19:29.093] [Render thread/WARN] [immersive_aircraft.Main/]: Non-quad face found in model: aviator_dream:lockheed_l1049g!
[30Sep2026 04:19:29.093] [Render thread/WARN] [immersive_aircraft.Main/]: Non-quad face found in model: aviator_dream:lockheed_l1049g!
[30Sep2026 04:19:29.093] [Render thread/WARN] [immersive_aircraft.Main/]: Non-quad face found in model: aviator_dream:lockheed_l1049g!
[30Sep2026 04:19:29.096] [Render thread/WARN] [immersive_aircraft.Main/]: Non-quad face found in model: aviator_dream:lockheed_l1049g!
[30Sep2026 04:19:29.096] [Render thread/WARN] [immersive_aircraft.Main/]: Non-quad face found in model: aviator_dream:lockheed_l1049g!
[30Sep2026 04:19:29.096] [Render thread/WARN] [immersive_aircraft.Main/]: Non-quad face found in model: aviator_dream:lockheed_l1049g!
[30Sep2026 04:19:29.096] [Render thread/WARN] [immersive_aircraft.Main/]: Non-quad face found in model: aviator_dream:lockheed_l1049g!
[30Sep2026 04:19:29.096] [Render thread/WARN] [immersive_aircraft.Main/]: Non-quad face found in model: aviator_dream:lockheed_l1049g!
[30Sep2026 04:19:29.096] [Render thread/WARN] [immersive_aircraft.Main/]: Non-quad face found in model: aviator_dream:lockheed_l1049g!
[30Sep2026 04:19:29.096] [Render thread/WARN] [immersive_aircraft.Main/]: Non-quad face found in model: aviator_dream:lockheed_l1049g!
[30Sep2026 04:19:29.096] [Render thread/WARN] [immersive_aircraft.Main/]: Non-quad face found in model: aviator_dream:lockheed_l1049g!
[30Sep2026 04:19:29.099] [Render thread/WARN] [immersive_aircraft.Main/]: Non-quad face found in model: aviator_dream:lockheed_l1049g!
[30Sep2026 04:19:29.099] [Render thread/WARN] [immersive_aircraft.Main/]: Non-quad face found in model: aviator_dream:lockheed_l1049g!
[30Sep2026 04:19:29.099] [Render thread/WARN] [immersive_aircraft.Main/]: Non-quad face found in model: aviator_dream:lockheed_l1049g!
[30Sep2026 04:19:29.099] [Render thread/WARN] [immersive_aircraft.Main/]: Non-quad face found in model: aviator_dream:lockheed_l1049g!
[30Sep2026 04:19:29.099] [Render thread/WARN] [immersive_aircraft.Main/]: Non-quad face found in model: aviator_dream:lockheed_l1049g!
[30Sep2026 04:19:29.099] [Render thread/WARN] [immersive_aircraft.Main/]: Non-quad face found in model: aviator_dream:lockheed_l1049g!
[30Sep2026 04:19:29.099] [Render thread/WARN] [immersive_aircraft.Main/]: Non-quad face found in model: aviator_dream:lockheed_l1049g!
[30Sep2026 04:19:29.099] [Render thread/WARN] [immersive_aircraft.Main/]: Non-quad face found in model: aviator_dream:lockheed_l1049g!
[30Sep2026 04:19:29.102] [Render thread/WARN] [immersive_aircraft.Main/]: Non-quad face found in model: aviator_dream:lockheed_l1049g!
[30Sep2026 04:19:29.102] [Render thread/WARN] [immersive_aircraft.Main/]: Non-quad face found in model: aviator_dream:lockheed_l1049g!
[30Sep2026 04:19:29.102] [Render thread/WARN] [immersive_aircraft.Main/]: Non-quad face found in model: aviator_dream:lockheed_l1049g!
[30Sep2026 04:19:29.102] [Render thread/WARN] [immersive_aircraft.Main/]: Non-quad face found in model: aviator_dream:lockheed_l1049g!
[30Sep2026 04:19:29.102] [Render thread/WARN] [immersive_aircraft.Main/]: Non-quad face found in model: aviator_dream:lockheed_l1049g!
[30Sep2026 04:19:29.102] [Render thread/WARN] [immersive_aircraft.Main/]: Non-quad face found in model: aviator_dream:lockheed_l1049g!
[30Sep2026 04:19:29.102] [Render thread/WARN] [immersive_aircraft.Main/]: Non-quad face found in model: aviator_dream:lockheed_l1049g!
[30Sep2026 04:19:29.102] [Render thread/WARN] [immersive_aircraft.Main/]: Non-quad face found in model: aviator_dream:lockheed_l1049g!
[30Sep2026 04:19:29.106] [Render thread/WARN] [immersive_aircraft.Main/]: Non-quad face found in model: aviator_dream:lockheed_l1049g!
[30Sep2026 04:19:29.106] [Render thread/WARN] [immersive_aircraft.Main/]: Non-quad face found in model: aviator_dream:lockheed_l1049g!
[30Sep2026 04:19:29.106] [Render thread/WARN] [immersive_aircraft.Main/]: Non-quad face found in model: aviator_dream:lockheed_l1049g!
[30Sep2026 04:19:29.106] [Render thread/WARN] [immersive_aircraft.Main/]: Non-quad face found in model: aviator_dream:lockheed_l1049g!
[30Sep2026 04:19:29.132] [Render thread/WARN] [immersive_aircraft.Main/]: Non-quad face found in model: aviator_dream:fokker_fviib3m!
[30Sep2026 04:19:29.133] [Render thread/WARN] [immersive_aircraft.Main/]: Non-quad face found in model: aviator_dream:fokker_fviib3m!
[30Sep2026 04:19:29.133] [Render thread/WARN] [immersive_aircraft.Main/]: Non-quad face found in model: aviator_dream:fokker_fviib3m!
[30Sep2026 04:19:29.133] [Render thread/WARN] [immersive_aircraft.Main/]: Non-quad face found in model: aviator_dream:fokker_fviib3m!
[30Sep2026 04:19:29.133] [Render thread/WARN] [immersive_aircraft.Main/]: Non-quad face found in model: aviator_dream:fokker_fviib3m!
[30Sep2026 04:19:29.133] [Render thread/WARN] [immersive_aircraft.Main/]: Non-quad face found in model: aviator_dream:fokker_fviib3m!
[30Sep2026 04:19:29.133] [Render thread/WARN] [immersive_aircraft.Main/]: Non-quad face found in model: aviator_dream:fokker_fviib3m!
[30Sep2026 04:19:29.133] [Render thread/WARN] [immersive_aircraft.Main/]: Non-quad face found in model: aviator_dream:fokker_fviib3m!
[30Sep2026 04:19:29.134] [Render thread/WARN] [immersive_aircraft.Main/]: Non-quad face found in model: aviator_dream:fokker_fviib3m!
[30Sep2026 04:19:29.135] [Render thread/WARN] [immersive_aircraft.Main/]: Non-quad face found in model: aviator_dream:fokker_fviib3m!
[30Sep2026 04:19:29.135] [Render thread/WARN] [immersive_aircraft.Main/]: Non-quad face found in model: aviator_dream:fokker_fviib3m!
[30Sep2026 04:19:29.135] [Render thread/WARN] [immersive_aircraft.Main/]: Non-quad face found in model: aviator_dream:fokker_fviib3m!
[30Sep2026 04:19:29.135] [Render thread/WARN] [immersive_aircraft.Main/]: Non-quad face found in model: aviator_dream:fokker_fviib3m!
[30Sep2026 04:19:29.135] [Render thread/WARN] [immersive_aircraft.Main/]: Non-quad face found in model: aviator_dream:fokker_fviib3m!
[30Sep2026 04:19:29.135] [Render thread/WARN] [immersive_aircraft.Main/]: Non-quad face found in model: aviator_dream:fokker_fviib3m!
[30Sep2026 04:19:29.135] [Render thread/WARN] [immersive_aircraft.Main/]: Non-quad face found in model: aviator_dream:fokker_fviib3m!
[30Sep2026 04:19:29.136] [Render thread/WARN] [immersive_aircraft.Main/]: Non-quad face found in model: aviator_dream:fokker_fviib3m!
[30Sep2026 04:19:29.136] [Render thread/WARN] [immersive_aircraft.Main/]: Non-quad face found in model: aviator_dream:fokker_fviib3m!
[30Sep2026 04:19:29.136] [Render thread/WARN] [immersive_aircraft.Main/]: Non-quad face found in model: aviator_dream:fokker_fviib3m!
[30Sep2026 04:19:29.136] [Render thread/WARN] [immersive_aircraft.Main/]: Non-quad face found in model: aviator_dream:fokker_fviib3m!
[30Sep2026 04:19:29.136] [Render thread/WARN] [immersive_aircraft.Main/]: Non-quad face found in model: aviator_dream:fokker_fviib3m!
[30Sep2026 04:19:29.136] [Render thread/WARN] [immersive_aircraft.Main/]: Non-quad face found in model: aviator_dream:fokker_fviib3m!
[30Sep2026 04:19:29.137] [Render thread/WARN] [immersive_aircraft.Main/]: Non-quad face found in model: aviator_dream:fokker_fviib3m!
[30Sep2026 04:19:29.137] [Render thread/WARN] [immersive_aircraft.Main/]: Non-quad face found in model: aviator_dream:fokker_fviib3m!
[30Sep2026 04:19:29.140] [Render thread/WARN] [immersive_aircraft.Main/]: Non-quad face found in model: aviator_dream:fokker_fviib3m!
[30Sep2026 04:19:29.143] [Render thread/WARN] [immersive_aircraft.Main/]: Non-quad face found in model: aviator_dream:toyota_stout_k100!
[30Sep2026 04:19:29.143] [Render thread/WARN] [immersive_aircraft.Main/]: Non-quad face found in model: aviator_dream:toyota_stout_k100!
[30Sep2026 04:19:29.143] [Render thread/WARN] [immersive_aircraft.Main/]: Non-quad face found in model: aviator_dream:toyota_stout_k100!
[30Sep2026 04:19:29.143] [Render thread/WARN] [immersive_aircraft.Main/]: Non-quad face found in model: aviator_dream:toyota_stout_k100!
[30Sep2026 04:19:29.143] [Render thread/WARN] [immersive_aircraft.Main/]: Non-quad face found in model: aviator_dream:toyota_stout_k100!
[30Sep2026 04:19:29.143] [Render thread/WARN] [immersive_aircraft.Main/]: Non-quad face found in model: aviator_dream:toyota_stout_k100!
[30Sep2026 04:19:29.143] [Render thread/WARN] [immersive_aircraft.Main/]: Non-quad face found in model: aviator_dream:toyota_stout_k100!
[30Sep2026 04:19:29.143] [Render thread/WARN] [immersive_aircraft.Main/]: Non-quad face found in model: aviator_dream:toyota_stout_k100!
[30Sep2026 04:19:29.143] [Render thread/WARN] [immersive_aircraft.Main/]: Non-quad face found in model: aviator_dream:toyota_stout_k100!
[30Sep2026 04:19:29.143] [Render thread/WARN] [immersive_aircraft.Main/]: Non-quad face found in model: aviator_dream:toyota_stout_k100!
[30Sep2026 04:19:29.143] [Render thread/WARN] [immersive_aircraft.Main/]: Non-quad face found in model: aviator_dream:toyota_stout_k100!
[30Sep2026 04:19:29.143] [Render thread/WARN] [immersive_aircraft.Main/]: Non-quad face found in model: aviator_dream:toyota_stout_k100!
[30Sep2026 04:19:29.143] [Render thread/WARN] [immersive_aircraft.Main/]: Non-quad face found in model: aviator_dream:toyota_stout_k100!
[30Sep2026 04:19:29.143] [Render thread/WARN] [immersive_aircraft.Main/]: Non-quad face found in model: aviator_dream:toyota_stout_k100!
[30Sep2026 04:19:29.143] [Render thread/WARN] [immersive_aircraft.Main/]: Non-quad face found in model: aviator_dream:toyota_stout_k100!
[30Sep2026 04:19:29.143] [Render thread/WARN] [immersive_aircraft.Main/]: Non-quad face found in model: aviator_dream:toyota_stout_k100!
[30Sep2026 04:19:29.143] [Render thread/WARN] [immersive_aircraft.Main/]: Non-quad face found in model: aviator_dream:toyota_stout_k100!
[30Sep2026 04:19:29.143] [Render thread/WARN] [immersive_aircraft.Main/]: Non-quad face found in model: aviator_dream:toyota_stout_k100!
[30Sep2026 04:19:29.143] [Render thread/WARN] [immersive_aircraft.Main/]: Non-quad face found in model: aviator_dream:toyota_stout_k100!
[30Sep2026 04:19:29.143] [Render thread/WARN] [immersive_aircraft.Main/]: Non-quad face found in model: aviator_dream:toyota_stout_k100!
[30Sep2026 04:19:29.144] [Render thread/WARN] [immersive_aircraft.Main/]: Non-quad face found in model: aviator_dream:toyota_stout_k100!
[30Sep2026 04:19:29.144] [Render thread/WARN] [immersive_aircraft.Main/]: Non-quad face found in model: aviator_dream:toyota_stout_k100!
[30Sep2026 04:19:29.144] [Render thread/WARN] [immersive_aircraft.Main/]: Non-quad face found in model: aviator_dream:toyota_stout_k100!
[30Sep2026 04:19:29.144] [Render thread/WARN] [immersive_aircraft.Main/]: Non-quad face found in model: aviator_dream:toyota_stout_k100!
[30Sep2026 04:19:29.144] [Render thread/WARN] [immersive_aircraft.Main/]: Non-quad face found in model: aviator_dream:toyota_stout_k100!
[30Sep2026 04:19:29.144] [Render thread/WARN] [immersive_aircraft.Main/]: Non-quad face found in model: aviator_dream:toyota_stout_k100!
[30Sep2026 04:19:29.144] [Render thread/WARN] [immersive_aircraft.Main/]: Non-quad face found in model: aviator_dream:toyota_stout_k100!
[30Sep2026 04:19:29.144] [Render thread/WARN] [immersive_aircraft.Main/]: Non-quad face found in model: aviator_dream:toyota_stout_k100!
[30Sep2026 04:19:29.144] [Render thread/WARN] [immersive_aircraft.Main/]: Non-quad face found in model: aviator_dream:toyota_stout_k100!
[30Sep2026 04:19:29.144] [Render thread/WARN] [immersive_aircraft.Main/]: Non-quad face found in model: aviator_dream:toyota_stout_k100!
[30Sep2026 04:19:29.144] [Render thread/WARN] [immersive_aircraft.Main/]: Non-quad face found in model: aviator_dream:toyota_stout_k100!
[30Sep2026 04:19:29.144] [Render thread/WARN] [immersive_aircraft.Main/]: Non-quad face found in model: aviator_dream:toyota_stout_k100!
[30Sep2026 04:19:29.144] [Render thread/WARN] [immersive_aircraft.Main/]: Non-quad face found in model: aviator_dream:toyota_stout_k100!
[30Sep2026 04:19:29.144] [Render thread/WARN] [immersive_aircraft.Main/]: Non-quad face found in model: aviator_dream:toyota_stout_k100!
[30Sep2026 04:19:29.144] [Render thread/WARN] [immersive_aircraft.Main/]: Non-quad face found in model: aviator_dream:toyota_stout_k100!
[30Sep2026 04:19:29.144] [Render thread/WARN] [immersive_aircraft.Main/]: Non-quad face found in model: aviator_dream:toyota_stout_k100!
[30Sep2026 04:19:29.144] [Render thread/WARN] [immersive_aircraft.Main/]: Non-quad face found in model: aviator_dream:toyota_stout_k100!
[30Sep2026 04:19:29.144] [Render thread/WARN] [immersive_aircraft.Main/]: Non-quad face found in model: aviator_dream:toyota_stout_k100!
[30Sep2026 04:19:29.145] [Render thread/WARN] [immersive_aircraft.Main/]: Non-quad face found in model: aviator_dream:toyota_stout_k100!
[30Sep2026 04:19:29.146] [Render thread/WARN] [immersive_aircraft.Main/]: Non-quad face found in model: aviator_dream:toyota_stout_k100!
[30Sep2026 04:19:29.146] [Render thread/WARN] [immersive_aircraft.Main/]: Non-quad face found in model: aviator_dream:toyota_stout_k100!
[30Sep2026 04:19:29.146] [Render thread/WARN] [immersive_aircraft.Main/]: Non-quad face found in model: aviator_dream:toyota_stout_k100!
[30Sep2026 04:19:29.146] [Render thread/WARN] [immersive_aircraft.Main/]: Non-quad face found in model: aviator_dream:toyota_stout_k100!
[30Sep2026 04:19:29.146] [Render thread/WARN] [immersive_aircraft.Main/]: Non-quad face found in model: aviator_dream:toyota_stout_k100!
[30Sep2026 04:19:29.146] [Render thread/WARN] [immersive_aircraft.Main/]: Non-quad face found in model: aviator_dream:toyota_stout_k100!
[30Sep2026 04:19:29.146] [Render thread/WARN] [immersive_aircraft.Main/]: Non-quad face found in model: aviator_dream:toyota_stout_k100!
[30Sep2026 04:19:29.146] [Render thread/WARN] [immersive_aircraft.Main/]: Non-quad face found in model: aviator_dream:toyota_stout_k100!
[30Sep2026 04:19:29.146] [Render thread/WARN] [immersive_aircraft.Main/]: Non-quad face found in model: aviator_dream:toyota_stout_k100!
[30Sep2026 04:19:29.146] [Render thread/WARN] [immersive_aircraft.Main/]: Non-quad face found in model: aviator_dream:toyota_stout_k100!
[30Sep2026 04:19:29.146] [Render thread/WARN] [immersive_aircraft.Main/]: Non-quad face found in model: aviator_dream:toyota_stout_k100!
[30Sep2026 04:19:29.146] [Render thread/WARN] [immersive_aircraft.Main/]: Non-quad face found in model: aviator_dream:toyota_stout_k100!
[30Sep2026 04:19:29.146] [Render thread/WARN] [immersive_aircraft.Main/]: Non-quad face found in model: aviator_dream:toyota_stout_k100!
[30Sep2026 04:19:29.146] [Render thread/WARN] [immersive_aircraft.Main/]: Non-quad face found in model: aviator_dream:toyota_stout_k100!
[30Sep2026 04:19:29.146] [Render thread/WARN] [immersive_aircraft.Main/]: Non-quad face found in model: aviator_dream:toyota_stout_k100!
[30Sep2026 04:19:29.146] [Render thread/WARN] [immersive_aircraft.Main/]: Non-quad face found in model: aviator_dream:toyota_stout_k100!
[30Sep2026 04:19:29.146] [Render thread/WARN] [immersive_aircraft.Main/]: Non-quad face found in model: aviator_dream:toyota_stout_k100!
[30Sep2026 04:19:29.146] [Render thread/WARN] [immersive_aircraft.Main/]: Non-quad face found in model: aviator_dream:toyota_stout_k100!
[30Sep2026 04:19:29.146] [Render thread/WARN] [immersive_aircraft.Main/]: Non-quad face found in model: aviator_dream:toyota_stout_k100!
[30Sep2026 04:19:29.146] [Render thread/WARN] [immersive_aircraft.Main/]: Non-quad face found in model: aviator_dream:toyota_stout_k100!
[30Sep2026 04:19:29.146] [Render thread/WARN] [immersive_aircraft.Main/]: Non-quad face found in model: aviator_dream:toyota_stout_k100!
[30Sep2026 04:19:29.146] [Render thread/WARN] [immersive_aircraft.Main/]: Non-quad face found in model: aviator_dream:toyota_stout_k100!
[30Sep2026 04:19:29.146] [Render thread/WARN] [immersive_aircraft.Main/]: Non-quad face found in model: aviator_dream:toyota_stout_k100!
[30Sep2026 04:19:29.146] [Render thread/WARN] [immersive_aircraft.Main/]: Non-quad face found in model: aviator_dream:toyota_stout_k100!
[30Sep2026 04:19:29.146] [Render thread/WARN] [immersive_aircraft.Main/]: Non-quad face found in model: aviator_dream:toyota_stout_k100!
[30Sep2026 04:19:29.146] [Render thread/WARN] [immersive_aircraft.Main/]: Non-quad face found in model: aviator_dream:toyota_stout_k100!
[30Sep2026 04:19:29.146] [Render thread/WARN] [immersive_aircraft.Main/]: Non-quad face found in model: aviator_dream:toyota_stout_k100!
[30Sep2026 04:19:29.146] [Render thread/WARN] [immersive_aircraft.Main/]: Non-quad face found in model: aviator_dream:toyota_stout_k100!
[30Sep2026 04:19:29.146] [Render thread/WARN] [immersive_aircraft.Main/]: Non-quad face found in model: aviator_dream:toyota_stout_k100!
[30Sep2026 04:19:29.146] [Render thread/WARN] [immersive_aircraft.Main/]: Non-quad face found in model: aviator_dream:toyota_stout_k100!
[30Sep2026 04:19:29.146] [Render thread/WARN] [immersive_aircraft.Main/]: Non-quad face found in model: aviator_dream:toyota_stout_k100!
[30Sep2026 04:19:29.146] [Render thread/WARN] [immersive_aircraft.Main/]: Non-quad face found in model: aviator_dream:toyota_stout_k100!
[30Sep2026 04:19:29.147] [Render thread/WARN] [immersive_aircraft.Main/]: Non-quad face found in model: aviator_dream:toyota_stout_k100!
[30Sep2026 04:19:29.147] [Render thread/WARN] [immersive_aircraft.Main/]: Non-quad face found in model: aviator_dream:toyota_stout_k100!
[30Sep2026 04:19:29.147] [Render thread/WARN] [immersive_aircraft.Main/]: Non-quad face found in model: aviator_dream:toyota_stout_k100!
[30Sep2026 04:19:29.147] [Render thread/WARN] [immersive_aircraft.Main/]: Non-quad face found in model: aviator_dream:toyota_stout_k100!
[30Sep2026 04:19:29.147] [Render thread/WARN] [immersive_aircraft.Main/]: Non-quad face found in model: aviator_dream:toyota_stout_k100!
[30Sep2026 04:19:29.147] [Render thread/WARN] [immersive_aircraft.Main/]: Non-quad face found in model: aviator_dream:toyota_stout_k100!
[30Sep2026 04:19:29.147] [Render thread/WARN] [immersive_aircraft.Main/]: Non-quad face found in model: aviator_dream:toyota_stout_k100!
[30Sep2026 04:19:29.147] [Render thread/WARN] [immersive_aircraft.Main/]: Non-quad face found in model: aviator_dream:toyota_stout_k100!
[30Sep2026 04:19:29.147] [Render thread/WARN] [immersive_aircraft.Main/]: Non-quad face found in model: aviator_dream:toyota_stout_k100!
[30Sep2026 04:19:29.147] [Render thread/WARN] [immersive_aircraft.Main/]: Non-quad face found in model: aviator_dream:toyota_stout_k100!
[30Sep2026 04:19:29.147] [Render thread/WARN] [immersive_aircraft.Main/]: Non-quad face found in model: aviator_dream:toyota_stout_k100!
[30Sep2026 04:19:29.147] [Render thread/WARN] [immersive_aircraft.Main/]: Non-quad face found in model: aviator_dream:toyota_stout_k100!
[30Sep2026 04:19:29.147] [Render thread/WARN] [immersive_aircraft.Main/]: Non-quad face found in model: aviator_dream:toyota_stout_k100!
[30Sep2026 04:19:29.147] [Render thread/WARN] [immersive_aircraft.Main/]: Non-quad face found in model: aviator_dream:toyota_stout_k100!
[30Sep2026 04:19:29.153] [Render thread/WARN] [immersive_aircraft.Main/]: Non-quad face found in model: aviator_dream:dehavilland_dh106!
[30Sep2026 04:19:29.153] [Render thread/WARN] [immersive_aircraft.Main/]: Non-quad face found in model: aviator_dream:dehavilland_dh106!
[30Sep2026 04:19:29.153] [Render thread/WARN] [immersive_aircraft.Main/]: Non-quad face found in model: aviator_dream:dehavilland_dh106!
[30Sep2026 04:19:29.153] [Render thread/WARN] [immersive_aircraft.Main/]: Non-quad face found in model: aviator_dream:dehavilland_dh106!
[30Sep2026 04:19:29.153] [Render thread/WARN] [immersive_aircraft.Main/]: Non-quad face found in model: aviator_dream:dehavilland_dh106!
[30Sep2026 04:19:29.153] [Render thread/WARN] [immersive_aircraft.Main/]: Non-quad face found in model: aviator_dream:dehavilland_dh106!
[30Sep2026 04:19:29.153] [Render thread/WARN] [immersive_aircraft.Main/]: Non-quad face found in model: aviator_dream:dehavilland_dh106!
[30Sep2026 04:19:29.153] [Render thread/WARN] [immersive_aircraft.Main/]: Non-quad face found in model: aviator_dream:dehavilland_dh106!
[30Sep2026 04:19:29.153] [Render thread/WARN] [immersive_aircraft.Main/]: Non-quad face found in model: aviator_dream:dehavilland_dh106!
[30Sep2026 04:19:29.154] [Render thread/WARN] [immersive_aircraft.Main/]: Non-quad face found in model: aviator_dream:dehavilland_dh106!
[30Sep2026 04:19:29.154] [Render thread/WARN] [immersive_aircraft.Main/]: Non-quad face found in model: aviator_dream:dehavilland_dh106!
[30Sep2026 04:19:29.154] [Render thread/WARN] [immersive_aircraft.Main/]: Non-quad face found in model: aviator_dream:dehavilland_dh106!
[30Sep2026 04:19:29.154] [Render thread/WARN] [immersive_aircraft.Main/]: Non-quad face found in model: aviator_dream:dehavilland_dh106!
[30Sep2026 04:19:29.154] [Render thread/WARN] [immersive_aircraft.Main/]: Non-quad face found in model: aviator_dream:dehavilland_dh106!
[30Sep2026 04:19:29.154] [Render thread/WARN] [immersive_aircraft.Main/]: Non-quad face found in model: aviator_dream:dehavilland_dh106!
[30Sep2026 04:19:29.154] [Render thread/WARN] [immersive_aircraft.Main/]: Non-quad face found in model: aviator_dream:dehavilland_dh106!
[30Sep2026 04:19:29.154] [Render thread/WARN] [immersive_aircraft.Main/]: Non-quad face found in model: aviator_dream:dehavilland_dh106!
[30Sep2026 04:19:29.154] [Render thread/WARN] [immersive_aircraft.Main/]: Non-quad face found in model: aviator_dream:dehavilland_dh106!
[30Sep2026 04:19:29.155] [Render thread/WARN] [immersive_aircraft.Main/]: Non-quad face found in model: aviator_dream:dehavilland_dh106!
[30Sep2026 04:19:29.155] [Render thread/WARN] [immersive_aircraft.Main/]: Non-quad face found in model: aviator_dream:dehavilland_dh106!
[30Sep2026 04:19:29.163] [Render thread/WARN] [immersive_aircraft.Main/]: Non-quad face found in model: aviator_dream:dehavilland_dh106!
[30Sep2026 04:19:29.164] [Render thread/WARN] [immersive_aircraft.Main/]: Non-quad face found in model: aviator_dream:dehavilland_dh106!
[30Sep2026 04:19:29.229] [Worker-Main-6/INFO] [magnetization/Ponder/]: Registered 16 core and 0 optional Magnetization Ponder scenes
[30Sep2026 04:19:29.240] [Worker-Main-6/INFO] [PonderIndex/]: Registering Ponder Scenes took 48.79 ms
[30Sep2026 04:19:29.243] [Worker-Main-6/INFO] [PonderIndex/]: Registering Ponder Tags took 2.519 ms
[30Sep2026 04:19:29.328] [Render thread/WARN] [net.minecraft.client.sounds.SoundEngine/]: Missing sound for event: minecraft:item.goat_horn.play
[30Sep2026 04:19:29.328] [Render thread/WARN] [net.minecraft.client.sounds.SoundEngine/]: Missing sound for event: minecraft:entity.goat.screaming.horn_break
[30Sep2026 04:19:29.365] [Render thread/INFO] [com.mojang.blaze3d.audio.Library/]: OpenAL initialized on device Arctis Nova Elite Analog Stereo
[30Sep2026 04:19:29.365] [Render thread/INFO] [net.minecraft.client.sounds.SoundEngine/SOUNDS]: Sound engine started
[30Sep2026 04:19:29.422] [Render thread/INFO] [net.minecraft.client.renderer.texture.TextureAtlas/]: Created: 2048x1024x4 minecraft:textures/atlas/blocks.png-atlas
[30Sep2026 04:19:29.438] [Render thread/INFO] [net.minecraft.client.renderer.texture.TextureAtlas/]: Created: 256x256x4 minecraft:textures/atlas/signs.png-atlas
[30Sep2026 04:19:29.439] [Render thread/INFO] [net.minecraft.client.renderer.texture.TextureAtlas/]: Created: 512x512x4 minecraft:textures/atlas/shield_patterns.png-atlas
[30Sep2026 04:19:29.439] [Render thread/INFO] [net.minecraft.client.renderer.texture.TextureAtlas/]: Created: 512x512x4 minecraft:textures/atlas/banner_patterns.png-atlas
[30Sep2026 04:19:29.440] [Render thread/INFO] [net.minecraft.client.renderer.texture.TextureAtlas/]: Created: 2048x1024x4 minecraft:textures/atlas/armor_trims.png-atlas
[30Sep2026 04:19:29.445] [Render thread/INFO] [net.minecraft.client.renderer.texture.TextureAtlas/]: Created: 128x64x4 minecraft:textures/atlas/decorated_pot.png-atlas
[30Sep2026 04:19:29.445] [Render thread/INFO] [net.minecraft.client.renderer.texture.TextureAtlas/]: Created: 256x256x4 minecraft:textures/atlas/chest.png-atlas
[30Sep2026 04:19:29.445] [Render thread/INFO] [net.minecraft.client.renderer.texture.TextureAtlas/]: Created: 512x256x4 minecraft:textures/atlas/shulker_boxes.png-atlas
[30Sep2026 04:19:29.446] [Render thread/INFO] [net.minecraft.client.renderer.texture.TextureAtlas/]: Created: 512x256x4 minecraft:textures/atlas/beds.png-atlas
[30Sep2026 04:19:29.486] [Render thread/INFO] [net.minecraft.client.renderer.texture.TextureAtlas/]: Created: 512x512x0 minecraft:textures/atlas/particles.png-atlas
[30Sep2026 04:19:29.488] [Render thread/INFO] [net.minecraft.client.renderer.texture.TextureAtlas/]: Created: 512x256x0 minecraft:textures/atlas/paintings.png-atlas
[30Sep2026 04:19:29.489] [Render thread/INFO] [net.minecraft.client.renderer.texture.TextureAtlas/]: Created: 256x128x0 minecraft:textures/atlas/mob_effects.png-atlas
[30Sep2026 04:19:29.489] [Render thread/INFO] [net.minecraft.client.renderer.texture.TextureAtlas/]: Created: 64x64x0 minecraft:textures/atlas/map_decorations.png-atlas
[30Sep2026 04:19:29.489] [Render thread/INFO] [net.minecraft.client.renderer.texture.TextureAtlas/]: Created: 1024x512x0 minecraft:textures/atlas/gui.png-atlas
[30Sep2026 04:19:29.506] [Render thread/WARN] [net.minecraft.client.renderer.ShaderInstance/]: Shader rendertype_entity_translucent_emissive could not find sampler named Sampler2 in the specified shader program.
[30Sep2026 04:19:29.550] [Render thread/INFO] [Veil/]: Loaded 3 framebuffers
[30Sep2026 04:19:29.590] [Render thread/INFO] [Veil/]: Loaded 6 post pipelines
[30Sep2026 04:19:29.596] [Render thread/INFO] [Veil/]: Loaded 4 render types
[30Sep2026 04:19:29.596] [Render thread/INFO] [Veil/]: Enabled bloom pipeline
[30Sep2026 04:19:29.596] [Render thread/INFO] [Veil/]: Loaded 0 quasar particles
[30Sep2026 04:19:29.597] [Render thread/INFO] [Veil/]: Loaded 0 templates
[30Sep2026 04:19:29.597] [Render thread/INFO] [Veil/]: Loaded 0 modules
[30Sep2026 04:19:29.617] [Render thread/INFO] [flywheel/backend/shaders/]: Loaded 77 shader sources in 15.176 ms
[30Sep2026 04:19:29.627] [Render thread/INFO] [Veil/]: Compiled 58 vanilla shaders in 85.79 ms
[30Sep2026 04:19:29.630] [Render thread/INFO] [com.simibubi.create.Create/]: Loaded 58 train hat configurations.
[30Sep2026 04:19:29.631] [Render thread/INFO] [net.neoforged.neoforge.client.entity.animation.json.AnimationLoader/]: Loaded 0 entity animations
[30Sep2026 04:19:29.669] [Render thread/INFO] [net.minecraft.client.gui.screens.ConnectScreen/]: Connecting to 127.0.0.1, 25585
[30Sep2026 04:19:30.076] [Server Connector #1/INFO] [dev.ryanhcode.sable.Sable/]: Starting remote client UDP channel future
[30Sep2026 04:19:30.081] [Netty Epoll Client IO #1/INFO] [dev.ryanhcode.sable.Sable/]: Client UDP channel active
[30Sep2026 04:19:30.291] [Render thread/INFO] [com.simibubi.create.Create/]: Created 157 recipes which will be injected into the game
[30Sep2026 04:19:30.294] [Render thread/INFO] [com.simibubi.create.Create/]: Created 0 tags which will be injected into the game
[30Sep2026 04:19:31.378] [Render thread/INFO] [flywheel/]: Started 10 worker threads
[30Sep2026 04:19:31.391] [Render thread/INFO] [dev.ryanhcode.sable.Sable/]: Received UDP authentication request, sending response over UDP to localhost/127.0.0.1:25585
[30Sep2026 04:19:31.563] [Render thread/INFO] [Veil/]: Multi-Bind supported, using core
[30Sep2026 04:19:31.855] [Render thread/INFO] [Veil/]: Finished uploading vanilla shaders
[30Sep2026 04:19:33.944] [Render thread/INFO] [net.minecraft.advancements.AdvancementTree/]: Loaded 2 advancements
[30Sep2026 04:19:34.198] [Render thread/INFO] [magnetization/aircraft-network-audit/]: AIRCRAFT_CLIENT player=AuditPilot type=immersive_aircraft:airship uuid=a46cc34e-f982-45cd-a117-b30b88c59c72 tick=60 x=-142.8874895599717 y=152.67602322955065 z=46.59383769040416 vx=0.0047380539802200795 pilot=true
[30Sep2026 04:19:34.699] [Render thread/INFO] [magnetization/aircraft-network-audit/]: AIRCRAFT_CLIENT player=AuditPilot type=immersive_aircraft:airship uuid=a46cc34e-f982-45cd-a117-b30b88c59c72 tick=70 x=-142.82522418509328 y=150.23506485438637 z=46.71777988759452 vx=0.006443186519101538 pilot=true
[30Sep2026 04:19:35.201] [Render thread/INFO] [magnetization/aircraft-network-audit/]: AIRCRAFT_CLIENT player=AuditPilot type=immersive_aircraft:airship uuid=a46cc34e-f982-45cd-a117-b30b88c59c72 tick=80 x=-142.7714441625043 y=147.2831524539435 z=46.90616904620886 vx=0.004236782597474499 pilot=true
[30Sep2026 04:19:35.704] [Render thread/INFO] [magnetization/aircraft-network-audit/]: AIRCRAFT_CLIENT player=AuditPilot type=immersive_aircraft:airship uuid=a46cc34e-f982-45cd-a117-b30b88c59c72 tick=90 x=-142.74540212845307 y=144.49373528215838 z=47.10356818697441 vx=0.0012773455847547206 pilot=true
[30Sep2026 04:19:36.207] [Render thread/INFO] [magnetization/aircraft-network-audit/]: AIRCRAFT_CLIENT player=AuditPilot type=immersive_aircraft:airship uuid=a46cc34e-f982-45cd-a117-b30b88c59c72 tick=100 x=-142.74713055102623 y=142.06575056051125 z=47.272602558959655 vx=-0.0012569438376176917 pilot=true
[30Sep2026 04:19:36.708] [Render thread/INFO] [magnetization/aircraft-network-audit/]: AIRCRAFT_CLIENT player=AuditPilot type=immersive_aircraft:airship uuid=a46cc34e-f982-45cd-a117-b30b88c59c72 tick=110 x=-142.7702138485025 y=140.0232335958797 z=47.39419004507998 vx=-0.0030587054639877958 pilot=true
[30Sep2026 04:19:37.210] [Render thread/INFO] [magnetization/aircraft-network-audit/]: AIRCRAFT_CLIENT player=AuditPilot type=immersive_aircraft:airship uuid=a46cc34e-f982-45cd-a117-b30b88c59c72 tick=120 x=-142.80765623704778 y=138.33121473853663 z=47.46368992165797 vx=-0.004230668821361859 pilot=true
[30Sep2026 04:19:37.689] [Render thread/INFO] [magnetization/aircraft-network-audit/]: AIRCRAFT_CLIENT player=AuditPilot type=immersive_aircraft:airship uuid=a46cc34e-f982-45cd-a117-b30b88c59c72 tick=130 x=-142.85479924651773 y=136.93959130025323 z=47.488922159820696 vx=-0.005088628119402504 pilot=true
[30Sep2026 04:19:38.192] [Render thread/INFO] [magnetization/aircraft-network-audit/]: AIRCRAFT_CLIENT player=AuditPilot type=immersive_aircraft:airship uuid=a46cc34e-f982-45cd-a117-b30b88c59c72 tick=140 x=-142.90979598798623 y=135.79893746896832 z=47.48896485831221 vx=-0.005799430719631601 pilot=true
[30Sep2026 04:19:38.695] [Render thread/INFO] [magnetization/aircraft-network-audit/]: AIRCRAFT_CLIENT player=AuditPilot type=immersive_aircraft:airship uuid=a46cc34e-f982-45cd-a117-b30b88c59c72 tick=150 x=-142.96984073783526 y=134.86552226431832 z=47.48067536920126 vx=-0.006087248445435512 pilot=true
[30Sep2026 04:19:39.209] [Render thread/INFO] [magnetization/aircraft-network-audit/]: AIRCRAFT_CLIENT player=AuditPilot type=immersive_aircraft:airship uuid=a46cc34e-f982-45cd-a117-b30b88c59c72 tick=160 x=-143.02956005272458 y=134.1022949402612 z=47.47114266871091 vx=-0.005794500742988289 pilot=true
[30Sep2026 04:19:39.691] [Render thread/INFO] [magnetization/aircraft-network-audit/]: AIRCRAFT_CLIENT player=AuditPilot type=immersive_aircraft:airship uuid=a46cc34e-f982-45cd-a117-b30b88c59c72 tick=170 x=-143.08368346097276 y=133.47846232140185 z=47.46257543409497 vx=-0.005049023814012822 pilot=true
[30Sep2026 04:19:40.193] [Render thread/INFO] [magnetization/aircraft-network-audit/]: AIRCRAFT_CLIENT player=AuditPilot type=immersive_aircraft:airship uuid=a46cc34e-f982-45cd-a117-b30b88c59c72 tick=180 x=-143.12899983117381 y=132.9686588741435 z=47.455520981596784 vx=-0.004096701540202932 pilot=true
[30Sep2026 04:19:40.694] [Render thread/INFO] [magnetization/aircraft-network-audit/]: AIRCRAFT_CLIENT player=AuditPilot type=immersive_aircraft:airship uuid=a46cc34e-f982-45cd-a117-b30b88c59c72 tick=190 x=-143.16481015886754 y=132.55207808915273 z=47.449941196229275 vx=-0.003179993864061271 pilot=true
[30Sep2026 04:19:41.196] [Render thread/INFO] [magnetization/aircraft-network-audit/]: AIRCRAFT_CLIENT player=AuditPilot type=immersive_aircraft:airship uuid=a46cc34e-f982-45cd-a117-b30b88c59c72 tick=200 x=-143.1925082267222 y=132.21168768067537 z=47.44555660122139 vx=-0.0024749271257663843 pilot=true
[30Sep2026 04:19:41.697] [Render thread/INFO] [magnetization/aircraft-network-audit/]: AIRCRAFT_CLIENT player=AuditPilot type=immersive_aircraft:airship uuid=a46cc34e-f982-45cd-a117-b30b88c59c72 tick=210 x=-143.2147528265953 y=131.93355850687976 z=47.44196708917224 vx=-0.002065612534522792 pilot=true
[30Sep2026 04:19:42.199] [Render thread/INFO] [magnetization/aircraft-network-audit/]: AIRCRAFT_CLIENT player=AuditPilot type=immersive_aircraft:airship uuid=a46cc34e-f982-45cd-a117-b30b88c59c72 tick=220 x=-143.2345209945667 y=131.7063043425707 z=47.438723885523814 vx=-0.0019423064532434464 pilot=true
[30Sep2026 04:19:42.700] [Render thread/INFO] [magnetization/aircraft-network-audit/]: AIRCRAFT_CLIENT player=AuditPilot type=immersive_aircraft:airship uuid=a46cc34e-f982-45cd-a117-b30b88c59c72 tick=230 x=-143.25424601269054 y=131.52062005193275 z=47.43540218517091 vx=-0.002017695587075348 pilot=true
[30Sep2026 04:19:43.201] [Render thread/INFO] [magnetization/aircraft-network-audit/]: AIRCRAFT_CLIENT player=AuditPilot type=immersive_aircraft:airship uuid=a46cc34e-f982-45cd-a117-b30b88c59c72 tick=240 x=-143.27519714075729 y=131.36890204547495 z=47.43167528378257 vx=-0.0021569187297538804 pilot=true
[30Sep2026 04:19:43.703] [Render thread/INFO] [magnetization/aircraft-network-audit/]: AIRCRAFT_CLIENT player=AuditPilot type=immersive_aircraft:airship uuid=a46cc34e-f982-45cd-a117-b30b88c59c72 tick=250 x=-143.29721250728798 y=131.24493724318893 z=47.42737721008164 vx=-0.0022162087337146003 pilot=true
[30Sep2026 04:19:44.204] [Render thread/INFO] [magnetization/aircraft-network-audit/]: AIRCRAFT_CLIENT player=AuditPilot type=immersive_aircraft:airship uuid=a46cc34e-f982-45cd-a117-b30b88c59c72 tick=260 x=-143.31882818302105 y=131.14364899437496 z=47.42254412513404 vx=-0.002081827674679344 pilot=true
[30Sep2026 04:19:44.705] [Render thread/INFO] [magnetization/aircraft-network-audit/]: AIRCRAFT_CLIENT player=AuditPilot type=immersive_aircraft:airship uuid=a46cc34e-f982-45cd-a117-b30b88c59c72 tick=270 x=-143.3377562343705 y=131.06088916269925 z=47.41742982806821 vx=-0.001701749094344947 pilot=true
[30Sep2026 04:19:45.207] [Render thread/INFO] [magnetization/aircraft-network-audit/]: AIRCRAFT_CLIENT player=AuditPilot type=immersive_aircraft:airship uuid=a46cc34e-f982-45cd-a117-b30b88c59c72 tick=280 x=-143.35165202716917 y=130.9932684062978 z=47.41249670242099 vx=-0.0011053908375086739 pilot=true
[30Sep2026 04:19:45.708] [Render thread/INFO] [magnetization/aircraft-network-audit/]: AIRCRAFT_CLIENT player=AuditPilot type=immersive_aircraft:airship uuid=a46cc34e-f982-45cd-a117-b30b88c59c72 tick=290 x=-143.35868897834308 y=130.9380172526513 z=47.408386705463315 vx=-3.602536179551934E-4 pilot=true
[30Sep2026 04:19:46.210] [Render thread/INFO] [magnetization/aircraft-network-audit/]: AIRCRAFT_CLIENT player=AuditPilot type=immersive_aircraft:airship uuid=a46cc34e-f982-45cd-a117-b30b88c59c72 tick=300 x=-143.35799449001507 y=130.8928729866762 z=47.40616522215419 vx=4.0793478763234686E-4 pilot=true
[30Sep2026 04:19:46.711] [Render thread/INFO] [magnetization/aircraft-network-audit/]: AIRCRAFT_CLIENT player=AuditPilot type=immersive_aircraft:airship uuid=a46cc34e-f982-45cd-a117-b30b88c59c72 tick=310 x=-143.3507345554302 y=130.8559869038862 z=47.41011321570173 vx=9.501613203394733E-4 pilot=true
[30Sep2026 04:19:47.208] [Render thread/INFO] [magnetization/aircraft-network-audit/]: AIRCRAFT_CLIENT player=AuditPilot type=immersive_aircraft:airship uuid=a46cc34e-f982-45cd-a117-b30b88c59c72 tick=320 x=-143.33940890143563 y=130.8258483110508 z=47.42478812053768 vx=0.0012399930982822137 pilot=true
[30Sep2026 04:19:47.687] [Render thread/INFO] [magnetization/aircraft-network-audit/]: AIRCRAFT_CLIENT player=AuditPilot type=immersive_aircraft:airship uuid=a46cc34e-f982-45cd-a117-b30b88c59c72 tick=330 x=-143.3267446301138 y=130.80122290404088 z=47.451381910101084 vx=0.0012463194347055505 pilot=true
[30Sep2026 04:19:48.190] [Render thread/INFO] [magnetization/aircraft-network-audit/]: AIRCRAFT_CLIENT player=AuditPilot type=immersive_aircraft:airship uuid=a46cc34e-f982-45cd-a117-b30b88c59c72 tick=340 x=-143.31544082402556 y=130.78110209503464 z=47.48806888334176 vx=0.0010038512419540393 pilot=true
[30Sep2026 04:19:48.690] [Render thread/INFO] [magnetization/aircraft-network-audit/]: AIRCRAFT_CLIENT player=AuditPilot type=immersive_aircraft:airship uuid=a46cc34e-f982-45cd-a117-b30b88c59c72 tick=350 x=-143.30751361577884 y=130.76466186245455 z=47.53098638284296 vx=6.056484684221113E-4 pilot=true
[30Sep2026 04:19:49.192] [Render thread/INFO] [magnetization/aircraft-network-audit/]: AIRCRAFT_CLIENT player=AuditPilot type=immersive_aircraft:airship uuid=a46cc34e-f982-45cd-a117-b30b88c59c72 tick=360 x=-143.30383389019974 y=130.7512291661181 z=47.57542679887236 vx=1.7961205030567624E-4 pilot=true
[30Sep2026 04:19:49.694] [Render thread/INFO] [magnetization/aircraft-network-audit/]: AIRCRAFT_CLIENT player=AuditPilot type=immersive_aircraft:airship uuid=a46cc34e-f982-45cd-a117-b30b88c59c72 tick=370 x=-143.3039436795811 y=130.74025399834727 z=47.617016071290486 vx=-1.424209669455643E-4 pilot=true
[30Sep2026 04:19:50.194] [Render thread/INFO] [magnetization/aircraft-network-audit/]: AIRCRAFT_CLIENT player=AuditPilot type=immersive_aircraft:airship uuid=a46cc34e-f982-45cd-a117-b30b88c59c72 tick=380 x=-143.30620274508598 y=130.73128648853157 z=47.65265744833791 vx=-2.5786501190363766E-4 pilot=true
[30Sep2026 04:19:50.696] [Render thread/INFO] [magnetization/aircraft-network-audit/]: AIRCRAFT_CLIENT player=AuditPilot type=immersive_aircraft:airship uuid=a46cc34e-f982-45cd-a117-b30b88c59c72 tick=390 x=-143.3082335545179 y=130.72395933612367 z=47.68109658958585 vx=-1.2009600415775895E-4 pilot=true
[30Sep2026 04:19:51.198] [Render thread/INFO] [magnetization/aircraft-network-audit/]: AIRCRAFT_CLIENT player=AuditPilot type=immersive_aircraft:airship uuid=a46cc34e-f982-45cd-a117-b30b88c59c72 tick=400 x=-143.30759111678327 y=130.71797266151873 z=47.703136651254724 vx=2.4259136771765392E-4 pilot=true
[30Sep2026 04:19:51.699] [Render thread/INFO] [magnetization/aircraft-network-audit/]: AIRCRAFT_CLIENT player=AuditPilot type=immersive_aircraft:airship uuid=a46cc34e-f982-45cd-a117-b30b88c59c72 tick=410 x=-143.3025840533778 y=130.7130812602736 z=47.72171217269291 vx=7.166833480697206E-4 pilot=true
[30Sep2026 04:19:51.725] [Render thread/INFO] [net.minecraft.client.gui.components.ChatComponent/]: [System] [CHAT] AuditObserver joined the game
[30Sep2026 04:19:52.200] [Render thread/INFO] [magnetization/aircraft-network-audit/]: AIRCRAFT_CLIENT player=AuditPilot type=immersive_aircraft:airship uuid=2b9a24ff-f820-4086-8752-36f2f40723df tick=420 x=0.05126980642987243 y=178.40086885041316 z=0.0719041732426923 vx=0.00777719785963374 pilot=true
[30Sep2026 04:19:52.703] [Render thread/INFO] [magnetization/aircraft-network-audit/]: AIRCRAFT_CLIENT player=AuditPilot type=immersive_aircraft:airship uuid=2b9a24ff-f820-4086-8752-36f2f40723df tick=430 x=0.1366230720803941 y=175.56938077944724 z=0.24987812545795768 vx=0.008478558013996728 pilot=true
[30Sep2026 04:19:53.204] [Render thread/INFO] [magnetization/aircraft-network-audit/]: AIRCRAFT_CLIENT player=AuditPilot type=immersive_aircraft:airship uuid=2b9a24ff-f820-4086-8752-36f2f40723df tick=440 x=0.2102800180662936 y=172.65465341823995 z=0.4768321003587244 vx=0.00620693055191444 pilot=true
[30Sep2026 04:19:53.705] [Render thread/INFO] [magnetization/aircraft-network-audit/]: AIRCRAFT_CLIENT player=AuditPilot type=immersive_aircraft:airship uuid=2b9a24ff-f820-4086-8752-36f2f40723df tick=450 x=0.2554369088764851 y=170.03608372207032 z=0.7001472038056876 vx=0.0031125087148749586 pilot=true
[30Sep2026 04:19:54.206] [Render thread/INFO] [magnetization/aircraft-network-audit/]: AIRCRAFT_CLIENT player=AuditPilot type=immersive_aircraft:airship uuid=2b9a24ff-f820-4086-8752-36f2f40723df tick=460 x=0.27046541086895365 y=167.80307267678216 z=0.8841446286088095 vx=2.6668524800514454E-4 pilot=true
[30Sep2026 04:19:54.707] [Render thread/INFO] [magnetization/aircraft-network-audit/]: AIRCRAFT_CLIENT player=AuditPilot type=immersive_aircraft:airship uuid=2b9a24ff-f820-4086-8752-36f2f40723df tick=470 x=0.18469506500063604 y=165.94169695898228 z=1.0198602355154964 vx=-0.030243807867135104 pilot=true
[30Sep2026 04:19:55.209] [Render thread/INFO] [magnetization/aircraft-network-audit/]: AIRCRAFT_CLIENT player=AuditPilot type=immersive_aircraft:airship uuid=2b9a24ff-f820-4086-8752-36f2f40723df tick=480 x=-0.31765684423724655 y=164.40629173444046 z=1.2756911809937914 vx=-0.060943865819420066 pilot=true
[30Sep2026 04:19:55.710] [Render thread/INFO] [magnetization/aircraft-network-audit/]: AIRCRAFT_CLIENT player=AuditPilot type=immersive_aircraft:airship uuid=2b9a24ff-f820-4086-8752-36f2f40723df tick=490 x=-0.9859461818122258 y=163.14602675845708 z=1.7131452845500397 vx=-0.07003798206508935 pilot=true
[30Sep2026 04:19:56.186] [Render thread/INFO] [magnetization/aircraft-network-audit/]: AIRCRAFT_CLIENT player=AuditPilot type=immersive_aircraft:airship uuid=2b9a24ff-f820-4086-8752-36f2f40723df tick=500 x=-1.702032156791052 y=162.1140403977839 z=2.2568542100182394 vx=-0.07228485132400947 pilot=true
[30Sep2026 04:19:56.687] [Render thread/INFO] [magnetization/aircraft-network-audit/]: AIRCRAFT_CLIENT player=AuditPilot type=immersive_aircraft:airship uuid=2b9a24ff-f820-4086-8752-36f2f40723df tick=510 x=-2.423274501071581 y=161.2699419573144 z=2.8506357495908263 vx=-0.07172042745160041 pilot=true
[30Sep2026 04:19:57.189] [Render thread/INFO] [magnetization/aircraft-network-audit/]: AIRCRAFT_CLIENT player=AuditPilot type=immersive_aircraft:airship uuid=2b9a24ff-f820-4086-8752-36f2f40723df tick=520 x=-2.98188229986345 y=160.5799010438876 z=3.4433569981644543 vx=-0.01433559565054042 pilot=true
[30Sep2026 04:19:57.690] [Render thread/INFO] [magnetization/aircraft-network-audit/]: AIRCRAFT_CLIENT player=AuditPilot type=immersive_aircraft:airship uuid=2b9a24ff-f820-4086-8752-36f2f40723df tick=530 x=-2.765119391337931 y=160.0159491052506 z=3.8516953254149273 vx=0.03917861315663611 pilot=true
[30Sep2026 04:19:58.192] [Render thread/INFO] [magnetization/aircraft-network-audit/]: AIRCRAFT_CLIENT player=AuditPilot type=immersive_aircraft:airship uuid=2b9a24ff-f820-4086-8752-36f2f40723df tick=540 x=-2.2976006019617725 y=159.5551048181061 z=4.230748354154504 vx=0.050562062693515666 pilot=true
[30Sep2026 04:19:58.693] [Render thread/INFO] [magnetization/aircraft-network-audit/]: AIRCRAFT_CLIENT player=AuditPilot type=immersive_aircraft:airship uuid=2b9a24ff-f820-4086-8752-36f2f40723df tick=550 x=-1.7713189533848823 y=159.17853994119335 z=4.664192843273037 vx=0.05385043730589475 pilot=true
[30Sep2026 04:19:59.194] [Render thread/INFO] [magnetization/aircraft-network-audit/]: AIRCRAFT_CLIENT player=AuditPilot type=immersive_aircraft:airship uuid=2b9a24ff-f820-4086-8752-36f2f40723df tick=560 x=-1.223755561802189 y=158.87085044958147 z=5.14403913798863 vx=0.055361166867665554 pilot=true
[30Sep2026 04:19:59.696] [Render thread/INFO] [magnetization/aircraft-network-audit/]: AIRCRAFT_CLIENT player=AuditPilot type=immersive_aircraft:airship uuid=2b9a24ff-f820-4086-8752-36f2f40723df tick=570 x=-0.7381934865414804 y=158.61944221591676 z=5.644573136635867 vx=0.029104833405210744 pilot=true
[30Sep2026 04:20:00.197] [Render thread/INFO] [magnetization/aircraft-network-audit/]: AIRCRAFT_CLIENT player=AuditPilot type=immersive_aircraft:airship uuid=2b9a24ff-f820-4086-8752-36f2f40723df tick=580 x=-0.610137499985897 y=158.41402173657008 z=6.020363982724095 vx=0.004884468406178771 pilot=true
[30Sep2026 04:20:00.699] [Render thread/INFO] [magnetization/aircraft-network-audit/]: AIRCRAFT_CLIENT player=AuditPilot type=immersive_aircraft:bamboo_hopper uuid=5538a135-c626-48aa-98dd-04dc0a2a1e1b tick=590 x=0.002894807353743517 y=179.89000606445137 z=0.011008242492436551 vx=0.0018596198439012998 pilot=true
[30Sep2026 04:20:01.200] [Render thread/INFO] [magnetization/aircraft-network-audit/]: AIRCRAFT_CLIENT player=AuditPilot type=immersive_aircraft:bamboo_hopper uuid=5538a135-c626-48aa-98dd-04dc0a2a1e1b tick=600 x=0.024185912910227814 y=178.7101167213074 z=0.944532975303271 vx=8.539793499430038E-5 pilot=true
[30Sep2026 04:20:01.702] [Render thread/INFO] [magnetization/aircraft-network-audit/]: AIRCRAFT_CLIENT player=AuditPilot type=immersive_aircraft:bamboo_hopper uuid=5538a135-c626-48aa-98dd-04dc0a2a1e1b tick=610 x=-0.03060435958301696 y=177.64843370515464 z=3.0214380830425362 vx=-0.01064511736159864 pilot=true
[30Sep2026 04:20:02.203] [Render thread/INFO] [magnetization/aircraft-network-audit/]: AIRCRAFT_CLIENT player=AuditPilot type=immersive_aircraft:bamboo_hopper uuid=5538a135-c626-48aa-98dd-04dc0a2a1e1b tick=620 x=-0.20348344927463027 y=176.80525904505902 z=5.776704116110841 vx=-0.02248104688057692 pilot=true
[30Sep2026 04:20:02.704] [Render thread/INFO] [magnetization/aircraft-network-audit/]: AIRCRAFT_CLIENT player=AuditPilot type=immersive_aircraft:bamboo_hopper uuid=5538a135-c626-48aa-98dd-04dc0a2a1e1b tick=630 x=-0.47733306875451725 y=176.09456403860023 z=9.038959341296588 vx=-0.03054262203389108 pilot=true
[30Sep2026 04:20:03.206] [Render thread/INFO] [magnetization/aircraft-network-audit/]: AIRCRAFT_CLIENT player=AuditPilot type=immersive_aircraft:bamboo_hopper uuid=5538a135-c626-48aa-98dd-04dc0a2a1e1b tick=640 x=-0.7962825971487855 y=175.49464689258318 z=12.705622298387546 vx=-0.031910628706321616 pilot=true
[30Sep2026 04:20:03.707] [Render thread/INFO] [magnetization/aircraft-network-audit/]: AIRCRAFT_CLIENT player=AuditPilot type=immersive_aircraft:bamboo_hopper uuid=5538a135-c626-48aa-98dd-04dc0a2a1e1b tick=650 x=-1.1583240144265017 y=175.018497251633 z=16.673371472484042 vx=-0.051070729187786226 pilot=true
[30Sep2026 04:20:04.208] [Render thread/INFO] [magnetization/aircraft-network-audit/]: AIRCRAFT_CLIENT player=AuditPilot type=immersive_aircraft:bamboo_hopper uuid=5538a135-c626-48aa-98dd-04dc0a2a1e1b tick=660 x=-1.7369818343525152 y=174.67669805827592 z=20.866677666085035 vx=-0.05825040977334915 pilot=true
[30Sep2026 04:20:04.712] [Render thread/INFO] [magnetization/aircraft-network-audit/]: AIRCRAFT_CLIENT player=AuditPilot type=immersive_aircraft:bamboo_hopper uuid=5538a135-c626-48aa-98dd-04dc0a2a1e1b tick=670 x=-2.277876814937088 y=174.4574727909888 z=25.196817774858566 vx=-0.050200506193508417 pilot=true
[30Sep2026 04:20:05.187] [Render thread/INFO] [magnetization/aircraft-network-audit/]: AIRCRAFT_CLIENT player=AuditPilot type=immersive_aircraft:bamboo_hopper uuid=5538a135-c626-48aa-98dd-04dc0a2a1e1b tick=680 x=-2.7336984513706786 y=174.32708739782424 z=29.578306017368835 vx=-0.04209639586241791 pilot=true
[30Sep2026 04:20:05.688] [Render thread/INFO] [magnetization/aircraft-network-audit/]: AIRCRAFT_CLIENT player=AuditPilot type=immersive_aircraft:bamboo_hopper uuid=5538a135-c626-48aa-98dd-04dc0a2a1e1b tick=690 x=-3.120586088384009 y=174.2537605786605 z=33.9646737724674 vx=-0.036232898512398894 pilot=true
[30Sep2026 04:20:06.190] [Render thread/INFO] [magnetization/aircraft-network-audit/]: AIRCRAFT_CLIENT player=AuditPilot type=immersive_aircraft:bamboo_hopper uuid=5538a135-c626-48aa-98dd-04dc0a2a1e1b tick=700 x=-3.3244937748624093 y=174.22092361851008 z=38.3308735930229 vx=0.016747437298917475 pilot=true
[30Sep2026 04:20:06.691] [Render thread/INFO] [magnetization/aircraft-network-audit/]: AIRCRAFT_CLIENT player=AuditPilot type=immersive_aircraft:bamboo_hopper uuid=5538a135-c626-48aa-98dd-04dc0a2a1e1b tick=710 x=-2.9027960309136516 y=174.2247826407599 z=42.66268689865064 vx=0.05342240386547808 pilot=true
[30Sep2026 04:20:07.192] [Render thread/INFO] [magnetization/aircraft-network-audit/]: AIRCRAFT_CLIENT player=AuditPilot type=immersive_aircraft:bamboo_hopper uuid=5538a135-c626-48aa-98dd-04dc0a2a1e1b tick=720 x=-2.3162309659942633 y=174.2708985043348 z=46.97824060810305 vx=0.06184381425759376 pilot=true
[30Sep2026 04:20:07.694] [Render thread/INFO] [magnetization/aircraft-network-audit/]: AIRCRAFT_CLIENT player=AuditPilot type=immersive_aircraft:bamboo_hopper uuid=5538a135-c626-48aa-98dd-04dc0a2a1e1b tick=730 x=-1.6678688538180515 y=174.3583888925354 z=51.27150036876305 vx=0.06716497109332518 pilot=true
[30Sep2026 04:20:08.195] [Render thread/INFO] [magnetization/aircraft-network-audit/]: AIRCRAFT_CLIENT player=AuditPilot type=immersive_aircraft:bamboo_hopper uuid=5538a135-c626-48aa-98dd-04dc0a2a1e1b tick=740 x=-0.9703402473403003 y=174.47684969026284 z=55.54093375673789 vx=0.07171938677750865 pilot=true
[30Sep2026 04:20:08.697] [Render thread/INFO] [magnetization/aircraft-network-audit/]: AIRCRAFT_CLIENT player=AuditPilot type=immersive_aircraft:bamboo_hopper uuid=5538a135-c626-48aa-98dd-04dc0a2a1e1b tick=750 x=-0.3023541884985329 y=174.60728205261356 z=59.79606477916217 vx=0.05021585582662313 pilot=true
[30Sep2026 04:20:09.199] [Render thread/INFO] [magnetization/aircraft-network-audit/]: AIRCRAFT_CLIENT player=AuditPilot type=immersive_aircraft:bamboo_hopper uuid=5538a135-c626-48aa-98dd-04dc0a2a1e1b tick=760 x=0.08628630795640163 y=174.72191884591322 z=64.01454283806925 vx=0.03399777779415146 pilot=true
[30Sep2026 04:20:09.700] [Render thread/INFO] [magnetization/aircraft-network-audit/]: AIRCRAFT_CLIENT player=AuditPilot type=immersive_aircraft:biplane uuid=c3032cfa-64d1-4341-b2d0-568669ba9582 tick=770 x=0.0017741102286048384 y=179.89001922656988 z=0.009058939461050708 vx=0.0011360998990379424 pilot=true
[30Sep2026 04:20:10.202] [Render thread/INFO] [magnetization/aircraft-network-audit/]: AIRCRAFT_CLIENT player=AuditPilot type=immersive_aircraft:biplane uuid=c3032cfa-64d1-4341-b2d0-568669ba9582 tick=780 x=0.012133163392316843 y=178.56210107893926 z=0.8742278537785972 vx=-5.45890140479112E-4 pilot=true
[30Sep2026 04:20:10.704] [Render thread/INFO] [magnetization/aircraft-network-audit/]: AIRCRAFT_CLIENT player=AuditPilot type=immersive_aircraft:biplane uuid=c3032cfa-64d1-4341-b2d0-568669ba9582 tick=790 x=-0.02562217244760621 y=177.11323596886976 z=2.957204800223823 vx=-0.006139750181352294 pilot=true
[30Sep2026 04:20:11.207] [Render thread/INFO] [magnetization/aircraft-network-audit/]: AIRCRAFT_CLIENT player=AuditPilot type=immersive_aircraft:biplane uuid=c3032cfa-64d1-4341-b2d0-568669ba9582 tick=800 x=-0.09590058812589758 y=175.844441411308 z=5.853846405798677 vx=-0.006752253328470014 pilot=true
[30Sep2026 04:20:11.708] [Render thread/INFO] [magnetization/aircraft-network-audit/]: AIRCRAFT_CLIENT player=AuditPilot type=immersive_aircraft:biplane uuid=c3032cfa-64d1-4341-b2d0-568669ba9582 tick=810 x=-0.1418531874629188 y=174.78501763941864 z=9.335626936352764 vx=-0.0024777331707724216 pilot=true
[30Sep2026 04:20:12.210] [Render thread/INFO] [magnetization/aircraft-network-audit/]: AIRCRAFT_CLIENT player=AuditPilot type=immersive_aircraft:biplane uuid=c3032cfa-64d1-4341-b2d0-568669ba9582 tick=820 x=-0.14202261559801277 y=173.89666427187666 z=13.25002539256691 vx=0.0017256132234149777 pilot=true
[30Sep2026 04:20:12.686] [Render thread/INFO] [magnetization/aircraft-network-audit/]: AIRCRAFT_CLIENT player=AuditPilot type=immersive_aircraft:biplane uuid=c3032cfa-64d1-4341-b2d0-568669ba9582 tick=830 x=-0.17623760363929097 y=173.13448230041064 z=17.478622230192844 vx=-0.019866660818118522 pilot=true
[30Sep2026 04:20:13.188] [Render thread/INFO] [magnetization/aircraft-network-audit/]: AIRCRAFT_CLIENT player=AuditPilot type=immersive_aircraft:biplane uuid=c3032cfa-64d1-4341-b2d0-568669ba9582 tick=840 x=-0.4737873883793408 y=172.47270773497513 z=21.928522599330407 vx=-0.032896538628210584 pilot=true
[30Sep2026 04:20:13.691] [Render thread/INFO] [magnetization/aircraft-network-audit/]: AIRCRAFT_CLIENT player=AuditPilot type=immersive_aircraft:biplane uuid=c3032cfa-64d1-4341-b2d0-568669ba9582 tick=850 x=-0.7979517260389177 y=171.8835167367043 z=26.53312591733638 vx=-0.03168469691489096 pilot=true
[30Sep2026 04:20:14.193] [Render thread/INFO] [magnetization/aircraft-network-audit/]: AIRCRAFT_CLIENT player=AuditPilot type=immersive_aircraft:biplane uuid=c3032cfa-64d1-4341-b2d0-568669ba9582 tick=860 x=-1.112457117078773 y=171.3321450992054 z=31.25279634472199 vx=-0.031772496661561005 pilot=true
[30Sep2026 04:20:14.695] [Render thread/INFO] [magnetization/aircraft-network-audit/]: AIRCRAFT_CLIENT player=AuditPilot type=immersive_aircraft:biplane uuid=c3032cfa-64d1-4341-b2d0-568669ba9582 tick=870 x=-1.4441651697453242 y=170.79778295611806 z=36.06313794857108 vx=-0.03448725896469102 pilot=true
[30Sep2026 04:20:15.197] [Render thread/INFO] [magnetization/aircraft-network-audit/]: AIRCRAFT_CLIENT player=AuditPilot type=immersive_aircraft:biplane uuid=c3032cfa-64d1-4341-b2d0-568669ba9582 tick=880 x=-1.6673484564229428 y=170.2754830431409 z=40.9327038400336 vx=0.012291730700710473 pilot=true
[30Sep2026 04:20:15.699] [Render thread/INFO] [magnetization/aircraft-network-audit/]: AIRCRAFT_CLIENT player=AuditPilot type=immersive_aircraft:biplane uuid=c3032cfa-64d1-4341-b2d0-568669ba9582 tick=890 x=-1.3140534627963356 y=169.75749940245882 z=45.834250850153595 vx=0.04462675519397668 pilot=true
[30Sep2026 04:20:16.201] [Render thread/INFO] [magnetization/aircraft-network-audit/]: AIRCRAFT_CLIENT player=AuditPilot type=immersive_aircraft:biplane uuid=c3032cfa-64d1-4341-b2d0-568669ba9582 tick=900 x=-0.8480093755915245 y=169.23859324063085 z=50.78565251832819 vx=0.04656134323070023 pilot=true
[30Sep2026 04:20:16.703] [Render thread/INFO] [magnetization/aircraft-network-audit/]: AIRCRAFT_CLIENT player=AuditPilot type=immersive_aircraft:biplane uuid=c3032cfa-64d1-4341-b2d0-568669ba9582 tick=910 x=-0.4032169572661044 y=168.7064425217558 z=55.7838882939593 vx=0.04251284459739643 pilot=true
[30Sep2026 04:20:17.205] [Render thread/INFO] [magnetization/aircraft-network-audit/]: AIRCRAFT_CLIENT player=AuditPilot type=immersive_aircraft:biplane uuid=c3032cfa-64d1-4341-b2d0-568669ba9582 tick=920 x=0.005191808450598766 y=168.18137979322572 z=60.79984089629044 vx=0.040186058052930664 pilot=true
[30Sep2026 04:20:17.707] [Render thread/INFO] [magnetization/aircraft-network-audit/]: AIRCRAFT_CLIENT player=AuditPilot type=immersive_aircraft:biplane uuid=c3032cfa-64d1-4341-b2d0-568669ba9582 tick=930 x=0.3516592489356788 y=167.6799136849107 z=65.79587278726224 vx=0.018574470282230294 pilot=true
[30Sep2026 04:20:18.210] [Render thread/INFO] [magnetization/aircraft-network-audit/]: AIRCRAFT_CLIENT player=AuditPilot type=immersive_aircraft:biplane uuid=c3032cfa-64d1-4341-b2d0-568669ba9582 tick=940 x=0.44277412413649087 y=167.17456656681847 z=70.75637427357995 vx=0.005735252237366175 pilot=true
[30Sep2026 04:20:18.689] [Render thread/INFO] [magnetization/aircraft-network-audit/]: AIRCRAFT_CLIENT player=AuditPilot type=immersive_aircraft:cargo_airship uuid=83e08aa6-397b-4508-8153-82e51abb8126 tick=950 x=0.0037573439389841728 y=179.88258200017927 z=0.003933105548181375 vx=0.0024577204225959353 pilot=true
[30Sep2026 04:20:19.189] [Render thread/INFO] [magnetization/aircraft-network-audit/]: AIRCRAFT_CLIENT player=AuditPilot type=immersive_aircraft:cargo_airship uuid=83e08aa6-397b-4508-8153-82e51abb8126 tick=960 x=0.06995606570671187 y=177.53223030910536 z=0.10353479279924717 vx=0.008888659331027069 pilot=true
[30Sep2026 04:20:19.691] [Render thread/INFO] [magnetization/aircraft-network-audit/]: AIRCRAFT_CLIENT player=AuditPilot type=immersive_aircraft:cargo_airship uuid=83e08aa6-397b-4508-8153-82e51abb8126 tick=970 x=0.16880351449283326 y=173.47415640170595 z=0.3170831594030039 vx=0.010207704696216773 pilot=true
[30Sep2026 04:20:20.193] [Render thread/INFO] [magnetization/aircraft-network-audit/]: AIRCRAFT_CLIENT player=AuditPilot type=immersive_aircraft:cargo_airship uuid=83e08aa6-397b-4508-8153-82e51abb8126 tick=980 x=0.2665940971464986 y=168.80316438830087 z=0.6050022160112859 vx=0.009200084134216776 pilot=true
[30Sep2026 04:20:20.695] [Render thread/INFO] [magnetization/aircraft-network-audit/]: AIRCRAFT_CLIENT player=AuditPilot type=immersive_aircraft:cargo_airship uuid=83e08aa6-397b-4508-8153-82e51abb8126 tick=990 x=0.3480726306794166 y=164.12741439670583 z=0.9289945450615286 vx=0.007210185260975061 pilot=true
[30Sep2026 04:20:21.197] [Render thread/INFO] [magnetization/aircraft-network-audit/]: AIRCRAFT_CLIENT player=AuditPilot type=immersive_aircraft:cargo_airship uuid=83e08aa6-397b-4508-8153-82e51abb8126 tick=1000 x=0.4080852884898283 y=159.76225912506345 z=1.2590296621830257 vx=0.005022211915747481 pilot=true
[30Sep2026 04:20:21.699] [Render thread/INFO] [magnetization/aircraft-network-audit/]: AIRCRAFT_CLIENT player=AuditPilot type=immersive_aircraft:cargo_airship uuid=83e08aa6-397b-4508-8153-82e51abb8126 tick=1010 x=0.3714034270312397 y=155.85025978259895 z=1.5779588644195042 vx=-0.025385891200319945 pilot=true
[30Sep2026 04:20:22.200] [Render thread/INFO] [magnetization/aircraft-network-audit/]: AIRCRAFT_CLIENT player=AuditPilot type=immersive_aircraft:cargo_airship uuid=83e08aa6-397b-4508-8153-82e51abb8126 tick=1020 x=-0.1003018456561614 y=152.43492443295546 z=1.9830239717729667 vx=-0.059937504407236136 pilot=true
[30Sep2026 04:20:22.703] [Render thread/INFO] [magnetization/aircraft-network-audit/]: AIRCRAFT_CLIENT player=AuditPilot type=immersive_aircraft:cargo_airship uuid=83e08aa6-397b-4508-8153-82e51abb8126 tick=1030 x=-0.7926296126220851 y=149.5055370812363 z=2.5542776252161676 vx=-0.0754721720933635 pilot=true
[30Sep2026 04:20:23.205] [Render thread/INFO] [magnetization/aircraft-network-audit/]: AIRCRAFT_CLIENT player=AuditPilot type=immersive_aircraft:cargo_airship uuid=83e08aa6-397b-4508-8153-82e51abb8126 tick=1040 x=-1.6039206974165527 y=147.0240106933838 z=3.247314285421863 vx=-0.08524407940073796 pilot=true
[30Sep2026 04:20:23.707] [Render thread/INFO] [magnetization/aircraft-network-audit/]: AIRCRAFT_CLIENT player=AuditPilot type=immersive_aircraft:cargo_airship uuid=83e08aa6-397b-4508-8153-82e51abb8126 tick=1050 x=-2.497751119216041 y=144.94062967906163 z=4.014672750634506 vx=-0.09248929973161217 pilot=true
[30Sep2026 04:20:24.209] [Render thread/INFO] [magnetization/aircraft-network-audit/]: AIRCRAFT_CLIENT player=AuditPilot type=immersive_aircraft:cargo_airship uuid=83e08aa6-397b-4508-8153-82e51abb8126 tick=1060 x=-3.2952856293414556 y=143.20298361771916 z=4.805189508845973 vx=-0.037755404814122165 pilot=true
[30Sep2026 04:20:24.685] [Render thread/INFO] [magnetization/aircraft-network-audit/]: AIRCRAFT_CLIENT player=AuditPilot type=immersive_aircraft:cargo_airship uuid=83e08aa6-397b-4508-8153-82e51abb8126 tick=1070 x=-3.2553602130980495 y=141.76077499533352 z=5.366919266663121 vx=0.0251258779898159 pilot=true
[30Sep2026 04:20:25.187] [Render thread/INFO] [magnetization/aircraft-network-audit/]: AIRCRAFT_CLIENT player=AuditPilot type=immersive_aircraft:cargo_airship uuid=83e08aa6-397b-4508-8153-82e51abb8126 tick=1080 x=-2.92261524712073 y=140.56816822697348 z=5.754445507906373 vx=0.036645289739034394 pilot=true
[30Sep2026 04:20:25.689] [Render thread/INFO] [magnetization/aircraft-network-audit/]: AIRCRAFT_CLIENT player=AuditPilot type=immersive_aircraft:cargo_airship uuid=83e08aa6-397b-4508-8153-82e51abb8126 tick=1090 x=-2.5477168857055514 y=139.5847080059095 z=6.093249148988485 vx=0.03771215173942562 pilot=true
[30Sep2026 04:20:26.192] [Render thread/INFO] [magnetization/aircraft-network-audit/]: AIRCRAFT_CLIENT player=AuditPilot type=immersive_aircraft:cargo_airship uuid=83e08aa6-397b-4508-8153-82e51abb8126 tick=1100 x=-2.1719238289310674 y=138.7754347779081 z=6.410336867443568 vx=0.03742843730083245 pilot=true
[30Sep2026 04:20:26.694] [Render thread/INFO] [magnetization/aircraft-network-audit/]: AIRCRAFT_CLIENT player=AuditPilot type=immersive_aircraft:cargo_airship uuid=83e08aa6-397b-4508-8153-82e51abb8126 tick=1110 x=-1.8660196191022786 y=138.11057642769754 z=6.702047829981411 vx=0.013024034825079508 pilot=true
[30Sep2026 04:20:27.196] [Render thread/INFO] [magnetization/aircraft-network-audit/]: AIRCRAFT_CLIENT player=AuditPilot type=immersive_aircraft:cargo_airship uuid=83e08aa6-397b-4508-8153-82e51abb8126 tick=1120 x=-1.852942850707604 y=137.56504140113861 z=6.877757541234503 vx=-0.0035590624172505084 pilot=true
[30Sep2026 04:20:27.699] [Render thread/INFO] [magnetization/aircraft-network-audit/]: AIRCRAFT_CLIENT player=AuditPilot type=aviator_dream:dehavilland_dh106 uuid=21d50d23-22d5-4984-86c3-44d8b23b94f7 tick=1130 x=1.5394921633556243E-4 y=179.8847101965084 z=0.0041469906769715705 vx=1.0196427087790091E-4 pilot=true
[30Sep2026 04:20:28.200] [Render thread/INFO] [magnetization/aircraft-network-audit/]: AIRCRAFT_CLIENT player=AuditPilot type=aviator_dream:dehavilland_dh106 uuid=21d50d23-22d5-4984-86c3-44d8b23b94f7 tick=1140 x=0.0028163794934910305 y=177.90799777147348 z=0.7613934593003138 vx=3.048396100494012E-4 pilot=true
[30Sep2026 04:20:28.703] [Render thread/INFO] [magnetization/aircraft-network-audit/]: AIRCRAFT_CLIENT player=AuditPilot type=aviator_dream:dehavilland_dh106 uuid=21d50d23-22d5-4984-86c3-44d8b23b94f7 tick=1150 x=0.003911582377869557 y=175.05622424049153 z=3.2825304044126726 vx=-1.3572806505850665E-4 pilot=true
[30Sep2026 04:20:29.206] [Render thread/INFO] [magnetization/aircraft-network-audit/]: AIRCRAFT_CLIENT player=AuditPilot type=aviator_dream:dehavilland_dh106 uuid=21d50d23-22d5-4984-86c3-44d8b23b94f7 tick=1160 x=-0.0019068205716627638 y=172.29349404567785 z=7.253558605745094 vx=-9.839232707681382E-4 pilot=true
[30Sep2026 04:20:29.708] [Render thread/INFO] [magnetization/aircraft-network-audit/]: AIRCRAFT_CLIENT player=AuditPilot type=aviator_dream:dehavilland_dh106 uuid=21d50d23-22d5-4984-86c3-44d8b23b94f7 tick=1170 x=-0.017125012159715743 y=169.91592567747728 z=12.048895045497325 vx=-0.001970615909904799 pilot=true
[30Sep2026 04:20:30.209] [Render thread/INFO] [magnetization/aircraft-network-audit/]: AIRCRAFT_CLIENT player=AuditPilot type=aviator_dream:dehavilland_dh106 uuid=21d50d23-22d5-4984-86c3-44d8b23b94f7 tick=1180 x=-0.042477313849630875 y=167.9031781973655 z=17.20658449549057 vx=-0.003006012328443804 pilot=true
[30Sep2026 04:20:30.686] [Render thread/INFO] [magnetization/aircraft-network-audit/]: AIRCRAFT_CLIENT player=AuditPilot type=aviator_dream:dehavilland_dh106 uuid=21d50d23-22d5-4984-86c3-44d8b23b94f7 tick=1190 x=-0.16973944801124272 y=166.1424592866636 z=22.52021320841288 vx=-0.03973393723856855 pilot=true
[30Sep2026 04:20:31.187] [Render thread/INFO] [magnetization/aircraft-network-audit/]: AIRCRAFT_CLIENT player=AuditPilot type=aviator_dream:dehavilland_dh106 uuid=21d50d23-22d5-4984-86c3-44d8b23b94f7 tick=1200 x=-0.9534147377945267 y=164.5600146357689 z=27.958040882322535 vx=-0.10544256338184024 pilot=true
[30Sep2026 04:20:31.689] [Render thread/INFO] [magnetization/aircraft-network-audit/]: AIRCRAFT_CLIENT player=AuditPilot type=aviator_dream:dehavilland_dh106 uuid=21d50d23-22d5-4984-86c3-44d8b23b94f7 tick=1210 x=-2.2516221443420963 y=163.15110626512126 z=33.54230928116708 vx=-0.14693083518864958 pilot=true
[30Sep2026 04:20:32.192] [Render thread/INFO] [magnetization/aircraft-network-audit/]: AIRCRAFT_CLIENT player=AuditPilot type=aviator_dream:dehavilland_dh106 uuid=21d50d23-22d5-4984-86c3-44d8b23b94f7 tick=1220 x=-3.8756852518978677 y=161.928001035488 z=39.29597905581427 vx=-0.1733030935050892 pilot=true
[30Sep2026 04:20:32.695] [Render thread/INFO] [magnetization/aircraft-network-audit/]: AIRCRAFT_CLIENT player=AuditPilot type=aviator_dream:dehavilland_dh106 uuid=21d50d23-22d5-4984-86c3-44d8b23b94f7 tick=1230 x=-5.70811725315782 y=160.89989076005187 z=45.23842797633576 vx=-0.19028013144947967 pilot=true
[30Sep2026 04:20:33.197] [Render thread/INFO] [magnetization/aircraft-network-audit/]: AIRCRAFT_CLIENT player=AuditPilot type=aviator_dream:dehavilland_dh106 uuid=21d50d23-22d5-4984-86c3-44d8b23b94f7 tick=1240 x=-7.4941142946462875 y=160.06763449209322 z=51.38819566824472 vx=-0.13039321223115932 pilot=true
[30Sep2026 04:20:33.699] [Render thread/INFO] [magnetization/aircraft-network-audit/]: AIRCRAFT_CLIENT player=AuditPilot type=aviator_dream:dehavilland_dh106 uuid=21d50d23-22d5-4984-86c3-44d8b23b94f7 tick=1250 x=-8.085326842292067 y=159.3571549979014 z=57.80846757008229 vx=-0.009401590105262201 pilot=true
[30Sep2026 04:20:34.201] [Render thread/INFO] [magnetization/aircraft-network-audit/]: AIRCRAFT_CLIENT player=AuditPilot type=aviator_dream:dehavilland_dh106 uuid=21d50d23-22d5-4984-86c3-44d8b23b94f7 tick=1260 x=-7.7359417167372175 y=158.78922936860246 z=64.57361758768528 vx=0.06587294649040121 pilot=true
[30Sep2026 04:20:34.703] [Render thread/INFO] [magnetization/aircraft-network-audit/]: AIRCRAFT_CLIENT player=AuditPilot type=aviator_dream:dehavilland_dh106 uuid=21d50d23-22d5-4984-86c3-44d8b23b94f7 tick=1270 x=-6.8022532340091155 y=158.36877140661497 z=71.68815081154995 vx=0.11249124504225957 pilot=true
[30Sep2026 04:20:35.206] [Render thread/INFO] [magnetization/aircraft-network-audit/]: AIRCRAFT_CLIENT player=AuditPilot type=aviator_dream:dehavilland_dh106 uuid=21d50d23-22d5-4984-86c3-44d8b23b94f7 tick=1280 x=-5.50860793311124 y=158.03894100507955 z=79.18438368995245 vx=0.14105360390291047 pilot=true
[30Sep2026 04:20:35.708] [Render thread/INFO] [magnetization/aircraft-network-audit/]: AIRCRAFT_CLIENT player=AuditPilot type=aviator_dream:dehavilland_dh106 uuid=21d50d23-22d5-4984-86c3-44d8b23b94f7 tick=1290 x=-4.086770691625003 y=157.7623102460755 z=87.12312347033901 vx=0.1227752317122903 pilot=true
[30Sep2026 04:20:36.210] [Render thread/INFO] [magnetization/aircraft-network-audit/]: AIRCRAFT_CLIENT player=AuditPilot type=aviator_dream:dehavilland_dh106 uuid=21d50d23-22d5-4984-86c3-44d8b23b94f7 tick=1300 x=-3.1769477486595776 y=157.51557760323942 z=95.57641017465261 vx=0.06869178605277206 pilot=true
[30Sep2026 04:20:36.687] [Render thread/INFO] [magnetization/aircraft-network-audit/]: AIRCRAFT_CLIENT player=AuditPilot type=aviator_dream:douglas_c47 uuid=3be3e432-32a8-4a96-9816-45469a80c6d5 tick=1310 x=1.539029893183031E-4 y=179.88478423577146 z=0.0038382872028790067 vx=1.0191626125102611E-4 pilot=true
[30Sep2026 04:20:37.189] [Render thread/INFO] [magnetization/aircraft-network-audit/]: AIRCRAFT_CLIENT player=AuditPilot type=aviator_dream:douglas_c47 uuid=3be3e432-32a8-4a96-9816-45469a80c6d5 tick=1320 x=0.0028597474630820815 y=177.9173595662847 z=0.696455836678998 vx=3.1824116217054086E-4 pilot=true
[30Sep2026 04:20:37.691] [Render thread/INFO] [magnetization/aircraft-network-audit/]: AIRCRAFT_CLIENT player=AuditPilot type=aviator_dream:douglas_c47 uuid=3be3e432-32a8-4a96-9816-45469a80c6d5 tick=1330 x=0.0043620440674242925 y=175.06529624985535 z=2.9871275866300295 vx=-6.720476723988755E-5 pilot=true
[30Sep2026 04:20:38.193] [Render thread/INFO] [magnetization/aircraft-network-audit/]: AIRCRAFT_CLIENT player=AuditPilot type=aviator_dream:douglas_c47 uuid=3be3e432-32a8-4a96-9816-45469a80c6d5 tick=1340 x=-3.77958899118496E-4 y=172.24289531316163 z=6.59640258449812 vx=-8.447590883788992E-4 pilot=true
[30Sep2026 04:20:38.695] [Render thread/INFO] [magnetization/aircraft-network-audit/]: AIRCRAFT_CLIENT player=AuditPilot type=aviator_dream:douglas_c47 uuid=3be3e432-32a8-4a96-9816-45469a80c6d5 tick=1350 x=-0.013886028700350035 y=169.73105261662147 z=10.981724472038723 vx=-0.0017764204278363327 pilot=true
[30Sep2026 04:20:39.198] [Render thread/INFO] [magnetization/aircraft-network-audit/]: AIRCRAFT_CLIENT player=AuditPilot type=aviator_dream:douglas_c47 uuid=3be3e432-32a8-4a96-9816-45469a80c6d5 tick=1360 x=-0.037038829011942984 y=167.5268400619679 z=15.73337065128737 vx=-0.0027635817476732295 pilot=true
[30Sep2026 04:20:39.700] [Render thread/INFO] [magnetization/aircraft-network-audit/]: AIRCRAFT_CLIENT player=AuditPilot type=aviator_dream:douglas_c47 uuid=3be3e432-32a8-4a96-9816-45469a80c6d5 tick=1370 x=-0.16108792065812028 y=165.5394631464058 z=20.647454015435258 vx=-0.03921668187024606 pilot=true
[30Sep2026 04:20:40.201] [Render thread/INFO] [magnetization/aircraft-network-audit/]: AIRCRAFT_CLIENT player=AuditPilot type=aviator_dream:douglas_c47 uuid=3be3e432-32a8-4a96-9816-45469a80c6d5 tick=1380 x=-0.9322795479811706 y=163.70381880675063 z=25.665496604750142 vx=-0.10346773382796556 pilot=true
[30Sep2026 04:20:40.704] [Render thread/INFO] [magnetization/aircraft-network-audit/]: AIRCRAFT_CLIENT player=AuditPilot type=aviator_dream:douglas_c47 uuid=3be3e432-32a8-4a96-9816-45469a80c6d5 tick=1390 x=-2.200400058032959 y=162.00864568352972 z=30.781017492088896 vx=-0.14306129293391642 pilot=true
[30Sep2026 04:20:41.206] [Render thread/INFO] [magnetization/aircraft-network-audit/]: AIRCRAFT_CLIENT player=AuditPilot type=aviator_dream:douglas_c47 uuid=3be3e432-32a8-4a96-9816-45469a80c6d5 tick=1400 x=-3.7755892662340256 y=160.45166036018963 z=35.99899841681488 vx=-0.16761460369780648 pilot=true
[30Sep2026 04:20:41.709] [Render thread/INFO] [magnetization/aircraft-network-audit/]: AIRCRAFT_CLIENT player=AuditPilot type=aviator_dream:douglas_c47 uuid=3be3e432-32a8-4a96-9816-45469a80c6d5 tick=1410 x=-5.5423575787538475 y=159.02756321116658 z=41.331032196958866 vx=-0.1830418326493428 pilot=true
[30Sep2026 04:20:42.210] [Render thread/INFO] [magnetization/aircraft-network-audit/]: AIRCRAFT_CLIENT player=AuditPilot type=aviator_dream:douglas_c47 uuid=3be3e432-32a8-4a96-9816-45469a80c6d5 tick=1420 x=-7.249746921970738 y=157.7255346706228 z=46.7933144366845 vx=-0.12232161059112943 pilot=true
[30Sep2026 04:20:42.687] [Render thread/INFO] [magnetization/aircraft-network-audit/]: AIRCRAFT_CLIENT player=AuditPilot type=aviator_dream:douglas_c47 uuid=3be3e432-32a8-4a96-9816-45469a80c6d5 tick=1430 x=-7.7679294336168745 y=156.46021021318728 z=52.443747201618486 vx=-0.002994286744657123 pilot=true
[30Sep2026 04:20:43.189] [Render thread/INFO] [magnetization/aircraft-network-audit/]: AIRCRAFT_CLIENT player=AuditPilot type=aviator_dream:douglas_c47 uuid=3be3e432-32a8-4a96-9816-45469a80c6d5 tick=1440 x=-7.36873865159506 y=155.25500254681464 z=58.34995823394401 vx=0.06964033156003786 pilot=true
[30Sep2026 04:20:43.692] [Render thread/INFO] [magnetization/aircraft-network-audit/]: AIRCRAFT_CLIENT player=AuditPilot type=aviator_dream:douglas_c47 uuid=3be3e432-32a8-4a96-9816-45469a80c6d5 tick=1450 x=-6.411374403911086 y=154.2043637990084 z=64.48596007292248 vx=0.11379887235931493 pilot=true
[30Sep2026 04:20:44.194] [Render thread/INFO] [magnetization/aircraft-network-audit/]: AIRCRAFT_CLIENT player=AuditPilot type=aviator_dream:douglas_c47 uuid=3be3e432-32a8-4a96-9816-45469a80c6d5 tick=1460 x=-5.114978082296205 y=153.34765515822625 z=70.78037989390366 vx=0.14059680150899506 pilot=true
[30Sep2026 04:20:44.697] [Render thread/INFO] [magnetization/aircraft-network-audit/]: AIRCRAFT_CLIENT player=AuditPilot type=aviator_dream:douglas_c47 uuid=3be3e432-32a8-4a96-9816-45469a80c6d5 tick=1470 x=-3.7036757075993663 y=152.67205715193714 z=77.17733384443643 vx=0.12145659000987519 pilot=true
[30Sep2026 04:20:45.198] [Render thread/INFO] [magnetization/aircraft-network-audit/]: AIRCRAFT_CLIENT player=AuditPilot type=aviator_dream:douglas_c47 uuid=3be3e432-32a8-4a96-9816-45469a80c6d5 tick=1480 x=-2.803759633241842 y=152.11253324823406 z=83.67544193967115 vx=0.06813875095025232 pilot=true
[30Sep2026 04:20:45.702] [Render thread/INFO] [magnetization/aircraft-network-audit/]: AIRCRAFT_CLIENT player=AuditPilot type=aviator_dream:douglas_dc1 uuid=bf65c9f1-d425-4953-98b3-df318bdebf6d tick=1490 x=7.695422802202812E-4 y=179.8847781937617 z=0.004454414173613212 vx=5.096086944535783E-4 pilot=true
[30Sep2026 04:20:46.203] [Render thread/INFO] [magnetization/aircraft-network-audit/]: AIRCRAFT_CLIENT player=AuditPilot type=aviator_dream:douglas_dc1 uuid=bf65c9f1-d425-4953-98b3-df318bdebf6d tick=1500 x=0.014327876104853275 y=177.91265876597754 z=0.7087727921561773 vx=0.001599596937901595 pilot=true
[30Sep2026 04:20:46.705] [Render thread/INFO] [magnetization/aircraft-network-audit/]: AIRCRAFT_CLIENT player=AuditPilot type=aviator_dream:douglas_dc1 uuid=bf65c9f1-d425-4953-98b3-df318bdebf6d tick=1510 x=0.02208572091386737 y=175.02899389991316 z=3.0150916621072383 vx=-2.9528410522536774E-4 pilot=true
[30Sep2026 04:20:47.208] [Render thread/INFO] [magnetization/aircraft-network-audit/]: AIRCRAFT_CLIENT player=AuditPilot type=aviator_dream:douglas_dc1 uuid=bf65c9f1-d425-4953-98b3-df318bdebf6d tick=1520 x=-0.0010347480123635263 y=172.12333539256244 z=6.6409831627207225 vx=-0.004157177534203224 pilot=true
[30Sep2026 04:20:47.689] [Render thread/INFO] [magnetization/aircraft-network-audit/]: AIRCRAFT_CLIENT player=AuditPilot type=aviator_dream:douglas_dc1 uuid=bf65c9f1-d425-4953-98b3-df318bdebf6d tick=1530 x=-0.06804736573540421 y=169.46274614573812 z=11.053748091145437 vx=-0.00885356480069483 pilot=true
[30Sep2026 04:20:48.206] [Render thread/INFO] [magnetization/aircraft-network-audit/]: AIRCRAFT_CLIENT player=AuditPilot type=aviator_dream:douglas_dc1 uuid=bf65c9f1-d425-4953-98b3-df318bdebf6d tick=1540 x=-0.18415905968470697 y=167.04271687434053 z=15.855049171331128 vx=-0.013917640821655163 pilot=true
[30Sep2026 04:20:48.708] [Render thread/INFO] [magnetization/aircraft-network-audit/]: AIRCRAFT_CLIENT player=AuditPilot type=aviator_dream:douglas_dc1 uuid=bf65c9f1-d425-4953-98b3-df318bdebf6d tick=1550 x=-0.4437428365629485 y=164.7764766541872 z=20.845563236181654 vx=-0.05479911826088065 pilot=true
[30Sep2026 04:20:49.210] [Render thread/INFO] [magnetization/aircraft-network-audit/]: AIRCRAFT_CLIENT player=AuditPilot type=aviator_dream:douglas_dc1 uuid=bf65c9f1-d425-4953-98b3-df318bdebf6d tick=1560 x=-1.3972902086722034 y=162.6056061893461 z=25.965510622462773 vx=-0.12393744052588136 pilot=true
[30Sep2026 04:20:49.686] [Render thread/INFO] [magnetization/aircraft-network-audit/]: AIRCRAFT_CLIENT player=AuditPilot type=aviator_dream:douglas_dc1 uuid=bf65c9f1-d425-4953-98b3-df318bdebf6d tick=1570 x=-2.898624440246241 y=160.5229578985387 z=31.20397776214686 vx=-0.1687534017381327 pilot=true
[30Sep2026 04:20:50.188] [Render thread/INFO] [magnetization/aircraft-network-audit/]: AIRCRAFT_CLIENT player=AuditPilot type=aviator_dream:douglas_dc1 uuid=bf65c9f1-d425-4953-98b3-df318bdebf6d tick=1580 x=-4.760358971276767 y=158.52671026997777 z=36.56213059819731 vx=-0.19871085576916506 pilot=true
[30Sep2026 04:20:50.690] [Render thread/INFO] [magnetization/aircraft-network-audit/]: AIRCRAFT_CLIENT player=AuditPilot type=aviator_dream:douglas_dc1 uuid=bf65c9f1-d425-4953-98b3-df318bdebf6d tick=1590 x=-6.868171787016772 y=156.61190577175063 z=42.04982751083028 vx=-0.2196100727690828 pilot=true
[30Sep2026 04:20:51.192] [Render thread/INFO] [magnetization/aircraft-network-audit/]: AIRCRAFT_CLIENT player=AuditPilot type=aviator_dream:douglas_dc1 uuid=bf65c9f1-d425-4953-98b3-df318bdebf6d tick=1600 x=-8.971136270922536 y=154.76876506820224 z=47.682665744596726 vx=-0.16429803356252745 pilot=true
[30Sep2026 04:20:51.694] [Render thread/INFO] [magnetization/aircraft-network-audit/]: AIRCRAFT_CLIENT player=AuditPilot type=aviator_dream:douglas_dc1 uuid=bf65c9f1-d425-4953-98b3-df318bdebf6d tick=1610 x=-9.939873456622038 y=152.89979058751138 z=53.51415143190942 vx=-0.05066682812799492 pilot=true
[30Sep2026 04:20:52.197] [Render thread/INFO] [magnetization/aircraft-network-audit/]: AIRCRAFT_CLIENT player=AuditPilot type=aviator_dream:douglas_dc1 uuid=bf65c9f1-d425-4953-98b3-df318bdebf6d tick=1620 x=-10.050557684188325 y=151.00100545571567 z=59.62203887547774 vx=0.015957223380385053 pilot=true
[30Sep2026 04:20:52.701] [Render thread/INFO] [magnetization/aircraft-network-audit/]: AIRCRAFT_CLIENT player=AuditPilot type=aviator_dream:douglas_dc1 uuid=bf65c9f1-d425-4953-98b3-df318bdebf6d tick=1630 x=-9.660995316422508 y=149.1638778721567 z=66.00978575942632 vx=0.05461069512811572 pilot=true
[30Sep2026 04:20:53.202] [Render thread/INFO] [magnetization/aircraft-network-audit/]: AIRCRAFT_CLIENT player=AuditPilot type=aviator_dream:douglas_dc1 uuid=bf65c9f1-d425-4953-98b3-df318bdebf6d tick=1640 x=-8.982160404938003 y=147.45115044328574 z=72.62772985872235 vx=0.07690592224334683 pilot=true
[30Sep2026 04:20:53.704] [Render thread/INFO] [magnetization/aircraft-network-audit/]: AIRCRAFT_CLIENT player=AuditPilot type=aviator_dream:douglas_dc1 uuid=bf65c9f1-d425-4953-98b3-df318bdebf6d tick=1650 x=-8.227408137786265 y=145.88303777732762 z=79.42035837729848 vx=0.05433296157270248 pilot=true
[30Sep2026 04:20:54.206] [Render thread/INFO] [magnetization/aircraft-network-audit/]: AIRCRAFT_CLIENT player=AuditPilot type=aviator_dream:douglas_dc1 uuid=bf65c9f1-d425-4953-98b3-df318bdebf6d tick=1660 x=-8.0139633584409 y=144.44250886392317 z=86.36236366044015 vx=-0.0016372316751211305 pilot=true
[30Sep2026 04:20:54.710] [Render thread/INFO] [magnetization/aircraft-network-audit/]: AIRCRAFT_CLIENT player=AuditPilot type=aviator_dream:douglas_dc2 uuid=7ab4fad4-0d6b-4f99-9534-a1f4f7562405 tick=1670 x=3.025480190367605E-4 y=179.7785409316151 z=0.01438796666277047 vx=1.486086931316721E-4 pilot=true
[30Sep2026 04:20:55.186] [Render thread/INFO] [magnetization/aircraft-network-audit/]: AIRCRAFT_CLIENT player=AuditPilot type=aviator_dream:douglas_dc2 uuid=7ab4fad4-0d6b-4f99-9534-a1f4f7562405 tick=1680 x=0.003167786296962879 y=177.64940542477908 z=0.8525659352604897 vx=3.0570936068655293E-4 pilot=true
[30Sep2026 04:20:55.688] [Render thread/INFO] [magnetization/aircraft-network-audit/]: AIRCRAFT_CLIENT player=AuditPilot type=aviator_dream:douglas_dc2 uuid=7ab4fad4-0d6b-4f99-9534-a1f4f7562405 tick=1690 x=0.004242106370464192 y=174.77352916611204 z=3.296483662037163 vx=-1.3069113853812002E-4 pilot=true
[30Sep2026 04:20:56.189] [Render thread/INFO] [magnetization/aircraft-network-audit/]: AIRCRAFT_CLIENT player=AuditPilot type=aviator_dream:douglas_dc2 uuid=7ab4fad4-0d6b-4f99-9534-a1f4f7562405 tick=1700 x=-0.0012790995548537518 y=171.97552981283883 z=7.0036754843732 vx=-9.310058373171535E-4 pilot=true
[30Sep2026 04:20:56.691] [Render thread/INFO] [magnetization/aircraft-network-audit/]: AIRCRAFT_CLIENT player=AuditPilot type=aviator_dream:douglas_dc2 uuid=7ab4fad4-0d6b-4f99-9534-a1f4f7562405 tick=1710 x=-0.01568438402465289 y=169.49505900811164 z=11.43332675682035 vx=-0.0018674787967332992 pilot=true
[30Sep2026 04:20:57.193] [Render thread/INFO] [magnetization/aircraft-network-audit/]: AIRCRAFT_CLIENT player=AuditPilot type=aviator_dream:douglas_dc2 uuid=7ab4fad4-0d6b-4f99-9534-a1f4f7562405 tick=1720 x=-0.039752755738795734 y=167.31232350528188 z=16.195339737375907 vx=-0.002855762675115691 pilot=true
[30Sep2026 04:20:57.693] [Render thread/INFO] [magnetization/aircraft-network-audit/]: AIRCRAFT_CLIENT player=AuditPilot type=aviator_dream:douglas_dc2 uuid=7ab4fad4-0d6b-4f99-9534-a1f4f7562405 tick=1730 x=-0.1647430293798212 y=165.3338575817075 z=21.10391924672722 vx=-0.03931303763290936 pilot=true
[30Sep2026 04:20:58.194] [Render thread/INFO] [magnetization/aircraft-network-audit/]: AIRCRAFT_CLIENT player=AuditPilot type=aviator_dream:douglas_dc2 uuid=7ab4fad4-0d6b-4f99-9534-a1f4f7562405 tick=1740 x=-0.9369220339122191 y=163.49778015809312 z=26.11081115003856 vx=-0.10356737767440115 pilot=true
[30Sep2026 04:20:58.696] [Render thread/INFO] [magnetization/aircraft-network-audit/]: AIRCRAFT_CLIENT player=AuditPilot type=aviator_dream:douglas_dc2 uuid=7ab4fad4-0d6b-4f99-9534-a1f4f7562405 tick=1750 x=-2.2060207038609 y=161.79652106722202 z=31.212777754059218 vx=-0.14315636649110017 pilot=true
[30Sep2026 04:20:59.197] [Render thread/INFO] [magnetization/aircraft-network-audit/]: AIRCRAFT_CLIENT player=AuditPilot type=aviator_dream:douglas_dc2 uuid=7ab4fad4-0d6b-4f99-9534-a1f4f7562405 tick=1760 x=-3.7820997142988584 y=160.2297965881451 z=36.41435753838849 vx=-0.1676975821141678 pilot=true
[30Sep2026 04:20:59.699] [Render thread/INFO] [magnetization/aircraft-network-audit/]: AIRCRAFT_CLIENT player=AuditPilot type=aviator_dream:douglas_dc2 uuid=7ab4fad4-0d6b-4f99-9534-a1f4f7562405 tick=1770 x=-5.5496041582652 y=158.79269854891368 z=41.72569615991688 vx=-0.18310709140277795 pilot=true
[30Sep2026 04:21:00.200] [Render thread/INFO] [magnetization/aircraft-network-audit/]: AIRCRAFT_CLIENT player=AuditPilot type=aviator_dream:douglas_dc2 uuid=7ab4fad4-0d6b-4f99-9534-a1f4f7562405 tick=1780 x=-7.25753858813452 y=157.4739378887874 z=47.16189029490663 vx=-0.12236919086030139 pilot=true
[30Sep2026 04:21:00.702] [Render thread/INFO] [magnetization/aircraft-network-audit/]: AIRCRAFT_CLIENT player=AuditPilot type=aviator_dream:douglas_dc2 uuid=7ab4fad4-0d6b-4f99-9534-a1f4f7562405 tick=1790 x=-7.776186730998313 y=156.18715402248077 z=52.780503285450905 vx=-0.0030419254459195235 pilot=true
[30Sep2026 04:21:01.203] [Render thread/INFO] [magnetization/aircraft-network-audit/]: AIRCRAFT_CLIENT player=AuditPilot type=aviator_dream:douglas_dc2 uuid=7ab4fad4-0d6b-4f99-9534-a1f4f7562405 tick=1800 x=-7.377510440578131 y=154.95529072607562 z=58.64946395947088 vx=0.06958531834067783 pilot=true
[30Sep2026 04:21:01.704] [Render thread/INFO] [magnetization/aircraft-network-audit/]: AIRCRAFT_CLIENT player=AuditPilot type=aviator_dream:douglas_dc2 uuid=7ab4fad4-0d6b-4f99-9534-a1f4f7562405 tick=1810 x=-6.420739297315922 y=153.87277444657525 z=64.74313933692059 vx=0.11373636015854452 pilot=true
[30Sep2026 04:21:02.206] [Render thread/INFO] [magnetization/aircraft-network-audit/]: AIRCRAFT_CLIENT player=AuditPilot type=aviator_dream:douglas_dc2 uuid=7ab4fad4-0d6b-4f99-9534-a1f4f7562405 tick=1820 x=-5.124994828860433 y=152.97893640308686 z=70.99047515564853 vx=0.14052993777100123 pilot=true
[30Sep2026 04:21:02.707] [Render thread/INFO] [magnetization/aircraft-network-audit/]: AIRCRAFT_CLIENT player=AuditPilot type=aviator_dream:douglas_dc2 uuid=7ab4fad4-0d6b-4f99-9534-a1f4f7562405 tick=1830 x=-3.714366302897714 y=152.2609349838118 z=77.33591565493893 vx=0.12139043565463065 pilot=true
[30Sep2026 04:21:03.209] [Render thread/INFO] [magnetization/aircraft-network-audit/]: AIRCRAFT_CLIENT player=AuditPilot type=aviator_dream:douglas_dc2 uuid=7ab4fad4-0d6b-4f99-9534-a1f4f7562405 tick=1840 x=-2.815055628979232 y=151.6535560062307 z=83.77847303951572 vx=0.06808336980507516 pilot=true
[30Sep2026 04:21:03.737] [Render thread/INFO] [magnetization/aircraft-network-audit/]: AIRCRAFT_CLIENT player=AuditPilot type=aviator_dream:fokker_fviia uuid=20b3d036-cef5-4cc7-9ab5-e235bda2292b tick=1850 x=9.23997672625191E-4 y=179.8847817400895 z=0.004044266619069252 vx=6.120773114974866E-4 pilot=true
[30Sep2026 04:21:04.210] [Render thread/INFO] [magnetization/aircraft-network-audit/]: AIRCRAFT_CLIENT player=AuditPilot type=aviator_dream:fokker_fviia uuid=20b3d036-cef5-4cc7-9ab5-e235bda2292b tick=1860 x=0.017866320437050786 y=177.9090373632766 z=0.6044095854260879 vx=0.002101671989902236 pilot=true
[30Sep2026 04:21:04.686] [Render thread/INFO] [magnetization/aircraft-network-audit/]: AIRCRAFT_CLIENT player=AuditPilot type=aviator_dream:fokker_fviia uuid=20b3d036-cef5-4cc7-9ab5-e235bda2292b tick=1870 x=0.031976861501951684 y=174.97613969894263 z=2.559503482236807 vx=4.2151776679776276E-4 pilot=true
[30Sep2026 04:21:05.188] [Render thread/INFO] [magnetization/aircraft-network-audit/]: AIRCRAFT_CLIENT player=AuditPilot type=aviator_dream:fokker_fviia uuid=20b3d036-cef5-4cc7-9ab5-e235bda2292b tick=1880 x=0.016238606711519294 y=171.9184273944095 z=5.648350558965654 vx=-0.0034376900331511825 pilot=true
[30Sep2026 04:21:05.689] [Render thread/INFO] [magnetization/aircraft-network-audit/]: AIRCRAFT_CLIENT player=AuditPilot type=aviator_dream:fokker_fviia uuid=20b3d036-cef5-4cc7-9ab5-e235bda2292b tick=1890 x=-0.04469326887309717 y=168.99293083504963 z=9.45262068459164 vx=-0.008368473230676436 pilot=true
[30Sep2026 04:21:06.191] [Render thread/INFO] [magnetization/aircraft-network-audit/]: AIRCRAFT_CLIENT player=AuditPilot type=aviator_dream:fokker_fviia uuid=20b3d036-cef5-4cc7-9ab5-e235bda2292b tick=1900 x=-0.15796510657254523 y=166.22367713331872 z=13.647428313283271 vx=-0.013806723888100038 pilot=true
[30Sep2026 04:21:06.692] [Render thread/INFO] [magnetization/aircraft-network-audit/]: AIRCRAFT_CLIENT player=AuditPilot type=aviator_dream:fokker_fviia uuid=20b3d036-cef5-4cc7-9ab5-e235bda2292b tick=1910 x=-0.4183286548451238 y=163.55797396812073 z=18.048938491407597 vx=-0.05498527900967134 pilot=true
[30Sep2026 04:21:07.193] [Render thread/INFO] [magnetization/aircraft-network-audit/]: AIRCRAFT_CLIENT player=AuditPilot type=aviator_dream:fokker_fviia uuid=20b3d036-cef5-4cc7-9ab5-e235bda2292b tick=1920 x=-1.3734454443941682 y=160.95785856504642 z=22.578340705205356 vx=-0.12402212539139854 pilot=true
[30Sep2026 04:21:07.695] [Render thread/INFO] [magnetization/aircraft-network-audit/]: AIRCRAFT_CLIENT player=AuditPilot type=aviator_dream:fokker_fviia uuid=20b3d036-cef5-4cc7-9ab5-e235bda2292b tick=1930 x=-2.8739680593334946 y=158.42127536884064 z=27.199923482678134 vx=-0.16851604878254145 pilot=true
[30Sep2026 04:21:08.197] [Render thread/INFO] [magnetization/aircraft-network-audit/]: AIRCRAFT_CLIENT player=AuditPilot type=aviator_dream:fokker_fviia uuid=20b3d036-cef5-4cc7-9ab5-e235bda2292b tick=1940 x=-4.731128810034197 y=155.94231393924306 z=31.897350319383733 vx=-0.19806788502051897 pilot=true
[30Sep2026 04:21:08.698] [Render thread/INFO] [magnetization/aircraft-network-audit/]: AIRCRAFT_CLIENT player=AuditPilot type=aviator_dream:fokker_fviia uuid=20b3d036-cef5-4cc7-9ab5-e235bda2292b tick=1950 x=-6.830235043351008 y=153.50966751293953 z=36.67141549411976 vx=-0.21855683389273156 pilot=true
[30Sep2026 04:21:09.201] [Render thread/INFO] [magnetization/aircraft-network-audit/]: AIRCRAFT_CLIENT player=AuditPilot type=aviator_dream:fokker_fviia uuid=20b3d036-cef5-4cc7-9ab5-e235bda2292b tick=1960 x=-8.92078415511044 y=151.10775295972323 z=41.53481347966457 vx=-0.16296334969727447 pilot=true
[30Sep2026 04:21:09.700] [Render thread/INFO] [magnetization/aircraft-network-audit/]: AIRCRAFT_CLIENT player=AuditPilot type=aviator_dream:fokker_fviia uuid=20b3d036-cef5-4cc7-9ab5-e235bda2292b tick=1970 x=-9.877070085246736 y=148.62990636337463 z=46.53623897968678 vx=-0.04954973747220742 pilot=true
[30Sep2026 04:21:10.201] [Render thread/INFO] [magnetization/aircraft-network-audit/]: AIRCRAFT_CLIENT player=AuditPilot type=aviator_dream:fokker_fviia uuid=20b3d036-cef5-4cc7-9ab5-e235bda2292b tick=1980 x=-9.97904881344994 y=146.0679931708392 z=51.74654596358981 vx=0.016599739448566152 pilot=true
[30Sep2026 04:21:10.703] [Render thread/INFO] [magnetization/aircraft-network-audit/]: AIRCRAFT_CLIENT player=AuditPilot type=aviator_dream:fokker_fviia uuid=20b3d036-cef5-4cc7-9ab5-e235bda2292b tick=1990 x=-9.586305257643465 y=143.51147642748236 z=57.176812663729486 vx=0.05465076268487672 pilot=true
[30Sep2026 04:21:11.188] [Render thread/INFO] [magnetization/aircraft-network-audit/]: AIRCRAFT_CLIENT player=AuditPilot type=aviator_dream:fokker_fviia uuid=20b3d036-cef5-4cc7-9ab5-e235bda2292b tick=2000 x=-8.910630860921625 y=141.02341325430598 z=62.79620230636225 vx=0.07629715252639886 pilot=true
[30Sep2026 04:21:11.689] [Render thread/INFO] [magnetization/aircraft-network-audit/]: AIRCRAFT_CLIENT player=AuditPilot type=aviator_dream:fokker_fviia uuid=20b3d036-cef5-4cc7-9ab5-e235bda2292b tick=2010 x=-8.16535368882157 y=138.62906949730097 z=68.56808737089781 vx=0.05314568041126677 pilot=true
[30Sep2026 04:21:12.191] [Render thread/INFO] [magnetization/aircraft-network-audit/]: AIRCRAFT_CLIENT player=AuditPilot type=aviator_dream:fokker_fviia uuid=20b3d036-cef5-4cc7-9ab5-e235bda2292b tick=2020 x=-7.96555978200497 y=136.31730154485865 z=74.48008672923474 vx=-0.003122804029830156 pilot=true
[30Sep2026 04:21:12.693] [Render thread/INFO] [magnetization/aircraft-network-audit/]: AIRCRAFT_CLIENT player=AuditPilot type=aviator_dream:fokker_fviib3m uuid=f4fdcab4-0cbd-42da-944b-a3ab94a77340 tick=2030 x=9.23997672625191E-4 y=179.8847817400895 z=0.004044266619069252 vx=6.120773114974866E-4 pilot=true
[30Sep2026 04:21:13.193] [Render thread/INFO] [magnetization/aircraft-network-audit/]: AIRCRAFT_CLIENT player=AuditPilot type=aviator_dream:fokker_fviib3m uuid=f4fdcab4-0cbd-42da-944b-a3ab94a77340 tick=2040 x=0.0178624543906516 y=177.9090403383214 z=0.6047969337424814 vx=0.0021002902238883236 pilot=true
[30Sep2026 04:21:13.695] [Render thread/INFO] [magnetization/aircraft-network-audit/]: AIRCRAFT_CLIENT player=AuditPilot type=aviator_dream:fokker_fviib3m uuid=f4fdcab4-0cbd-42da-944b-a3ab94a77340 tick=2050 x=0.03189826923101561 y=174.97638291701665 z=2.563894715030266 vx=4.0555174291105817E-4 pilot=true
[30Sep2026 04:21:14.197] [Render thread/INFO] [magnetization/aircraft-network-audit/]: AIRCRAFT_CLIENT player=AuditPilot type=aviator_dream:fokker_fviib3m uuid=f4fdcab4-0cbd-42da-944b-a3ab94a77340 tick=2060 x=0.015765136107404255 y=171.92045651454467 z=5.666340788791673 vx=-0.003503383347238629 pilot=true
[30Sep2026 04:21:14.698] [Render thread/INFO] [magnetization/aircraft-network-audit/]: AIRCRAFT_CLIENT player=AuditPilot type=aviator_dream:fokker_fviib3m uuid=f4fdcab4-0cbd-42da-944b-a3ab94a77340 tick=2070 x=-0.0463515445074993 y=169.00086471970585 z=9.499992831095847 vx=-0.008539752893848647 pilot=true
[30Sep2026 04:21:15.200] [Render thread/INFO] [magnetization/aircraft-network-audit/]: AIRCRAFT_CLIENT player=AuditPilot type=aviator_dream:fokker_fviib3m uuid=f4fdcab4-0cbd-42da-944b-a3ab94a77340 tick=2080 x=-0.16223603664778974 y=166.24465416129962 z=13.74495686841056 vx=-0.014152615881293606 pilot=true
[30Sep2026 04:21:15.706] [Render thread/INFO] [magnetization/aircraft-network-audit/]: AIRCRAFT_CLIENT player=AuditPilot type=aviator_dream:fokker_fviib3m uuid=f4fdcab4-0cbd-42da-944b-a3ab94a77340 tick=2090 x=-0.42738234035865613 y=163.6017527809178 z=18.220945601226457 vx=-0.055587196525742656 pilot=true
[30Sep2026 04:21:16.209] [Render thread/INFO] [magnetization/aircraft-network-audit/]: AIRCRAFT_CLIENT player=AuditPilot type=aviator_dream:fokker_fviib3m uuid=f4fdcab4-0cbd-42da-944b-a3ab94a77340 tick=2100 x=-1.3904847083263994 y=161.0360874870923 z=22.851494351826833 vx=-0.12499898802278332 pilot=true
[30Sep2026 04:21:16.711] [Render thread/INFO] [magnetization/aircraft-network-audit/]: AIRCRAFT_CLIENT player=AuditPilot type=aviator_dream:fokker_fviib3m uuid=f4fdcab4-0cbd-42da-944b-a3ab94a77340 tick=2110 x=-2.903334518757195 y=158.54673936498384 z=27.602451830101327 vx=-0.16997164688093006 pilot=true
[30Sep2026 04:21:17.187] [Render thread/INFO] [magnetization/aircraft-network-audit/]: AIRCRAFT_CLIENT player=AuditPilot type=aviator_dream:fokker_fviib3m uuid=f4fdcab4-0cbd-42da-944b-a3ab94a77340 tick=2120 x=-4.778060410952482 y=156.12860761919805 z=32.458462476501865 vx=-0.20008036344486643 pilot=true
[30Sep2026 04:21:17.689] [Render thread/INFO] [magnetization/aircraft-network-audit/]: AIRCRAFT_CLIENT player=AuditPilot type=aviator_dream:fokker_fviib3m uuid=f4fdcab4-0cbd-42da-944b-a3ab94a77340 tick=2130 x=-6.900609071030048 y=153.77107293914392 z=37.42072450139691 vx=-0.22117827257236758 pilot=true
[30Sep2026 04:21:18.192] [Render thread/INFO] [magnetization/aircraft-network-audit/]: AIRCRAFT_CLIENT player=AuditPilot type=aviator_dream:fokker_fviib3m uuid=f4fdcab4-0cbd-42da-944b-a3ab94a77340 tick=2140 x=-9.020794692890254 y=151.45926868752431 z=42.50172679338637 vx=-0.16619125356226006 pilot=true
[30Sep2026 04:21:18.695] [Render thread/INFO] [magnetization/aircraft-network-audit/]: AIRCRAFT_CLIENT player=AuditPilot type=aviator_dream:fokker_fviib3m uuid=f4fdcab4-0cbd-42da-944b-a3ab94a77340 tick=2150 x=-10.01196360736013 y=149.0878810697935 z=47.749463066100226 vx=-0.05323405182681999 pilot=true
[30Sep2026 04:21:19.198] [Render thread/INFO] [magnetization/aircraft-network-audit/]: AIRCRAFT_CLIENT player=AuditPilot type=aviator_dream:fokker_fviib3m uuid=f4fdcab4-0cbd-42da-944b-a3ab94a77340 tick=2160 x=-10.15292489534556 y=146.64725691389944 z=53.23390390965332 vx=0.012532752167538018 pilot=true
[30Sep2026 04:21:19.699] [Render thread/INFO] [magnetization/aircraft-network-audit/]: AIRCRAFT_CLIENT player=AuditPilot type=aviator_dream:fokker_fviib3m uuid=f4fdcab4-0cbd-42da-944b-a3ab94a77340 tick=2170 x=-9.80280984532044 y=144.22572141469885 z=58.96564972833646 vx=0.050231136735843646 pilot=true
[30Sep2026 04:21:20.201] [Render thread/INFO] [magnetization/aircraft-network-audit/]: AIRCRAFT_CLIENT player=AuditPilot type=aviator_dream:fokker_fviib3m uuid=f4fdcab4-0cbd-42da-944b-a3ab94a77340 tick=2180 x=-9.173155563422753 y=141.88729687745794 z=64.91263400230078 vx=0.07155090608722207 pilot=true
[30Sep2026 04:21:20.702] [Render thread/INFO] [magnetization/aircraft-network-audit/]: AIRCRAFT_CLIENT player=AuditPilot type=aviator_dream:fokker_fviib3m uuid=f4fdcab4-0cbd-42da-944b-a3ab94a77340 tick=2190 x=-8.476986671115524 y=139.65893546950778 z=71.03581104051464 vx=0.04809509012497987 pilot=true
[30Sep2026 04:21:21.204] [Render thread/INFO] [magnetization/aircraft-network-audit/]: AIRCRAFT_CLIENT player=AuditPilot type=aviator_dream:fokker_fviib3m uuid=f4fdcab4-0cbd-42da-944b-a3ab94a77340 tick=2200 x=-8.32955746205646 y=137.53294860266408 z=77.31894899039965 vx=-0.008505580349959846 pilot=true
[30Sep2026 04:21:21.707] [Render thread/INFO] [magnetization/aircraft-network-audit/]: AIRCRAFT_CLIENT player=AuditPilot type=aviator_dream:fokker_fviib3m uuid=f4fdcab4-0cbd-42da-944b-a3ab94a77340 tick=2210 x=-8.621256398380957 y=135.51620806588926 z=83.75819877862276 vx=-0.04353941694585752 pilot=true
[30Sep2026 04:21:22.209] [Render thread/INFO] [magnetization/aircraft-network-audit/]: AIRCRAFT_CLIENT player=AuditPilot type=aviator_dream:fokker_fviib3m uuid=f4fdcab4-0cbd-42da-944b-a3ab94a77340 tick=2220 x=-9.182866996765727 y=133.63121941798195 z=90.3363500870997 vx=-0.064851168581231 pilot=true
[30Sep2026 04:21:22.710] [Render thread/INFO] [magnetization/aircraft-network-audit/]: AIRCRAFT_CLIENT player=AuditPilot type=aviator_dream:fokker_fviib3m uuid=f4fdcab4-0cbd-42da-944b-a3ab94a77340 tick=2230 x=-9.828186503936449 y=132.06029214392169 z=96.35503040171176 vx=-0.07630628445170413 pilot=true
[30Sep2026 04:21:23.186] [Render thread/INFO] [magnetization/aircraft-network-audit/]: AIRCRAFT_CLIENT player=AuditPilot type=aviator_dream:fokker_fviib3m uuid=f4fdcab4-0cbd-42da-944b-a3ab94a77340 tick=2240 x=-9.828186503936449 y=132.06029214392169 z=96.35503040171176 vx=-0.07630628445170413 pilot=true
[30Sep2026 04:21:23.689] [Render thread/INFO] [magnetization/aircraft-network-audit/]: AIRCRAFT_CLIENT player=AuditPilot type=aviator_dream:fokker_fviib3m uuid=f4fdcab4-0cbd-42da-944b-a3ab94a77340 tick=2250 x=-9.828186503936449 y=132.06029214392169 z=96.35503040171176 vx=-0.07630628445170413 pilot=true
[30Sep2026 04:21:24.191] [Render thread/INFO] [magnetization/aircraft-network-audit/]: AIRCRAFT_CLIENT player=AuditPilot type=aviator_dream:fokker_fviib3m uuid=f4fdcab4-0cbd-42da-944b-a3ab94a77340 tick=2260 x=-9.828186503936449 y=132.06029214392169 z=96.35503040171176 vx=-0.07630628445170413 pilot=true
[30Sep2026 04:21:24.693] [Render thread/INFO] [magnetization/aircraft-network-audit/]: AIRCRAFT_CLIENT player=AuditPilot type=aviator_dream:fokker_fviib3m uuid=f4fdcab4-0cbd-42da-944b-a3ab94a77340 tick=2270 x=-9.828186503936449 y=132.06029214392169 z=96.35503040171176 vx=-0.07630628445170413 pilot=true
[30Sep2026 04:21:25.195] [Render thread/INFO] [magnetization/aircraft-network-audit/]: AIRCRAFT_CLIENT player=AuditPilot type=aviator_dream:fokker_fviib3m uuid=f4fdcab4-0cbd-42da-944b-a3ab94a77340 tick=2280 x=-9.828186503936449 y=132.06029214392169 z=96.35503040171176 vx=-0.07630628445170413 pilot=true
[30Sep2026 04:21:25.698] [Render thread/INFO] [magnetization/aircraft-network-audit/]: AIRCRAFT_CLIENT player=AuditPilot type=aviator_dream:fokker_fviib3m uuid=f4fdcab4-0cbd-42da-944b-a3ab94a77340 tick=2290 x=-9.828186503936449 y=132.06029214392169 z=96.35503040171176 vx=-0.07630628445170413 pilot=true
[30Sep2026 04:21:26.201] [Render thread/INFO] [magnetization/aircraft-network-audit/]: AIRCRAFT_CLIENT player=AuditPilot type=aviator_dream:fokker_fviib3m uuid=f4fdcab4-0cbd-42da-944b-a3ab94a77340 tick=2300 x=-9.828186503936449 y=132.06029214392169 z=96.35503040171176 vx=-0.07630628445170413 pilot=true
[30Sep2026 04:21:26.704] [Render thread/INFO] [magnetization/aircraft-network-audit/]: AIRCRAFT_CLIENT player=AuditPilot type=aviator_dream:fokker_fviib3m uuid=f4fdcab4-0cbd-42da-944b-a3ab94a77340 tick=2310 x=-9.828186503936449 y=132.06029214392169 z=96.35503040171176 vx=-0.07630628445170413 pilot=true
