[30Sep2026 04:23:10.985] [main/INFO] [cpw.mods.modlauncher.Launcher/MODLAUNCHER]: ModLauncher running: args [--launchTarget, forgeclientdev, --version, 21.1.252, --assetIndex, 17, --assetsDir, /home/braydon/.gradle/caches/neoformruntime/assets, --gameDir, ., --fml.fmlVersion, 4.0.44, --fml.mcVersion, 1.21.1, --fml.neoForgeVersion, 21.1.252, --fml.neoFormVersion, 20240808.144430, --username, AuditPilot, --quickPlayMultiplayer, 127.0.0.1:25585]
[30Sep2026 04:23:10.987] [main/INFO] [cpw.mods.modlauncher.Launcher/MODLAUNCHER]: JVM identified as Arch Linux OpenJDK 64-Bit Server VM 21.0.12.1+1
[30Sep2026 04:23:10.988] [main/INFO] [cpw.mods.modlauncher.Launcher/MODLAUNCHER]: ModLauncher 11.0.5+main.901c6ea8 starting: java version 21.0.12.1 by Arch Linux; OS Linux arch amd64 version 7.2.7-zen1-1-zen
[30Sep2026 04:23:11.125] [main/INFO] [net.neoforged.fml.loading.ImmediateWindowHandler/]: Loading ImmediateWindowProvider fmlearlywindow
[30Sep2026 04:23:11.653] [main/INFO] [EARLYDISPLAY/]: Trying GL version 4.6
[30Sep2026 04:23:11.686] [main/INFO] [EARLYDISPLAY/]: Requested GL version 4.6 got version 4.6
[30Sep2026 04:23:11.719] [main/INFO] [mixin/]: SpongePowered MIXIN Subsystem Version=0.8.7 Source=union:/home/braydon/.gradle/caches/modules-2/files-2.1/net.fabricmc/sponge-mixin/0.15.2+mixin.0.8.7/2af2f021d8e02a0220dc27a7a72b4666d66d44ca/sponge-mixin-0.15.2+mixin.0.8.7.jar%23126!/ Service=ModLauncher Env=CLIENT
[30Sep2026 04:23:11.751] [pool-2-thread-1/INFO] [EARLYDISPLAY/]: GL info: llvmpipe (LLVM 22.1.8, 256 bits) GL version 4.6 (Core Profile) Mesa 26.2.3-arch1.1, Mesa
[30Sep2026 04:23:12.165] [main/WARN] [net.neoforged.jarjar.selection.JarSelector/]: Attempted to select a dependency jar for JarJar which was passed in as source: library:Registrate.MC1._21._67. Using Mod File: /home/braydon/.gradle/caches/modules-2/files-2.1/com.tterrag.registrate/Registrate/MC1.21-1.3.0+67/66ddc4cd56472fea1ea1a24182901e6c92a51c0a/Registrate-MC1.21-1.3.0+67.jar
[30Sep2026 04:23:12.165] [main/WARN] [net.neoforged.jarjar.selection.JarSelector/]: Attempted to select a dependency jar for JarJar which was passed in as source: veil. Using Mod File: /home/braydon/.gradle/caches/modules-2/files-2.1/foundry.veil/veil-neoforge-1.21.1/4.1.4/642ec0bd02213ee087d86eda553d6d79c6a04d2b/veil-neoforge-1.21.1-4.1.4.jar
[30Sep2026 04:23:12.165] [main/WARN] [net.neoforged.jarjar.selection.JarSelector/]: Attempted to select a dependency jar for JarJar which was passed in as source: sablecompanion. Using Mod File: /home/braydon/.gradle/caches/modules-2/files-2.1/dev.ryanhcode.sable-companion/sable-companion-common-1.21.1/1.6.0/370be7db705926176e05c0215ed676150c45daae/sable-companion-common-1.21.1-1.6.0.jar
[30Sep2026 04:23:12.166] [main/WARN] [net.neoforged.jarjar.selection.JarSelector/]: Attempted to select a dependency jar for JarJar which was passed in as source: flywheel. Using Mod File: /home/braydon/.gradle/caches/modules-2/files-2.1/dev.engine-room.flywheel/flywheel-neoforge-1.21.1/1.0.6/a943872ad0bdd4458d818d8d7dc123fb250eb744/flywheel-neoforge-1.21.1-1.0.6.jar
[30Sep2026 04:23:12.166] [main/WARN] [net.neoforged.jarjar.selection.JarSelector/]: Attempted to select a dependency jar for JarJar which was passed in as source: library:sable_rapier. Using Mod File: /home/braydon/.gradle/caches/modules-2/files-2.1/dev.ryanhcode.sable/sable-sable_rapier-1.21.1/2.0.3/a88c0860320890144b6b44c332a2a2db3a61e189/sable-sable_rapier-1.21.1-2.0.3.jar
[30Sep2026 04:23:12.166] [main/WARN] [net.neoforged.jarjar.selection.JarSelector/]: Attempted to select a dependency jar for JarJar which was passed in as source: ponder. Using Mod File: /home/braydon/.gradle/caches/modules-2/files-2.1/net.createmod.ponder/ponder-neoforge/1.0.87+mc1.21.1/7783eeff0389f8c6003457133b9dd98e903266c6/ponder-neoforge-1.0.87+mc1.21.1.jar
[30Sep2026 04:23:12.166] [main/INFO] [net.neoforged.fml.loading.moddiscovery.locators.JarInJarDependencyLocator/]: Found 5 dependencies adding them to mods collection
[30Sep2026 04:23:12.167] [main/INFO] [net.neoforged.fml.loading.moddiscovery.ModDiscoverer/]:
     Mod List:
		Name Version (Mod Id)

		Aviator Dreams (Reloaded) 1.2.7+1.21.1 (aviator_dream)
		Create 6.0.11 (create)
		Create Aeronautics 1.3.0 (aeronautics)
		Create Simulated 1.3.0 (simulated)
		Flywheel 1.0.6 (flywheel)
		Immersive Aircraft 1.5.2+1.21.1 (immersive_aircraft)
		Magnetization 1.4.6 (magnetization)
		Minecraft 1.21.1 (minecraft)
		NeoForge 21.1.252 (neoforge)
		Ponder 1.0.87+mc1.21.1 (ponder)
		Sable 2.0.3 (sable)
		Sable Companion 1.6.0 (sablecompanion)
		TerraBlender 4.1.0.8 (terrablender)
		Veil 4.1.4 (veil)
[30Sep2026 04:23:12.623] [main/INFO] [mixin/]: Compatibility level set to JAVA_21
[30Sep2026 04:23:12.639] [main/INFO] [cpw.mods.modlauncher.LaunchServiceHandler/MODLAUNCHER]: Launching target 'forgeclientdev' with arguments [--version, 21.1.252, --gameDir, ., --assetsDir, /home/braydon/.gradle/caches/neoformruntime/assets, --assetIndex, 17, --username, AuditPilot, --quickPlayMultiplayer, 127.0.0.1:25585]
[30Sep2026 04:23:12.669] [main/WARN] [mixin/]: Reference map 'simulated.refmap.json' for simulated.mixins.json could not be read. If this is a development environment you can ignore this message
[30Sep2026 04:23:12.671] [main/WARN] [mixin/]: Reference map 'aeronautics.refmap.json' for aeronautics.mixins.json could not be read. If this is a development environment you can ignore this message
[30Sep2026 04:23:12.675] [main/WARN] [mixin/]: Reference map 'ponder.refmap.json' for ponder-common.mixins.json could not be read. If this is a development environment you can ignore this message
[30Sep2026 04:23:12.679] [main/INFO] [dev.ryanhcode.sable.mixin.AbstractSableMixinPlugin/]: Using Vanilla renderer mixins
[30Sep2026 04:23:12.680] [main/INFO] [dev.ryanhcode.sable.mixin.AbstractSableMixinPlugin/]: Using Vanilla renderer mixins
[30Sep2026 04:23:12.684] [main/WARN] [mixin/]: Reference map 'terrablender.refmap.json' for terrablender.mixins.json could not be read. If this is a development environment you can ignore this message
[30Sep2026 04:23:12.685] [main/WARN] [mixin/]: Reference map 'terrablender.refmap.json' for terrablender_neoforge.mixins.json could not be read. If this is a development environment you can ignore this message
[30Sep2026 04:23:12.861] [main/WARN] [mixin/]: Error loading class: net/irisshaders/iris/pipeline/PipelineManager (java.lang.ClassNotFoundException: net.irisshaders.iris.pipeline.PipelineManager)
[30Sep2026 04:23:12.862] [main/WARN] [mixin/]: @Mixin target net.irisshaders.iris.pipeline.PipelineManager was not found veil.neoforge.mixins.json:client.perspective.iris.PipelineManagerMixin from mod veil
[30Sep2026 04:23:12.891] [main/WARN] [mixin/]: Error loading class: mezz/jei/library/plugins/vanilla/ingredients/ItemStackListFactory (java.lang.ClassNotFoundException: mezz.jei.library.plugins.vanilla.ingredients.ItemStackListFactory)
[30Sep2026 04:23:13.130] [main/WARN] [mixin/]: Error loading class: com/copycatsplus/copycats/foundation/copycat/CCCopycatBlockEntity (java.lang.ClassNotFoundException: com.copycatsplus.copycats.foundation.copycat.CCCopycatBlockEntity)
[30Sep2026 04:23:13.131] [main/WARN] [mixin/]: Error loading class: com/copycatsplus/copycats/foundation/copycat/multistate/MultiStateCopycatBlockEntity (java.lang.ClassNotFoundException: com.copycatsplus.copycats.foundation.copycat.multistate.MultiStateCopycatBlockEntity)
[30Sep2026 04:23:13.131] [main/WARN] [mixin/]: Error loading class: com/jesz/createdieselgenerators/content/tools/ChemicalSprayerProjectileEntity (java.lang.ClassNotFoundException: com.jesz.createdieselgenerators.content.tools.ChemicalSprayerProjectileEntity)
[30Sep2026 04:23:13.132] [main/WARN] [mixin/]: Error loading class: qouteall/imm_ptl/core/compat/sable_integration/IPSableBridge (java.lang.ClassNotFoundException: qouteall.imm_ptl.core.compat.sable_integration.IPSableBridge)
[30Sep2026 04:23:13.133] [main/WARN] [mixin/]: Error loading class: com/github/alexmodguy/alexscaves/server/block/blockentity/TeslaBulbBlockEntity (java.lang.ClassNotFoundException: com.github.alexmodguy.alexscaves.server.block.blockentity.TeslaBulbBlockEntity)
[30Sep2026 04:23:13.133] [main/WARN] [mixin/]: Error loading class: dev/devce/rocketnautics/content/orbit/DeepSpaceData (java.lang.ClassNotFoundException: dev.devce.rocketnautics.content.orbit.DeepSpaceData)
[30Sep2026 04:23:13.164] [main/WARN] [mixin/]: Error loading class: org/jetbrains/annotations/ApiStatus$ScheduledForRemoval (java.lang.ClassNotFoundException: org.jetbrains.annotations.ApiStatus$ScheduledForRemoval)
[30Sep2026 04:23:13.191] [main/INFO] [MixinExtras|Service/]: Initializing MixinExtras via com.llamalad7.mixinextras.service.MixinExtrasServiceImpl(version=0.5.3).
[30Sep2026 04:23:13.788] [Datafixer Bootstrap/INFO] [com.mojang.datafixers.DataFixerBuilder/]: 229 Datafixer optimizations took 111 milliseconds
[30Sep2026 04:23:16.271] [main/WARN] [net.minecraft.commands.Commands/]: Ambiguity between arguments [teleport, location] and [teleport, destination] with inputs: [0.1 -0.5 .9, 0 0 0]
[30Sep2026 04:23:16.272] [main/WARN] [net.minecraft.commands.Commands/]: Ambiguity between arguments [teleport, location] and [teleport, targets] with inputs: [0.1 -0.5 .9, 0 0 0]
[30Sep2026 04:23:16.273] [main/WARN] [net.minecraft.commands.Commands/]: Ambiguity between arguments [teleport, destination] and [teleport, targets] with inputs: [Player, 0123, @e, dd12be42-52a9-4a91-a8a1-11c01849e498]
[30Sep2026 04:23:16.274] [main/WARN] [net.minecraft.commands.Commands/]: Ambiguity between arguments [teleport, targets] and [teleport, destination] with inputs: [Player, 0123, dd12be42-52a9-4a91-a8a1-11c01849e498]
[30Sep2026 04:23:16.274] [main/WARN] [net.minecraft.commands.Commands/]: Ambiguity between arguments [teleport, targets, location] and [teleport, targets, destination] with inputs: [0.1 -0.5 .9, 0 0 0]
[30Sep2026 04:23:16.375] [Render thread/WARN] [net.minecraft.server.packs.VanillaPackResourcesBuilder/]: Assets URL 'union:/home/braydon/Magnetization-API/build/moddev/artifacts/neoforge-21.1.252.jar%23177!/assets/.mcassetsroot' uses unexpected schema
[30Sep2026 04:23:16.376] [Render thread/WARN] [net.minecraft.server.packs.VanillaPackResourcesBuilder/]: Assets URL 'union:/home/braydon/Magnetization-API/build/moddev/artifacts/neoforge-21.1.252.jar%23177!/data/.mcassetsroot' uses unexpected schema
[30Sep2026 04:23:16.387] [Render thread/INFO] [com.mojang.authlib.yggdrasil.YggdrasilAuthenticationService/]: Environment: Environment[sessionHost=https://sessionserver.mojang.com, servicesHost=https://api.minecraftservices.com, name=PROD]
[30Sep2026 04:23:16.391] [Render thread/INFO] [net.minecraft.client.Minecraft/]: Setting user: AuditPilot
[30Sep2026 04:23:16.461] [Render thread/INFO] [net.minecraft.client.Minecraft/]: Backend library: LWJGL version 3.3.3+5
[30Sep2026 04:23:16.642] [modloading-worker-0/INFO] [Veil/]: Veil is initializing.
[30Sep2026 04:23:16.652] [modloading-worker-0/INFO] [net.neoforged.neoforge.common.NeoForgeMod/NEOFORGE-MOD]: NeoForge mod loading, version 21.1.252, for MC 1.21.1
[30Sep2026 04:23:16.682] [modloading-worker-0/INFO] [com.simibubi.create.Create/]: Create 6.0.11 initializing! Commit hash: 87b3c6a65fd00c023a07b37b0353144bc7e6a5bf
[30Sep2026 04:23:17.619] [modloading-worker-0/INFO] [dev.ryanhcode.sable.Sable/]: Sable loaded!
[30Sep2026 04:23:17.628] [modloading-worker-0/WARN] [dev.ryanhcode.sable.Sable/]: NOTE: Sable is loaded with Flywheel. Sable contains extensive shader overrides and a full light-storage replacement. Expect this to cause compatibility issues. If issues arise, please report them to the Sable issue tracker (https://github.com/ryanhcode/sable/issues) instead of the Flywheel issue tracker.
[30Sep2026 04:23:18.997] [Render thread/INFO] [Veil/]: GL Debug supported
[30Sep2026 04:23:19.143] [Render thread/INFO] [net.neoforged.neoforge.gametest.GameTestHooks/]: Enabled Gametest Namespaces: [magnetization]
[30Sep2026 04:23:19.480] [Render thread/ERROR] [com.mojang.text2speech.Narrator/]: Error while loading the narrator
com.mojang.text2speech.Narrator$InitializeException: Failed to load library flite
	at MC-BOOTSTRAP/text2speech@1.17.9/com.mojang.text2speech.NarratorLinux$FliteLibrary.loadNative(NarratorLinux.java:69) ~[text2speech-1.17.9.jar%23110!/:?]
	at MC-BOOTSTRAP/text2speech@1.17.9/com.mojang.text2speech.NarratorLinux.<init>(NarratorLinux.java:18) ~[text2speech-1.17.9.jar%23110!/:?]
	at MC-BOOTSTRAP/text2speech@1.17.9/com.mojang.text2speech.Narrator.getNarrator(Narrator.java:41) ~[text2speech-1.17.9.jar%23110!/:?]
	at TRANSFORMER/minecraft@1.21.1/net.minecraft.client.GameNarrator.<init>(GameNarrator.java:21) ~[neoforge-21.1.252.jar%23177!/:?]
	at TRANSFORMER/minecraft@1.21.1/net.minecraft.client.Minecraft.<init>(Minecraft.java:609) ~[neoforge-21.1.252.jar%23177!/:?]
	at TRANSFORMER/minecraft@1.21.1/net.minecraft.client.main.Main.main(Main.java:214) ~[neoforge-21.1.252.jar%23177!/:?]
	at java.base/jdk.internal.reflect.DirectMethodHandleAccessor.invoke(DirectMethodHandleAccessor.java:103) ~[?:?]
	at java.base/java.lang.reflect.Method.invoke(Method.java:580) ~[?:?]
	at MC-BOOTSTRAP/fml_loader@4.0.44/net.neoforged.fml.loading.targets.CommonLaunchHandler.runTarget(CommonLaunchHandler.java:136) ~[loader-4.0.44.jar%23134!/:4.0]
	at MC-BOOTSTRAP/fml_loader@4.0.44/net.neoforged.fml.loading.targets.CommonLaunchHandler.clientService(CommonLaunchHandler.java:124) ~[loader-4.0.44.jar%23134!/:4.0]
	at MC-BOOTSTRAP/fml_loader@4.0.44/net.neoforged.fml.loading.targets.NeoForgeClientDevLaunchHandler.runService(NeoForgeClientDevLaunchHandler.java:23) ~[loader-4.0.44.jar%23134!/:4.0]
	at MC-BOOTSTRAP/fml_loader@4.0.44/net.neoforged.fml.loading.targets.CommonLaunchHandler.lambda$launchService$4(CommonLaunchHandler.java:118) ~[loader-4.0.44.jar%23134!/:4.0]
	at MC-BOOTSTRAP/cpw.mods.modlauncher@11.0.5/cpw.mods.modlauncher.LaunchServiceHandlerDecorator.launch(LaunchServiceHandlerDecorator.java:30) [modlauncher-11.0.5.jar%23114!/:?]
	at MC-BOOTSTRAP/cpw.mods.modlauncher@11.0.5/cpw.mods.modlauncher.LaunchServiceHandler.launch(LaunchServiceHandler.java:53) [modlauncher-11.0.5.jar%23114!/:?]
	at MC-BOOTSTRAP/cpw.mods.modlauncher@11.0.5/cpw.mods.modlauncher.LaunchServiceHandler.launch(LaunchServiceHandler.java:71) [modlauncher-11.0.5.jar%23114!/:?]
	at MC-BOOTSTRAP/cpw.mods.modlauncher@11.0.5/cpw.mods.modlauncher.Launcher.run(Launcher.java:103) [modlauncher-11.0.5.jar%23114!/:?]
	at MC-BOOTSTRAP/cpw.mods.modlauncher@11.0.5/cpw.mods.modlauncher.Launcher.main(Launcher.java:74) [modlauncher-11.0.5.jar%23114!/:?]
	at MC-BOOTSTRAP/cpw.mods.modlauncher@11.0.5/cpw.mods.modlauncher.BootstrapLaunchConsumer.accept(BootstrapLaunchConsumer.java:26) [modlauncher-11.0.5.jar%23114!/:?]
	at MC-BOOTSTRAP/cpw.mods.modlauncher@11.0.5/cpw.mods.modlauncher.BootstrapLaunchConsumer.accept(BootstrapLaunchConsumer.java:23) [modlauncher-11.0.5.jar%23114!/:?]
	at cpw.mods.bootstraplauncher@2.0.2/cpw.mods.bootstraplauncher.BootstrapLauncher.run(BootstrapLauncher.java:210) [bootstraplauncher-2.0.2.jar:?]
	at cpw.mods.bootstraplauncher@2.0.2/cpw.mods.bootstraplauncher.BootstrapLauncher.main(BootstrapLauncher.java:69) [bootstraplauncher-2.0.2.jar:?]
	at java.base/jdk.internal.reflect.DirectMethodHandleAccessor.invoke(DirectMethodHandleAccessor.java:103) ~[?:?]
	at java.base/java.lang.reflect.Method.invoke(Method.java:580) ~[?:?]
	at net.neoforged.devlaunch.Main.main(Main.java:57) [DevLaunch-1.0.2.jar:?]
Caused by: java.lang.UnsatisfiedLinkError: Unable to load library 'flite':
libflite.so: cannot open shared object file: No such file or directory
libflite.so: cannot open shared object file: No such file or directory
Native library (linux-x86-64/libflite.so) not found in resource path (/home/braydon/Magnetization-API/build/classes/java/main:/home/braydon/Magnetization-API/build/resources/main:/home/braydon/Magnetization-API/build/moddev/artifacts/neoforge-21.1.252.jar:/home/braydon/Magnetization-API/build/moddev/artifacts/neoforge-21.1.252-client-extra-aka-minecraft-resources.jar:/home/braydon/.gradle/caches/modules-2/files-2.1/net.neoforged/DevLaunch/1.0.2/2e0e9a67793d5bfdedee4f9ea00934dbf3f2e22d/DevLaunch-1.0.2.jar:/home/braydon/.gradle/caches/modules-2/files-2.1/dev.ryanhcode.sable/sable-neoforge-1.21.1/2.0.3/f3ba9a497122ba29d9e94ebe6f9a3a3aaa5fa756/sable-neoforge-1.21.1-2.0.3.jar:/home/braydon/.gradle/caches/modules-2/files-2.1/com.simibubi.create/create-1.21.1/6.0.11-295/811466e6d002216057f3aa2fbefd58422e378dde/create-1.21.1-6.0.11-295.jar:/home/braydon/.gradle/caches/modules-2/files-2.1/net.createmod.ponder/ponder-neoforge/1.0.87+mc1.21.1/7783eeff0389f8c6003457133b9dd98e903266c6/ponder-neoforge-1.0.87+mc1.21.1.jar:/home/braydon/.gradle/caches/modules-2/files-2.1/com.tterrag.registrate/Registrate/MC1.21-1.3.0+67/66ddc4cd56472fea1ea1a24182901e6c92a51c0a/Registrate-MC1.21-1.3.0+67.jar:/home/braydon/.gradle/caches/modules-2/files-2.1/dev.ryanhcode.sable-companion/sable-companion-common-1.21.1/1.6.0/370be7db705926176e05c0215ed676150c45daae/sable-companion-common-1.21.1-1.6.0.jar:/home/braydon/.gradle/caches/modules-2/files-2.1/dev.eriksonn.aeronautics/aeronautics-neoforge-1.21.1/1.3.0/98c9ad19d4af0cad19283084c0ae921a148c1c04/aeronautics-neoforge-1.21.1-1.3.0.jar:/home/braydon/.gradle/caches/modules-2/files-2.1/dev.simulated_team.simulated/simulated-neoforge-1.21.1/1.3.0/4c8ed098f2ecec41c87fdbeb96d38d8b82a929c3/simulated-neoforge-1.21.1-1.3.0.jar:/home/braydon/.gradle/caches/modules-2/files-2.1/maven.modrinth/terrablender/6e8GCrLb/744394d979b422be560babf9df7a6800ede9ac5b/terrablender-6e8GCrLb.jar:/home/braydon/.gradle/caches/modules-2/files-2.1/dev.engine-room.flywheel/flywheel-neoforge-1.21.1/1.0.6/a943872ad0bdd4458d818d8d7dc123fb250eb744/flywheel-neoforge-1.21.1-1.0.6.jar:/home/braydon/.gradle/caches/modules-2/files-2.1/maven.modrinth/immersive-aircraft/ZZTlNkV9/6f7dded9292e8bd32feb24082aad2987c72af908/immersive-aircraft-ZZTlNkV9.jar:/home/braydon/.gradle/caches/modules-2/files-2.1/maven.modrinth/aviator-dreams-reloaded/4Aa8QEq9/eb754ee91bc108265de62aead4a046fbeb8de6bf/aviator-dreams-reloaded-4Aa8QEq9.jar:/home/braydon/.gradle/caches/modules-2/files-2.1/foundry.veil/veil-neoforge-1.21.1/4.1.4/642ec0bd02213ee087d86eda553d6d79c6a04d2b/veil-neoforge-1.21.1-4.1.4.jar:/home/braydon/.gradle/caches/modules-2/files-2.1/dev.ryanhcode.sable/sable-sable_rapier-1.21.1/2.0.3/a88c0860320890144b6b44c332a2a2db3a61e189/sable-sable_rapier-1.21.1-2.0.3.jar:/home/braydon/.gradle/caches/modules-2/files-2.1/net.neoforged.fancymodloader/earlydisplay/4.0.44/cb2afcf15672180eca1c49b1c9b1208951ef322e/earlydisplay-4.0.44.jar:/home/braydon/.gradle/caches/modules-2/files-2.1/net.neoforged.fancymodloader/loader/4.0.44/63433608b68302a442e3dba87880e54f42ea0583/loader-4.0.44.jar:/home/braydon/.gradle/caches/modules-2/files-2.1/net.neoforged.accesstransformers/at-modlauncher/10.0.1/5aba50202aceead086bc09fbc2751c9f05cb4890/at-modlauncher-10.0.1.jar:/home/braydon/.gradle/caches/modules-2/files-2.1/net.neoforged/accesstransformers/10.0.1/fd83b5725f76eae9115e9355fa1c456a6a441400/accesstransformers-10.0.1.jar:/home/braydon/.gradle/caches/modules-2/files-2.1/net.neoforged/bus/8.0.5/5b2d33285ab5d1554e9798ad98c40d6ea3868bd5/bus-8.0.5.jar:/home/braydon/.gradle/caches/modules-2/files-2.1/net.neoforged/coremods/7.0.3/9147e6f638b4272b3bd5fc8f92ad37802512c6c/coremods-7.0.3.jar:/home/braydon/.gradle/caches/modules-2/files-2.1/cpw.mods/modlauncher/11.0.5/b8f0d49294f733fdb6173931b263553e943dc950/modlauncher-11.0.5.jar:/home/braydon/.gradle/caches/modules-2/files-2.1/net.neoforged/mergetool/2.0.0/52fe1949be64e3303aabaaa21e315f551db9c9f4/mergetool-2.0.0-api.jar:/home/braydon/.gradle/caches/modules-2/files-2.1/com.electronwill.night-config/toml/3.8.3/90b2fd6efcb4a7d5b9810cf78f9d824994d717f2/toml-3.8.3.jar:/home/braydon/.gradle/caches/modules-2/files-2.1/com.electronwill.night-config/core/3.8.3/b442a95f09e349927f5a945ecb594455870fcf4f/core-3.8.3.jar:/home/braydon/.gradle/caches/modules-2/files-2.1/net.neoforged/JarJarSelector/0.4.1/fb3cc7a58af22ad2880adb98af6d518128c47dae/JarJarSelector-0.4.1.jar:/home/braydon/.gradle/caches/modules-2/files-2.1/net.neoforged/JarJarMetadata/0.4.1/f8da03683dc81694556dc3e177c5e3bb77ae6fcb/JarJarMetadata-0.4.1.jar:/home/braydon/.gradle/caches/modules-2/files-2.1/org.apache.maven/maven-artifact/3.8.5/4433f50c07debefaed0553bd0068f4f48d449313/maven-artifact-3.8.5.jar:/home/braydon/.gradle/caches/modules-2/files-2.1/net.jodah/typetools/0.6.3/a01aaa6ddaea9ec07ec4f209487b7a46a526283a/typetools-0.6.3.jar:/home/braydon/.gradle/caches/modules-2/files-2.1/net.minecrell/terminalconsoleappender/1.3.0/b562e9bb61235c9520e26282cdee71f8f802d1fc/terminalconsoleappender-1.3.0.jar:/home/braydon/.gradle/caches/modules-2/files-2.1/net.fabricmc/sponge-mixin/0.15.2+mixin.0.8.7/2af2f021d8e02a0220dc27a7a72b4666d66d44ca/sponge-mixin-0.15.2+mixin.0.8.7.jar:/home/braydon/.gradle/caches/modules-2/files-2.1/org.openjdk.nashorn/nashorn-core/15.4/f67f5ffaa5f5130cf6fb9b133da00c7df3b532a5/nashorn-core-15.4.jar:/home/braydon/.gradle/caches/modules-2/files-2.1/org.apache.commons/commons-lang3/3.14.0/1ed471194b02f2c6cb734a0cd6f6f107c673afae/commons-lang3-3.14.0.jar:/home/braydon/.gradle/caches/modules-2/files-2.1/cpw.mods/bootstraplauncher/2.0.2/1a2d076cbc33b0520cbacd591224427b2a20047d/bootstraplauncher-2.0.2.jar:/home/braydon/.gradle/caches/modules-2/files-2.1/cpw.mods/securejarhandler/3.0.8/c0ef95cecd8699a0449053ac7d9c160748d902cd/securejarhandler-3.0.8.jar:/home/braydon/.gradle/caches/modules-2/files-2.1/org.ow2.asm/asm-commons/9.10.1/4229e4c55fd8e01c23f9fe9884075cc628aacc50/asm-commons-9.10.1.jar:/home/braydon/.gradle/caches/modules-2/files-2.1/org.ow2.asm/asm-util/9.10.1/7bb9d450e8d4cbf9f9e04096c44bbfe7fba80b15/asm-util-9.10.1.jar:/home/braydon/.gradle/caches/modules-2/files-2.1/org.ow2.asm/asm-analysis/9.10.1/8d49f14d51f632cb1d87c88d1ceaf50db0d8af1b/asm-analysis-9.10.1.jar:/home/braydon/.gradle/caches/modules-2/files-2.1/gg.moonflower/molang-compiler/3.1.1.19/c7c0f9a9d0431c3485a0b6d2a4fb87e3de415ff9/molang-compiler-3.1.1.19.jar:/home/braydon/.gradle/caches/modules-2/files-2.1/io.github.ocelot/glsl-processor/0.2.3/f43cf0a51050fcdcbe8253368f0d77cf0439bf04/glsl-processor-0.2.3.jar:/home/braydon/.gradle/caches/modules-2/files-2.1/org.ow2.asm/asm-tree/9.10.1/e244332a17564c1d1572449399a842de35881be2/asm-tree-9.10.1.jar:/home/braydon/.gradle/caches/modules-2/files-2.1/org.ow2.asm/asm/9.10.1/ada2141c0cc52ee8f5c48cd5fa4ce0e794f22236/asm-9.10.1.jar:/home/braydon/.gradle/caches/modules-2/files-2.1/net.neoforged/JarJarFileSystems/0.4.1/78f59f89defcd032ed788b151ca6a0d40ace796a/JarJarFileSystems-0.4.1.jar:/home/braydon/.gradle/caches/modules-2/files-2.1/net.sf.jopt-simple/jopt-simple/5.0.4/4fdac2fbe92dfad86aa6e9301736f6b4342a3f5c/jopt-simple-5.0.4.jar:/home/braydon/.gradle/caches/modules-2/files-2.1/commons-io/commons-io/2.15.1/f11560da189ab563a5c8e351941415430e9304ea/commons-io-2.15.1.jar:/home/braydon/.gradle/caches/modules-2/files-2.1/com.mojang/logging/1.2.7/24cb95ffb0e3433fd6e844c04e68009e504ca1c0/logging-1.2.7.jar:/home/braydon/.gradle/caches/modules-2/files-2.1/org.apache.logging.log4j/log4j-slf4j2-impl/2.22.1/d7e6693c2606cb7e7335047d7bb96dec52db5665/log4j-slf4j2-impl-2.22.1.jar:/home/braydon/.gradle/caches/modules-2/files-2.1/org.apache.logging.log4j/log4j-core/2.22.1/7183a25510a02ad00cc6a95d3b3d2a7d3c5a8dc4/log4j-core-2.22.1.jar:/home/braydon/.gradle/caches/modules-2/files-2.1/org.apache.logging.log4j/log4j-api/2.22.1/bea6fede6328fabafd7e68363161a7ea6605abd1/log4j-api-2.22.1.jar:/home/braydon/.gradle/caches/modules-2/files-2.1/com.google.guava/guava/32.1.2-jre/5e64ec7e056456bef3a4bc4c6fdaef71e8ab6318/guava-32.1.2-jre.jar:/home/braydon/.gradle/caches/modules-2/files-2.1/com.google.code.gson/gson/2.10.1/b3add478d4382b78ea20b1671390a858002feb6c/gson-2.10.1.jar:/home/braydon/.gradle/caches/modules-2/files-2.1/org.slf4j/slf4j-api/2.0.9/7cf2726fdcfbc8610f9a71fb3ed639871f315340/slf4j-api-2.0.9.jar:/home/braydon/.gradle/caches/modules-2/files-2.1/org.antlr/antlr4-runtime/4.13.1/17125bae1d965624e265ef49552f6465a2bfa307/antlr4-runtime-4.13.1.jar:/home/braydon/.gradle/caches/modules-2/files-2.1/net.minecraftforge/srgutils/0.4.15/ca408b131759478f164e010fae0d73997e125fb5/srgutils-0.4.15.jar:/home/braydon/.gradle/caches/modules-2/files-2.1/org.codehaus.plexus/plexus-utils/3.3.0/cf43b5391de623b36fe066a21127baef82c64022/plexus-utils-3.3.0.jar:/home/braydon/.gradle/caches/modules-2/files-2.1/org.jline/jline-reader/3.20.0/8f15415b022a25b473e8e16c28ae913186ffb9c4/jline-reader-3.20.0.jar:/home/braydon/.gradle/caches/modules-2/files-2.1/com.machinezoo.noexception/noexception/1.7.1/b65330c98e38a1f915fa54a6e5eca496505e3f0a/noexception-1.7.1.jar:/home/braydon/.gradle/caches/modules-2/files-2.1/com.google.guava/failureaccess/1.0.1/1dcf1de382a0bf95a3d8b0849546c88bac1292c9/failureaccess-1.0.1.jar:/home/braydon/.gradle/caches/modules-2/files-2.1/com.google.guava/listenablefuture/9999.0-empty-to-avoid-conflict-with-guava/b421526c5f297295adef1c886e5246c39d4ac629/listenablefuture-9999.0-empty-to-avoid-conflict-with-guava.jar:/home/braydon/.gradle/caches/modules-2/files-2.1/com.google.code.findbugs/jsr305/3.0.2/25ea2e8b0c338a877313bd4672d3fe056ea78f0d/jsr305-3.0.2.jar:/home/braydon/.gradle/caches/modules-2/files-2.1/org.checkerframework/checker-qual/3.33.0/de2b60b62da487644fc11f734e73c8b0b431238f/checker-qual-3.33.0.jar:/home/braydon/.gradle/caches/modules-2/files-2.1/com.google.errorprone/error_prone_annotations/2.18.0/89b684257096f548fa39a7df9fdaa409d4d4df91/error_prone_annotations-2.18.0.jar:/home/braydon/.gradle/caches/modules-2/files-2.1/com.google.j2objc/j2objc-annotations/2.8/c85270e307e7b822f1086b93689124b89768e273/j2objc-annotations-2.8.jar:/home/braydon/.gradle/caches/modules-2/files-2.1/org.jline/jline-terminal/3.20.0/d0ddcc708ddf527a3454c941b7b9225cc83a15ff/jline-terminal-3.20.0.jar:/home/braydon/.gradle/caches/modules-2/files-2.1/com.github.oshi/oshi-core/6.4.10/b1d8ab82d11d92fd639b56d639f8f46f739dd5fa/oshi-core-6.4.10.jar:/home/braydon/.gradle/caches/modules-2/files-2.1/com.ibm.icu/icu4j/73.2/61ad4ef7f9131fcf6d25c34b817f90d6da06c9e9/icu4j-73.2.jar:/home/braydon/.gradle/caches/modules-2/files-2.1/com.mojang/authlib/6.0.54/de8bc95660e1b2fe8793fd427a7a10dcec5b3ea7/authlib-6.0.54.jar:/home/braydon/.gradle/caches/modules-2/files-2.1/com.mojang/blocklist/1.0.10/5c685c5ffa94c4cd39496c7184c1d122e515ecef/blocklist-1.0.10.jar:/home/braydon/.gradle/caches/modules-2/files-2.1/com.mojang/brigadier/1.3.10/d15b53a14cf20fdcaa98f731af5dda654452c010/brigadier-1.3.10.jar:/home/braydon/.gradle/caches/modules-2/files-2.1/com.mojang/datafixerupper/8.0.16/67d4de6d7f95d89bcf5862995fb854ebaec02a34/datafixerupper-8.0.16.jar:/home/braydon/.gradle/caches/modules-2/files-2.1/com.mojang/patchy/2.2.10/da05971b07cbb379d002cf7eaec6a2048211fefc/patchy-2.2.10.jar:/home/braydon/.gradle/caches/modules-2/files-2.1/com.mojang/text2speech/1.17.9/3cad216e3a7f0c19b4b394388bc9ffc446f13b14/text2speech-1.17.9.jar:/home/braydon/.gradle/caches/modules-2/files-2.1/commons-codec/commons-codec/1.16.0/4e3eb3d79888d76b54e28b350915b5dc3919c9de/commons-codec-1.16.0.jar:/home/braydon/.gradle/caches/modules-2/files-2.1/commons-logging/commons-logging/1.2/4bfc12adfe4842bf07b657f0369c4cb522955686/commons-logging-1.2.jar:/home/braydon/.gradle/caches/modules-2/files-2.1/io.netty/netty-buffer/4.1.97.Final/f8f3d8644afa5e6e1a40a3a6aeb9d9aa970ecb4f/netty-buffer-4.1.97.Final.jar:/home/braydon/.gradle/caches/modules-2/files-2.1/io.netty/netty-codec/4.1.97.Final/384ba4d75670befbedb45c4d3b497a93639c206d/netty-codec-4.1.97.Final.jar:/home/braydon/.gradle/caches/modules-2/files-2.1/io.netty/netty-common/4.1.97.Final/7cceacaf11df8dc63f23d0fb58e9d4640fc88404/netty-common-4.1.97.Final.jar:/home/braydon/.gradle/caches/modules-2/files-2.1/io.netty/netty-handler/4.1.97.Final/abb86c6906bf512bf2b797a41cd7d2e8d3cd7c36/netty-handler-4.1.97.Final.jar:/home/braydon/.gradle/caches/modules-2/files-2.1/io.netty/netty-resolver/4.1.97.Final/cec8348108dc76c47cf87c669d514be52c922144/netty-resolver-4.1.97.Final.jar:/home/braydon/.gradle/caches/modules-2/files-2.1/io.netty/netty-transport-classes-epoll/4.1.97.Final/795da37ded759e862457a82d9d92c4d39ce8ecee/netty-transport-classes-epoll-4.1.97.Final.jar:/home/braydon/.gradle/caches/modules-2/files-2.1/io.netty/netty-transport-native-unix-common/4.1.97.Final/d469d84265ab70095b01b40886cabdd433b6e664/netty-transport-native-unix-common-4.1.97.Final.jar:/home/braydon/.gradle/caches/modules-2/files-2.1/io.netty/netty-transport/4.1.97.Final/f37380d23c9bb079bc702910833b2fd532c9abd0/netty-transport-4.1.97.Final.jar:/home/braydon/.gradle/caches/modules-2/files-2.1/it.unimi.dsi/fastutil/8.5.12/c24946d46824bd528054bface3231d2ecb7e95e8/fastutil-8.5.12.jar:/home/braydon/.gradle/caches/modules-2/files-2.1/net.java.dev.jna/jna-platform/5.14.0/28934d48aed814f11e4c584da55c49fa7032b31b/jna-platform-5.14.0.jar:/home/braydon/.gradle/caches/modules-2/files-2.1/net.java.dev.jna/jna/5.14.0/67bf3eaea4f0718cb376a181a629e5f88fa1c9dd/jna-5.14.0.jar:/home/braydon/.gradle/caches/modules-2/files-2.1/org.apache.commons/commons-compress/1.26.0/659feffdd12280201c8aacb8f7be94f9a883c824/commons-compress-1.26.0.jar:/home/braydon/.gradle/caches/modules-2/files-2.1/org.apache.httpcomponents/httpclient/4.5.13/e5f6cae5ca7ecaac1ec2827a9e2d65ae2869cada/httpclient-4.5.13.jar:/home/braydon/.gradle/caches/modules-2/files-2.1/org.apache.httpcomponents/httpcore/4.4.16/51cf043c87253c9f58b539c9f7e44c8894223850/httpcore-4.4.16.jar:/home/braydon/.gradle/caches/modules-2/files-2.1/org.jcraft/jorbis/0.0.17/8872d22b293e8f5d7d56ff92be966e6dc28ebdc6/jorbis-0.0.17.jar:/home/braydon/.gradle/caches/modules-2/files-2.1/org.joml/joml/1.10.5/22566d58af70ad3d72308bab63b8339906deb649/joml-1.10.5.jar:/home/braydon/.gradle/caches/modules-2/files-2.1/org.lwjgl/lwjgl-freetype/3.3.3/a0db6c84a8becc8ca05f9dbfa985edc348a824c7/lwjgl-freetype-3.3.3.jar:/home/braydon/.gradle/caches/modules-2/files-2.1/org.lwjgl/lwjgl-freetype/3.3.3/149070a5480900347071b7074779531f25a6e3dc/lwjgl-freetype-3.3.3-natives-linux.jar:/home/braydon/.gradle/caches/modules-2/files-2.1/org.lwjgl/lwjgl-glfw/3.3.3/efa1eb78c5ccd840e9f329717109b5e892d72f8e/lwjgl-glfw-3.3.3.jar:/home/braydon/.gradle/caches/modules-2/files-2.1/org.lwjgl/lwjgl-glfw/3.3.3/a03684c5e4b1b1dbbe0d29dbbdc27b985b6840f2/lwjgl-glfw-3.3.3-natives-linux.jar:/home/braydon/.gradle/caches/modules-2/files-2.1/org.lwjgl/lwjgl-jemalloc/3.3.3/b543467b7ff3c6920539a88ee602d34098628be5/lwjgl-jemalloc-3.3.3.jar:/home/braydon/.gradle/caches/modules-2/files-2.1/org.lwjgl/lwjgl-jemalloc/3.3.3/4f86728bf449b1dd61251c4e0ac01df1389cb51e/lwjgl-jemalloc-3.3.3-natives-linux.jar:/home/braydon/.gradle/caches/modules-2/files-2.1/org.lwjgl/lwjgl-openal/3.3.3/daada81ceb5fc0c291fbfdd4433cb8d9423577f2/lwjgl-openal-3.3.3.jar:/home/braydon/.gradle/caches/modules-2/files-2.1/org.lwjgl/lwjgl-openal/3.3.3/3037360cc4595079bea240af250b6d1a527e0905/lwjgl-openal-3.3.3-natives-linux.jar:/home/braydon/.gradle/caches/modules-2/files-2.1/org.lwjgl/lwjgl-opengl/3.3.3/2f6b0147078396a58979125a4c947664e98293a/lwjgl-opengl-3.3.3.jar:/home/braydon/.gradle/caches/modules-2/files-2.1/org.lwjgl/lwjgl-opengl/3.3.3/62c70a4b00ca5391882b0f4b787c1588d24f1c86/lwjgl-opengl-3.3.3-natives-linux.jar:/home/braydon/.gradle/caches/modules-2/files-2.1/org.lwjgl/lwjgl-stb/3.3.3/25dd6161988d7e65f71d5065c99902402ee32746/lwjgl-stb-3.3.3.jar:/home/braydon/.gradle/caches/modules-2/files-2.1/org.lwjgl/lwjgl-stb/3.3.3/fd1271ccd9d85eff2fa31f3fd543e02ccfaf5041/lwjgl-stb-3.3.3-natives-linux.jar:/home/braydon/.gradle/caches/modules-2/files-2.1/org.lwjgl/lwjgl-tinyfd/3.3.3/82d755ca94b102e9ca77283b9e2dc46d1b15fbe5/lwjgl-tinyfd-3.3.3.jar:/home/braydon/.gradle/caches/modules-2/files-2.1/org.lwjgl/lwjgl-tinyfd/3.3.3/d8d58daa0c3e5fd906fee96f5fddbcbc07cc308b/lwjgl-tinyfd-3.3.3-natives-linux.jar:/home/braydon/.gradle/caches/modules-2/files-2.1/org.lwjgl/lwjgl/3.3.3/29589b5f87ed335a6c7e7ee6a5775f81f97ecb84/lwjgl-3.3.3.jar:/home/braydon/.gradle/caches/modules-2/files-2.1/org.lwjgl/lwjgl/3.3.3/1713758e3660ba66e1e954396fd18126038b33c0/lwjgl-3.3.3-natives-linux.jar:/home/braydon/.gradle/caches/modules-2/files-2.1/org.lz4/lz4-java/1.8.0/4b986a99445e49ea5fbf5d149c4b63f6ed6c6780/lz4-java-1.8.0.jar:/home/braydon/.gradle/caches/modules-2/files-2.1/io.netty/netty-transport-native-epoll/4.1.97.Final/5514744c588190ffda076b35a9b8c9f24946a960/netty-transport-native-epoll-4.1.97.Final-linux-aarch_64.jar:/home/braydon/.gradle/caches/modules-2/files-2.1/io.netty/netty-transport-native-epoll/4.1.97.Final/54188f271e388e7f313aea995e82f58ce2cdb809/netty-transport-native-epoll-4.1.97.Final-linux-x86_64.jar)
	at MC-BOOTSTRAP/com.sun.jna@5.14.0/com.sun.jna.NativeLibrary.loadLibrary(NativeLibrary.java:325) ~[jna-5.14.0.jar%23128!/:5.14.0 (b0)]
	at MC-BOOTSTRAP/com.sun.jna@5.14.0/com.sun.jna.NativeLibrary.getInstance(NativeLibrary.java:481) ~[jna-5.14.0.jar%23128!/:5.14.0 (b0)]
	at MC-BOOTSTRAP/com.sun.jna@5.14.0/com.sun.jna.NativeLibrary.getInstance(NativeLibrary.java:423) ~[jna-5.14.0.jar%23128!/:5.14.0 (b0)]
	at MC-BOOTSTRAP/text2speech@1.17.9/com.mojang.text2speech.NarratorLinux$FliteLibrary.loadNative(NarratorLinux.java:67) ~[text2speech-1.17.9.jar%23110!/:?]
	... 23 more
	Suppressed: java.lang.UnsatisfiedLinkError: libflite.so: cannot open shared object file: No such file or directory
		at MC-BOOTSTRAP/com.sun.jna@5.14.0/com.sun.jna.Native.open(Native Method) ~[jna-5.14.0.jar%23128!/:5.14.0 (b0)]
		at MC-BOOTSTRAP/com.sun.jna@5.14.0/com.sun.jna.NativeLibrary.loadLibrary(NativeLibrary.java:213) ~[jna-5.14.0.jar%23128!/:5.14.0 (b0)]
		at MC-BOOTSTRAP/com.sun.jna@5.14.0/com.sun.jna.NativeLibrary.getInstance(NativeLibrary.java:481) ~[jna-5.14.0.jar%23128!/:5.14.0 (b0)]
		at MC-BOOTSTRAP/com.sun.jna@5.14.0/com.sun.jna.NativeLibrary.getInstance(NativeLibrary.java:423) ~[jna-5.14.0.jar%23128!/:5.14.0 (b0)]
		at MC-BOOTSTRAP/text2speech@1.17.9/com.mojang.text2speech.NarratorLinux$FliteLibrary.loadNative(NarratorLinux.java:67) ~[text2speech-1.17.9.jar%23110!/:?]
		at MC-BOOTSTRAP/text2speech@1.17.9/com.mojang.text2speech.NarratorLinux.<init>(NarratorLinux.java:18) ~[text2speech-1.17.9.jar%23110!/:?]
		at MC-BOOTSTRAP/text2speech@1.17.9/com.mojang.text2speech.Narrator.getNarrator(Narrator.java:41) ~[text2speech-1.17.9.jar%23110!/:?]
		at TRANSFORMER/minecraft@1.21.1/net.minecraft.client.GameNarrator.<init>(GameNarrator.java:21) ~[neoforge-21.1.252.jar%23177!/:?]
		at TRANSFORMER/minecraft@1.21.1/net.minecraft.client.Minecraft.<init>(Minecraft.java:609) ~[neoforge-21.1.252.jar%23177!/:?]
		at TRANSFORMER/minecraft@1.21.1/net.minecraft.client.main.Main.main(Main.java:214) ~[neoforge-21.1.252.jar%23177!/:?]
		at java.base/jdk.internal.reflect.DirectMethodHandleAccessor.invoke(DirectMethodHandleAccessor.java:103) ~[?:?]
		at java.base/java.lang.reflect.Method.invoke(Method.java:580) ~[?:?]
		at MC-BOOTSTRAP/fml_loader@4.0.44/net.neoforged.fml.loading.targets.CommonLaunchHandler.runTarget(CommonLaunchHandler.java:136) ~[loader-4.0.44.jar%23134!/:4.0]
		at MC-BOOTSTRAP/fml_loader@4.0.44/net.neoforged.fml.loading.targets.CommonLaunchHandler.clientService(CommonLaunchHandler.java:124) ~[loader-4.0.44.jar%23134!/:4.0]
		at MC-BOOTSTRAP/fml_loader@4.0.44/net.neoforged.fml.loading.targets.NeoForgeClientDevLaunchHandler.runService(NeoForgeClientDevLaunchHandler.java:23) ~[loader-4.0.44.jar%23134!/:4.0]
		at MC-BOOTSTRAP/fml_loader@4.0.44/net.neoforged.fml.loading.targets.CommonLaunchHandler.lambda$launchService$4(CommonLaunchHandler.java:118) ~[loader-4.0.44.jar%23134!/:4.0]
		at MC-BOOTSTRAP/cpw.mods.modlauncher@11.0.5/cpw.mods.modlauncher.LaunchServiceHandlerDecorator.launch(LaunchServiceHandlerDecorator.java:30) [modlauncher-11.0.5.jar%23114!/:?]
		at MC-BOOTSTRAP/cpw.mods.modlauncher@11.0.5/cpw.mods.modlauncher.LaunchServiceHandler.launch(LaunchServiceHandler.java:53) [modlauncher-11.0.5.jar%23114!/:?]
		at MC-BOOTSTRAP/cpw.mods.modlauncher@11.0.5/cpw.mods.modlauncher.LaunchServiceHandler.launch(LaunchServiceHandler.java:71) [modlauncher-11.0.5.jar%23114!/:?]
		at MC-BOOTSTRAP/cpw.mods.modlauncher@11.0.5/cpw.mods.modlauncher.Launcher.run(Launcher.java:103) [modlauncher-11.0.5.jar%23114!/:?]
		at MC-BOOTSTRAP/cpw.mods.modlauncher@11.0.5/cpw.mods.modlauncher.Launcher.main(Launcher.java:74) [modlauncher-11.0.5.jar%23114!/:?]
		at MC-BOOTSTRAP/cpw.mods.modlauncher@11.0.5/cpw.mods.modlauncher.BootstrapLaunchConsumer.accept(BootstrapLaunchConsumer.java:26) [modlauncher-11.0.5.jar%23114!/:?]
		at MC-BOOTSTRAP/cpw.mods.modlauncher@11.0.5/cpw.mods.modlauncher.BootstrapLaunchConsumer.accept(BootstrapLaunchConsumer.java:23) [modlauncher-11.0.5.jar%23114!/:?]
		at cpw.mods.bootstraplauncher@2.0.2/cpw.mods.bootstraplauncher.BootstrapLauncher.run(BootstrapLauncher.java:210) [bootstraplauncher-2.0.2.jar:?]
		at cpw.mods.bootstraplauncher@2.0.2/cpw.mods.bootstraplauncher.BootstrapLauncher.main(BootstrapLauncher.java:69) [bootstraplauncher-2.0.2.jar:?]
		at java.base/jdk.internal.reflect.DirectMethodHandleAccessor.invoke(DirectMethodHandleAccessor.java:103) ~[?:?]
		at java.base/java.lang.reflect.Method.invoke(Method.java:580) ~[?:?]
		at net.neoforged.devlaunch.Main.main(Main.java:57) [DevLaunch-1.0.2.jar:?]
	Suppressed: java.lang.UnsatisfiedLinkError: libflite.so: cannot open shared object file: No such file or directory
		at MC-BOOTSTRAP/com.sun.jna@5.14.0/com.sun.jna.Native.open(Native Method) ~[jna-5.14.0.jar%23128!/:5.14.0 (b0)]
		at MC-BOOTSTRAP/com.sun.jna@5.14.0/com.sun.jna.NativeLibrary.loadLibrary(NativeLibrary.java:226) ~[jna-5.14.0.jar%23128!/:5.14.0 (b0)]
		at MC-BOOTSTRAP/com.sun.jna@5.14.0/com.sun.jna.NativeLibrary.getInstance(NativeLibrary.java:481) ~[jna-5.14.0.jar%23128!/:5.14.0 (b0)]
		at MC-BOOTSTRAP/com.sun.jna@5.14.0/com.sun.jna.NativeLibrary.getInstance(NativeLibrary.java:423) ~[jna-5.14.0.jar%23128!/:5.14.0 (b0)]
		at MC-BOOTSTRAP/text2speech@1.17.9/com.mojang.text2speech.NarratorLinux$FliteLibrary.loadNative(NarratorLinux.java:67) ~[text2speech-1.17.9.jar%23110!/:?]
		at MC-BOOTSTRAP/text2speech@1.17.9/com.mojang.text2speech.NarratorLinux.<init>(NarratorLinux.java:18) ~[text2speech-1.17.9.jar%23110!/:?]
		at MC-BOOTSTRAP/text2speech@1.17.9/com.mojang.text2speech.Narrator.getNarrator(Narrator.java:41) ~[text2speech-1.17.9.jar%23110!/:?]
		at TRANSFORMER/minecraft@1.21.1/net.minecraft.client.GameNarrator.<init>(GameNarrator.java:21) ~[neoforge-21.1.252.jar%23177!/:?]
		at TRANSFORMER/minecraft@1.21.1/net.minecraft.client.Minecraft.<init>(Minecraft.java:609) ~[neoforge-21.1.252.jar%23177!/:?]
		at TRANSFORMER/minecraft@1.21.1/net.minecraft.client.main.Main.main(Main.java:214) ~[neoforge-21.1.252.jar%23177!/:?]
		at java.base/jdk.internal.reflect.DirectMethodHandleAccessor.invoke(DirectMethodHandleAccessor.java:103) ~[?:?]
		at java.base/java.lang.reflect.Method.invoke(Method.java:580) ~[?:?]
		at MC-BOOTSTRAP/fml_loader@4.0.44/net.neoforged.fml.loading.targets.CommonLaunchHandler.runTarget(CommonLaunchHandler.java:136) ~[loader-4.0.44.jar%23134!/:4.0]
		at MC-BOOTSTRAP/fml_loader@4.0.44/net.neoforged.fml.loading.targets.CommonLaunchHandler.clientService(CommonLaunchHandler.java:124) ~[loader-4.0.44.jar%23134!/:4.0]
		at MC-BOOTSTRAP/fml_loader@4.0.44/net.neoforged.fml.loading.targets.NeoForgeClientDevLaunchHandler.runService(NeoForgeClientDevLaunchHandler.java:23) ~[loader-4.0.44.jar%23134!/:4.0]
		at MC-BOOTSTRAP/fml_loader@4.0.44/net.neoforged.fml.loading.targets.CommonLaunchHandler.lambda$launchService$4(CommonLaunchHandler.java:118) ~[loader-4.0.44.jar%23134!/:4.0]
		at MC-BOOTSTRAP/cpw.mods.modlauncher@11.0.5/cpw.mods.modlauncher.LaunchServiceHandlerDecorator.launch(LaunchServiceHandlerDecorator.java:30) [modlauncher-11.0.5.jar%23114!/:?]
		at MC-BOOTSTRAP/cpw.mods.modlauncher@11.0.5/cpw.mods.modlauncher.LaunchServiceHandler.launch(LaunchServiceHandler.java:53) [modlauncher-11.0.5.jar%23114!/:?]
		at MC-BOOTSTRAP/cpw.mods.modlauncher@11.0.5/cpw.mods.modlauncher.LaunchServiceHandler.launch(LaunchServiceHandler.java:71) [modlauncher-11.0.5.jar%23114!/:?]
		at MC-BOOTSTRAP/cpw.mods.modlauncher@11.0.5/cpw.mods.modlauncher.Launcher.run(Launcher.java:103) [modlauncher-11.0.5.jar%23114!/:?]
		at MC-BOOTSTRAP/cpw.mods.modlauncher@11.0.5/cpw.mods.modlauncher.Launcher.main(Launcher.java:74) [modlauncher-11.0.5.jar%23114!/:?]
		at MC-BOOTSTRAP/cpw.mods.modlauncher@11.0.5/cpw.mods.modlauncher.BootstrapLaunchConsumer.accept(BootstrapLaunchConsumer.java:26) [modlauncher-11.0.5.jar%23114!/:?]
		at MC-BOOTSTRAP/cpw.mods.modlauncher@11.0.5/cpw.mods.modlauncher.BootstrapLaunchConsumer.accept(BootstrapLaunchConsumer.java:23) [modlauncher-11.0.5.jar%23114!/:?]
		at cpw.mods.bootstraplauncher@2.0.2/cpw.mods.bootstraplauncher.BootstrapLauncher.run(BootstrapLauncher.java:210) [bootstraplauncher-2.0.2.jar:?]
		at cpw.mods.bootstraplauncher@2.0.2/cpw.mods.bootstraplauncher.BootstrapLauncher.main(BootstrapLauncher.java:69) [bootstraplauncher-2.0.2.jar:?]
		at java.base/jdk.internal.reflect.DirectMethodHandleAccessor.invoke(DirectMethodHandleAccessor.java:103) ~[?:?]
		at java.base/java.lang.reflect.Method.invoke(Method.java:580) ~[?:?]
		at net.neoforged.devlaunch.Main.main(Main.java:57) [DevLaunch-1.0.2.jar:?]
	Suppressed: java.io.IOException: Native library (linux-x86-64/libflite.so) not found in resource path (/home/braydon/Magnetization-API/build/classes/java/main:/home/braydon/Magnetization-API/build/resources/main:/home/braydon/Magnetization-API/build/moddev/artifacts/neoforge-21.1.252.jar:/home/braydon/Magnetization-API/build/moddev/artifacts/neoforge-21.1.252-client-extra-aka-minecraft-resources.jar:/home/braydon/.gradle/caches/modules-2/files-2.1/net.neoforged/DevLaunch/1.0.2/2e0e9a67793d5bfdedee4f9ea00934dbf3f2e22d/DevLaunch-1.0.2.jar:/home/braydon/.gradle/caches/modules-2/files-2.1/dev.ryanhcode.sable/sable-neoforge-1.21.1/2.0.3/f3ba9a497122ba29d9e94ebe6f9a3a3aaa5fa756/sable-neoforge-1.21.1-2.0.3.jar:/home/braydon/.gradle/caches/modules-2/files-2.1/com.simibubi.create/create-1.21.1/6.0.11-295/811466e6d002216057f3aa2fbefd58422e378dde/create-1.21.1-6.0.11-295.jar:/home/braydon/.gradle/caches/modules-2/files-2.1/net.createmod.ponder/ponder-neoforge/1.0.87+mc1.21.1/7783eeff0389f8c6003457133b9dd98e903266c6/ponder-neoforge-1.0.87+mc1.21.1.jar:/home/braydon/.gradle/caches/modules-2/files-2.1/com.tterrag.registrate/Registrate/MC1.21-1.3.0+67/66ddc4cd56472fea1ea1a24182901e6c92a51c0a/Registrate-MC1.21-1.3.0+67.jar:/home/braydon/.gradle/caches/modules-2/files-2.1/dev.ryanhcode.sable-companion/sable-companion-common-1.21.1/1.6.0/370be7db705926176e05c0215ed676150c45daae/sable-companion-common-1.21.1-1.6.0.jar:/home/braydon/.gradle/caches/modules-2/files-2.1/dev.eriksonn.aeronautics/aeronautics-neoforge-1.21.1/1.3.0/98c9ad19d4af0cad19283084c0ae921a148c1c04/aeronautics-neoforge-1.21.1-1.3.0.jar:/home/braydon/.gradle/caches/modules-2/files-2.1/dev.simulated_team.simulated/simulated-neoforge-1.21.1/1.3.0/4c8ed098f2ecec41c87fdbeb96d38d8b82a929c3/simulated-neoforge-1.21.1-1.3.0.jar:/home/braydon/.gradle/caches/modules-2/files-2.1/maven.modrinth/terrablender/6e8GCrLb/744394d979b422be560babf9df7a6800ede9ac5b/terrablender-6e8GCrLb.jar:/home/braydon/.gradle/caches/modules-2/files-2.1/dev.engine-room.flywheel/flywheel-neoforge-1.21.1/1.0.6/a943872ad0bdd4458d818d8d7dc123fb250eb744/flywheel-neoforge-1.21.1-1.0.6.jar:/home/braydon/.gradle/caches/modules-2/files-2.1/maven.modrinth/immersive-aircraft/ZZTlNkV9/6f7dded9292e8bd32feb24082aad2987c72af908/immersive-aircraft-ZZTlNkV9.jar:/home/braydon/.gradle/caches/modules-2/files-2.1/maven.modrinth/aviator-dreams-reloaded/4Aa8QEq9/eb754ee91bc108265de62aead4a046fbeb8de6bf/aviator-dreams-reloaded-4Aa8QEq9.jar:/home/braydon/.gradle/caches/modules-2/files-2.1/foundry.veil/veil-neoforge-1.21.1/4.1.4/642ec0bd02213ee087d86eda553d6d79c6a04d2b/veil-neoforge-1.21.1-4.1.4.jar:/home/braydon/.gradle/caches/modules-2/files-2.1/dev.ryanhcode.sable/sable-sable_rapier-1.21.1/2.0.3/a88c0860320890144b6b44c332a2a2db3a61e189/sable-sable_rapier-1.21.1-2.0.3.jar:/home/braydon/.gradle/caches/modules-2/files-2.1/net.neoforged.fancymodloader/earlydisplay/4.0.44/cb2afcf15672180eca1c49b1c9b1208951ef322e/earlydisplay-4.0.44.jar:/home/braydon/.gradle/caches/modules-2/files-2.1/net.neoforged.fancymodloader/loader/4.0.44/63433608b68302a442e3dba87880e54f42ea0583/loader-4.0.44.jar:/home/braydon/.gradle/caches/modules-2/files-2.1/net.neoforged.accesstransformers/at-modlauncher/10.0.1/5aba50202aceead086bc09fbc2751c9f05cb4890/at-modlauncher-10.0.1.jar:/home/braydon/.gradle/caches/modules-2/files-2.1/net.neoforged/accesstransformers/10.0.1/fd83b5725f76eae9115e9355fa1c456a6a441400/accesstransformers-10.0.1.jar:/home/braydon/.gradle/caches/modules-2/files-2.1/net.neoforged/bus/8.0.5/5b2d33285ab5d1554e9798ad98c40d6ea3868bd5/bus-8.0.5.jar:/home/braydon/.gradle/caches/modules-2/files-2.1/net.neoforged/coremods/7.0.3/9147e6f638b4272b3bd5fc8f92ad37802512c6c/coremods-7.0.3.jar:/home/braydon/.gradle/caches/modules-2/files-2.1/cpw.mods/modlauncher/11.0.5/b8f0d49294f733fdb6173931b263553e943dc950/modlauncher-11.0.5.jar:/home/braydon/.gradle/caches/modules-2/files-2.1/net.neoforged/mergetool/2.0.0/52fe1949be64e3303aabaaa21e315f551db9c9f4/mergetool-2.0.0-api.jar:/home/braydon/.gradle/caches/modules-2/files-2.1/com.electronwill.night-config/toml/3.8.3/90b2fd6efcb4a7d5b9810cf78f9d824994d717f2/toml-3.8.3.jar:/home/braydon/.gradle/caches/modules-2/files-2.1/com.electronwill.night-config/core/3.8.3/b442a95f09e349927f5a945ecb594455870fcf4f/core-3.8.3.jar:/home/braydon/.gradle/caches/modules-2/files-2.1/net.neoforged/JarJarSelector/0.4.1/fb3cc7a58af22ad2880adb98af6d518128c47dae/JarJarSelector-0.4.1.jar:/home/braydon/.gradle/caches/modules-2/files-2.1/net.neoforged/JarJarMetadata/0.4.1/f8da03683dc81694556dc3e177c5e3bb77ae6fcb/JarJarMetadata-0.4.1.jar:/home/braydon/.gradle/caches/modules-2/files-2.1/org.apache.maven/maven-artifact/3.8.5/4433f50c07debefaed0553bd0068f4f48d449313/maven-artifact-3.8.5.jar:/home/braydon/.gradle/caches/modules-2/files-2.1/net.jodah/typetools/0.6.3/a01aaa6ddaea9ec07ec4f209487b7a46a526283a/typetools-0.6.3.jar:/home/braydon/.gradle/caches/modules-2/files-2.1/net.minecrell/terminalconsoleappender/1.3.0/b562e9bb61235c9520e26282cdee71f8f802d1fc/terminalconsoleappender-1.3.0.jar:/home/braydon/.gradle/caches/modules-2/files-2.1/net.fabricmc/sponge-mixin/0.15.2+mixin.0.8.7/2af2f021d8e02a0220dc27a7a72b4666d66d44ca/sponge-mixin-0.15.2+mixin.0.8.7.jar:/home/braydon/.gradle/caches/modules-2/files-2.1/org.openjdk.nashorn/nashorn-core/15.4/f67f5ffaa5f5130cf6fb9b133da00c7df3b532a5/nashorn-core-15.4.jar:/home/braydon/.gradle/caches/modules-2/files-2.1/org.apache.commons/commons-lang3/3.14.0/1ed471194b02f2c6cb734a0cd6f6f107c673afae/commons-lang3-3.14.0.jar:/home/braydon/.gradle/caches/modules-2/files-2.1/cpw.mods/bootstraplauncher/2.0.2/1a2d076cbc33b0520cbacd591224427b2a20047d/bootstraplauncher-2.0.2.jar:/home/braydon/.gradle/caches/modules-2/files-2.1/cpw.mods/securejarhandler/3.0.8/c0ef95cecd8699a0449053ac7d9c160748d902cd/securejarhandler-3.0.8.jar:/home/braydon/.gradle/caches/modules-2/files-2.1/org.ow2.asm/asm-commons/9.10.1/4229e4c55fd8e01c23f9fe9884075cc628aacc50/asm-commons-9.10.1.jar:/home/braydon/.gradle/caches/modules-2/files-2.1/org.ow2.asm/asm-util/9.10.1/7bb9d450e8d4cbf9f9e04096c44bbfe7fba80b15/asm-util-9.10.1.jar:/home/braydon/.gradle/caches/modules-2/files-2.1/org.ow2.asm/asm-analysis/9.10.1/8d49f14d51f632cb1d87c88d1ceaf50db0d8af1b/asm-analysis-9.10.1.jar:/home/braydon/.gradle/caches/modules-2/files-2.1/gg.moonflower/molang-compiler/3.1.1.19/c7c0f9a9d0431c3485a0b6d2a4fb87e3de415ff9/molang-compiler-3.1.1.19.jar:/home/braydon/.gradle/caches/modules-2/files-2.1/io.github.ocelot/glsl-processor/0.2.3/f43cf0a51050fcdcbe8253368f0d77cf0439bf04/glsl-processor-0.2.3.jar:/home/braydon/.gradle/caches/modules-2/files-2.1/org.ow2.asm/asm-tree/9.10.1/e244332a17564c1d1572449399a842de35881be2/asm-tree-9.10.1.jar:/home/braydon/.gradle/caches/modules-2/files-2.1/org.ow2.asm/asm/9.10.1/ada2141c0cc52ee8f5c48cd5fa4ce0e794f22236/asm-9.10.1.jar:/home/braydon/.gradle/caches/modules-2/files-2.1/net.neoforged/JarJarFileSystems/0.4.1/78f59f89defcd032ed788b151ca6a0d40ace796a/JarJarFileSystems-0.4.1.jar:/home/braydon/.gradle/caches/modules-2/files-2.1/net.sf.jopt-simple/jopt-simple/5.0.4/4fdac2fbe92dfad86aa6e9301736f6b4342a3f5c/jopt-simple-5.0.4.jar:/home/braydon/.gradle/caches/modules-2/files-2.1/commons-io/commons-io/2.15.1/f11560da189ab563a5c8e351941415430e9304ea/commons-io-2.15.1.jar:/home/braydon/.gradle/caches/modules-2/files-2.1/com.mojang/logging/1.2.7/24cb95ffb0e3433fd6e844c04e68009e504ca1c0/logging-1.2.7.jar:/home/braydon/.gradle/caches/modules-2/files-2.1/org.apache.logging.log4j/log4j-slf4j2-impl/2.22.1/d7e6693c2606cb7e7335047d7bb96dec52db5665/log4j-slf4j2-impl-2.22.1.jar:/home/braydon/.gradle/caches/modules-2/files-2.1/org.apache.logging.log4j/log4j-core/2.22.1/7183a25510a02ad00cc6a95d3b3d2a7d3c5a8dc4/log4j-core-2.22.1.jar:/home/braydon/.gradle/caches/modules-2/files-2.1/org.apache.logging.log4j/log4j-api/2.22.1/bea6fede6328fabafd7e68363161a7ea6605abd1/log4j-api-2.22.1.jar:/home/braydon/.gradle/caches/modules-2/files-2.1/com.google.guava/guava/32.1.2-jre/5e64ec7e056456bef3a4bc4c6fdaef71e8ab6318/guava-32.1.2-jre.jar:/home/braydon/.gradle/caches/modules-2/files-2.1/com.google.code.gson/gson/2.10.1/b3add478d4382b78ea20b1671390a858002feb6c/gson-2.10.1.jar:/home/braydon/.gradle/caches/modules-2/files-2.1/org.slf4j/slf4j-api/2.0.9/7cf2726fdcfbc8610f9a71fb3ed639871f315340/slf4j-api-2.0.9.jar:/home/braydon/.gradle/caches/modules-2/files-2.1/org.antlr/antlr4-runtime/4.13.1/17125bae1d965624e265ef49552f6465a2bfa307/antlr4-runtime-4.13.1.jar:/home/braydon/.gradle/caches/modules-2/files-2.1/net.minecraftforge/srgutils/0.4.15/ca408b131759478f164e010fae0d73997e125fb5/srgutils-0.4.15.jar:/home/braydon/.gradle/caches/modules-2/files-2.1/org.codehaus.plexus/plexus-utils/3.3.0/cf43b5391de623b36fe066a21127baef82c64022/plexus-utils-3.3.0.jar:/home/braydon/.gradle/caches/modules-2/files-2.1/org.jline/jline-reader/3.20.0/8f15415b022a25b473e8e16c28ae913186ffb9c4/jline-reader-3.20.0.jar:/home/braydon/.gradle/caches/modules-2/files-2.1/com.machinezoo.noexception/noexception/1.7.1/b65330c98e38a1f915fa54a6e5eca496505e3f0a/noexception-1.7.1.jar:/home/braydon/.gradle/caches/modules-2/files-2.1/com.google.guava/failureaccess/1.0.1/1dcf1de382a0bf95a3d8b0849546c88bac1292c9/failureaccess-1.0.1.jar:/home/braydon/.gradle/caches/modules-2/files-2.1/com.google.guava/listenablefuture/9999.0-empty-to-avoid-conflict-with-guava/b421526c5f297295adef1c886e5246c39d4ac629/listenablefuture-9999.0-empty-to-avoid-conflict-with-guava.jar:/home/braydon/.gradle/caches/modules-2/files-2.1/com.google.code.findbugs/jsr305/3.0.2/25ea2e8b0c338a877313bd4672d3fe056ea78f0d/jsr305-3.0.2.jar:/home/braydon/.gradle/caches/modules-2/files-2.1/org.checkerframework/checker-qual/3.33.0/de2b60b62da487644fc11f734e73c8b0b431238f/checker-qual-3.33.0.jar:/home/braydon/.gradle/caches/modules-2/files-2.1/com.google.errorprone/error_prone_annotations/2.18.0/89b684257096f548fa39a7df9fdaa409d4d4df91/error_prone_annotations-2.18.0.jar:/home/braydon/.gradle/caches/modules-2/files-2.1/com.google.j2objc/j2objc-annotations/2.8/c85270e307e7b822f1086b93689124b89768e273/j2objc-annotations-2.8.jar:/home/braydon/.gradle/caches/modules-2/files-2.1/org.jline/jline-terminal/3.20.0/d0ddcc708ddf527a3454c941b7b9225cc83a15ff/jline-terminal-3.20.0.jar:/home/braydon/.gradle/caches/modules-2/files-2.1/com.github.oshi/oshi-core/6.4.10/b1d8ab82d11d92fd639b56d639f8f46f739dd5fa/oshi-core-6.4.10.jar:/home/braydon/.gradle/caches/modules-2/files-2.1/com.ibm.icu/icu4j/73.2/61ad4ef7f9131fcf6d25c34b817f90d6da06c9e9/icu4j-73.2.jar:/home/braydon/.gradle/caches/modules-2/files-2.1/com.mojang/authlib/6.0.54/de8bc95660e1b2fe8793fd427a7a10dcec5b3ea7/authlib-6.0.54.jar:/home/braydon/.gradle/caches/modules-2/files-2.1/com.mojang/blocklist/1.0.10/5c685c5ffa94c4cd39496c7184c1d122e515ecef/blocklist-1.0.10.jar:/home/braydon/.gradle/caches/modules-2/files-2.1/com.mojang/brigadier/1.3.10/d15b53a14cf20fdcaa98f731af5dda654452c010/brigadier-1.3.10.jar:/home/braydon/.gradle/caches/modules-2/files-2.1/com.mojang/datafixerupper/8.0.16/67d4de6d7f95d89bcf5862995fb854ebaec02a34/datafixerupper-8.0.16.jar:/home/braydon/.gradle/caches/modules-2/files-2.1/com.mojang/patchy/2.2.10/da05971b07cbb379d002cf7eaec6a2048211fefc/patchy-2.2.10.jar:/home/braydon/.gradle/caches/modules-2/files-2.1/com.mojang/text2speech/1.17.9/3cad216e3a7f0c19b4b394388bc9ffc446f13b14/text2speech-1.17.9.jar:/home/braydon/.gradle/caches/modules-2/files-2.1/commons-codec/commons-codec/1.16.0/4e3eb3d79888d76b54e28b350915b5dc3919c9de/commons-codec-1.16.0.jar:/home/braydon/.gradle/caches/modules-2/files-2.1/commons-logging/commons-logging/1.2/4bfc12adfe4842bf07b657f0369c4cb522955686/commons-logging-1.2.jar:/home/braydon/.gradle/caches/modules-2/files-2.1/io.netty/netty-buffer/4.1.97.Final/f8f3d8644afa5e6e1a40a3a6aeb9d9aa970ecb4f/netty-buffer-4.1.97.Final.jar:/home/braydon/.gradle/caches/modules-2/files-2.1/io.netty/netty-codec/4.1.97.Final/384ba4d75670befbedb45c4d3b497a93639c206d/netty-codec-4.1.97.Final.jar:/home/braydon/.gradle/caches/modules-2/files-2.1/io.netty/netty-common/4.1.97.Final/7cceacaf11df8dc63f23d0fb58e9d4640fc88404/netty-common-4.1.97.Final.jar:/home/braydon/.gradle/caches/modules-2/files-2.1/io.netty/netty-handler/4.1.97.Final/abb86c6906bf512bf2b797a41cd7d2e8d3cd7c36/netty-handler-4.1.97.Final.jar:/home/braydon/.gradle/caches/modules-2/files-2.1/io.netty/netty-resolver/4.1.97.Final/cec8348108dc76c47cf87c669d514be52c922144/netty-resolver-4.1.97.Final.jar:/home/braydon/.gradle/caches/modules-2/files-2.1/io.netty/netty-transport-classes-epoll/4.1.97.Final/795da37ded759e862457a82d9d92c4d39ce8ecee/netty-transport-classes-epoll-4.1.97.Final.jar:/home/braydon/.gradle/caches/modules-2/files-2.1/io.netty/netty-transport-native-unix-common/4.1.97.Final/d469d84265ab70095b01b40886cabdd433b6e664/netty-transport-native-unix-common-4.1.97.Final.jar:/home/braydon/.gradle/caches/modules-2/files-2.1/io.netty/netty-transport/4.1.97.Final/f37380d23c9bb079bc702910833b2fd532c9abd0/netty-transport-4.1.97.Final.jar:/home/braydon/.gradle/caches/modules-2/files-2.1/it.unimi.dsi/fastutil/8.5.12/c24946d46824bd528054bface3231d2ecb7e95e8/fastutil-8.5.12.jar:/home/braydon/.gradle/caches/modules-2/files-2.1/net.java.dev.jna/jna-platform/5.14.0/28934d48aed814f11e4c584da55c49fa7032b31b/jna-platform-5.14.0.jar:/home/braydon/.gradle/caches/modules-2/files-2.1/net.java.dev.jna/jna/5.14.0/67bf3eaea4f0718cb376a181a629e5f88fa1c9dd/jna-5.14.0.jar:/home/braydon/.gradle/caches/modules-2/files-2.1/org.apache.commons/commons-compress/1.26.0/659feffdd12280201c8aacb8f7be94f9a883c824/commons-compress-1.26.0.jar:/home/braydon/.gradle/caches/modules-2/files-2.1/org.apache.httpcomponents/httpclient/4.5.13/e5f6cae5ca7ecaac1ec2827a9e2d65ae2869cada/httpclient-4.5.13.jar:/home/braydon/.gradle/caches/modules-2/files-2.1/org.apache.httpcomponents/httpcore/4.4.16/51cf043c87253c9f58b539c9f7e44c8894223850/httpcore-4.4.16.jar:/home/braydon/.gradle/caches/modules-2/files-2.1/org.jcraft/jorbis/0.0.17/8872d22b293e8f5d7d56ff92be966e6dc28ebdc6/jorbis-0.0.17.jar:/home/braydon/.gradle/caches/modules-2/files-2.1/org.joml/joml/1.10.5/22566d58af70ad3d72308bab63b8339906deb649/joml-1.10.5.jar:/home/braydon/.gradle/caches/modules-2/files-2.1/org.lwjgl/lwjgl-freetype/3.3.3/a0db6c84a8becc8ca05f9dbfa985edc348a824c7/lwjgl-freetype-3.3.3.jar:/home/braydon/.gradle/caches/modules-2/files-2.1/org.lwjgl/lwjgl-freetype/3.3.3/149070a5480900347071b7074779531f25a6e3dc/lwjgl-freetype-3.3.3-natives-linux.jar:/home/braydon/.gradle/caches/modules-2/files-2.1/org.lwjgl/lwjgl-glfw/3.3.3/efa1eb78c5ccd840e9f329717109b5e892d72f8e/lwjgl-glfw-3.3.3.jar:/home/braydon/.gradle/caches/modules-2/files-2.1/org.lwjgl/lwjgl-glfw/3.3.3/a03684c5e4b1b1dbbe0d29dbbdc27b985b6840f2/lwjgl-glfw-3.3.3-natives-linux.jar:/home/braydon/.gradle/caches/modules-2/files-2.1/org.lwjgl/lwjgl-jemalloc/3.3.3/b543467b7ff3c6920539a88ee602d34098628be5/lwjgl-jemalloc-3.3.3.jar:/home/braydon/.gradle/caches/modules-2/files-2.1/org.lwjgl/lwjgl-jemalloc/3.3.3/4f86728bf449b1dd61251c4e0ac01df1389cb51e/lwjgl-jemalloc-3.3.3-natives-linux.jar:/home/braydon/.gradle/caches/modules-2/files-2.1/org.lwjgl/lwjgl-openal/3.3.3/daada81ceb5fc0c291fbfdd4433cb8d9423577f2/lwjgl-openal-3.3.3.jar:/home/braydon/.gradle/caches/modules-2/files-2.1/org.lwjgl/lwjgl-openal/3.3.3/3037360cc4595079bea240af250b6d1a527e0905/lwjgl-openal-3.3.3-natives-linux.jar:/home/braydon/.gradle/caches/modules-2/files-2.1/org.lwjgl/lwjgl-opengl/3.3.3/2f6b0147078396a58979125a4c947664e98293a/lwjgl-opengl-3.3.3.jar:/home/braydon/.gradle/caches/modules-2/files-2.1/org.lwjgl/lwjgl-opengl/3.3.3/62c70a4b00ca5391882b0f4b787c1588d24f1c86/lwjgl-opengl-3.3.3-natives-linux.jar:/home/braydon/.gradle/caches/modules-2/files-2.1/org.lwjgl/lwjgl-stb/3.3.3/25dd6161988d7e65f71d5065c99902402ee32746/lwjgl-stb-3.3.3.jar:/home/braydon/.gradle/caches/modules-2/files-2.1/org.lwjgl/lwjgl-stb/3.3.3/fd1271ccd9d85eff2fa31f3fd543e02ccfaf5041/lwjgl-stb-3.3.3-natives-linux.jar:/home/braydon/.gradle/caches/modules-2/files-2.1/org.lwjgl/lwjgl-tinyfd/3.3.3/82d755ca94b102e9ca77283b9e2dc46d1b15fbe5/lwjgl-tinyfd-3.3.3.jar:/home/braydon/.gradle/caches/modules-2/files-2.1/org.lwjgl/lwjgl-tinyfd/3.3.3/d8d58daa0c3e5fd906fee96f5fddbcbc07cc308b/lwjgl-tinyfd-3.3.3-natives-linux.jar:/home/braydon/.gradle/caches/modules-2/files-2.1/org.lwjgl/lwjgl/3.3.3/29589b5f87ed335a6c7e7ee6a5775f81f97ecb84/lwjgl-3.3.3.jar:/home/braydon/.gradle/caches/modules-2/files-2.1/org.lwjgl/lwjgl/3.3.3/1713758e3660ba66e1e954396fd18126038b33c0/lwjgl-3.3.3-natives-linux.jar:/home/braydon/.gradle/caches/modules-2/files-2.1/org.lz4/lz4-java/1.8.0/4b986a99445e49ea5fbf5d149c4b63f6ed6c6780/lz4-java-1.8.0.jar:/home/braydon/.gradle/caches/modules-2/files-2.1/io.netty/netty-transport-native-epoll/4.1.97.Final/5514744c588190ffda076b35a9b8c9f24946a960/netty-transport-native-epoll-4.1.97.Final-linux-aarch_64.jar:/home/braydon/.gradle/caches/modules-2/files-2.1/io.netty/netty-transport-native-epoll/4.1.97.Final/54188f271e388e7f313aea995e82f58ce2cdb809/netty-transport-native-epoll-4.1.97.Final-linux-x86_64.jar)
		at MC-BOOTSTRAP/com.sun.jna@5.14.0/com.sun.jna.Native.extractFromResourcePath(Native.java:1141) ~[jna-5.14.0.jar%23128!/:5.14.0 (b0)]
		at MC-BOOTSTRAP/com.sun.jna@5.14.0/com.sun.jna.NativeLibrary.loadLibrary(NativeLibrary.java:297) ~[jna-5.14.0.jar%23128!/:5.14.0 (b0)]
		at MC-BOOTSTRAP/com.sun.jna@5.14.0/com.sun.jna.NativeLibrary.getInstance(NativeLibrary.java:481) ~[jna-5.14.0.jar%23128!/:5.14.0 (b0)]
		at MC-BOOTSTRAP/com.sun.jna@5.14.0/com.sun.jna.NativeLibrary.getInstance(NativeLibrary.java:423) ~[jna-5.14.0.jar%23128!/:5.14.0 (b0)]
		at MC-BOOTSTRAP/text2speech@1.17.9/com.mojang.text2speech.NarratorLinux$FliteLibrary.loadNative(NarratorLinux.java:67) ~[text2speech-1.17.9.jar%23110!/:?]
		at MC-BOOTSTRAP/text2speech@1.17.9/com.mojang.text2speech.NarratorLinux.<init>(NarratorLinux.java:18) ~[text2speech-1.17.9.jar%23110!/:?]
		at MC-BOOTSTRAP/text2speech@1.17.9/com.mojang.text2speech.Narrator.getNarrator(Narrator.java:41) ~[text2speech-1.17.9.jar%23110!/:?]
		at TRANSFORMER/minecraft@1.21.1/net.minecraft.client.GameNarrator.<init>(GameNarrator.java:21) ~[neoforge-21.1.252.jar%23177!/:?]
		at TRANSFORMER/minecraft@1.21.1/net.minecraft.client.Minecraft.<init>(Minecraft.java:609) ~[neoforge-21.1.252.jar%23177!/:?]
		at TRANSFORMER/minecraft@1.21.1/net.minecraft.client.main.Main.main(Main.java:214) ~[neoforge-21.1.252.jar%23177!/:?]
		at java.base/jdk.internal.reflect.DirectMethodHandleAccessor.invoke(DirectMethodHandleAccessor.java:103) ~[?:?]
		at java.base/java.lang.reflect.Method.invoke(Method.java:580) ~[?:?]
		at MC-BOOTSTRAP/fml_loader@4.0.44/net.neoforged.fml.loading.targets.CommonLaunchHandler.runTarget(CommonLaunchHandler.java:136) ~[loader-4.0.44.jar%23134!/:4.0]
		at MC-BOOTSTRAP/fml_loader@4.0.44/net.neoforged.fml.loading.targets.CommonLaunchHandler.clientService(CommonLaunchHandler.java:124) ~[loader-4.0.44.jar%23134!/:4.0]
		at MC-BOOTSTRAP/fml_loader@4.0.44/net.neoforged.fml.loading.targets.NeoForgeClientDevLaunchHandler.runService(NeoForgeClientDevLaunchHandler.java:23) ~[loader-4.0.44.jar%23134!/:4.0]
		at MC-BOOTSTRAP/fml_loader@4.0.44/net.neoforged.fml.loading.targets.CommonLaunchHandler.lambda$launchService$4(CommonLaunchHandler.java:118) ~[loader-4.0.44.jar%23134!/:4.0]
		at MC-BOOTSTRAP/cpw.mods.modlauncher@11.0.5/cpw.mods.modlauncher.LaunchServiceHandlerDecorator.launch(LaunchServiceHandlerDecorator.java:30) [modlauncher-11.0.5.jar%23114!/:?]
		at MC-BOOTSTRAP/cpw.mods.modlauncher@11.0.5/cpw.mods.modlauncher.LaunchServiceHandler.launch(LaunchServiceHandler.java:53) [modlauncher-11.0.5.jar%23114!/:?]
		at MC-BOOTSTRAP/cpw.mods.modlauncher@11.0.5/cpw.mods.modlauncher.LaunchServiceHandler.launch(LaunchServiceHandler.java:71) [modlauncher-11.0.5.jar%23114!/:?]
		at MC-BOOTSTRAP/cpw.mods.modlauncher@11.0.5/cpw.mods.modlauncher.Launcher.run(Launcher.java:103) [modlauncher-11.0.5.jar%23114!/:?]
		at MC-BOOTSTRAP/cpw.mods.modlauncher@11.0.5/cpw.mods.modlauncher.Launcher.main(Launcher.java:74) [modlauncher-11.0.5.jar%23114!/:?]
		at MC-BOOTSTRAP/cpw.mods.modlauncher@11.0.5/cpw.mods.modlauncher.BootstrapLaunchConsumer.accept(BootstrapLaunchConsumer.java:26) [modlauncher-11.0.5.jar%23114!/:?]
		at MC-BOOTSTRAP/cpw.mods.modlauncher@11.0.5/cpw.mods.modlauncher.BootstrapLaunchConsumer.accept(BootstrapLaunchConsumer.java:23) [modlauncher-11.0.5.jar%23114!/:?]
		at cpw.mods.bootstraplauncher@2.0.2/cpw.mods.bootstraplauncher.BootstrapLauncher.run(BootstrapLauncher.java:210) [bootstraplauncher-2.0.2.jar:?]
		at cpw.mods.bootstraplauncher@2.0.2/cpw.mods.bootstraplauncher.BootstrapLauncher.main(BootstrapLauncher.java:69) [bootstraplauncher-2.0.2.jar:?]
		at java.base/jdk.internal.reflect.DirectMethodHandleAccessor.invoke(DirectMethodHandleAccessor.java:103) ~[?:?]
		at java.base/java.lang.reflect.Method.invoke(Method.java:580) ~[?:?]
		at net.neoforged.devlaunch.Main.main(Main.java:57) [DevLaunch-1.0.2.jar:?]
[30Sep2026 04:23:19.492] [Render thread/INFO] [net.minecraft.server.packs.resources.ReloadableResourceManager/]: Reloading ResourceManager: vanilla, mod_resources, mod/veil, mod/simulated, mod/aeronautics, mod/immersive_aircraft, mod/flywheel, mod/ponder, mod/sablecompanion, mod/create, mod/sable, mod/magnetization, mod/terrablender, mod/neoforge, mod/aviator_dream
[30Sep2026 04:23:19.528] [NeoForge Version Check/INFO] [net.neoforged.fml.VersionChecker/]: [aviator_dream] Starting version check at https://api.modrinth.com/updates/aviator-dreams-reloaded/forge_updates.json?neoforge_only
[30Sep2026 04:23:19.567] [Worker-Main-14/INFO] [net.minecraft.client.gui.font.providers.UnihexProvider/]: Found unifont_all_no_pua-15.1.05.hex, loading
[30Sep2026 04:23:19.611] [Render thread/INFO] [terrablender/]: Registered region minecraft:overworld to index 0 for type OVERWORLD
[30Sep2026 04:23:19.612] [Render thread/INFO] [terrablender/]: Registered region minecraft:nether to index 0 for type NETHER
[30Sep2026 04:23:19.612] [Render thread/INFO] [terrablender/]: Registered region magnetization:anomaly_region to index 1 for type OVERWORLD
[30Sep2026 04:23:19.613] [Render thread/INFO] [terrablender/]: Registered region magnetization:petrified_forest_region to index 2 for type OVERWORLD
[30Sep2026 04:23:19.614] [Render thread/INFO] [magnetization/]: Surface rules registered for OVERWORLD category (anomaly + petrified_forest)
[30Sep2026 04:23:19.629] [Worker-Main-8/INFO] [net.minecraft.client.gui.font.providers.UnihexProvider/]: Found unifont_jp_patch-15.1.05.hex, loading
[30Sep2026 04:23:20.108] [NeoForge Version Check/INFO] [net.neoforged.fml.VersionChecker/]: [aviator_dream] Found status: BETA Current: 1.2.7+1.21.1 Target: null
[30Sep2026 04:23:21.159] [Render thread/INFO] [Veil/]: Loaded 0 shader modifications
[30Sep2026 04:23:21.246] [Render thread/INFO] [Veil/]: Loaded 29 shaders from: pinwheel/shaders/program
[30Sep2026 04:23:21.353] [Render thread/WARN] [immersive_aircraft.Main/]: Non-quad face found in model: aviator_dream:test!
[30Sep2026 04:23:21.353] [Render thread/WARN] [immersive_aircraft.Main/]: Non-quad face found in model: aviator_dream:test!
[30Sep2026 04:23:21.353] [Render thread/WARN] [immersive_aircraft.Main/]: Non-quad face found in model: aviator_dream:test!
[30Sep2026 04:23:21.353] [Render thread/WARN] [immersive_aircraft.Main/]: Non-quad face found in model: aviator_dream:test!
[30Sep2026 04:23:21.353] [Render thread/WARN] [immersive_aircraft.Main/]: Non-quad face found in model: aviator_dream:test!
[30Sep2026 04:23:21.353] [Render thread/WARN] [immersive_aircraft.Main/]: Non-quad face found in model: aviator_dream:test!
[30Sep2026 04:23:21.353] [Render thread/WARN] [immersive_aircraft.Main/]: Non-quad face found in model: aviator_dream:test!
[30Sep2026 04:23:21.354] [Render thread/WARN] [immersive_aircraft.Main/]: Non-quad face found in model: aviator_dream:test!
[30Sep2026 04:23:21.354] [Render thread/WARN] [immersive_aircraft.Main/]: Non-quad face found in model: aviator_dream:test!
[30Sep2026 04:23:21.354] [Render thread/WARN] [immersive_aircraft.Main/]: Non-quad face found in model: aviator_dream:test!
[30Sep2026 04:23:21.354] [Render thread/WARN] [immersive_aircraft.Main/]: Non-quad face found in model: aviator_dream:test!
[30Sep2026 04:23:21.354] [Render thread/WARN] [immersive_aircraft.Main/]: Non-quad face found in model: aviator_dream:test!
[30Sep2026 04:23:21.354] [Render thread/WARN] [immersive_aircraft.Main/]: Non-quad face found in model: aviator_dream:test!
[30Sep2026 04:23:21.354] [Render thread/WARN] [immersive_aircraft.Main/]: Non-quad face found in model: aviator_dream:test!
[30Sep2026 04:23:21.354] [Render thread/WARN] [immersive_aircraft.Main/]: Non-quad face found in model: aviator_dream:test!
[30Sep2026 04:23:21.354] [Render thread/WARN] [immersive_aircraft.Main/]: Non-quad face found in model: aviator_dream:test!
[30Sep2026 04:23:21.354] [Render thread/WARN] [immersive_aircraft.Main/]: Non-quad face found in model: aviator_dream:test!
[30Sep2026 04:23:21.354] [Render thread/WARN] [immersive_aircraft.Main/]: Non-quad face found in model: aviator_dream:test!
[30Sep2026 04:23:21.354] [Render thread/WARN] [immersive_aircraft.Main/]: Non-quad face found in model: aviator_dream:test!
[30Sep2026 04:23:21.355] [Render thread/WARN] [immersive_aircraft.Main/]: Non-quad face found in model: aviator_dream:test!
[30Sep2026 04:23:21.355] [Render thread/WARN] [immersive_aircraft.Main/]: Non-quad face found in model: aviator_dream:test!
[30Sep2026 04:23:21.355] [Render thread/WARN] [immersive_aircraft.Main/]: Non-quad face found in model: aviator_dream:test!
[30Sep2026 04:23:21.355] [Render thread/WARN] [immersive_aircraft.Main/]: Non-quad face found in model: aviator_dream:test!
[30Sep2026 04:23:21.355] [Render thread/WARN] [immersive_aircraft.Main/]: Non-quad face found in model: aviator_dream:test!
[30Sep2026 04:23:21.355] [Render thread/WARN] [immersive_aircraft.Main/]: Non-quad face found in model: aviator_dream:test!
[30Sep2026 04:23:21.356] [Render thread/WARN] [immersive_aircraft.Main/]: Non-quad face found in model: aviator_dream:test!
[30Sep2026 04:23:21.356] [Render thread/WARN] [immersive_aircraft.Main/]: Non-quad face found in model: aviator_dream:test!
[30Sep2026 04:23:21.356] [Render thread/WARN] [immersive_aircraft.Main/]: Non-quad face found in model: aviator_dream:test!
[30Sep2026 04:23:21.356] [Render thread/WARN] [immersive_aircraft.Main/]: Non-quad face found in model: aviator_dream:test!
[30Sep2026 04:23:21.356] [Render thread/WARN] [immersive_aircraft.Main/]: Non-quad face found in model: aviator_dream:test!
[30Sep2026 04:23:21.356] [Render thread/WARN] [immersive_aircraft.Main/]: Non-quad face found in model: aviator_dream:test!
[30Sep2026 04:23:21.356] [Render thread/WARN] [immersive_aircraft.Main/]: Non-quad face found in model: aviator_dream:test!
[30Sep2026 04:23:21.356] [Render thread/WARN] [immersive_aircraft.Main/]: Non-quad face found in model: aviator_dream:test!
[30Sep2026 04:23:21.356] [Render thread/WARN] [immersive_aircraft.Main/]: Non-quad face found in model: aviator_dream:test!
[30Sep2026 04:23:21.356] [Render thread/WARN] [immersive_aircraft.Main/]: Non-quad face found in model: aviator_dream:test!
[30Sep2026 04:23:21.356] [Render thread/WARN] [immersive_aircraft.Main/]: Non-quad face found in model: aviator_dream:test!
[30Sep2026 04:23:21.357] [Render thread/WARN] [immersive_aircraft.Main/]: Non-quad face found in model: aviator_dream:test!
[30Sep2026 04:23:21.357] [Render thread/WARN] [immersive_aircraft.Main/]: Non-quad face found in model: aviator_dream:test!
[30Sep2026 04:23:21.357] [Render thread/WARN] [immersive_aircraft.Main/]: Non-quad face found in model: aviator_dream:test!
[30Sep2026 04:23:21.357] [Render thread/WARN] [immersive_aircraft.Main/]: Non-quad face found in model: aviator_dream:test!
[30Sep2026 04:23:21.357] [Render thread/WARN] [immersive_aircraft.Main/]: Non-quad face found in model: aviator_dream:test!
[30Sep2026 04:23:21.357] [Render thread/WARN] [immersive_aircraft.Main/]: Non-quad face found in model: aviator_dream:test!
[30Sep2026 04:23:21.357] [Render thread/WARN] [immersive_aircraft.Main/]: Non-quad face found in model: aviator_dream:test!
[30Sep2026 04:23:21.357] [Render thread/WARN] [immersive_aircraft.Main/]: Non-quad face found in model: aviator_dream:test!
[30Sep2026 04:23:21.357] [Render thread/WARN] [immersive_aircraft.Main/]: Non-quad face found in model: aviator_dream:test!
[30Sep2026 04:23:21.357] [Render thread/WARN] [immersive_aircraft.Main/]: Non-quad face found in model: aviator_dream:test!
[30Sep2026 04:23:21.357] [Render thread/WARN] [immersive_aircraft.Main/]: Non-quad face found in model: aviator_dream:test!
[30Sep2026 04:23:21.358] [Render thread/WARN] [immersive_aircraft.Main/]: Non-quad face found in model: aviator_dream:test!
[30Sep2026 04:23:21.358] [Render thread/WARN] [immersive_aircraft.Main/]: Non-quad face found in model: aviator_dream:test!
[30Sep2026 04:23:21.358] [Render thread/WARN] [immersive_aircraft.Main/]: Non-quad face found in model: aviator_dream:test!
[30Sep2026 04:23:21.358] [Render thread/WARN] [immersive_aircraft.Main/]: Non-quad face found in model: aviator_dream:test!
[30Sep2026 04:23:21.358] [Render thread/WARN] [immersive_aircraft.Main/]: Non-quad face found in model: aviator_dream:test!
[30Sep2026 04:23:21.358] [Render thread/WARN] [immersive_aircraft.Main/]: Non-quad face found in model: aviator_dream:test!
[30Sep2026 04:23:21.359] [Render thread/WARN] [immersive_aircraft.Main/]: Non-quad face found in model: aviator_dream:test!
[30Sep2026 04:23:21.359] [Render thread/WARN] [immersive_aircraft.Main/]: Non-quad face found in model: aviator_dream:test!
[30Sep2026 04:23:21.359] [Render thread/WARN] [immersive_aircraft.Main/]: Non-quad face found in model: aviator_dream:test!
[30Sep2026 04:23:21.359] [Render thread/WARN] [immersive_aircraft.Main/]: Non-quad face found in model: aviator_dream:test!
[30Sep2026 04:23:21.359] [Render thread/WARN] [immersive_aircraft.Main/]: Non-quad face found in model: aviator_dream:test!
[30Sep2026 04:23:21.359] [Render thread/WARN] [immersive_aircraft.Main/]: Non-quad face found in model: aviator_dream:test!
[30Sep2026 04:23:21.359] [Render thread/WARN] [immersive_aircraft.Main/]: Non-quad face found in model: aviator_dream:test!
[30Sep2026 04:23:21.359] [Render thread/WARN] [immersive_aircraft.Main/]: Non-quad face found in model: aviator_dream:test!
[30Sep2026 04:23:21.360] [Render thread/WARN] [immersive_aircraft.Main/]: Non-quad face found in model: aviator_dream:test!
[30Sep2026 04:23:21.360] [Render thread/WARN] [immersive_aircraft.Main/]: Non-quad face found in model: aviator_dream:test!
[30Sep2026 04:23:21.360] [Render thread/WARN] [immersive_aircraft.Main/]: Non-quad face found in model: aviator_dream:test!
[30Sep2026 04:23:21.360] [Render thread/WARN] [immersive_aircraft.Main/]: Non-quad face found in model: aviator_dream:test!
[30Sep2026 04:23:21.360] [Render thread/WARN] [immersive_aircraft.Main/]: Non-quad face found in model: aviator_dream:test!
[30Sep2026 04:23:21.360] [Render thread/WARN] [immersive_aircraft.Main/]: Non-quad face found in model: aviator_dream:test!
[30Sep2026 04:23:21.360] [Render thread/WARN] [immersive_aircraft.Main/]: Non-quad face found in model: aviator_dream:test!
[30Sep2026 04:23:21.360] [Render thread/WARN] [immersive_aircraft.Main/]: Non-quad face found in model: aviator_dream:test!
[30Sep2026 04:23:21.360] [Render thread/WARN] [immersive_aircraft.Main/]: Non-quad face found in model: aviator_dream:test!
[30Sep2026 04:23:21.361] [Render thread/WARN] [immersive_aircraft.Main/]: Non-quad face found in model: aviator_dream:test!
[30Sep2026 04:23:21.361] [Render thread/WARN] [immersive_aircraft.Main/]: Non-quad face found in model: aviator_dream:test!
[30Sep2026 04:23:21.361] [Render thread/WARN] [immersive_aircraft.Main/]: Non-quad face found in model: aviator_dream:test!
[30Sep2026 04:23:21.361] [Render thread/WARN] [immersive_aircraft.Main/]: Non-quad face found in model: aviator_dream:test!
[30Sep2026 04:23:21.361] [Render thread/WARN] [immersive_aircraft.Main/]: Non-quad face found in model: aviator_dream:test!
[30Sep2026 04:23:21.361] [Render thread/WARN] [immersive_aircraft.Main/]: Non-quad face found in model: aviator_dream:test!
[30Sep2026 04:23:21.361] [Render thread/WARN] [immersive_aircraft.Main/]: Non-quad face found in model: aviator_dream:test!
[30Sep2026 04:23:21.361] [Render thread/WARN] [immersive_aircraft.Main/]: Non-quad face found in model: aviator_dream:test!
[30Sep2026 04:23:21.361] [Render thread/WARN] [immersive_aircraft.Main/]: Non-quad face found in model: aviator_dream:test!
[30Sep2026 04:23:21.361] [Render thread/WARN] [immersive_aircraft.Main/]: Non-quad face found in model: aviator_dream:test!
[30Sep2026 04:23:21.361] [Render thread/WARN] [immersive_aircraft.Main/]: Non-quad face found in model: aviator_dream:test!
[30Sep2026 04:23:21.361] [Render thread/WARN] [immersive_aircraft.Main/]: Non-quad face found in model: aviator_dream:test!
[30Sep2026 04:23:21.361] [Render thread/WARN] [immersive_aircraft.Main/]: Non-quad face found in model: aviator_dream:test!
[30Sep2026 04:23:21.361] [Render thread/WARN] [immersive_aircraft.Main/]: Non-quad face found in model: aviator_dream:test!
[30Sep2026 04:23:21.361] [Render thread/WARN] [immersive_aircraft.Main/]: Non-quad face found in model: aviator_dream:test!
[30Sep2026 04:23:21.362] [Render thread/WARN] [immersive_aircraft.Main/]: Non-quad face found in model: aviator_dream:test!
[30Sep2026 04:23:21.362] [Render thread/WARN] [immersive_aircraft.Main/]: Non-quad face found in model: aviator_dream:test!
[30Sep2026 04:23:21.362] [Render thread/WARN] [immersive_aircraft.Main/]: Non-quad face found in model: aviator_dream:test!
[30Sep2026 04:23:21.362] [Render thread/WARN] [immersive_aircraft.Main/]: Non-quad face found in model: aviator_dream:test!
[30Sep2026 04:23:21.362] [Render thread/WARN] [immersive_aircraft.Main/]: Non-quad face found in model: aviator_dream:test!
[30Sep2026 04:23:21.362] [Render thread/WARN] [immersive_aircraft.Main/]: Non-quad face found in model: aviator_dream:test!
[30Sep2026 04:23:21.362] [Render thread/WARN] [immersive_aircraft.Main/]: Non-quad face found in model: aviator_dream:test!
[30Sep2026 04:23:21.362] [Render thread/WARN] [immersive_aircraft.Main/]: Non-quad face found in model: aviator_dream:test!
[30Sep2026 04:23:21.362] [Render thread/WARN] [immersive_aircraft.Main/]: Non-quad face found in model: aviator_dream:test!
[30Sep2026 04:23:21.362] [Render thread/WARN] [immersive_aircraft.Main/]: Non-quad face found in model: aviator_dream:test!
[30Sep2026 04:23:21.362] [Render thread/WARN] [immersive_aircraft.Main/]: Non-quad face found in model: aviator_dream:test!
[30Sep2026 04:23:21.362] [Render thread/WARN] [immersive_aircraft.Main/]: Non-quad face found in model: aviator_dream:test!
[30Sep2026 04:23:21.362] [Render thread/WARN] [immersive_aircraft.Main/]: Non-quad face found in model: aviator_dream:test!
[30Sep2026 04:23:21.362] [Render thread/WARN] [immersive_aircraft.Main/]: Non-quad face found in model: aviator_dream:test!
[30Sep2026 04:23:21.362] [Render thread/WARN] [immersive_aircraft.Main/]: Non-quad face found in model: aviator_dream:test!
[30Sep2026 04:23:21.362] [Render thread/WARN] [immersive_aircraft.Main/]: Non-quad face found in model: aviator_dream:test!
[30Sep2026 04:23:21.362] [Render thread/WARN] [immersive_aircraft.Main/]: Non-quad face found in model: aviator_dream:test!
[30Sep2026 04:23:21.362] [Render thread/WARN] [immersive_aircraft.Main/]: Non-quad face found in model: aviator_dream:test!
[30Sep2026 04:23:21.362] [Render thread/WARN] [immersive_aircraft.Main/]: Non-quad face found in model: aviator_dream:test!
[30Sep2026 04:23:21.362] [Render thread/WARN] [immersive_aircraft.Main/]: Non-quad face found in model: aviator_dream:test!
[30Sep2026 04:23:21.362] [Render thread/WARN] [immersive_aircraft.Main/]: Non-quad face found in model: aviator_dream:test!
[30Sep2026 04:23:21.362] [Render thread/WARN] [immersive_aircraft.Main/]: Non-quad face found in model: aviator_dream:test!
[30Sep2026 04:23:21.362] [Render thread/WARN] [immersive_aircraft.Main/]: Non-quad face found in model: aviator_dream:test!
[30Sep2026 04:23:21.362] [Render thread/WARN] [immersive_aircraft.Main/]: Non-quad face found in model: aviator_dream:test!
[30Sep2026 04:23:21.362] [Render thread/WARN] [immersive_aircraft.Main/]: Non-quad face found in model: aviator_dream:test!
[30Sep2026 04:23:21.362] [Render thread/WARN] [immersive_aircraft.Main/]: Non-quad face found in model: aviator_dream:test!
[30Sep2026 04:23:21.363] [Render thread/WARN] [immersive_aircraft.Main/]: Non-quad face found in model: aviator_dream:test!
[30Sep2026 04:23:21.363] [Render thread/WARN] [immersive_aircraft.Main/]: Non-quad face found in model: aviator_dream:test!
[30Sep2026 04:23:21.363] [Render thread/WARN] [immersive_aircraft.Main/]: Non-quad face found in model: aviator_dream:test!
[30Sep2026 04:23:21.363] [Render thread/WARN] [immersive_aircraft.Main/]: Non-quad face found in model: aviator_dream:test!
[30Sep2026 04:23:21.363] [Render thread/WARN] [immersive_aircraft.Main/]: Non-quad face found in model: aviator_dream:test!
[30Sep2026 04:23:21.363] [Render thread/WARN] [immersive_aircraft.Main/]: Non-quad face found in model: aviator_dream:test!
[30Sep2026 04:23:21.363] [Render thread/WARN] [immersive_aircraft.Main/]: Non-quad face found in model: aviator_dream:test!
[30Sep2026 04:23:21.363] [Render thread/WARN] [immersive_aircraft.Main/]: Non-quad face found in model: aviator_dream:test!
[30Sep2026 04:23:21.363] [Render thread/WARN] [immersive_aircraft.Main/]: Non-quad face found in model: aviator_dream:test!
[30Sep2026 04:23:21.363] [Render thread/WARN] [immersive_aircraft.Main/]: Non-quad face found in model: aviator_dream:test!
[30Sep2026 04:23:21.363] [Render thread/WARN] [immersive_aircraft.Main/]: Non-quad face found in model: aviator_dream:test!
[30Sep2026 04:23:21.363] [Render thread/WARN] [immersive_aircraft.Main/]: Non-quad face found in model: aviator_dream:test!
[30Sep2026 04:23:21.363] [Render thread/WARN] [immersive_aircraft.Main/]: Non-quad face found in model: aviator_dream:test!
[30Sep2026 04:23:21.363] [Render thread/WARN] [immersive_aircraft.Main/]: Non-quad face found in model: aviator_dream:test!
[30Sep2026 04:23:21.363] [Render thread/WARN] [immersive_aircraft.Main/]: Non-quad face found in model: aviator_dream:test!
[30Sep2026 04:23:21.363] [Render thread/WARN] [immersive_aircraft.Main/]: Non-quad face found in model: aviator_dream:test!
[30Sep2026 04:23:21.363] [Render thread/WARN] [immersive_aircraft.Main/]: Non-quad face found in model: aviator_dream:test!
[30Sep2026 04:23:21.363] [Render thread/WARN] [immersive_aircraft.Main/]: Non-quad face found in model: aviator_dream:test!
[30Sep2026 04:23:21.363] [Render thread/WARN] [immersive_aircraft.Main/]: Non-quad face found in model: aviator_dream:test!
[30Sep2026 04:23:21.363] [Render thread/WARN] [immersive_aircraft.Main/]: Non-quad face found in model: aviator_dream:test!
[30Sep2026 04:23:21.363] [Render thread/WARN] [immersive_aircraft.Main/]: Non-quad face found in model: aviator_dream:test!
[30Sep2026 04:23:21.363] [Render thread/WARN] [immersive_aircraft.Main/]: Non-quad face found in model: aviator_dream:test!
[30Sep2026 04:23:21.363] [Render thread/WARN] [immersive_aircraft.Main/]: Non-quad face found in model: aviator_dream:test!
[30Sep2026 04:23:21.364] [Render thread/WARN] [immersive_aircraft.Main/]: Non-quad face found in model: aviator_dream:test!
[30Sep2026 04:23:21.364] [Render thread/WARN] [immersive_aircraft.Main/]: Non-quad face found in model: aviator_dream:test!
[30Sep2026 04:23:21.364] [Render thread/WARN] [immersive_aircraft.Main/]: Non-quad face found in model: aviator_dream:test!
[30Sep2026 04:23:21.364] [Render thread/WARN] [immersive_aircraft.Main/]: Non-quad face found in model: aviator_dream:test!
[30Sep2026 04:23:21.364] [Render thread/WARN] [immersive_aircraft.Main/]: Non-quad face found in model: aviator_dream:test!
[30Sep2026 04:23:21.364] [Render thread/WARN] [immersive_aircraft.Main/]: Non-quad face found in model: aviator_dream:test!
[30Sep2026 04:23:21.364] [Render thread/WARN] [immersive_aircraft.Main/]: Non-quad face found in model: aviator_dream:test!
[30Sep2026 04:23:21.364] [Render thread/WARN] [immersive_aircraft.Main/]: Non-quad face found in model: aviator_dream:test!
[30Sep2026 04:23:21.364] [Render thread/WARN] [immersive_aircraft.Main/]: Non-quad face found in model: aviator_dream:test!
[30Sep2026 04:23:21.364] [Render thread/WARN] [immersive_aircraft.Main/]: Non-quad face found in model: aviator_dream:test!
[30Sep2026 04:23:21.364] [Render thread/WARN] [immersive_aircraft.Main/]: Non-quad face found in model: aviator_dream:test!
[30Sep2026 04:23:21.364] [Render thread/WARN] [immersive_aircraft.Main/]: Non-quad face found in model: aviator_dream:test!
[30Sep2026 04:23:21.364] [Render thread/WARN] [immersive_aircraft.Main/]: Non-quad face found in model: aviator_dream:test!
[30Sep2026 04:23:21.364] [Render thread/WARN] [immersive_aircraft.Main/]: Non-quad face found in model: aviator_dream:test!
[30Sep2026 04:23:21.364] [Render thread/WARN] [immersive_aircraft.Main/]: Non-quad face found in model: aviator_dream:test!
[30Sep2026 04:23:21.364] [Render thread/WARN] [immersive_aircraft.Main/]: Non-quad face found in model: aviator_dream:test!
[30Sep2026 04:23:21.365] [Render thread/WARN] [immersive_aircraft.Main/]: Non-quad face found in model: aviator_dream:test!
[30Sep2026 04:23:21.365] [Render thread/WARN] [immersive_aircraft.Main/]: Non-quad face found in model: aviator_dream:test!
[30Sep2026 04:23:21.365] [Render thread/WARN] [immersive_aircraft.Main/]: Non-quad face found in model: aviator_dream:test!
[30Sep2026 04:23:21.365] [Render thread/WARN] [immersive_aircraft.Main/]: Non-quad face found in model: aviator_dream:test!
[30Sep2026 04:23:21.365] [Render thread/WARN] [immersive_aircraft.Main/]: Non-quad face found in model: aviator_dream:test!
[30Sep2026 04:23:21.365] [Render thread/WARN] [immersive_aircraft.Main/]: Non-quad face found in model: aviator_dream:test!
[30Sep2026 04:23:21.365] [Render thread/WARN] [immersive_aircraft.Main/]: Non-quad face found in model: aviator_dream:test!
[30Sep2026 04:23:21.365] [Render thread/WARN] [immersive_aircraft.Main/]: Non-quad face found in model: aviator_dream:test!
[30Sep2026 04:23:21.365] [Render thread/WARN] [immersive_aircraft.Main/]: Non-quad face found in model: aviator_dream:test!
[30Sep2026 04:23:21.365] [Render thread/WARN] [immersive_aircraft.Main/]: Non-quad face found in model: aviator_dream:test!
[30Sep2026 04:23:21.365] [Render thread/WARN] [immersive_aircraft.Main/]: Non-quad face found in model: aviator_dream:test!
[30Sep2026 04:23:21.365] [Render thread/WARN] [immersive_aircraft.Main/]: Non-quad face found in model: aviator_dream:test!
[30Sep2026 04:23:21.365] [Render thread/WARN] [immersive_aircraft.Main/]: Non-quad face found in model: aviator_dream:test!
[30Sep2026 04:23:21.365] [Render thread/WARN] [immersive_aircraft.Main/]: Non-quad face found in model: aviator_dream:test!
[30Sep2026 04:23:21.365] [Render thread/WARN] [immersive_aircraft.Main/]: Non-quad face found in model: aviator_dream:test!
[30Sep2026 04:23:21.365] [Render thread/WARN] [immersive_aircraft.Main/]: Non-quad face found in model: aviator_dream:test!
[30Sep2026 04:23:21.365] [Render thread/WARN] [immersive_aircraft.Main/]: Non-quad face found in model: aviator_dream:test!
[30Sep2026 04:23:21.365] [Render thread/WARN] [immersive_aircraft.Main/]: Non-quad face found in model: aviator_dream:test!
[30Sep2026 04:23:21.365] [Render thread/WARN] [immersive_aircraft.Main/]: Non-quad face found in model: aviator_dream:test!
[30Sep2026 04:23:21.365] [Render thread/WARN] [immersive_aircraft.Main/]: Non-quad face found in model: aviator_dream:test!
[30Sep2026 04:23:21.365] [Render thread/WARN] [immersive_aircraft.Main/]: Non-quad face found in model: aviator_dream:test!
[30Sep2026 04:23:21.365] [Render thread/WARN] [immersive_aircraft.Main/]: Non-quad face found in model: aviator_dream:test!
[30Sep2026 04:23:21.365] [Render thread/WARN] [immersive_aircraft.Main/]: Non-quad face found in model: aviator_dream:test!
[30Sep2026 04:23:21.366] [Render thread/WARN] [immersive_aircraft.Main/]: Non-quad face found in model: aviator_dream:test!
[30Sep2026 04:23:21.366] [Render thread/WARN] [immersive_aircraft.Main/]: Non-quad face found in model: aviator_dream:test!
[30Sep2026 04:23:21.366] [Render thread/WARN] [immersive_aircraft.Main/]: Non-quad face found in model: aviator_dream:test!
[30Sep2026 04:23:21.366] [Render thread/WARN] [immersive_aircraft.Main/]: Non-quad face found in model: aviator_dream:test!
[30Sep2026 04:23:21.366] [Render thread/WARN] [immersive_aircraft.Main/]: Non-quad face found in model: aviator_dream:test!
[30Sep2026 04:23:21.366] [Render thread/WARN] [immersive_aircraft.Main/]: Non-quad face found in model: aviator_dream:test!
[30Sep2026 04:23:21.366] [Render thread/WARN] [immersive_aircraft.Main/]: Non-quad face found in model: aviator_dream:test!
[30Sep2026 04:23:21.366] [Render thread/WARN] [immersive_aircraft.Main/]: Non-quad face found in model: aviator_dream:test!
[30Sep2026 04:23:21.366] [Render thread/WARN] [immersive_aircraft.Main/]: Non-quad face found in model: aviator_dream:test!
[30Sep2026 04:23:21.366] [Render thread/WARN] [immersive_aircraft.Main/]: Non-quad face found in model: aviator_dream:test!
[30Sep2026 04:23:21.367] [Render thread/WARN] [immersive_aircraft.Main/]: Non-quad face found in model: aviator_dream:test!
[30Sep2026 04:23:21.367] [Render thread/WARN] [immersive_aircraft.Main/]: Non-quad face found in model: aviator_dream:test!
[30Sep2026 04:23:21.367] [Render thread/WARN] [immersive_aircraft.Main/]: Non-quad face found in model: aviator_dream:test!
[30Sep2026 04:23:21.367] [Render thread/WARN] [immersive_aircraft.Main/]: Non-quad face found in model: aviator_dream:test!
[30Sep2026 04:23:21.367] [Render thread/WARN] [immersive_aircraft.Main/]: Non-quad face found in model: aviator_dream:test!
[30Sep2026 04:23:21.367] [Render thread/WARN] [immersive_aircraft.Main/]: Non-quad face found in model: aviator_dream:test!
[30Sep2026 04:23:21.367] [Render thread/WARN] [immersive_aircraft.Main/]: Non-quad face found in model: aviator_dream:test!
[30Sep2026 04:23:21.367] [Render thread/WARN] [immersive_aircraft.Main/]: Non-quad face found in model: aviator_dream:test!
[30Sep2026 04:23:21.367] [Render thread/WARN] [immersive_aircraft.Main/]: Non-quad face found in model: aviator_dream:test!
[30Sep2026 04:23:21.367] [Render thread/WARN] [immersive_aircraft.Main/]: Non-quad face found in model: aviator_dream:test!
[30Sep2026 04:23:21.367] [Render thread/WARN] [immersive_aircraft.Main/]: Non-quad face found in model: aviator_dream:test!
[30Sep2026 04:23:21.367] [Render thread/WARN] [immersive_aircraft.Main/]: Non-quad face found in model: aviator_dream:test!
[30Sep2026 04:23:21.368] [Render thread/WARN] [immersive_aircraft.Main/]: Non-quad face found in model: aviator_dream:test!
[30Sep2026 04:23:21.368] [Render thread/WARN] [immersive_aircraft.Main/]: Non-quad face found in model: aviator_dream:test!
[30Sep2026 04:23:21.368] [Render thread/WARN] [immersive_aircraft.Main/]: Non-quad face found in model: aviator_dream:test!
[30Sep2026 04:23:21.368] [Render thread/WARN] [immersive_aircraft.Main/]: Non-quad face found in model: aviator_dream:test!
[30Sep2026 04:23:21.368] [Render thread/WARN] [immersive_aircraft.Main/]: Non-quad face found in model: aviator_dream:test!
[30Sep2026 04:23:21.368] [Render thread/WARN] [immersive_aircraft.Main/]: Non-quad face found in model: aviator_dream:test!
[30Sep2026 04:23:21.368] [Render thread/WARN] [immersive_aircraft.Main/]: Non-quad face found in model: aviator_dream:test!
[30Sep2026 04:23:21.368] [Render thread/WARN] [immersive_aircraft.Main/]: Non-quad face found in model: aviator_dream:test!
[30Sep2026 04:23:21.368] [Render thread/WARN] [immersive_aircraft.Main/]: Non-quad face found in model: aviator_dream:test!
[30Sep2026 04:23:21.368] [Render thread/WARN] [immersive_aircraft.Main/]: Non-quad face found in model: aviator_dream:test!
[30Sep2026 04:23:21.368] [Render thread/WARN] [immersive_aircraft.Main/]: Non-quad face found in model: aviator_dream:test!
[30Sep2026 04:23:21.368] [Render thread/WARN] [immersive_aircraft.Main/]: Non-quad face found in model: aviator_dream:test!
[30Sep2026 04:23:21.368] [Render thread/WARN] [immersive_aircraft.Main/]: Non-quad face found in model: aviator_dream:test!
[30Sep2026 04:23:21.368] [Render thread/WARN] [immersive_aircraft.Main/]: Non-quad face found in model: aviator_dream:test!
[30Sep2026 04:23:21.368] [Render thread/WARN] [immersive_aircraft.Main/]: Non-quad face found in model: aviator_dream:test!
[30Sep2026 04:23:21.369] [Render thread/WARN] [immersive_aircraft.Main/]: Non-quad face found in model: aviator_dream:test!
[30Sep2026 04:23:21.369] [Render thread/WARN] [immersive_aircraft.Main/]: Non-quad face found in model: aviator_dream:test!
[30Sep2026 04:23:21.369] [Render thread/WARN] [immersive_aircraft.Main/]: Non-quad face found in model: aviator_dream:test!
[30Sep2026 04:23:21.369] [Render thread/WARN] [immersive_aircraft.Main/]: Non-quad face found in model: aviator_dream:test!
[30Sep2026 04:23:21.369] [Render thread/WARN] [immersive_aircraft.Main/]: Non-quad face found in model: aviator_dream:test!
[30Sep2026 04:23:21.369] [Render thread/WARN] [immersive_aircraft.Main/]: Non-quad face found in model: aviator_dream:test!
[30Sep2026 04:23:21.369] [Render thread/WARN] [immersive_aircraft.Main/]: Non-quad face found in model: aviator_dream:test!
[30Sep2026 04:23:21.369] [Render thread/WARN] [immersive_aircraft.Main/]: Non-quad face found in model: aviator_dream:test!
[30Sep2026 04:23:21.369] [Render thread/WARN] [immersive_aircraft.Main/]: Non-quad face found in model: aviator_dream:test!
[30Sep2026 04:23:21.369] [Render thread/WARN] [immersive_aircraft.Main/]: Non-quad face found in model: aviator_dream:test!
[30Sep2026 04:23:21.369] [Render thread/WARN] [immersive_aircraft.Main/]: Non-quad face found in model: aviator_dream:test!
[30Sep2026 04:23:21.369] [Render thread/WARN] [immersive_aircraft.Main/]: Non-quad face found in model: aviator_dream:test!
[30Sep2026 04:23:21.369] [Render thread/WARN] [immersive_aircraft.Main/]: Non-quad face found in model: aviator_dream:test!
[30Sep2026 04:23:21.369] [Render thread/WARN] [immersive_aircraft.Main/]: Non-quad face found in model: aviator_dream:test!
[30Sep2026 04:23:21.369] [Render thread/WARN] [immersive_aircraft.Main/]: Non-quad face found in model: aviator_dream:test!
[30Sep2026 04:23:21.369] [Render thread/WARN] [immersive_aircraft.Main/]: Non-quad face found in model: aviator_dream:test!
[30Sep2026 04:23:21.370] [Render thread/WARN] [immersive_aircraft.Main/]: Non-quad face found in model: aviator_dream:test!
[30Sep2026 04:23:21.370] [Render thread/WARN] [immersive_aircraft.Main/]: Non-quad face found in model: aviator_dream:test!
[30Sep2026 04:23:21.370] [Render thread/WARN] [immersive_aircraft.Main/]: Non-quad face found in model: aviator_dream:test!
[30Sep2026 04:23:21.370] [Render thread/WARN] [immersive_aircraft.Main/]: Non-quad face found in model: aviator_dream:test!
[30Sep2026 04:23:21.370] [Render thread/WARN] [immersive_aircraft.Main/]: Non-quad face found in model: aviator_dream:test!
[30Sep2026 04:23:21.370] [Render thread/WARN] [immersive_aircraft.Main/]: Non-quad face found in model: aviator_dream:test!
[30Sep2026 04:23:21.370] [Render thread/WARN] [immersive_aircraft.Main/]: Non-quad face found in model: aviator_dream:test!
[30Sep2026 04:23:21.370] [Render thread/WARN] [immersive_aircraft.Main/]: Non-quad face found in model: aviator_dream:test!
[30Sep2026 04:23:21.370] [Render thread/WARN] [immersive_aircraft.Main/]: Non-quad face found in model: aviator_dream:test!
[30Sep2026 04:23:21.370] [Render thread/WARN] [immersive_aircraft.Main/]: Non-quad face found in model: aviator_dream:test!
[30Sep2026 04:23:21.370] [Render thread/WARN] [immersive_aircraft.Main/]: Non-quad face found in model: aviator_dream:test!
[30Sep2026 04:23:21.370] [Render thread/WARN] [immersive_aircraft.Main/]: Non-quad face found in model: aviator_dream:test!
[30Sep2026 04:23:21.370] [Render thread/WARN] [immersive_aircraft.Main/]: Non-quad face found in model: aviator_dream:test!
[30Sep2026 04:23:21.370] [Render thread/WARN] [immersive_aircraft.Main/]: Non-quad face found in model: aviator_dream:test!
[30Sep2026 04:23:21.370] [Render thread/WARN] [immersive_aircraft.Main/]: Non-quad face found in model: aviator_dream:test!
[30Sep2026 04:23:21.370] [Render thread/WARN] [immersive_aircraft.Main/]: Non-quad face found in model: aviator_dream:test!
[30Sep2026 04:23:21.370] [Render thread/WARN] [immersive_aircraft.Main/]: Non-quad face found in model: aviator_dream:test!
[30Sep2026 04:23:21.370] [Render thread/WARN] [immersive_aircraft.Main/]: Non-quad face found in model: aviator_dream:test!
[30Sep2026 04:23:21.370] [Render thread/WARN] [immersive_aircraft.Main/]: Non-quad face found in model: aviator_dream:test!
[30Sep2026 04:23:21.371] [Render thread/WARN] [immersive_aircraft.Main/]: Non-quad face found in model: aviator_dream:test!
[30Sep2026 04:23:21.371] [Render thread/WARN] [immersive_aircraft.Main/]: Non-quad face found in model: aviator_dream:test!
[30Sep2026 04:23:21.371] [Render thread/WARN] [immersive_aircraft.Main/]: Non-quad face found in model: aviator_dream:test!
[30Sep2026 04:23:21.371] [Render thread/WARN] [immersive_aircraft.Main/]: Non-quad face found in model: aviator_dream:test!
[30Sep2026 04:23:21.371] [Render thread/WARN] [immersive_aircraft.Main/]: Non-quad face found in model: aviator_dream:test!
[30Sep2026 04:23:21.371] [Render thread/WARN] [immersive_aircraft.Main/]: Non-quad face found in model: aviator_dream:test!
[30Sep2026 04:23:21.371] [Render thread/WARN] [immersive_aircraft.Main/]: Non-quad face found in model: aviator_dream:test!
[30Sep2026 04:23:21.372] [Render thread/WARN] [immersive_aircraft.Main/]: Non-quad face found in model: aviator_dream:test!
[30Sep2026 04:23:21.372] [Render thread/WARN] [immersive_aircraft.Main/]: Non-quad face found in model: aviator_dream:test!
[30Sep2026 04:23:21.372] [Render thread/WARN] [immersive_aircraft.Main/]: Non-quad face found in model: aviator_dream:test!
[30Sep2026 04:23:21.372] [Render thread/WARN] [immersive_aircraft.Main/]: Non-quad face found in model: aviator_dream:test!
[30Sep2026 04:23:21.372] [Render thread/WARN] [immersive_aircraft.Main/]: Non-quad face found in model: aviator_dream:test!
[30Sep2026 04:23:21.372] [Render thread/WARN] [immersive_aircraft.Main/]: Non-quad face found in model: aviator_dream:test!
[30Sep2026 04:23:21.372] [Render thread/WARN] [immersive_aircraft.Main/]: Non-quad face found in model: aviator_dream:test!
[30Sep2026 04:23:21.372] [Render thread/WARN] [immersive_aircraft.Main/]: Non-quad face found in model: aviator_dream:test!
[30Sep2026 04:23:21.372] [Render thread/WARN] [immersive_aircraft.Main/]: Non-quad face found in model: aviator_dream:test!
[30Sep2026 04:23:21.372] [Render thread/WARN] [immersive_aircraft.Main/]: Non-quad face found in model: aviator_dream:test!
[30Sep2026 04:23:21.372] [Render thread/WARN] [immersive_aircraft.Main/]: Non-quad face found in model: aviator_dream:test!
[30Sep2026 04:23:21.372] [Render thread/WARN] [immersive_aircraft.Main/]: Non-quad face found in model: aviator_dream:test!
[30Sep2026 04:23:21.372] [Render thread/WARN] [immersive_aircraft.Main/]: Non-quad face found in model: aviator_dream:test!
[30Sep2026 04:23:21.372] [Render thread/WARN] [immersive_aircraft.Main/]: Non-quad face found in model: aviator_dream:test!
[30Sep2026 04:23:21.372] [Render thread/WARN] [immersive_aircraft.Main/]: Non-quad face found in model: aviator_dream:test!
[30Sep2026 04:23:21.372] [Render thread/WARN] [immersive_aircraft.Main/]: Non-quad face found in model: aviator_dream:test!
[30Sep2026 04:23:21.372] [Render thread/WARN] [immersive_aircraft.Main/]: Non-quad face found in model: aviator_dream:test!
[30Sep2026 04:23:21.373] [Render thread/WARN] [immersive_aircraft.Main/]: Non-quad face found in model: aviator_dream:test!
[30Sep2026 04:23:21.373] [Render thread/WARN] [immersive_aircraft.Main/]: Non-quad face found in model: aviator_dream:test!
[30Sep2026 04:23:21.373] [Render thread/WARN] [immersive_aircraft.Main/]: Non-quad face found in model: aviator_dream:test!
[30Sep2026 04:23:21.373] [Render thread/WARN] [immersive_aircraft.Main/]: Non-quad face found in model: aviator_dream:test!
[30Sep2026 04:23:21.373] [Render thread/WARN] [immersive_aircraft.Main/]: Non-quad face found in model: aviator_dream:test!
[30Sep2026 04:23:21.373] [Render thread/WARN] [immersive_aircraft.Main/]: Non-quad face found in model: aviator_dream:test!
[30Sep2026 04:23:21.373] [Render thread/WARN] [immersive_aircraft.Main/]: Non-quad face found in model: aviator_dream:test!
[30Sep2026 04:23:21.373] [Render thread/WARN] [immersive_aircraft.Main/]: Non-quad face found in model: aviator_dream:test!
[30Sep2026 04:23:21.373] [Render thread/WARN] [immersive_aircraft.Main/]: Non-quad face found in model: aviator_dream:test!
[30Sep2026 04:23:21.373] [Render thread/WARN] [immersive_aircraft.Main/]: Non-quad face found in model: aviator_dream:test!
[30Sep2026 04:23:21.373] [Render thread/WARN] [immersive_aircraft.Main/]: Non-quad face found in model: aviator_dream:test!
[30Sep2026 04:23:21.373] [Render thread/WARN] [immersive_aircraft.Main/]: Non-quad face found in model: aviator_dream:test!
[30Sep2026 04:23:21.373] [Render thread/WARN] [immersive_aircraft.Main/]: Non-quad face found in model: aviator_dream:test!
[30Sep2026 04:23:21.373] [Render thread/WARN] [immersive_aircraft.Main/]: Non-quad face found in model: aviator_dream:test!
[30Sep2026 04:23:21.373] [Render thread/WARN] [immersive_aircraft.Main/]: Non-quad face found in model: aviator_dream:test!
[30Sep2026 04:23:21.373] [Render thread/WARN] [immersive_aircraft.Main/]: Non-quad face found in model: aviator_dream:test!
[30Sep2026 04:23:21.373] [Render thread/WARN] [immersive_aircraft.Main/]: Non-quad face found in model: aviator_dream:test!
[30Sep2026 04:23:21.373] [Render thread/WARN] [immersive_aircraft.Main/]: Non-quad face found in model: aviator_dream:test!
[30Sep2026 04:23:21.373] [Render thread/WARN] [immersive_aircraft.Main/]: Non-quad face found in model: aviator_dream:test!
[30Sep2026 04:23:21.373] [Render thread/WARN] [immersive_aircraft.Main/]: Non-quad face found in model: aviator_dream:test!
[30Sep2026 04:23:21.373] [Render thread/WARN] [immersive_aircraft.Main/]: Non-quad face found in model: aviator_dream:test!
[30Sep2026 04:23:21.374] [Render thread/WARN] [immersive_aircraft.Main/]: Non-quad face found in model: aviator_dream:test!
[30Sep2026 04:23:21.374] [Render thread/WARN] [immersive_aircraft.Main/]: Non-quad face found in model: aviator_dream:test!
[30Sep2026 04:23:21.374] [Render thread/WARN] [immersive_aircraft.Main/]: Non-quad face found in model: aviator_dream:test!
[30Sep2026 04:23:21.374] [Render thread/WARN] [immersive_aircraft.Main/]: Non-quad face found in model: aviator_dream:test!
[30Sep2026 04:23:21.375] [Render thread/WARN] [immersive_aircraft.Main/]: Non-quad face found in model: aviator_dream:test!
[30Sep2026 04:23:21.375] [Render thread/WARN] [immersive_aircraft.Main/]: Non-quad face found in model: aviator_dream:test!
[30Sep2026 04:23:21.375] [Render thread/WARN] [immersive_aircraft.Main/]: Non-quad face found in model: aviator_dream:test!
[30Sep2026 04:23:21.375] [Render thread/WARN] [immersive_aircraft.Main/]: Non-quad face found in model: aviator_dream:test!
[30Sep2026 04:23:21.375] [Render thread/WARN] [immersive_aircraft.Main/]: Non-quad face found in model: aviator_dream:test!
[30Sep2026 04:23:21.375] [Render thread/WARN] [immersive_aircraft.Main/]: Non-quad face found in model: aviator_dream:test!
[30Sep2026 04:23:21.375] [Render thread/WARN] [immersive_aircraft.Main/]: Non-quad face found in model: aviator_dream:test!
[30Sep2026 04:23:21.375] [Render thread/WARN] [immersive_aircraft.Main/]: Non-quad face found in model: aviator_dream:test!
[30Sep2026 04:23:21.375] [Render thread/WARN] [immersive_aircraft.Main/]: Non-quad face found in model: aviator_dream:test!
[30Sep2026 04:23:21.375] [Render thread/WARN] [immersive_aircraft.Main/]: Non-quad face found in model: aviator_dream:test!
[30Sep2026 04:23:21.375] [Render thread/WARN] [immersive_aircraft.Main/]: Non-quad face found in model: aviator_dream:test!
[30Sep2026 04:23:21.375] [Render thread/WARN] [immersive_aircraft.Main/]: Non-quad face found in model: aviator_dream:test!
[30Sep2026 04:23:21.375] [Render thread/WARN] [immersive_aircraft.Main/]: Non-quad face found in model: aviator_dream:test!
[30Sep2026 04:23:21.375] [Render thread/WARN] [immersive_aircraft.Main/]: Non-quad face found in model: aviator_dream:test!
[30Sep2026 04:23:21.375] [Render thread/WARN] [immersive_aircraft.Main/]: Non-quad face found in model: aviator_dream:test!
[30Sep2026 04:23:21.375] [Render thread/WARN] [immersive_aircraft.Main/]: Non-quad face found in model: aviator_dream:test!
[30Sep2026 04:23:21.375] [Render thread/WARN] [immersive_aircraft.Main/]: Non-quad face found in model: aviator_dream:test!
[30Sep2026 04:23:21.375] [Render thread/WARN] [immersive_aircraft.Main/]: Non-quad face found in model: aviator_dream:test!
[30Sep2026 04:23:21.375] [Render thread/WARN] [immersive_aircraft.Main/]: Non-quad face found in model: aviator_dream:test!
[30Sep2026 04:23:21.376] [Render thread/WARN] [immersive_aircraft.Main/]: Non-quad face found in model: aviator_dream:test!
[30Sep2026 04:23:21.376] [Render thread/WARN] [immersive_aircraft.Main/]: Non-quad face found in model: aviator_dream:test!
[30Sep2026 04:23:21.376] [Render thread/WARN] [immersive_aircraft.Main/]: Non-quad face found in model: aviator_dream:test!
[30Sep2026 04:23:21.376] [Render thread/WARN] [immersive_aircraft.Main/]: Non-quad face found in model: aviator_dream:test!
[30Sep2026 04:23:21.377] [Render thread/WARN] [immersive_aircraft.Main/]: Non-quad face found in model: aviator_dream:test!
[30Sep2026 04:23:21.377] [Render thread/WARN] [immersive_aircraft.Main/]: Non-quad face found in model: aviator_dream:test!
[30Sep2026 04:23:21.377] [Render thread/WARN] [immersive_aircraft.Main/]: Non-quad face found in model: aviator_dream:test!
[30Sep2026 04:23:21.377] [Render thread/WARN] [immersive_aircraft.Main/]: Non-quad face found in model: aviator_dream:test!
[30Sep2026 04:23:21.378] [Render thread/WARN] [immersive_aircraft.Main/]: Non-quad face found in model: aviator_dream:test!
[30Sep2026 04:23:21.378] [Render thread/WARN] [immersive_aircraft.Main/]: Non-quad face found in model: aviator_dream:test!
[30Sep2026 04:23:21.378] [Render thread/WARN] [immersive_aircraft.Main/]: Non-quad face found in model: aviator_dream:test!
[30Sep2026 04:23:21.378] [Render thread/WARN] [immersive_aircraft.Main/]: Non-quad face found in model: aviator_dream:test!
[30Sep2026 04:23:21.378] [Render thread/WARN] [immersive_aircraft.Main/]: Non-quad face found in model: aviator_dream:test!
[30Sep2026 04:23:21.378] [Render thread/WARN] [immersive_aircraft.Main/]: Non-quad face found in model: aviator_dream:test!
[30Sep2026 04:23:21.378] [Render thread/WARN] [immersive_aircraft.Main/]: Non-quad face found in model: aviator_dream:test!
[30Sep2026 04:23:21.378] [Render thread/WARN] [immersive_aircraft.Main/]: Non-quad face found in model: aviator_dream:test!
[30Sep2026 04:23:21.378] [Render thread/WARN] [immersive_aircraft.Main/]: Non-quad face found in model: aviator_dream:test!
[30Sep2026 04:23:21.378] [Render thread/WARN] [immersive_aircraft.Main/]: Non-quad face found in model: aviator_dream:test!
[30Sep2026 04:23:21.378] [Render thread/WARN] [immersive_aircraft.Main/]: Non-quad face found in model: aviator_dream:test!
[30Sep2026 04:23:21.378] [Render thread/WARN] [immersive_aircraft.Main/]: Non-quad face found in model: aviator_dream:test!
[30Sep2026 04:23:21.379] [Render thread/WARN] [immersive_aircraft.Main/]: Non-quad face found in model: aviator_dream:test!
[30Sep2026 04:23:21.380] [Render thread/WARN] [immersive_aircraft.Main/]: Non-quad face found in model: aviator_dream:test!
[30Sep2026 04:23:21.380] [Render thread/WARN] [immersive_aircraft.Main/]: Non-quad face found in model: aviator_dream:test!
[30Sep2026 04:23:21.380] [Render thread/WARN] [immersive_aircraft.Main/]: Non-quad face found in model: aviator_dream:test!
[30Sep2026 04:23:21.380] [Render thread/WARN] [immersive_aircraft.Main/]: Non-quad face found in model: aviator_dream:test!
[30Sep2026 04:23:21.380] [Render thread/WARN] [immersive_aircraft.Main/]: Non-quad face found in model: aviator_dream:test!
[30Sep2026 04:23:21.380] [Render thread/WARN] [immersive_aircraft.Main/]: Non-quad face found in model: aviator_dream:test!
[30Sep2026 04:23:21.380] [Render thread/WARN] [immersive_aircraft.Main/]: Non-quad face found in model: aviator_dream:test!
[30Sep2026 04:23:21.380] [Render thread/WARN] [immersive_aircraft.Main/]: Non-quad face found in model: aviator_dream:test!
[30Sep2026 04:23:21.380] [Render thread/WARN] [immersive_aircraft.Main/]: Non-quad face found in model: aviator_dream:test!
[30Sep2026 04:23:21.380] [Render thread/WARN] [immersive_aircraft.Main/]: Non-quad face found in model: aviator_dream:test!
[30Sep2026 04:23:21.380] [Render thread/WARN] [immersive_aircraft.Main/]: Non-quad face found in model: aviator_dream:test!
[30Sep2026 04:23:21.380] [Render thread/WARN] [immersive_aircraft.Main/]: Non-quad face found in model: aviator_dream:test!
[30Sep2026 04:23:21.380] [Render thread/WARN] [immersive_aircraft.Main/]: Non-quad face found in model: aviator_dream:test!
[30Sep2026 04:23:21.380] [Render thread/WARN] [immersive_aircraft.Main/]: Non-quad face found in model: aviator_dream:test!
[30Sep2026 04:23:21.380] [Render thread/WARN] [immersive_aircraft.Main/]: Non-quad face found in model: aviator_dream:test!
[30Sep2026 04:23:21.380] [Render thread/WARN] [immersive_aircraft.Main/]: Non-quad face found in model: aviator_dream:test!
[30Sep2026 04:23:21.380] [Render thread/WARN] [immersive_aircraft.Main/]: Non-quad face found in model: aviator_dream:test!
[30Sep2026 04:23:21.381] [Render thread/WARN] [immersive_aircraft.Main/]: Non-quad face found in model: aviator_dream:test!
[30Sep2026 04:23:21.381] [Render thread/WARN] [immersive_aircraft.Main/]: Non-quad face found in model: aviator_dream:test!
[30Sep2026 04:23:21.381] [Render thread/WARN] [immersive_aircraft.Main/]: Non-quad face found in model: aviator_dream:test!
[30Sep2026 04:23:21.381] [Render thread/WARN] [immersive_aircraft.Main/]: Non-quad face found in model: aviator_dream:test!
[30Sep2026 04:23:21.381] [Render thread/WARN] [immersive_aircraft.Main/]: Non-quad face found in model: aviator_dream:test!
[30Sep2026 04:23:21.381] [Render thread/WARN] [immersive_aircraft.Main/]: Non-quad face found in model: aviator_dream:test!
[30Sep2026 04:23:21.381] [Render thread/WARN] [immersive_aircraft.Main/]: Non-quad face found in model: aviator_dream:test!
[30Sep2026 04:23:21.381] [Render thread/WARN] [immersive_aircraft.Main/]: Non-quad face found in model: aviator_dream:test!
[30Sep2026 04:23:21.381] [Render thread/WARN] [immersive_aircraft.Main/]: Non-quad face found in model: aviator_dream:test!
[30Sep2026 04:23:21.381] [Render thread/WARN] [immersive_aircraft.Main/]: Non-quad face found in model: aviator_dream:test!
[30Sep2026 04:23:21.381] [Render thread/WARN] [immersive_aircraft.Main/]: Non-quad face found in model: aviator_dream:test!
[30Sep2026 04:23:21.381] [Render thread/WARN] [immersive_aircraft.Main/]: Non-quad face found in model: aviator_dream:test!
[30Sep2026 04:23:21.381] [Render thread/WARN] [immersive_aircraft.Main/]: Non-quad face found in model: aviator_dream:test!
[30Sep2026 04:23:21.381] [Render thread/WARN] [immersive_aircraft.Main/]: Non-quad face found in model: aviator_dream:test!
[30Sep2026 04:23:21.381] [Render thread/WARN] [immersive_aircraft.Main/]: Non-quad face found in model: aviator_dream:test!
[30Sep2026 04:23:21.381] [Render thread/WARN] [immersive_aircraft.Main/]: Non-quad face found in model: aviator_dream:test!
[30Sep2026 04:23:21.381] [Render thread/WARN] [immersive_aircraft.Main/]: Non-quad face found in model: aviator_dream:test!
[30Sep2026 04:23:21.381] [Render thread/WARN] [immersive_aircraft.Main/]: Non-quad face found in model: aviator_dream:test!
[30Sep2026 04:23:21.381] [Render thread/WARN] [immersive_aircraft.Main/]: Non-quad face found in model: aviator_dream:test!
[30Sep2026 04:23:21.381] [Render thread/WARN] [immersive_aircraft.Main/]: Non-quad face found in model: aviator_dream:test!
[30Sep2026 04:23:21.381] [Render thread/WARN] [immersive_aircraft.Main/]: Non-quad face found in model: aviator_dream:test!
[30Sep2026 04:23:21.381] [Render thread/WARN] [immersive_aircraft.Main/]: Non-quad face found in model: aviator_dream:test!
[30Sep2026 04:23:21.381] [Render thread/WARN] [immersive_aircraft.Main/]: Non-quad face found in model: aviator_dream:test!
[30Sep2026 04:23:21.382] [Render thread/WARN] [immersive_aircraft.Main/]: Non-quad face found in model: aviator_dream:test!
[30Sep2026 04:23:21.382] [Render thread/WARN] [immersive_aircraft.Main/]: Non-quad face found in model: aviator_dream:test!
[30Sep2026 04:23:21.382] [Render thread/WARN] [immersive_aircraft.Main/]: Non-quad face found in model: aviator_dream:test!
[30Sep2026 04:23:21.382] [Render thread/WARN] [immersive_aircraft.Main/]: Non-quad face found in model: aviator_dream:test!
[30Sep2026 04:23:21.382] [Render thread/WARN] [immersive_aircraft.Main/]: Non-quad face found in model: aviator_dream:test!
[30Sep2026 04:23:21.382] [Render thread/WARN] [immersive_aircraft.Main/]: Non-quad face found in model: aviator_dream:test!
[30Sep2026 04:23:21.383] [Render thread/WARN] [immersive_aircraft.Main/]: Non-quad face found in model: aviator_dream:test!
[30Sep2026 04:23:21.383] [Render thread/WARN] [immersive_aircraft.Main/]: Non-quad face found in model: aviator_dream:test!
[30Sep2026 04:23:21.383] [Render thread/WARN] [immersive_aircraft.Main/]: Non-quad face found in model: aviator_dream:test!
[30Sep2026 04:23:21.383] [Render thread/WARN] [immersive_aircraft.Main/]: Non-quad face found in model: aviator_dream:test!
[30Sep2026 04:23:21.383] [Render thread/WARN] [immersive_aircraft.Main/]: Non-quad face found in model: aviator_dream:test!
[30Sep2026 04:23:21.383] [Render thread/WARN] [immersive_aircraft.Main/]: Non-quad face found in model: aviator_dream:test!
[30Sep2026 04:23:21.383] [Render thread/WARN] [immersive_aircraft.Main/]: Non-quad face found in model: aviator_dream:test!
[30Sep2026 04:23:21.383] [Render thread/WARN] [immersive_aircraft.Main/]: Non-quad face found in model: aviator_dream:test!
[30Sep2026 04:23:21.383] [Render thread/WARN] [immersive_aircraft.Main/]: Non-quad face found in model: aviator_dream:test!
[30Sep2026 04:23:21.383] [Render thread/WARN] [immersive_aircraft.Main/]: Non-quad face found in model: aviator_dream:test!
[30Sep2026 04:23:21.383] [Render thread/WARN] [immersive_aircraft.Main/]: Non-quad face found in model: aviator_dream:test!
[30Sep2026 04:23:21.383] [Render thread/WARN] [immersive_aircraft.Main/]: Non-quad face found in model: aviator_dream:test!
[30Sep2026 04:23:21.383] [Render thread/WARN] [immersive_aircraft.Main/]: Non-quad face found in model: aviator_dream:test!
[30Sep2026 04:23:21.384] [Render thread/WARN] [immersive_aircraft.Main/]: Non-quad face found in model: aviator_dream:test!
[30Sep2026 04:23:21.384] [Render thread/WARN] [immersive_aircraft.Main/]: Non-quad face found in model: aviator_dream:test!
[30Sep2026 04:23:21.384] [Render thread/WARN] [immersive_aircraft.Main/]: Non-quad face found in model: aviator_dream:test!
[30Sep2026 04:23:21.384] [Render thread/WARN] [immersive_aircraft.Main/]: Non-quad face found in model: aviator_dream:test!
[30Sep2026 04:23:21.384] [Render thread/WARN] [immersive_aircraft.Main/]: Non-quad face found in model: aviator_dream:test!
[30Sep2026 04:23:21.384] [Render thread/WARN] [immersive_aircraft.Main/]: Non-quad face found in model: aviator_dream:test!
[30Sep2026 04:23:21.384] [Render thread/WARN] [immersive_aircraft.Main/]: Non-quad face found in model: aviator_dream:test!
[30Sep2026 04:23:21.384] [Render thread/WARN] [immersive_aircraft.Main/]: Non-quad face found in model: aviator_dream:test!
[30Sep2026 04:23:21.384] [Render thread/WARN] [immersive_aircraft.Main/]: Non-quad face found in model: aviator_dream:test!
[30Sep2026 04:23:21.384] [Render thread/WARN] [immersive_aircraft.Main/]: Non-quad face found in model: aviator_dream:test!
[30Sep2026 04:23:21.384] [Render thread/WARN] [immersive_aircraft.Main/]: Non-quad face found in model: aviator_dream:test!
[30Sep2026 04:23:21.384] [Render thread/WARN] [immersive_aircraft.Main/]: Non-quad face found in model: aviator_dream:test!
[30Sep2026 04:23:21.384] [Render thread/WARN] [immersive_aircraft.Main/]: Non-quad face found in model: aviator_dream:test!
[30Sep2026 04:23:21.384] [Render thread/WARN] [immersive_aircraft.Main/]: Non-quad face found in model: aviator_dream:test!
[30Sep2026 04:23:21.384] [Render thread/WARN] [immersive_aircraft.Main/]: Non-quad face found in model: aviator_dream:test!
[30Sep2026 04:23:21.384] [Render thread/WARN] [immersive_aircraft.Main/]: Non-quad face found in model: aviator_dream:test!
[30Sep2026 04:23:21.384] [Render thread/WARN] [immersive_aircraft.Main/]: Non-quad face found in model: aviator_dream:test!
[30Sep2026 04:23:21.384] [Render thread/WARN] [immersive_aircraft.Main/]: Non-quad face found in model: aviator_dream:test!
[30Sep2026 04:23:21.384] [Render thread/WARN] [immersive_aircraft.Main/]: Non-quad face found in model: aviator_dream:test!
[30Sep2026 04:23:21.384] [Render thread/WARN] [immersive_aircraft.Main/]: Non-quad face found in model: aviator_dream:test!
[30Sep2026 04:23:21.384] [Render thread/WARN] [immersive_aircraft.Main/]: Non-quad face found in model: aviator_dream:test!
[30Sep2026 04:23:21.384] [Render thread/WARN] [immersive_aircraft.Main/]: Non-quad face found in model: aviator_dream:test!
[30Sep2026 04:23:21.384] [Render thread/WARN] [immersive_aircraft.Main/]: Non-quad face found in model: aviator_dream:test!
[30Sep2026 04:23:21.384] [Render thread/WARN] [immersive_aircraft.Main/]: Non-quad face found in model: aviator_dream:test!
[30Sep2026 04:23:21.384] [Render thread/WARN] [immersive_aircraft.Main/]: Non-quad face found in model: aviator_dream:test!
[30Sep2026 04:23:21.385] [Render thread/WARN] [immersive_aircraft.Main/]: Non-quad face found in model: aviator_dream:test!
[30Sep2026 04:23:21.385] [Render thread/WARN] [immersive_aircraft.Main/]: Non-quad face found in model: aviator_dream:test!
[30Sep2026 04:23:21.385] [Render thread/WARN] [immersive_aircraft.Main/]: Non-quad face found in model: aviator_dream:test!
[30Sep2026 04:23:21.385] [Render thread/WARN] [immersive_aircraft.Main/]: Non-quad face found in model: aviator_dream:test!
[30Sep2026 04:23:21.385] [Render thread/WARN] [immersive_aircraft.Main/]: Non-quad face found in model: aviator_dream:test!
[30Sep2026 04:23:21.385] [Render thread/WARN] [immersive_aircraft.Main/]: Non-quad face found in model: aviator_dream:test!
[30Sep2026 04:23:21.385] [Render thread/WARN] [immersive_aircraft.Main/]: Non-quad face found in model: aviator_dream:test!
[30Sep2026 04:23:21.385] [Render thread/WARN] [immersive_aircraft.Main/]: Non-quad face found in model: aviator_dream:test!
[30Sep2026 04:23:21.385] [Render thread/WARN] [immersive_aircraft.Main/]: Non-quad face found in model: aviator_dream:test!
[30Sep2026 04:23:21.385] [Render thread/WARN] [immersive_aircraft.Main/]: Non-quad face found in model: aviator_dream:test!
[30Sep2026 04:23:21.385] [Render thread/WARN] [immersive_aircraft.Main/]: Non-quad face found in model: aviator_dream:test!
[30Sep2026 04:23:21.385] [Render thread/WARN] [immersive_aircraft.Main/]: Non-quad face found in model: aviator_dream:test!
[30Sep2026 04:23:21.385] [Render thread/WARN] [immersive_aircraft.Main/]: Non-quad face found in model: aviator_dream:test!
[30Sep2026 04:23:21.385] [Render thread/WARN] [immersive_aircraft.Main/]: Non-quad face found in model: aviator_dream:test!
[30Sep2026 04:23:21.385] [Render thread/WARN] [immersive_aircraft.Main/]: Non-quad face found in model: aviator_dream:test!
[30Sep2026 04:23:21.385] [Render thread/WARN] [immersive_aircraft.Main/]: Non-quad face found in model: aviator_dream:test!
[30Sep2026 04:23:21.385] [Render thread/WARN] [immersive_aircraft.Main/]: Non-quad face found in model: aviator_dream:test!
[30Sep2026 04:23:21.385] [Render thread/WARN] [immersive_aircraft.Main/]: Non-quad face found in model: aviator_dream:test!
[30Sep2026 04:23:21.385] [Render thread/WARN] [immersive_aircraft.Main/]: Non-quad face found in model: aviator_dream:test!
[30Sep2026 04:23:21.385] [Render thread/WARN] [immersive_aircraft.Main/]: Non-quad face found in model: aviator_dream:test!
[30Sep2026 04:23:21.385] [Render thread/WARN] [immersive_aircraft.Main/]: Non-quad face found in model: aviator_dream:test!
[30Sep2026 04:23:21.385] [Render thread/WARN] [immersive_aircraft.Main/]: Non-quad face found in model: aviator_dream:test!
[30Sep2026 04:23:21.385] [Render thread/WARN] [immersive_aircraft.Main/]: Non-quad face found in model: aviator_dream:test!
[30Sep2026 04:23:21.385] [Render thread/WARN] [immersive_aircraft.Main/]: Non-quad face found in model: aviator_dream:test!
[30Sep2026 04:23:21.386] [Render thread/WARN] [immersive_aircraft.Main/]: Non-quad face found in model: aviator_dream:test!
[30Sep2026 04:23:21.386] [Render thread/WARN] [immersive_aircraft.Main/]: Non-quad face found in model: aviator_dream:test!
[30Sep2026 04:23:21.386] [Render thread/WARN] [immersive_aircraft.Main/]: Non-quad face found in model: aviator_dream:test!
[30Sep2026 04:23:21.386] [Render thread/WARN] [immersive_aircraft.Main/]: Non-quad face found in model: aviator_dream:test!
[30Sep2026 04:23:21.386] [Render thread/WARN] [immersive_aircraft.Main/]: Non-quad face found in model: aviator_dream:test!
[30Sep2026 04:23:21.386] [Render thread/WARN] [immersive_aircraft.Main/]: Non-quad face found in model: aviator_dream:test!
[30Sep2026 04:23:21.386] [Render thread/WARN] [immersive_aircraft.Main/]: Non-quad face found in model: aviator_dream:test!
[30Sep2026 04:23:21.386] [Render thread/WARN] [immersive_aircraft.Main/]: Non-quad face found in model: aviator_dream:test!
[30Sep2026 04:23:21.386] [Render thread/WARN] [immersive_aircraft.Main/]: Non-quad face found in model: aviator_dream:test!
[30Sep2026 04:23:21.386] [Render thread/WARN] [immersive_aircraft.Main/]: Non-quad face found in model: aviator_dream:test!
[30Sep2026 04:23:21.386] [Render thread/WARN] [immersive_aircraft.Main/]: Non-quad face found in model: aviator_dream:test!
[30Sep2026 04:23:21.386] [Render thread/WARN] [immersive_aircraft.Main/]: Non-quad face found in model: aviator_dream:test!
[30Sep2026 04:23:21.386] [Render thread/WARN] [immersive_aircraft.Main/]: Non-quad face found in model: aviator_dream:test!
[30Sep2026 04:23:21.387] [Render thread/WARN] [immersive_aircraft.Main/]: Non-quad face found in model: aviator_dream:test!
[30Sep2026 04:23:21.387] [Render thread/WARN] [immersive_aircraft.Main/]: Non-quad face found in model: aviator_dream:test!
[30Sep2026 04:23:21.387] [Render thread/WARN] [immersive_aircraft.Main/]: Non-quad face found in model: aviator_dream:test!
[30Sep2026 04:23:21.387] [Render thread/WARN] [immersive_aircraft.Main/]: Non-quad face found in model: aviator_dream:test!
[30Sep2026 04:23:21.387] [Render thread/WARN] [immersive_aircraft.Main/]: Non-quad face found in model: aviator_dream:test!
[30Sep2026 04:23:21.387] [Render thread/WARN] [immersive_aircraft.Main/]: Non-quad face found in model: aviator_dream:test!
[30Sep2026 04:23:21.387] [Render thread/WARN] [immersive_aircraft.Main/]: Non-quad face found in model: aviator_dream:test!
[30Sep2026 04:23:21.387] [Render thread/WARN] [immersive_aircraft.Main/]: Non-quad face found in model: aviator_dream:test!
[30Sep2026 04:23:21.387] [Render thread/WARN] [immersive_aircraft.Main/]: Non-quad face found in model: aviator_dream:test!
[30Sep2026 04:23:21.387] [Render thread/WARN] [immersive_aircraft.Main/]: Non-quad face found in model: aviator_dream:test!
[30Sep2026 04:23:21.387] [Render thread/WARN] [immersive_aircraft.Main/]: Non-quad face found in model: aviator_dream:test!
[30Sep2026 04:23:21.387] [Render thread/WARN] [immersive_aircraft.Main/]: Non-quad face found in model: aviator_dream:test!
[30Sep2026 04:23:21.387] [Render thread/WARN] [immersive_aircraft.Main/]: Non-quad face found in model: aviator_dream:test!
[30Sep2026 04:23:21.387] [Render thread/WARN] [immersive_aircraft.Main/]: Non-quad face found in model: aviator_dream:test!
[30Sep2026 04:23:21.387] [Render thread/WARN] [immersive_aircraft.Main/]: Non-quad face found in model: aviator_dream:test!
[30Sep2026 04:23:21.387] [Render thread/WARN] [immersive_aircraft.Main/]: Non-quad face found in model: aviator_dream:test!
[30Sep2026 04:23:21.387] [Render thread/WARN] [immersive_aircraft.Main/]: Non-quad face found in model: aviator_dream:test!
[30Sep2026 04:23:21.387] [Render thread/WARN] [immersive_aircraft.Main/]: Non-quad face found in model: aviator_dream:test!
[30Sep2026 04:23:21.387] [Render thread/WARN] [immersive_aircraft.Main/]: Non-quad face found in model: aviator_dream:test!
[30Sep2026 04:23:21.387] [Render thread/WARN] [immersive_aircraft.Main/]: Non-quad face found in model: aviator_dream:test!
[30Sep2026 04:23:21.387] [Render thread/WARN] [immersive_aircraft.Main/]: Non-quad face found in model: aviator_dream:test!
[30Sep2026 04:23:21.387] [Render thread/WARN] [immersive_aircraft.Main/]: Non-quad face found in model: aviator_dream:test!
[30Sep2026 04:23:21.387] [Render thread/WARN] [immersive_aircraft.Main/]: Non-quad face found in model: aviator_dream:test!
[30Sep2026 04:23:21.387] [Render thread/WARN] [immersive_aircraft.Main/]: Non-quad face found in model: aviator_dream:test!
[30Sep2026 04:23:21.387] [Render thread/WARN] [immersive_aircraft.Main/]: Non-quad face found in model: aviator_dream:test!
[30Sep2026 04:23:21.387] [Render thread/WARN] [immersive_aircraft.Main/]: Non-quad face found in model: aviator_dream:test!
[30Sep2026 04:23:21.387] [Render thread/WARN] [immersive_aircraft.Main/]: Non-quad face found in model: aviator_dream:test!
[30Sep2026 04:23:21.388] [Render thread/WARN] [immersive_aircraft.Main/]: Non-quad face found in model: aviator_dream:test!
[30Sep2026 04:23:21.388] [Render thread/WARN] [immersive_aircraft.Main/]: Non-quad face found in model: aviator_dream:test!
[30Sep2026 04:23:21.388] [Render thread/WARN] [immersive_aircraft.Main/]: Non-quad face found in model: aviator_dream:test!
[30Sep2026 04:23:21.388] [Render thread/WARN] [immersive_aircraft.Main/]: Non-quad face found in model: aviator_dream:test!
[30Sep2026 04:23:21.388] [Render thread/WARN] [immersive_aircraft.Main/]: Non-quad face found in model: aviator_dream:test!
[30Sep2026 04:23:21.388] [Render thread/WARN] [immersive_aircraft.Main/]: Non-quad face found in model: aviator_dream:test!
[30Sep2026 04:23:21.388] [Render thread/WARN] [immersive_aircraft.Main/]: Non-quad face found in model: aviator_dream:test!
[30Sep2026 04:23:21.388] [Render thread/WARN] [immersive_aircraft.Main/]: Non-quad face found in model: aviator_dream:test!
[30Sep2026 04:23:21.388] [Render thread/WARN] [immersive_aircraft.Main/]: Non-quad face found in model: aviator_dream:test!
[30Sep2026 04:23:21.388] [Render thread/WARN] [immersive_aircraft.Main/]: Non-quad face found in model: aviator_dream:test!
[30Sep2026 04:23:21.388] [Render thread/WARN] [immersive_aircraft.Main/]: Non-quad face found in model: aviator_dream:test!
[30Sep2026 04:23:21.388] [Render thread/WARN] [immersive_aircraft.Main/]: Non-quad face found in model: aviator_dream:test!
[30Sep2026 04:23:21.388] [Render thread/WARN] [immersive_aircraft.Main/]: Non-quad face found in model: aviator_dream:test!
[30Sep2026 04:23:21.388] [Render thread/WARN] [immersive_aircraft.Main/]: Non-quad face found in model: aviator_dream:test!
[30Sep2026 04:23:21.388] [Render thread/WARN] [immersive_aircraft.Main/]: Non-quad face found in model: aviator_dream:test!
[30Sep2026 04:23:21.388] [Render thread/WARN] [immersive_aircraft.Main/]: Non-quad face found in model: aviator_dream:test!
[30Sep2026 04:23:21.388] [Render thread/WARN] [immersive_aircraft.Main/]: Non-quad face found in model: aviator_dream:test!
[30Sep2026 04:23:21.388] [Render thread/WARN] [immersive_aircraft.Main/]: Non-quad face found in model: aviator_dream:test!
[30Sep2026 04:23:21.388] [Render thread/WARN] [immersive_aircraft.Main/]: Non-quad face found in model: aviator_dream:test!
[30Sep2026 04:23:21.388] [Render thread/WARN] [immersive_aircraft.Main/]: Non-quad face found in model: aviator_dream:test!
[30Sep2026 04:23:21.388] [Render thread/WARN] [immersive_aircraft.Main/]: Non-quad face found in model: aviator_dream:test!
[30Sep2026 04:23:21.388] [Render thread/WARN] [immersive_aircraft.Main/]: Non-quad face found in model: aviator_dream:test!
[30Sep2026 04:23:21.388] [Render thread/WARN] [immersive_aircraft.Main/]: Non-quad face found in model: aviator_dream:test!
[30Sep2026 04:23:21.388] [Render thread/WARN] [immersive_aircraft.Main/]: Non-quad face found in model: aviator_dream:test!
[30Sep2026 04:23:21.391] [Render thread/WARN] [immersive_aircraft.Main/]: Non-quad face found in model: aviator_dream:test!
[30Sep2026 04:23:21.391] [Render thread/WARN] [immersive_aircraft.Main/]: Non-quad face found in model: aviator_dream:test!
[30Sep2026 04:23:21.391] [Render thread/WARN] [immersive_aircraft.Main/]: Non-quad face found in model: aviator_dream:test!
[30Sep2026 04:23:21.391] [Render thread/WARN] [immersive_aircraft.Main/]: Non-quad face found in model: aviator_dream:test!
[30Sep2026 04:23:21.391] [Render thread/WARN] [immersive_aircraft.Main/]: Non-quad face found in model: aviator_dream:test!
[30Sep2026 04:23:21.391] [Render thread/WARN] [immersive_aircraft.Main/]: Non-quad face found in model: aviator_dream:test!
[30Sep2026 04:23:21.391] [Render thread/WARN] [immersive_aircraft.Main/]: Non-quad face found in model: aviator_dream:test!
[30Sep2026 04:23:21.391] [Render thread/WARN] [immersive_aircraft.Main/]: Non-quad face found in model: aviator_dream:test!
[30Sep2026 04:23:21.391] [Render thread/WARN] [immersive_aircraft.Main/]: Non-quad face found in model: aviator_dream:test!
[30Sep2026 04:23:21.391] [Render thread/WARN] [immersive_aircraft.Main/]: Non-quad face found in model: aviator_dream:test!
[30Sep2026 04:23:21.391] [Render thread/WARN] [immersive_aircraft.Main/]: Non-quad face found in model: aviator_dream:test!
[30Sep2026 04:23:21.391] [Render thread/WARN] [immersive_aircraft.Main/]: Non-quad face found in model: aviator_dream:test!
[30Sep2026 04:23:21.391] [Render thread/WARN] [immersive_aircraft.Main/]: Non-quad face found in model: aviator_dream:test!
[30Sep2026 04:23:21.392] [Render thread/WARN] [immersive_aircraft.Main/]: Non-quad face found in model: aviator_dream:test!
[30Sep2026 04:23:21.392] [Render thread/WARN] [immersive_aircraft.Main/]: Non-quad face found in model: aviator_dream:test!
[30Sep2026 04:23:21.392] [Render thread/WARN] [immersive_aircraft.Main/]: Non-quad face found in model: aviator_dream:test!
[30Sep2026 04:23:21.392] [Render thread/WARN] [immersive_aircraft.Main/]: Non-quad face found in model: aviator_dream:test!
[30Sep2026 04:23:21.392] [Render thread/WARN] [immersive_aircraft.Main/]: Non-quad face found in model: aviator_dream:test!
[30Sep2026 04:23:21.392] [Render thread/WARN] [immersive_aircraft.Main/]: Non-quad face found in model: aviator_dream:test!
[30Sep2026 04:23:21.392] [Render thread/WARN] [immersive_aircraft.Main/]: Non-quad face found in model: aviator_dream:test!
[30Sep2026 04:23:21.392] [Render thread/WARN] [immersive_aircraft.Main/]: Non-quad face found in model: aviator_dream:test!
[30Sep2026 04:23:21.392] [Render thread/WARN] [immersive_aircraft.Main/]: Non-quad face found in model: aviator_dream:test!
[30Sep2026 04:23:21.392] [Render thread/WARN] [immersive_aircraft.Main/]: Non-quad face found in model: aviator_dream:test!
[30Sep2026 04:23:21.392] [Render thread/WARN] [immersive_aircraft.Main/]: Non-quad face found in model: aviator_dream:test!
[30Sep2026 04:23:21.392] [Render thread/WARN] [immersive_aircraft.Main/]: Non-quad face found in model: aviator_dream:test!
[30Sep2026 04:23:21.392] [Render thread/WARN] [immersive_aircraft.Main/]: Non-quad face found in model: aviator_dream:test!
[30Sep2026 04:23:21.392] [Render thread/WARN] [immersive_aircraft.Main/]: Non-quad face found in model: aviator_dream:test!
[30Sep2026 04:23:21.392] [Render thread/WARN] [immersive_aircraft.Main/]: Non-quad face found in model: aviator_dream:test!
[30Sep2026 04:23:21.392] [Render thread/WARN] [immersive_aircraft.Main/]: Non-quad face found in model: aviator_dream:test!
[30Sep2026 04:23:21.392] [Render thread/WARN] [immersive_aircraft.Main/]: Non-quad face found in model: aviator_dream:test!
[30Sep2026 04:23:21.392] [Render thread/WARN] [immersive_aircraft.Main/]: Non-quad face found in model: aviator_dream:test!
[30Sep2026 04:23:21.392] [Render thread/WARN] [immersive_aircraft.Main/]: Non-quad face found in model: aviator_dream:test!
[30Sep2026 04:23:21.392] [Render thread/WARN] [immersive_aircraft.Main/]: Non-quad face found in model: aviator_dream:test!
[30Sep2026 04:23:21.392] [Render thread/WARN] [immersive_aircraft.Main/]: Non-quad face found in model: aviator_dream:test!
[30Sep2026 04:23:21.392] [Render thread/WARN] [immersive_aircraft.Main/]: Non-quad face found in model: aviator_dream:test!
[30Sep2026 04:23:21.392] [Render thread/WARN] [immersive_aircraft.Main/]: Non-quad face found in model: aviator_dream:test!
[30Sep2026 04:23:21.392] [Render thread/WARN] [immersive_aircraft.Main/]: Non-quad face found in model: aviator_dream:test!
[30Sep2026 04:23:21.392] [Render thread/WARN] [immersive_aircraft.Main/]: Non-quad face found in model: aviator_dream:test!
[30Sep2026 04:23:21.392] [Render thread/WARN] [immersive_aircraft.Main/]: Non-quad face found in model: aviator_dream:test!
[30Sep2026 04:23:21.392] [Render thread/WARN] [immersive_aircraft.Main/]: Non-quad face found in model: aviator_dream:test!
[30Sep2026 04:23:21.398] [Render thread/WARN] [immersive_aircraft.Main/]: Non-quad face found in model: aviator_dream:test!
[30Sep2026 04:23:21.398] [Render thread/WARN] [immersive_aircraft.Main/]: Non-quad face found in model: aviator_dream:test!
[30Sep2026 04:23:21.398] [Render thread/WARN] [immersive_aircraft.Main/]: Non-quad face found in model: aviator_dream:test!
[30Sep2026 04:23:21.398] [Render thread/WARN] [immersive_aircraft.Main/]: Non-quad face found in model: aviator_dream:test!
[30Sep2026 04:23:21.398] [Render thread/WARN] [immersive_aircraft.Main/]: Non-quad face found in model: aviator_dream:test!
[30Sep2026 04:23:21.398] [Render thread/WARN] [immersive_aircraft.Main/]: Non-quad face found in model: aviator_dream:test!
[30Sep2026 04:23:21.398] [Render thread/WARN] [immersive_aircraft.Main/]: Non-quad face found in model: aviator_dream:test!
[30Sep2026 04:23:21.398] [Render thread/WARN] [immersive_aircraft.Main/]: Non-quad face found in model: aviator_dream:test!
[30Sep2026 04:23:21.398] [Render thread/WARN] [immersive_aircraft.Main/]: Non-quad face found in model: aviator_dream:test!
[30Sep2026 04:23:21.398] [Render thread/WARN] [immersive_aircraft.Main/]: Non-quad face found in model: aviator_dream:test!
[30Sep2026 04:23:21.398] [Render thread/WARN] [immersive_aircraft.Main/]: Non-quad face found in model: aviator_dream:test!
[30Sep2026 04:23:21.398] [Render thread/WARN] [immersive_aircraft.Main/]: Non-quad face found in model: aviator_dream:test!
[30Sep2026 04:23:21.398] [Render thread/WARN] [immersive_aircraft.Main/]: Non-quad face found in model: aviator_dream:test!
[30Sep2026 04:23:21.398] [Render thread/WARN] [immersive_aircraft.Main/]: Non-quad face found in model: aviator_dream:test!
[30Sep2026 04:23:21.398] [Render thread/WARN] [immersive_aircraft.Main/]: Non-quad face found in model: aviator_dream:test!
[30Sep2026 04:23:21.398] [Render thread/WARN] [immersive_aircraft.Main/]: Non-quad face found in model: aviator_dream:test!
[30Sep2026 04:23:21.398] [Render thread/WARN] [immersive_aircraft.Main/]: Non-quad face found in model: aviator_dream:test!
[30Sep2026 04:23:21.398] [Render thread/WARN] [immersive_aircraft.Main/]: Non-quad face found in model: aviator_dream:test!
[30Sep2026 04:23:21.398] [Render thread/WARN] [immersive_aircraft.Main/]: Non-quad face found in model: aviator_dream:test!
[30Sep2026 04:23:21.398] [Render thread/WARN] [immersive_aircraft.Main/]: Non-quad face found in model: aviator_dream:test!
[30Sep2026 04:23:21.398] [Render thread/WARN] [immersive_aircraft.Main/]: Non-quad face found in model: aviator_dream:test!
[30Sep2026 04:23:21.398] [Render thread/WARN] [immersive_aircraft.Main/]: Non-quad face found in model: aviator_dream:test!
[30Sep2026 04:23:21.398] [Render thread/WARN] [immersive_aircraft.Main/]: Non-quad face found in model: aviator_dream:test!
[30Sep2026 04:23:21.398] [Render thread/WARN] [immersive_aircraft.Main/]: Non-quad face found in model: aviator_dream:test!
[30Sep2026 04:23:21.398] [Render thread/WARN] [immersive_aircraft.Main/]: Non-quad face found in model: aviator_dream:test!
[30Sep2026 04:23:21.398] [Render thread/WARN] [immersive_aircraft.Main/]: Non-quad face found in model: aviator_dream:test!
[30Sep2026 04:23:21.399] [Render thread/WARN] [immersive_aircraft.Main/]: Non-quad face found in model: aviator_dream:test!
[30Sep2026 04:23:21.399] [Render thread/WARN] [immersive_aircraft.Main/]: Non-quad face found in model: aviator_dream:test!
[30Sep2026 04:23:21.399] [Render thread/WARN] [immersive_aircraft.Main/]: Non-quad face found in model: aviator_dream:test!
[30Sep2026 04:23:21.399] [Render thread/WARN] [immersive_aircraft.Main/]: Non-quad face found in model: aviator_dream:test!
[30Sep2026 04:23:21.399] [Render thread/WARN] [immersive_aircraft.Main/]: Non-quad face found in model: aviator_dream:test!
[30Sep2026 04:23:21.399] [Render thread/WARN] [immersive_aircraft.Main/]: Non-quad face found in model: aviator_dream:test!
[30Sep2026 04:23:21.399] [Render thread/WARN] [immersive_aircraft.Main/]: Non-quad face found in model: aviator_dream:test!
[30Sep2026 04:23:21.399] [Render thread/WARN] [immersive_aircraft.Main/]: Non-quad face found in model: aviator_dream:test!
[30Sep2026 04:23:21.399] [Render thread/WARN] [immersive_aircraft.Main/]: Non-quad face found in model: aviator_dream:test!
[30Sep2026 04:23:21.399] [Render thread/WARN] [immersive_aircraft.Main/]: Non-quad face found in model: aviator_dream:test!
[30Sep2026 04:23:21.399] [Render thread/WARN] [immersive_aircraft.Main/]: Non-quad face found in model: aviator_dream:test!
[30Sep2026 04:23:21.399] [Render thread/WARN] [immersive_aircraft.Main/]: Non-quad face found in model: aviator_dream:test!
[30Sep2026 04:23:21.399] [Render thread/WARN] [immersive_aircraft.Main/]: Non-quad face found in model: aviator_dream:test!
[30Sep2026 04:23:21.399] [Render thread/WARN] [immersive_aircraft.Main/]: Non-quad face found in model: aviator_dream:test!
[30Sep2026 04:23:21.399] [Render thread/WARN] [immersive_aircraft.Main/]: Non-quad face found in model: aviator_dream:test!
[30Sep2026 04:23:21.399] [Render thread/WARN] [immersive_aircraft.Main/]: Non-quad face found in model: aviator_dream:test!
[30Sep2026 04:23:21.399] [Render thread/WARN] [immersive_aircraft.Main/]: Non-quad face found in model: aviator_dream:test!
[30Sep2026 04:23:21.399] [Render thread/WARN] [immersive_aircraft.Main/]: Non-quad face found in model: aviator_dream:test!
[30Sep2026 04:23:21.399] [Render thread/WARN] [immersive_aircraft.Main/]: Non-quad face found in model: aviator_dream:test!
[30Sep2026 04:23:21.399] [Render thread/WARN] [immersive_aircraft.Main/]: Non-quad face found in model: aviator_dream:test!
[30Sep2026 04:23:21.399] [Render thread/WARN] [immersive_aircraft.Main/]: Non-quad face found in model: aviator_dream:test!
[30Sep2026 04:23:21.399] [Render thread/WARN] [immersive_aircraft.Main/]: Non-quad face found in model: aviator_dream:test!
[30Sep2026 04:23:21.399] [Render thread/WARN] [immersive_aircraft.Main/]: Non-quad face found in model: aviator_dream:test!
[30Sep2026 04:23:21.399] [Render thread/WARN] [immersive_aircraft.Main/]: Non-quad face found in model: aviator_dream:test!
[30Sep2026 04:23:21.400] [Render thread/WARN] [immersive_aircraft.Main/]: Non-quad face found in model: aviator_dream:test!
[30Sep2026 04:23:21.400] [Render thread/WARN] [immersive_aircraft.Main/]: Non-quad face found in model: aviator_dream:test!
[30Sep2026 04:23:21.400] [Render thread/WARN] [immersive_aircraft.Main/]: Non-quad face found in model: aviator_dream:test!
[30Sep2026 04:23:21.400] [Render thread/WARN] [immersive_aircraft.Main/]: Non-quad face found in model: aviator_dream:test!
[30Sep2026 04:23:21.400] [Render thread/WARN] [immersive_aircraft.Main/]: Non-quad face found in model: aviator_dream:test!
[30Sep2026 04:23:21.400] [Render thread/WARN] [immersive_aircraft.Main/]: Non-quad face found in model: aviator_dream:test!
[30Sep2026 04:23:21.400] [Render thread/WARN] [immersive_aircraft.Main/]: Non-quad face found in model: aviator_dream:test!
[30Sep2026 04:23:21.400] [Render thread/WARN] [immersive_aircraft.Main/]: Non-quad face found in model: aviator_dream:test!
[30Sep2026 04:23:21.400] [Render thread/WARN] [immersive_aircraft.Main/]: Non-quad face found in model: aviator_dream:test!
[30Sep2026 04:23:21.400] [Render thread/WARN] [immersive_aircraft.Main/]: Non-quad face found in model: aviator_dream:test!
[30Sep2026 04:23:21.400] [Render thread/WARN] [immersive_aircraft.Main/]: Non-quad face found in model: aviator_dream:test!
[30Sep2026 04:23:21.400] [Render thread/WARN] [immersive_aircraft.Main/]: Non-quad face found in model: aviator_dream:test!
[30Sep2026 04:23:21.400] [Render thread/WARN] [immersive_aircraft.Main/]: Non-quad face found in model: aviator_dream:test!
[30Sep2026 04:23:21.400] [Render thread/WARN] [immersive_aircraft.Main/]: Non-quad face found in model: aviator_dream:test!
[30Sep2026 04:23:21.400] [Render thread/WARN] [immersive_aircraft.Main/]: Non-quad face found in model: aviator_dream:test!
[30Sep2026 04:23:21.400] [Render thread/WARN] [immersive_aircraft.Main/]: Non-quad face found in model: aviator_dream:test!
[30Sep2026 04:23:21.400] [Render thread/WARN] [immersive_aircraft.Main/]: Non-quad face found in model: aviator_dream:test!
[30Sep2026 04:23:21.400] [Render thread/WARN] [immersive_aircraft.Main/]: Non-quad face found in model: aviator_dream:test!
[30Sep2026 04:23:21.400] [Render thread/WARN] [immersive_aircraft.Main/]: Non-quad face found in model: aviator_dream:test!
[30Sep2026 04:23:21.400] [Render thread/WARN] [immersive_aircraft.Main/]: Non-quad face found in model: aviator_dream:test!
[30Sep2026 04:23:21.400] [Render thread/WARN] [immersive_aircraft.Main/]: Non-quad face found in model: aviator_dream:test!
[30Sep2026 04:23:21.400] [Render thread/WARN] [immersive_aircraft.Main/]: Non-quad face found in model: aviator_dream:test!
[30Sep2026 04:23:21.400] [Render thread/WARN] [immersive_aircraft.Main/]: Non-quad face found in model: aviator_dream:test!
[30Sep2026 04:23:21.400] [Render thread/WARN] [immersive_aircraft.Main/]: Non-quad face found in model: aviator_dream:test!
[30Sep2026 04:23:21.400] [Render thread/WARN] [immersive_aircraft.Main/]: Non-quad face found in model: aviator_dream:test!
[30Sep2026 04:23:21.400] [Render thread/WARN] [immersive_aircraft.Main/]: Non-quad face found in model: aviator_dream:test!
[30Sep2026 04:23:21.400] [Render thread/WARN] [immersive_aircraft.Main/]: Non-quad face found in model: aviator_dream:test!
[30Sep2026 04:23:21.400] [Render thread/WARN] [immersive_aircraft.Main/]: Non-quad face found in model: aviator_dream:test!
[30Sep2026 04:23:21.400] [Render thread/WARN] [immersive_aircraft.Main/]: Non-quad face found in model: aviator_dream:test!
[30Sep2026 04:23:21.400] [Render thread/WARN] [immersive_aircraft.Main/]: Non-quad face found in model: aviator_dream:test!
[30Sep2026 04:23:21.400] [Render thread/WARN] [immersive_aircraft.Main/]: Non-quad face found in model: aviator_dream:test!
[30Sep2026 04:23:21.400] [Render thread/WARN] [immersive_aircraft.Main/]: Non-quad face found in model: aviator_dream:test!
[30Sep2026 04:23:21.400] [Render thread/WARN] [immersive_aircraft.Main/]: Non-quad face found in model: aviator_dream:test!
[30Sep2026 04:23:21.400] [Render thread/WARN] [immersive_aircraft.Main/]: Non-quad face found in model: aviator_dream:test!
[30Sep2026 04:23:21.400] [Render thread/WARN] [immersive_aircraft.Main/]: Non-quad face found in model: aviator_dream:test!
[30Sep2026 04:23:21.400] [Render thread/WARN] [immersive_aircraft.Main/]: Non-quad face found in model: aviator_dream:test!
[30Sep2026 04:23:21.400] [Render thread/WARN] [immersive_aircraft.Main/]: Non-quad face found in model: aviator_dream:test!
[30Sep2026 04:23:21.400] [Render thread/WARN] [immersive_aircraft.Main/]: Non-quad face found in model: aviator_dream:test!
[30Sep2026 04:23:21.400] [Render thread/WARN] [immersive_aircraft.Main/]: Non-quad face found in model: aviator_dream:test!
[30Sep2026 04:23:21.401] [Render thread/WARN] [immersive_aircraft.Main/]: Non-quad face found in model: aviator_dream:test!
[30Sep2026 04:23:21.401] [Render thread/WARN] [immersive_aircraft.Main/]: Non-quad face found in model: aviator_dream:test!
[30Sep2026 04:23:21.401] [Render thread/WARN] [immersive_aircraft.Main/]: Non-quad face found in model: aviator_dream:test!
[30Sep2026 04:23:21.401] [Render thread/WARN] [immersive_aircraft.Main/]: Non-quad face found in model: aviator_dream:test!
[30Sep2026 04:23:21.401] [Render thread/WARN] [immersive_aircraft.Main/]: Non-quad face found in model: aviator_dream:test!
[30Sep2026 04:23:21.401] [Render thread/WARN] [immersive_aircraft.Main/]: Non-quad face found in model: aviator_dream:test!
[30Sep2026 04:23:21.401] [Render thread/WARN] [immersive_aircraft.Main/]: Non-quad face found in model: aviator_dream:test!
[30Sep2026 04:23:21.401] [Render thread/WARN] [immersive_aircraft.Main/]: Non-quad face found in model: aviator_dream:test!
[30Sep2026 04:23:21.401] [Render thread/WARN] [immersive_aircraft.Main/]: Non-quad face found in model: aviator_dream:test!
[30Sep2026 04:23:21.401] [Render thread/WARN] [immersive_aircraft.Main/]: Non-quad face found in model: aviator_dream:test!
[30Sep2026 04:23:21.401] [Render thread/WARN] [immersive_aircraft.Main/]: Non-quad face found in model: aviator_dream:test!
[30Sep2026 04:23:21.401] [Render thread/WARN] [immersive_aircraft.Main/]: Non-quad face found in model: aviator_dream:test!
[30Sep2026 04:23:21.401] [Render thread/WARN] [immersive_aircraft.Main/]: Non-quad face found in model: aviator_dream:test!
[30Sep2026 04:23:21.401] [Render thread/WARN] [immersive_aircraft.Main/]: Non-quad face found in model: aviator_dream:test!
[30Sep2026 04:23:21.401] [Render thread/WARN] [immersive_aircraft.Main/]: Non-quad face found in model: aviator_dream:test!
[30Sep2026 04:23:21.402] [Render thread/WARN] [immersive_aircraft.Main/]: Non-quad face found in model: aviator_dream:test!
[30Sep2026 04:23:21.402] [Render thread/WARN] [immersive_aircraft.Main/]: Non-quad face found in model: aviator_dream:test!
[30Sep2026 04:23:21.402] [Render thread/WARN] [immersive_aircraft.Main/]: Non-quad face found in model: aviator_dream:test!
[30Sep2026 04:23:21.402] [Render thread/WARN] [immersive_aircraft.Main/]: Non-quad face found in model: aviator_dream:test!
[30Sep2026 04:23:21.402] [Render thread/WARN] [immersive_aircraft.Main/]: Non-quad face found in model: aviator_dream:test!
[30Sep2026 04:23:21.402] [Render thread/WARN] [immersive_aircraft.Main/]: Non-quad face found in model: aviator_dream:test!
[30Sep2026 04:23:21.402] [Render thread/WARN] [immersive_aircraft.Main/]: Non-quad face found in model: aviator_dream:test!
[30Sep2026 04:23:21.402] [Render thread/WARN] [immersive_aircraft.Main/]: Non-quad face found in model: aviator_dream:test!
[30Sep2026 04:23:21.402] [Render thread/WARN] [immersive_aircraft.Main/]: Non-quad face found in model: aviator_dream:test!
[30Sep2026 04:23:21.402] [Render thread/WARN] [immersive_aircraft.Main/]: Non-quad face found in model: aviator_dream:test!
[30Sep2026 04:23:21.402] [Render thread/WARN] [immersive_aircraft.Main/]: Non-quad face found in model: aviator_dream:test!
[30Sep2026 04:23:21.402] [Render thread/WARN] [immersive_aircraft.Main/]: Non-quad face found in model: aviator_dream:test!
[30Sep2026 04:23:21.402] [Render thread/WARN] [immersive_aircraft.Main/]: Non-quad face found in model: aviator_dream:test!
[30Sep2026 04:23:21.402] [Render thread/WARN] [immersive_aircraft.Main/]: Non-quad face found in model: aviator_dream:test!
[30Sep2026 04:23:21.402] [Render thread/WARN] [immersive_aircraft.Main/]: Non-quad face found in model: aviator_dream:test!
[30Sep2026 04:23:21.402] [Render thread/WARN] [immersive_aircraft.Main/]: Non-quad face found in model: aviator_dream:test!
[30Sep2026 04:23:21.402] [Render thread/WARN] [immersive_aircraft.Main/]: Non-quad face found in model: aviator_dream:test!
[30Sep2026 04:23:21.402] [Render thread/WARN] [immersive_aircraft.Main/]: Non-quad face found in model: aviator_dream:test!
[30Sep2026 04:23:21.402] [Render thread/WARN] [immersive_aircraft.Main/]: Non-quad face found in model: aviator_dream:test!
[30Sep2026 04:23:21.402] [Render thread/WARN] [immersive_aircraft.Main/]: Non-quad face found in model: aviator_dream:test!
[30Sep2026 04:23:21.402] [Render thread/WARN] [immersive_aircraft.Main/]: Non-quad face found in model: aviator_dream:test!
[30Sep2026 04:23:21.403] [Render thread/WARN] [immersive_aircraft.Main/]: Non-quad face found in model: aviator_dream:test!
[30Sep2026 04:23:21.403] [Render thread/WARN] [immersive_aircraft.Main/]: Non-quad face found in model: aviator_dream:test!
[30Sep2026 04:23:21.403] [Render thread/WARN] [immersive_aircraft.Main/]: Non-quad face found in model: aviator_dream:test!
[30Sep2026 04:23:21.403] [Render thread/WARN] [immersive_aircraft.Main/]: Non-quad face found in model: aviator_dream:test!
[30Sep2026 04:23:21.403] [Render thread/WARN] [immersive_aircraft.Main/]: Non-quad face found in model: aviator_dream:test!
[30Sep2026 04:23:21.403] [Render thread/WARN] [immersive_aircraft.Main/]: Non-quad face found in model: aviator_dream:test!
[30Sep2026 04:23:21.403] [Render thread/WARN] [immersive_aircraft.Main/]: Non-quad face found in model: aviator_dream:test!
[30Sep2026 04:23:21.403] [Render thread/WARN] [immersive_aircraft.Main/]: Non-quad face found in model: aviator_dream:test!
[30Sep2026 04:23:21.403] [Render thread/WARN] [immersive_aircraft.Main/]: Non-quad face found in model: aviator_dream:test!
[30Sep2026 04:23:21.403] [Render thread/WARN] [immersive_aircraft.Main/]: Non-quad face found in model: aviator_dream:test!
[30Sep2026 04:23:21.403] [Render thread/WARN] [immersive_aircraft.Main/]: Non-quad face found in model: aviator_dream:test!
[30Sep2026 04:23:21.403] [Render thread/WARN] [immersive_aircraft.Main/]: Non-quad face found in model: aviator_dream:test!
[30Sep2026 04:23:21.403] [Render thread/WARN] [immersive_aircraft.Main/]: Non-quad face found in model: aviator_dream:test!
[30Sep2026 04:23:21.403] [Render thread/WARN] [immersive_aircraft.Main/]: Non-quad face found in model: aviator_dream:test!
[30Sep2026 04:23:21.403] [Render thread/WARN] [immersive_aircraft.Main/]: Non-quad face found in model: aviator_dream:test!
[30Sep2026 04:23:21.403] [Render thread/WARN] [immersive_aircraft.Main/]: Non-quad face found in model: aviator_dream:test!
[30Sep2026 04:23:21.403] [Render thread/WARN] [immersive_aircraft.Main/]: Non-quad face found in model: aviator_dream:test!
[30Sep2026 04:23:21.403] [Render thread/WARN] [immersive_aircraft.Main/]: Non-quad face found in model: aviator_dream:test!
[30Sep2026 04:23:21.403] [Render thread/WARN] [immersive_aircraft.Main/]: Non-quad face found in model: aviator_dream:test!
[30Sep2026 04:23:21.403] [Render thread/WARN] [immersive_aircraft.Main/]: Non-quad face found in model: aviator_dream:test!
[30Sep2026 04:23:21.403] [Render thread/WARN] [immersive_aircraft.Main/]: Non-quad face found in model: aviator_dream:test!
[30Sep2026 04:23:21.404] [Render thread/WARN] [immersive_aircraft.Main/]: Non-quad face found in model: aviator_dream:test!
[30Sep2026 04:23:21.404] [Render thread/WARN] [immersive_aircraft.Main/]: Non-quad face found in model: aviator_dream:test!
[30Sep2026 04:23:21.404] [Render thread/WARN] [immersive_aircraft.Main/]: Non-quad face found in model: aviator_dream:test!
[30Sep2026 04:23:21.404] [Render thread/WARN] [immersive_aircraft.Main/]: Non-quad face found in model: aviator_dream:test!
[30Sep2026 04:23:21.404] [Render thread/WARN] [immersive_aircraft.Main/]: Non-quad face found in model: aviator_dream:test!
[30Sep2026 04:23:21.404] [Render thread/WARN] [immersive_aircraft.Main/]: Non-quad face found in model: aviator_dream:test!
[30Sep2026 04:23:21.405] [Render thread/WARN] [immersive_aircraft.Main/]: Non-quad face found in model: aviator_dream:test!
[30Sep2026 04:23:21.405] [Render thread/WARN] [immersive_aircraft.Main/]: Non-quad face found in model: aviator_dream:test!
[30Sep2026 04:23:21.405] [Render thread/WARN] [immersive_aircraft.Main/]: Non-quad face found in model: aviator_dream:test!
[30Sep2026 04:23:21.405] [Render thread/WARN] [immersive_aircraft.Main/]: Non-quad face found in model: aviator_dream:test!
[30Sep2026 04:23:21.405] [Render thread/WARN] [immersive_aircraft.Main/]: Non-quad face found in model: aviator_dream:test!
[30Sep2026 04:23:21.405] [Render thread/WARN] [immersive_aircraft.Main/]: Non-quad face found in model: aviator_dream:test!
[30Sep2026 04:23:21.405] [Render thread/WARN] [immersive_aircraft.Main/]: Non-quad face found in model: aviator_dream:test!
[30Sep2026 04:23:21.405] [Render thread/WARN] [immersive_aircraft.Main/]: Non-quad face found in model: aviator_dream:test!
[30Sep2026 04:23:21.405] [Render thread/WARN] [immersive_aircraft.Main/]: Non-quad face found in model: aviator_dream:test!
[30Sep2026 04:23:21.405] [Render thread/WARN] [immersive_aircraft.Main/]: Non-quad face found in model: aviator_dream:test!
[30Sep2026 04:23:21.405] [Render thread/WARN] [immersive_aircraft.Main/]: Non-quad face found in model: aviator_dream:test!
[30Sep2026 04:23:21.405] [Render thread/WARN] [immersive_aircraft.Main/]: Non-quad face found in model: aviator_dream:test!
[30Sep2026 04:23:21.405] [Render thread/WARN] [immersive_aircraft.Main/]: Non-quad face found in model: aviator_dream:test!
[30Sep2026 04:23:21.405] [Render thread/WARN] [immersive_aircraft.Main/]: Non-quad face found in model: aviator_dream:test!
[30Sep2026 04:23:21.405] [Render thread/WARN] [immersive_aircraft.Main/]: Non-quad face found in model: aviator_dream:test!
[30Sep2026 04:23:21.405] [Render thread/WARN] [immersive_aircraft.Main/]: Non-quad face found in model: aviator_dream:test!
[30Sep2026 04:23:21.405] [Render thread/WARN] [immersive_aircraft.Main/]: Non-quad face found in model: aviator_dream:test!
[30Sep2026 04:23:21.405] [Render thread/WARN] [immersive_aircraft.Main/]: Non-quad face found in model: aviator_dream:test!
[30Sep2026 04:23:21.405] [Render thread/WARN] [immersive_aircraft.Main/]: Non-quad face found in model: aviator_dream:test!
[30Sep2026 04:23:21.405] [Render thread/WARN] [immersive_aircraft.Main/]: Non-quad face found in model: aviator_dream:test!
[30Sep2026 04:23:21.405] [Render thread/WARN] [immersive_aircraft.Main/]: Non-quad face found in model: aviator_dream:test!
[30Sep2026 04:23:21.405] [Render thread/WARN] [immersive_aircraft.Main/]: Non-quad face found in model: aviator_dream:test!
[30Sep2026 04:23:21.406] [Render thread/WARN] [immersive_aircraft.Main/]: Non-quad face found in model: aviator_dream:test!
[30Sep2026 04:23:21.406] [Render thread/WARN] [immersive_aircraft.Main/]: Non-quad face found in model: aviator_dream:test!
[30Sep2026 04:23:21.406] [Render thread/WARN] [immersive_aircraft.Main/]: Non-quad face found in model: aviator_dream:test!
[30Sep2026 04:23:21.406] [Render thread/WARN] [immersive_aircraft.Main/]: Non-quad face found in model: aviator_dream:test!
[30Sep2026 04:23:21.406] [Render thread/WARN] [immersive_aircraft.Main/]: Non-quad face found in model: aviator_dream:test!
[30Sep2026 04:23:21.406] [Render thread/WARN] [immersive_aircraft.Main/]: Non-quad face found in model: aviator_dream:test!
[30Sep2026 04:23:21.406] [Render thread/WARN] [immersive_aircraft.Main/]: Non-quad face found in model: aviator_dream:test!
[30Sep2026 04:23:21.406] [Render thread/WARN] [immersive_aircraft.Main/]: Non-quad face found in model: aviator_dream:test!
[30Sep2026 04:23:21.406] [Render thread/WARN] [immersive_aircraft.Main/]: Non-quad face found in model: aviator_dream:test!
[30Sep2026 04:23:21.406] [Render thread/WARN] [immersive_aircraft.Main/]: Non-quad face found in model: aviator_dream:test!
[30Sep2026 04:23:21.406] [Render thread/WARN] [immersive_aircraft.Main/]: Non-quad face found in model: aviator_dream:test!
[30Sep2026 04:23:21.406] [Render thread/WARN] [immersive_aircraft.Main/]: Non-quad face found in model: aviator_dream:test!
[30Sep2026 04:23:21.406] [Render thread/WARN] [immersive_aircraft.Main/]: Non-quad face found in model: aviator_dream:test!
[30Sep2026 04:23:21.406] [Render thread/WARN] [immersive_aircraft.Main/]: Non-quad face found in model: aviator_dream:test!
[30Sep2026 04:23:21.406] [Render thread/WARN] [immersive_aircraft.Main/]: Non-quad face found in model: aviator_dream:test!
[30Sep2026 04:23:21.406] [Render thread/WARN] [immersive_aircraft.Main/]: Non-quad face found in model: aviator_dream:test!
[30Sep2026 04:23:21.406] [Render thread/WARN] [immersive_aircraft.Main/]: Non-quad face found in model: aviator_dream:test!
[30Sep2026 04:23:21.406] [Render thread/WARN] [immersive_aircraft.Main/]: Non-quad face found in model: aviator_dream:test!
[30Sep2026 04:23:21.406] [Render thread/WARN] [immersive_aircraft.Main/]: Non-quad face found in model: aviator_dream:test!
[30Sep2026 04:23:21.406] [Render thread/WARN] [immersive_aircraft.Main/]: Non-quad face found in model: aviator_dream:test!
[30Sep2026 04:23:21.406] [Render thread/WARN] [immersive_aircraft.Main/]: Non-quad face found in model: aviator_dream:test!
[30Sep2026 04:23:21.406] [Render thread/WARN] [immersive_aircraft.Main/]: Non-quad face found in model: aviator_dream:test!
[30Sep2026 04:23:21.406] [Render thread/WARN] [immersive_aircraft.Main/]: Non-quad face found in model: aviator_dream:test!
[30Sep2026 04:23:21.406] [Render thread/WARN] [immersive_aircraft.Main/]: Non-quad face found in model: aviator_dream:test!
[30Sep2026 04:23:21.406] [Render thread/WARN] [immersive_aircraft.Main/]: Non-quad face found in model: aviator_dream:test!
[30Sep2026 04:23:21.406] [Render thread/WARN] [immersive_aircraft.Main/]: Non-quad face found in model: aviator_dream:test!
[30Sep2026 04:23:21.406] [Render thread/WARN] [immersive_aircraft.Main/]: Non-quad face found in model: aviator_dream:test!
[30Sep2026 04:23:21.406] [Render thread/WARN] [immersive_aircraft.Main/]: Non-quad face found in model: aviator_dream:test!
[30Sep2026 04:23:21.406] [Render thread/WARN] [immersive_aircraft.Main/]: Non-quad face found in model: aviator_dream:test!
[30Sep2026 04:23:21.406] [Render thread/WARN] [immersive_aircraft.Main/]: Non-quad face found in model: aviator_dream:test!
[30Sep2026 04:23:21.406] [Render thread/WARN] [immersive_aircraft.Main/]: Non-quad face found in model: aviator_dream:test!
[30Sep2026 04:23:21.406] [Render thread/WARN] [immersive_aircraft.Main/]: Non-quad face found in model: aviator_dream:test!
[30Sep2026 04:23:21.406] [Render thread/WARN] [immersive_aircraft.Main/]: Non-quad face found in model: aviator_dream:test!
[30Sep2026 04:23:21.406] [Render thread/WARN] [immersive_aircraft.Main/]: Non-quad face found in model: aviator_dream:test!
[30Sep2026 04:23:21.407] [Render thread/WARN] [immersive_aircraft.Main/]: Non-quad face found in model: aviator_dream:test!
[30Sep2026 04:23:21.407] [Render thread/WARN] [immersive_aircraft.Main/]: Non-quad face found in model: aviator_dream:test!
[30Sep2026 04:23:21.407] [Render thread/WARN] [immersive_aircraft.Main/]: Non-quad face found in model: aviator_dream:test!
[30Sep2026 04:23:21.407] [Render thread/WARN] [immersive_aircraft.Main/]: Non-quad face found in model: aviator_dream:test!
[30Sep2026 04:23:21.407] [Render thread/WARN] [immersive_aircraft.Main/]: Non-quad face found in model: aviator_dream:test!
[30Sep2026 04:23:21.407] [Render thread/WARN] [immersive_aircraft.Main/]: Non-quad face found in model: aviator_dream:test!
[30Sep2026 04:23:21.407] [Render thread/WARN] [immersive_aircraft.Main/]: Non-quad face found in model: aviator_dream:test!
[30Sep2026 04:23:21.407] [Render thread/WARN] [immersive_aircraft.Main/]: Non-quad face found in model: aviator_dream:test!
[30Sep2026 04:23:21.407] [Render thread/WARN] [immersive_aircraft.Main/]: Non-quad face found in model: aviator_dream:test!
[30Sep2026 04:23:21.407] [Render thread/WARN] [immersive_aircraft.Main/]: Non-quad face found in model: aviator_dream:test!
[30Sep2026 04:23:21.407] [Render thread/WARN] [immersive_aircraft.Main/]: Non-quad face found in model: aviator_dream:test!
[30Sep2026 04:23:21.407] [Render thread/WARN] [immersive_aircraft.Main/]: Non-quad face found in model: aviator_dream:test!
[30Sep2026 04:23:21.407] [Render thread/WARN] [immersive_aircraft.Main/]: Non-quad face found in model: aviator_dream:test!
[30Sep2026 04:23:21.407] [Render thread/WARN] [immersive_aircraft.Main/]: Non-quad face found in model: aviator_dream:test!
[30Sep2026 04:23:21.407] [Render thread/WARN] [immersive_aircraft.Main/]: Non-quad face found in model: aviator_dream:test!
[30Sep2026 04:23:21.407] [Render thread/WARN] [immersive_aircraft.Main/]: Non-quad face found in model: aviator_dream:test!
[30Sep2026 04:23:21.407] [Render thread/WARN] [immersive_aircraft.Main/]: Non-quad face found in model: aviator_dream:test!
[30Sep2026 04:23:21.407] [Render thread/WARN] [immersive_aircraft.Main/]: Non-quad face found in model: aviator_dream:test!
[30Sep2026 04:23:21.407] [Render thread/WARN] [immersive_aircraft.Main/]: Non-quad face found in model: aviator_dream:test!
[30Sep2026 04:23:21.407] [Render thread/WARN] [immersive_aircraft.Main/]: Non-quad face found in model: aviator_dream:test!
[30Sep2026 04:23:21.407] [Render thread/WARN] [immersive_aircraft.Main/]: Non-quad face found in model: aviator_dream:test!
[30Sep2026 04:23:21.407] [Render thread/WARN] [immersive_aircraft.Main/]: Non-quad face found in model: aviator_dream:test!
[30Sep2026 04:23:21.407] [Render thread/WARN] [immersive_aircraft.Main/]: Non-quad face found in model: aviator_dream:test!
[30Sep2026 04:23:21.408] [Render thread/WARN] [immersive_aircraft.Main/]: Non-quad face found in model: aviator_dream:test!
[30Sep2026 04:23:21.408] [Render thread/WARN] [immersive_aircraft.Main/]: Non-quad face found in model: aviator_dream:test!
[30Sep2026 04:23:21.408] [Render thread/WARN] [immersive_aircraft.Main/]: Non-quad face found in model: aviator_dream:test!
[30Sep2026 04:23:21.408] [Render thread/WARN] [immersive_aircraft.Main/]: Non-quad face found in model: aviator_dream:test!
[30Sep2026 04:23:21.408] [Render thread/WARN] [immersive_aircraft.Main/]: Non-quad face found in model: aviator_dream:test!
[30Sep2026 04:23:21.408] [Render thread/WARN] [immersive_aircraft.Main/]: Non-quad face found in model: aviator_dream:test!
[30Sep2026 04:23:21.408] [Render thread/WARN] [immersive_aircraft.Main/]: Non-quad face found in model: aviator_dream:test!
[30Sep2026 04:23:21.408] [Render thread/WARN] [immersive_aircraft.Main/]: Non-quad face found in model: aviator_dream:test!
[30Sep2026 04:23:21.408] [Render thread/WARN] [immersive_aircraft.Main/]: Non-quad face found in model: aviator_dream:test!
[30Sep2026 04:23:21.408] [Render thread/WARN] [immersive_aircraft.Main/]: Non-quad face found in model: aviator_dream:test!
[30Sep2026 04:23:21.408] [Render thread/WARN] [immersive_aircraft.Main/]: Non-quad face found in model: aviator_dream:test!
[30Sep2026 04:23:21.408] [Render thread/WARN] [immersive_aircraft.Main/]: Non-quad face found in model: aviator_dream:test!
[30Sep2026 04:23:21.408] [Render thread/WARN] [immersive_aircraft.Main/]: Non-quad face found in model: aviator_dream:test!
[30Sep2026 04:23:21.408] [Render thread/WARN] [immersive_aircraft.Main/]: Non-quad face found in model: aviator_dream:test!
[30Sep2026 04:23:21.408] [Render thread/WARN] [immersive_aircraft.Main/]: Non-quad face found in model: aviator_dream:test!
[30Sep2026 04:23:21.408] [Render thread/WARN] [immersive_aircraft.Main/]: Non-quad face found in model: aviator_dream:test!
[30Sep2026 04:23:21.408] [Render thread/WARN] [immersive_aircraft.Main/]: Non-quad face found in model: aviator_dream:test!
[30Sep2026 04:23:21.408] [Render thread/WARN] [immersive_aircraft.Main/]: Non-quad face found in model: aviator_dream:test!
[30Sep2026 04:23:21.408] [Render thread/WARN] [immersive_aircraft.Main/]: Non-quad face found in model: aviator_dream:test!
[30Sep2026 04:23:21.408] [Render thread/WARN] [immersive_aircraft.Main/]: Non-quad face found in model: aviator_dream:test!
[30Sep2026 04:23:21.408] [Render thread/WARN] [immersive_aircraft.Main/]: Non-quad face found in model: aviator_dream:test!
[30Sep2026 04:23:21.408] [Render thread/WARN] [immersive_aircraft.Main/]: Non-quad face found in model: aviator_dream:test!
[30Sep2026 04:23:21.408] [Render thread/WARN] [immersive_aircraft.Main/]: Non-quad face found in model: aviator_dream:test!
[30Sep2026 04:23:21.408] [Render thread/WARN] [immersive_aircraft.Main/]: Non-quad face found in model: aviator_dream:test!
[30Sep2026 04:23:21.408] [Render thread/WARN] [immersive_aircraft.Main/]: Non-quad face found in model: aviator_dream:test!
[30Sep2026 04:23:21.408] [Render thread/WARN] [immersive_aircraft.Main/]: Non-quad face found in model: aviator_dream:test!
[30Sep2026 04:23:21.409] [Render thread/WARN] [immersive_aircraft.Main/]: Non-quad face found in model: aviator_dream:test!
[30Sep2026 04:23:21.409] [Render thread/WARN] [immersive_aircraft.Main/]: Non-quad face found in model: aviator_dream:test!
[30Sep2026 04:23:21.409] [Render thread/WARN] [immersive_aircraft.Main/]: Non-quad face found in model: aviator_dream:test!
[30Sep2026 04:23:21.409] [Render thread/WARN] [immersive_aircraft.Main/]: Non-quad face found in model: aviator_dream:test!
[30Sep2026 04:23:21.409] [Render thread/WARN] [immersive_aircraft.Main/]: Non-quad face found in model: aviator_dream:test!
[30Sep2026 04:23:21.409] [Render thread/WARN] [immersive_aircraft.Main/]: Non-quad face found in model: aviator_dream:test!
[30Sep2026 04:23:21.409] [Render thread/WARN] [immersive_aircraft.Main/]: Non-quad face found in model: aviator_dream:test!
[30Sep2026 04:23:21.409] [Render thread/WARN] [immersive_aircraft.Main/]: Non-quad face found in model: aviator_dream:test!
[30Sep2026 04:23:21.409] [Render thread/WARN] [immersive_aircraft.Main/]: Non-quad face found in model: aviator_dream:test!
[30Sep2026 04:23:21.409] [Render thread/WARN] [immersive_aircraft.Main/]: Non-quad face found in model: aviator_dream:test!
[30Sep2026 04:23:21.409] [Render thread/WARN] [immersive_aircraft.Main/]: Non-quad face found in model: aviator_dream:test!
[30Sep2026 04:23:21.409] [Render thread/WARN] [immersive_aircraft.Main/]: Non-quad face found in model: aviator_dream:test!
[30Sep2026 04:23:21.409] [Render thread/WARN] [immersive_aircraft.Main/]: Non-quad face found in model: aviator_dream:test!
[30Sep2026 04:23:21.409] [Render thread/WARN] [immersive_aircraft.Main/]: Non-quad face found in model: aviator_dream:test!
[30Sep2026 04:23:21.409] [Render thread/WARN] [immersive_aircraft.Main/]: Non-quad face found in model: aviator_dream:test!
[30Sep2026 04:23:21.409] [Render thread/WARN] [immersive_aircraft.Main/]: Non-quad face found in model: aviator_dream:test!
[30Sep2026 04:23:21.409] [Render thread/WARN] [immersive_aircraft.Main/]: Non-quad face found in model: aviator_dream:test!
[30Sep2026 04:23:21.409] [Render thread/WARN] [immersive_aircraft.Main/]: Non-quad face found in model: aviator_dream:test!
[30Sep2026 04:23:21.409] [Render thread/WARN] [immersive_aircraft.Main/]: Non-quad face found in model: aviator_dream:test!
[30Sep2026 04:23:21.409] [Render thread/WARN] [immersive_aircraft.Main/]: Non-quad face found in model: aviator_dream:test!
[30Sep2026 04:23:21.409] [Render thread/WARN] [immersive_aircraft.Main/]: Non-quad face found in model: aviator_dream:test!
[30Sep2026 04:23:21.409] [Render thread/WARN] [immersive_aircraft.Main/]: Non-quad face found in model: aviator_dream:test!
[30Sep2026 04:23:21.409] [Render thread/WARN] [immersive_aircraft.Main/]: Non-quad face found in model: aviator_dream:test!
[30Sep2026 04:23:21.409] [Render thread/WARN] [immersive_aircraft.Main/]: Non-quad face found in model: aviator_dream:test!
[30Sep2026 04:23:21.409] [Render thread/WARN] [immersive_aircraft.Main/]: Non-quad face found in model: aviator_dream:test!
[30Sep2026 04:23:21.409] [Render thread/WARN] [immersive_aircraft.Main/]: Non-quad face found in model: aviator_dream:test!
[30Sep2026 04:23:21.409] [Render thread/WARN] [immersive_aircraft.Main/]: Non-quad face found in model: aviator_dream:test!
[30Sep2026 04:23:21.409] [Render thread/WARN] [immersive_aircraft.Main/]: Non-quad face found in model: aviator_dream:test!
[30Sep2026 04:23:21.409] [Render thread/WARN] [immersive_aircraft.Main/]: Non-quad face found in model: aviator_dream:test!
[30Sep2026 04:23:21.409] [Render thread/WARN] [immersive_aircraft.Main/]: Non-quad face found in model: aviator_dream:test!
[30Sep2026 04:23:21.409] [Render thread/WARN] [immersive_aircraft.Main/]: Non-quad face found in model: aviator_dream:test!
[30Sep2026 04:23:21.409] [Render thread/WARN] [immersive_aircraft.Main/]: Non-quad face found in model: aviator_dream:test!
[30Sep2026 04:23:21.409] [Render thread/WARN] [immersive_aircraft.Main/]: Non-quad face found in model: aviator_dream:test!
[30Sep2026 04:23:21.409] [Render thread/WARN] [immersive_aircraft.Main/]: Non-quad face found in model: aviator_dream:test!
[30Sep2026 04:23:21.409] [Render thread/WARN] [immersive_aircraft.Main/]: Non-quad face found in model: aviator_dream:test!
[30Sep2026 04:23:21.410] [Render thread/WARN] [immersive_aircraft.Main/]: Non-quad face found in model: aviator_dream:test!
[30Sep2026 04:23:21.410] [Render thread/WARN] [immersive_aircraft.Main/]: Non-quad face found in model: aviator_dream:test!
[30Sep2026 04:23:21.410] [Render thread/WARN] [immersive_aircraft.Main/]: Non-quad face found in model: aviator_dream:test!
[30Sep2026 04:23:21.410] [Render thread/WARN] [immersive_aircraft.Main/]: Non-quad face found in model: aviator_dream:test!
[30Sep2026 04:23:21.410] [Render thread/WARN] [immersive_aircraft.Main/]: Non-quad face found in model: aviator_dream:test!
[30Sep2026 04:23:21.410] [Render thread/WARN] [immersive_aircraft.Main/]: Non-quad face found in model: aviator_dream:test!
[30Sep2026 04:23:21.410] [Render thread/WARN] [immersive_aircraft.Main/]: Non-quad face found in model: aviator_dream:test!
[30Sep2026 04:23:21.410] [Render thread/WARN] [immersive_aircraft.Main/]: Non-quad face found in model: aviator_dream:test!
[30Sep2026 04:23:21.410] [Render thread/WARN] [immersive_aircraft.Main/]: Non-quad face found in model: aviator_dream:test!
[30Sep2026 04:23:21.410] [Render thread/WARN] [immersive_aircraft.Main/]: Non-quad face found in model: aviator_dream:test!
[30Sep2026 04:23:21.410] [Render thread/WARN] [immersive_aircraft.Main/]: Non-quad face found in model: aviator_dream:test!
[30Sep2026 04:23:21.410] [Render thread/WARN] [immersive_aircraft.Main/]: Non-quad face found in model: aviator_dream:test!
[30Sep2026 04:23:21.410] [Render thread/WARN] [immersive_aircraft.Main/]: Non-quad face found in model: aviator_dream:test!
[30Sep2026 04:23:21.410] [Render thread/WARN] [immersive_aircraft.Main/]: Non-quad face found in model: aviator_dream:test!
[30Sep2026 04:23:21.410] [Render thread/WARN] [immersive_aircraft.Main/]: Non-quad face found in model: aviator_dream:test!
[30Sep2026 04:23:21.410] [Render thread/WARN] [immersive_aircraft.Main/]: Non-quad face found in model: aviator_dream:test!
[30Sep2026 04:23:21.410] [Render thread/WARN] [immersive_aircraft.Main/]: Non-quad face found in model: aviator_dream:test!
[30Sep2026 04:23:21.410] [Render thread/WARN] [immersive_aircraft.Main/]: Non-quad face found in model: aviator_dream:test!
[30Sep2026 04:23:21.410] [Render thread/WARN] [immersive_aircraft.Main/]: Non-quad face found in model: aviator_dream:test!
[30Sep2026 04:23:21.410] [Render thread/WARN] [immersive_aircraft.Main/]: Non-quad face found in model: aviator_dream:test!
[30Sep2026 04:23:21.410] [Render thread/WARN] [immersive_aircraft.Main/]: Non-quad face found in model: aviator_dream:test!
[30Sep2026 04:23:21.410] [Render thread/WARN] [immersive_aircraft.Main/]: Non-quad face found in model: aviator_dream:test!
[30Sep2026 04:23:21.410] [Render thread/WARN] [immersive_aircraft.Main/]: Non-quad face found in model: aviator_dream:test!
[30Sep2026 04:23:21.410] [Render thread/WARN] [immersive_aircraft.Main/]: Non-quad face found in model: aviator_dream:test!
[30Sep2026 04:23:21.410] [Render thread/WARN] [immersive_aircraft.Main/]: Non-quad face found in model: aviator_dream:test!
[30Sep2026 04:23:21.410] [Render thread/WARN] [immersive_aircraft.Main/]: Non-quad face found in model: aviator_dream:test!
[30Sep2026 04:23:21.410] [Render thread/WARN] [immersive_aircraft.Main/]: Non-quad face found in model: aviator_dream:test!
[30Sep2026 04:23:21.411] [Render thread/WARN] [immersive_aircraft.Main/]: Non-quad face found in model: aviator_dream:test!
[30Sep2026 04:23:21.411] [Render thread/WARN] [immersive_aircraft.Main/]: Non-quad face found in model: aviator_dream:test!
[30Sep2026 04:23:21.411] [Render thread/WARN] [immersive_aircraft.Main/]: Non-quad face found in model: aviator_dream:test!
[30Sep2026 04:23:21.411] [Render thread/WARN] [immersive_aircraft.Main/]: Non-quad face found in model: aviator_dream:test!
[30Sep2026 04:23:21.411] [Render thread/WARN] [immersive_aircraft.Main/]: Non-quad face found in model: aviator_dream:test!
[30Sep2026 04:23:21.411] [Render thread/WARN] [immersive_aircraft.Main/]: Non-quad face found in model: aviator_dream:test!
[30Sep2026 04:23:21.411] [Render thread/WARN] [immersive_aircraft.Main/]: Non-quad face found in model: aviator_dream:test!
[30Sep2026 04:23:21.411] [Render thread/WARN] [immersive_aircraft.Main/]: Non-quad face found in model: aviator_dream:test!
[30Sep2026 04:23:21.411] [Render thread/WARN] [immersive_aircraft.Main/]: Non-quad face found in model: aviator_dream:test!
[30Sep2026 04:23:21.411] [Render thread/WARN] [immersive_aircraft.Main/]: Non-quad face found in model: aviator_dream:test!
[30Sep2026 04:23:21.411] [Render thread/WARN] [immersive_aircraft.Main/]: Non-quad face found in model: aviator_dream:test!
[30Sep2026 04:23:21.411] [Render thread/WARN] [immersive_aircraft.Main/]: Non-quad face found in model: aviator_dream:test!
[30Sep2026 04:23:21.411] [Render thread/WARN] [immersive_aircraft.Main/]: Non-quad face found in model: aviator_dream:test!
[30Sep2026 04:23:21.411] [Render thread/WARN] [immersive_aircraft.Main/]: Non-quad face found in model: aviator_dream:test!
[30Sep2026 04:23:21.411] [Render thread/WARN] [immersive_aircraft.Main/]: Non-quad face found in model: aviator_dream:test!
[30Sep2026 04:23:21.411] [Render thread/WARN] [immersive_aircraft.Main/]: Non-quad face found in model: aviator_dream:test!
[30Sep2026 04:23:21.411] [Render thread/WARN] [immersive_aircraft.Main/]: Non-quad face found in model: aviator_dream:test!
[30Sep2026 04:23:21.411] [Render thread/WARN] [immersive_aircraft.Main/]: Non-quad face found in model: aviator_dream:test!
[30Sep2026 04:23:21.411] [Render thread/WARN] [immersive_aircraft.Main/]: Non-quad face found in model: aviator_dream:test!
[30Sep2026 04:23:21.411] [Render thread/WARN] [immersive_aircraft.Main/]: Non-quad face found in model: aviator_dream:test!
[30Sep2026 04:23:21.411] [Render thread/WARN] [immersive_aircraft.Main/]: Non-quad face found in model: aviator_dream:test!
[30Sep2026 04:23:21.411] [Render thread/WARN] [immersive_aircraft.Main/]: Non-quad face found in model: aviator_dream:test!
[30Sep2026 04:23:21.411] [Render thread/WARN] [immersive_aircraft.Main/]: Non-quad face found in model: aviator_dream:test!
[30Sep2026 04:23:21.411] [Render thread/WARN] [immersive_aircraft.Main/]: Non-quad face found in model: aviator_dream:test!
[30Sep2026 04:23:21.411] [Render thread/WARN] [immersive_aircraft.Main/]: Non-quad face found in model: aviator_dream:test!
[30Sep2026 04:23:21.411] [Render thread/WARN] [immersive_aircraft.Main/]: Non-quad face found in model: aviator_dream:test!
[30Sep2026 04:23:21.411] [Render thread/WARN] [immersive_aircraft.Main/]: Non-quad face found in model: aviator_dream:test!
[30Sep2026 04:23:21.411] [Render thread/WARN] [immersive_aircraft.Main/]: Non-quad face found in model: aviator_dream:test!
[30Sep2026 04:23:21.411] [Render thread/WARN] [immersive_aircraft.Main/]: Non-quad face found in model: aviator_dream:test!
[30Sep2026 04:23:21.411] [Render thread/WARN] [immersive_aircraft.Main/]: Non-quad face found in model: aviator_dream:test!
[30Sep2026 04:23:21.411] [Render thread/WARN] [immersive_aircraft.Main/]: Non-quad face found in model: aviator_dream:test!
[30Sep2026 04:23:21.411] [Render thread/WARN] [immersive_aircraft.Main/]: Non-quad face found in model: aviator_dream:test!
[30Sep2026 04:23:21.411] [Render thread/WARN] [immersive_aircraft.Main/]: Non-quad face found in model: aviator_dream:test!
[30Sep2026 04:23:21.412] [Render thread/WARN] [immersive_aircraft.Main/]: Non-quad face found in model: aviator_dream:test!
[30Sep2026 04:23:21.412] [Render thread/WARN] [immersive_aircraft.Main/]: Non-quad face found in model: aviator_dream:test!
[30Sep2026 04:23:21.412] [Render thread/WARN] [immersive_aircraft.Main/]: Non-quad face found in model: aviator_dream:test!
[30Sep2026 04:23:21.412] [Render thread/WARN] [immersive_aircraft.Main/]: Non-quad face found in model: aviator_dream:test!
[30Sep2026 04:23:21.412] [Render thread/WARN] [immersive_aircraft.Main/]: Non-quad face found in model: aviator_dream:test!
[30Sep2026 04:23:21.412] [Render thread/WARN] [immersive_aircraft.Main/]: Non-quad face found in model: aviator_dream:test!
[30Sep2026 04:23:21.412] [Render thread/WARN] [immersive_aircraft.Main/]: Non-quad face found in model: aviator_dream:test!
[30Sep2026 04:23:21.412] [Render thread/WARN] [immersive_aircraft.Main/]: Non-quad face found in model: aviator_dream:test!
[30Sep2026 04:23:21.412] [Render thread/WARN] [immersive_aircraft.Main/]: Non-quad face found in model: aviator_dream:test!
[30Sep2026 04:23:21.412] [Render thread/WARN] [immersive_aircraft.Main/]: Non-quad face found in model: aviator_dream:test!
[30Sep2026 04:23:21.412] [Render thread/WARN] [immersive_aircraft.Main/]: Non-quad face found in model: aviator_dream:test!
[30Sep2026 04:23:21.412] [Render thread/WARN] [immersive_aircraft.Main/]: Non-quad face found in model: aviator_dream:test!
[30Sep2026 04:23:21.412] [Render thread/WARN] [immersive_aircraft.Main/]: Non-quad face found in model: aviator_dream:test!
[30Sep2026 04:23:21.412] [Render thread/WARN] [immersive_aircraft.Main/]: Non-quad face found in model: aviator_dream:test!
[30Sep2026 04:23:21.412] [Render thread/WARN] [immersive_aircraft.Main/]: Non-quad face found in model: aviator_dream:test!
[30Sep2026 04:23:21.412] [Render thread/WARN] [immersive_aircraft.Main/]: Non-quad face found in model: aviator_dream:test!
[30Sep2026 04:23:21.412] [Render thread/WARN] [immersive_aircraft.Main/]: Non-quad face found in model: aviator_dream:test!
[30Sep2026 04:23:21.412] [Render thread/WARN] [immersive_aircraft.Main/]: Non-quad face found in model: aviator_dream:test!
[30Sep2026 04:23:21.412] [Render thread/WARN] [immersive_aircraft.Main/]: Non-quad face found in model: aviator_dream:test!
[30Sep2026 04:23:21.412] [Render thread/WARN] [immersive_aircraft.Main/]: Non-quad face found in model: aviator_dream:test!
[30Sep2026 04:23:21.412] [Render thread/WARN] [immersive_aircraft.Main/]: Non-quad face found in model: aviator_dream:test!
[30Sep2026 04:23:21.412] [Render thread/WARN] [immersive_aircraft.Main/]: Non-quad face found in model: aviator_dream:test!
[30Sep2026 04:23:21.412] [Render thread/WARN] [immersive_aircraft.Main/]: Non-quad face found in model: aviator_dream:test!
[30Sep2026 04:23:21.412] [Render thread/WARN] [immersive_aircraft.Main/]: Non-quad face found in model: aviator_dream:test!
[30Sep2026 04:23:21.412] [Render thread/WARN] [immersive_aircraft.Main/]: Non-quad face found in model: aviator_dream:test!
[30Sep2026 04:23:21.412] [Render thread/WARN] [immersive_aircraft.Main/]: Non-quad face found in model: aviator_dream:test!
[30Sep2026 04:23:21.412] [Render thread/WARN] [immersive_aircraft.Main/]: Non-quad face found in model: aviator_dream:test!
[30Sep2026 04:23:21.412] [Render thread/WARN] [immersive_aircraft.Main/]: Non-quad face found in model: aviator_dream:test!
[30Sep2026 04:23:21.412] [Render thread/WARN] [immersive_aircraft.Main/]: Non-quad face found in model: aviator_dream:test!
[30Sep2026 04:23:21.412] [Render thread/WARN] [immersive_aircraft.Main/]: Non-quad face found in model: aviator_dream:test!
[30Sep2026 04:23:21.412] [Render thread/WARN] [immersive_aircraft.Main/]: Non-quad face found in model: aviator_dream:test!
[30Sep2026 04:23:21.412] [Render thread/WARN] [immersive_aircraft.Main/]: Non-quad face found in model: aviator_dream:test!
[30Sep2026 04:23:21.412] [Render thread/WARN] [immersive_aircraft.Main/]: Non-quad face found in model: aviator_dream:test!
[30Sep2026 04:23:21.412] [Render thread/WARN] [immersive_aircraft.Main/]: Non-quad face found in model: aviator_dream:test!
[30Sep2026 04:23:21.412] [Render thread/WARN] [immersive_aircraft.Main/]: Non-quad face found in model: aviator_dream:test!
[30Sep2026 04:23:21.412] [Render thread/WARN] [immersive_aircraft.Main/]: Non-quad face found in model: aviator_dream:test!
[30Sep2026 04:23:21.413] [Render thread/WARN] [immersive_aircraft.Main/]: Non-quad face found in model: aviator_dream:test!
[30Sep2026 04:23:21.413] [Render thread/WARN] [immersive_aircraft.Main/]: Non-quad face found in model: aviator_dream:test!
[30Sep2026 04:23:21.413] [Render thread/WARN] [immersive_aircraft.Main/]: Non-quad face found in model: aviator_dream:test!
[30Sep2026 04:23:21.413] [Render thread/WARN] [immersive_aircraft.Main/]: Non-quad face found in model: aviator_dream:test!
[30Sep2026 04:23:21.413] [Render thread/WARN] [immersive_aircraft.Main/]: Non-quad face found in model: aviator_dream:test!
[30Sep2026 04:23:21.413] [Render thread/WARN] [immersive_aircraft.Main/]: Non-quad face found in model: aviator_dream:test!
[30Sep2026 04:23:21.413] [Render thread/WARN] [immersive_aircraft.Main/]: Non-quad face found in model: aviator_dream:test!
[30Sep2026 04:23:21.413] [Render thread/WARN] [immersive_aircraft.Main/]: Non-quad face found in model: aviator_dream:test!
[30Sep2026 04:23:21.413] [Render thread/WARN] [immersive_aircraft.Main/]: Non-quad face found in model: aviator_dream:test!
[30Sep2026 04:23:21.413] [Render thread/WARN] [immersive_aircraft.Main/]: Non-quad face found in model: aviator_dream:test!
[30Sep2026 04:23:21.413] [Render thread/WARN] [immersive_aircraft.Main/]: Non-quad face found in model: aviator_dream:test!
[30Sep2026 04:23:21.413] [Render thread/WARN] [immersive_aircraft.Main/]: Non-quad face found in model: aviator_dream:test!
[30Sep2026 04:23:21.413] [Render thread/WARN] [immersive_aircraft.Main/]: Non-quad face found in model: aviator_dream:test!
[30Sep2026 04:23:21.413] [Render thread/WARN] [immersive_aircraft.Main/]: Non-quad face found in model: aviator_dream:test!
[30Sep2026 04:23:21.413] [Render thread/WARN] [immersive_aircraft.Main/]: Non-quad face found in model: aviator_dream:test!
[30Sep2026 04:23:21.413] [Render thread/WARN] [immersive_aircraft.Main/]: Non-quad face found in model: aviator_dream:test!
[30Sep2026 04:23:21.413] [Render thread/WARN] [immersive_aircraft.Main/]: Non-quad face found in model: aviator_dream:test!
[30Sep2026 04:23:21.413] [Render thread/WARN] [immersive_aircraft.Main/]: Non-quad face found in model: aviator_dream:test!
[30Sep2026 04:23:21.413] [Render thread/WARN] [immersive_aircraft.Main/]: Non-quad face found in model: aviator_dream:test!
[30Sep2026 04:23:21.413] [Render thread/WARN] [immersive_aircraft.Main/]: Non-quad face found in model: aviator_dream:test!
[30Sep2026 04:23:21.413] [Render thread/WARN] [immersive_aircraft.Main/]: Non-quad face found in model: aviator_dream:test!
[30Sep2026 04:23:21.413] [Render thread/WARN] [immersive_aircraft.Main/]: Non-quad face found in model: aviator_dream:test!
[30Sep2026 04:23:21.413] [Render thread/WARN] [immersive_aircraft.Main/]: Non-quad face found in model: aviator_dream:test!
[30Sep2026 04:23:21.413] [Render thread/WARN] [immersive_aircraft.Main/]: Non-quad face found in model: aviator_dream:test!
[30Sep2026 04:23:21.413] [Render thread/WARN] [immersive_aircraft.Main/]: Non-quad face found in model: aviator_dream:test!
[30Sep2026 04:23:21.413] [Render thread/WARN] [immersive_aircraft.Main/]: Non-quad face found in model: aviator_dream:test!
[30Sep2026 04:23:21.413] [Render thread/WARN] [immersive_aircraft.Main/]: Non-quad face found in model: aviator_dream:test!
[30Sep2026 04:23:21.413] [Render thread/WARN] [immersive_aircraft.Main/]: Non-quad face found in model: aviator_dream:test!
[30Sep2026 04:23:21.414] [Render thread/WARN] [immersive_aircraft.Main/]: Non-quad face found in model: aviator_dream:test!
[30Sep2026 04:23:21.414] [Render thread/WARN] [immersive_aircraft.Main/]: Non-quad face found in model: aviator_dream:test!
[30Sep2026 04:23:21.414] [Render thread/WARN] [immersive_aircraft.Main/]: Non-quad face found in model: aviator_dream:test!
[30Sep2026 04:23:21.414] [Render thread/WARN] [immersive_aircraft.Main/]: Non-quad face found in model: aviator_dream:test!
[30Sep2026 04:23:21.414] [Render thread/WARN] [immersive_aircraft.Main/]: Non-quad face found in model: aviator_dream:test!
[30Sep2026 04:23:21.414] [Render thread/WARN] [immersive_aircraft.Main/]: Non-quad face found in model: aviator_dream:test!
[30Sep2026 04:23:21.414] [Render thread/WARN] [immersive_aircraft.Main/]: Non-quad face found in model: aviator_dream:test!
[30Sep2026 04:23:21.414] [Render thread/WARN] [immersive_aircraft.Main/]: Non-quad face found in model: aviator_dream:test!
[30Sep2026 04:23:21.414] [Render thread/WARN] [immersive_aircraft.Main/]: Non-quad face found in model: aviator_dream:test!
[30Sep2026 04:23:21.414] [Render thread/WARN] [immersive_aircraft.Main/]: Non-quad face found in model: aviator_dream:test!
[30Sep2026 04:23:21.414] [Render thread/WARN] [immersive_aircraft.Main/]: Non-quad face found in model: aviator_dream:test!
[30Sep2026 04:23:21.414] [Render thread/WARN] [immersive_aircraft.Main/]: Non-quad face found in model: aviator_dream:test!
[30Sep2026 04:23:21.414] [Render thread/WARN] [immersive_aircraft.Main/]: Non-quad face found in model: aviator_dream:test!
[30Sep2026 04:23:21.414] [Render thread/WARN] [immersive_aircraft.Main/]: Non-quad face found in model: aviator_dream:test!
[30Sep2026 04:23:21.414] [Render thread/WARN] [immersive_aircraft.Main/]: Non-quad face found in model: aviator_dream:test!
[30Sep2026 04:23:21.414] [Render thread/WARN] [immersive_aircraft.Main/]: Non-quad face found in model: aviator_dream:test!
[30Sep2026 04:23:21.414] [Render thread/WARN] [immersive_aircraft.Main/]: Non-quad face found in model: aviator_dream:test!
[30Sep2026 04:23:21.414] [Render thread/WARN] [immersive_aircraft.Main/]: Non-quad face found in model: aviator_dream:test!
[30Sep2026 04:23:21.414] [Render thread/WARN] [immersive_aircraft.Main/]: Non-quad face found in model: aviator_dream:test!
[30Sep2026 04:23:21.414] [Render thread/WARN] [immersive_aircraft.Main/]: Non-quad face found in model: aviator_dream:test!
[30Sep2026 04:23:21.414] [Render thread/WARN] [immersive_aircraft.Main/]: Non-quad face found in model: aviator_dream:test!
[30Sep2026 04:23:21.414] [Render thread/WARN] [immersive_aircraft.Main/]: Non-quad face found in model: aviator_dream:test!
[30Sep2026 04:23:21.414] [Render thread/WARN] [immersive_aircraft.Main/]: Non-quad face found in model: aviator_dream:test!
[30Sep2026 04:23:21.414] [Render thread/WARN] [immersive_aircraft.Main/]: Non-quad face found in model: aviator_dream:test!
[30Sep2026 04:23:21.414] [Render thread/WARN] [immersive_aircraft.Main/]: Non-quad face found in model: aviator_dream:test!
[30Sep2026 04:23:21.414] [Render thread/WARN] [immersive_aircraft.Main/]: Non-quad face found in model: aviator_dream:test!
[30Sep2026 04:23:21.414] [Render thread/WARN] [immersive_aircraft.Main/]: Non-quad face found in model: aviator_dream:test!
[30Sep2026 04:23:21.414] [Render thread/WARN] [immersive_aircraft.Main/]: Non-quad face found in model: aviator_dream:test!
[30Sep2026 04:23:21.414] [Render thread/WARN] [immersive_aircraft.Main/]: Non-quad face found in model: aviator_dream:test!
[30Sep2026 04:23:21.414] [Render thread/WARN] [immersive_aircraft.Main/]: Non-quad face found in model: aviator_dream:test!
[30Sep2026 04:23:21.415] [Render thread/WARN] [immersive_aircraft.Main/]: Non-quad face found in model: aviator_dream:test!
[30Sep2026 04:23:21.415] [Render thread/WARN] [immersive_aircraft.Main/]: Non-quad face found in model: aviator_dream:test!
[30Sep2026 04:23:21.415] [Render thread/WARN] [immersive_aircraft.Main/]: Non-quad face found in model: aviator_dream:test!
[30Sep2026 04:23:21.415] [Render thread/WARN] [immersive_aircraft.Main/]: Non-quad face found in model: aviator_dream:test!
[30Sep2026 04:23:21.415] [Render thread/WARN] [immersive_aircraft.Main/]: Non-quad face found in model: aviator_dream:test!
[30Sep2026 04:23:21.415] [Render thread/WARN] [immersive_aircraft.Main/]: Non-quad face found in model: aviator_dream:test!
[30Sep2026 04:23:21.415] [Render thread/WARN] [immersive_aircraft.Main/]: Non-quad face found in model: aviator_dream:test!
[30Sep2026 04:23:21.415] [Render thread/WARN] [immersive_aircraft.Main/]: Non-quad face found in model: aviator_dream:test!
[30Sep2026 04:23:21.415] [Render thread/WARN] [immersive_aircraft.Main/]: Non-quad face found in model: aviator_dream:test!
[30Sep2026 04:23:21.415] [Render thread/WARN] [immersive_aircraft.Main/]: Non-quad face found in model: aviator_dream:test!
[30Sep2026 04:23:21.415] [Render thread/WARN] [immersive_aircraft.Main/]: Non-quad face found in model: aviator_dream:test!
[30Sep2026 04:23:21.415] [Render thread/WARN] [immersive_aircraft.Main/]: Non-quad face found in model: aviator_dream:test!
[30Sep2026 04:23:21.415] [Render thread/WARN] [immersive_aircraft.Main/]: Non-quad face found in model: aviator_dream:test!
[30Sep2026 04:23:21.415] [Render thread/WARN] [immersive_aircraft.Main/]: Non-quad face found in model: aviator_dream:test!
[30Sep2026 04:23:21.415] [Render thread/WARN] [immersive_aircraft.Main/]: Non-quad face found in model: aviator_dream:test!
[30Sep2026 04:23:21.415] [Render thread/WARN] [immersive_aircraft.Main/]: Non-quad face found in model: aviator_dream:test!
[30Sep2026 04:23:21.415] [Render thread/WARN] [immersive_aircraft.Main/]: Non-quad face found in model: aviator_dream:test!
[30Sep2026 04:23:21.415] [Render thread/WARN] [immersive_aircraft.Main/]: Non-quad face found in model: aviator_dream:test!
[30Sep2026 04:23:21.416] [Render thread/WARN] [immersive_aircraft.Main/]: Non-quad face found in model: aviator_dream:test!
[30Sep2026 04:23:21.416] [Render thread/WARN] [immersive_aircraft.Main/]: Non-quad face found in model: aviator_dream:test!
[30Sep2026 04:23:21.416] [Render thread/WARN] [immersive_aircraft.Main/]: Non-quad face found in model: aviator_dream:test!
[30Sep2026 04:23:21.416] [Render thread/WARN] [immersive_aircraft.Main/]: Non-quad face found in model: aviator_dream:test!
[30Sep2026 04:23:21.416] [Render thread/WARN] [immersive_aircraft.Main/]: Non-quad face found in model: aviator_dream:test!
[30Sep2026 04:23:21.416] [Render thread/WARN] [immersive_aircraft.Main/]: Non-quad face found in model: aviator_dream:test!
[30Sep2026 04:23:21.416] [Render thread/WARN] [immersive_aircraft.Main/]: Non-quad face found in model: aviator_dream:test!
[30Sep2026 04:23:21.416] [Render thread/WARN] [immersive_aircraft.Main/]: Non-quad face found in model: aviator_dream:test!
[30Sep2026 04:23:21.416] [Render thread/WARN] [immersive_aircraft.Main/]: Non-quad face found in model: aviator_dream:test!
[30Sep2026 04:23:21.416] [Render thread/WARN] [immersive_aircraft.Main/]: Non-quad face found in model: aviator_dream:test!
[30Sep2026 04:23:21.416] [Render thread/WARN] [immersive_aircraft.Main/]: Non-quad face found in model: aviator_dream:test!
[30Sep2026 04:23:21.416] [Render thread/WARN] [immersive_aircraft.Main/]: Non-quad face found in model: aviator_dream:test!
[30Sep2026 04:23:21.416] [Render thread/WARN] [immersive_aircraft.Main/]: Non-quad face found in model: aviator_dream:test!
[30Sep2026 04:23:21.416] [Render thread/WARN] [immersive_aircraft.Main/]: Non-quad face found in model: aviator_dream:test!
[30Sep2026 04:23:21.416] [Render thread/WARN] [immersive_aircraft.Main/]: Non-quad face found in model: aviator_dream:test!
[30Sep2026 04:23:21.416] [Render thread/WARN] [immersive_aircraft.Main/]: Non-quad face found in model: aviator_dream:test!
[30Sep2026 04:23:21.416] [Render thread/WARN] [immersive_aircraft.Main/]: Non-quad face found in model: aviator_dream:test!
[30Sep2026 04:23:21.416] [Render thread/WARN] [immersive_aircraft.Main/]: Non-quad face found in model: aviator_dream:test!
[30Sep2026 04:23:21.416] [Render thread/WARN] [immersive_aircraft.Main/]: Non-quad face found in model: aviator_dream:test!
[30Sep2026 04:23:21.416] [Render thread/WARN] [immersive_aircraft.Main/]: Non-quad face found in model: aviator_dream:test!
[30Sep2026 04:23:21.416] [Render thread/WARN] [immersive_aircraft.Main/]: Non-quad face found in model: aviator_dream:test!
[30Sep2026 04:23:21.416] [Render thread/WARN] [immersive_aircraft.Main/]: Non-quad face found in model: aviator_dream:test!
[30Sep2026 04:23:21.416] [Render thread/WARN] [immersive_aircraft.Main/]: Non-quad face found in model: aviator_dream:test!
[30Sep2026 04:23:21.416] [Render thread/WARN] [immersive_aircraft.Main/]: Non-quad face found in model: aviator_dream:test!
[30Sep2026 04:23:21.416] [Render thread/WARN] [immersive_aircraft.Main/]: Non-quad face found in model: aviator_dream:test!
[30Sep2026 04:23:21.416] [Render thread/WARN] [immersive_aircraft.Main/]: Non-quad face found in model: aviator_dream:test!
[30Sep2026 04:23:21.416] [Render thread/WARN] [immersive_aircraft.Main/]: Non-quad face found in model: aviator_dream:test!
[30Sep2026 04:23:21.416] [Render thread/WARN] [immersive_aircraft.Main/]: Non-quad face found in model: aviator_dream:test!
[30Sep2026 04:23:21.417] [Render thread/WARN] [immersive_aircraft.Main/]: Non-quad face found in model: aviator_dream:test!
[30Sep2026 04:23:21.417] [Render thread/WARN] [immersive_aircraft.Main/]: Non-quad face found in model: aviator_dream:test!
[30Sep2026 04:23:21.417] [Render thread/WARN] [immersive_aircraft.Main/]: Non-quad face found in model: aviator_dream:test!
[30Sep2026 04:23:21.417] [Render thread/WARN] [immersive_aircraft.Main/]: Non-quad face found in model: aviator_dream:test!
[30Sep2026 04:23:21.417] [Render thread/WARN] [immersive_aircraft.Main/]: Non-quad face found in model: aviator_dream:test!
[30Sep2026 04:23:21.417] [Render thread/WARN] [immersive_aircraft.Main/]: Non-quad face found in model: aviator_dream:test!
[30Sep2026 04:23:21.417] [Render thread/WARN] [immersive_aircraft.Main/]: Non-quad face found in model: aviator_dream:test!
[30Sep2026 04:23:21.417] [Render thread/WARN] [immersive_aircraft.Main/]: Non-quad face found in model: aviator_dream:test!
[30Sep2026 04:23:21.417] [Render thread/WARN] [immersive_aircraft.Main/]: Non-quad face found in model: aviator_dream:test!
[30Sep2026 04:23:21.417] [Render thread/WARN] [immersive_aircraft.Main/]: Non-quad face found in model: aviator_dream:test!
[30Sep2026 04:23:21.417] [Render thread/WARN] [immersive_aircraft.Main/]: Non-quad face found in model: aviator_dream:test!
[30Sep2026 04:23:21.417] [Render thread/WARN] [immersive_aircraft.Main/]: Non-quad face found in model: aviator_dream:test!
[30Sep2026 04:23:21.417] [Render thread/WARN] [immersive_aircraft.Main/]: Non-quad face found in model: aviator_dream:test!
[30Sep2026 04:23:21.417] [Render thread/WARN] [immersive_aircraft.Main/]: Non-quad face found in model: aviator_dream:test!
[30Sep2026 04:23:21.417] [Render thread/WARN] [immersive_aircraft.Main/]: Non-quad face found in model: aviator_dream:test!
[30Sep2026 04:23:21.417] [Render thread/WARN] [immersive_aircraft.Main/]: Non-quad face found in model: aviator_dream:test!
[30Sep2026 04:23:21.417] [Render thread/WARN] [immersive_aircraft.Main/]: Non-quad face found in model: aviator_dream:test!
[30Sep2026 04:23:21.417] [Render thread/WARN] [immersive_aircraft.Main/]: Non-quad face found in model: aviator_dream:test!
[30Sep2026 04:23:21.417] [Render thread/WARN] [immersive_aircraft.Main/]: Non-quad face found in model: aviator_dream:test!
[30Sep2026 04:23:21.417] [Render thread/WARN] [immersive_aircraft.Main/]: Non-quad face found in model: aviator_dream:test!
[30Sep2026 04:23:21.417] [Render thread/WARN] [immersive_aircraft.Main/]: Non-quad face found in model: aviator_dream:test!
[30Sep2026 04:23:21.417] [Render thread/WARN] [immersive_aircraft.Main/]: Non-quad face found in model: aviator_dream:test!
[30Sep2026 04:23:21.417] [Render thread/WARN] [immersive_aircraft.Main/]: Non-quad face found in model: aviator_dream:test!
[30Sep2026 04:23:21.417] [Render thread/WARN] [immersive_aircraft.Main/]: Non-quad face found in model: aviator_dream:test!
[30Sep2026 04:23:21.417] [Render thread/WARN] [immersive_aircraft.Main/]: Non-quad face found in model: aviator_dream:test!
[30Sep2026 04:23:21.417] [Render thread/WARN] [immersive_aircraft.Main/]: Non-quad face found in model: aviator_dream:test!
[30Sep2026 04:23:21.417] [Render thread/WARN] [immersive_aircraft.Main/]: Non-quad face found in model: aviator_dream:test!
[30Sep2026 04:23:21.417] [Render thread/WARN] [immersive_aircraft.Main/]: Non-quad face found in model: aviator_dream:test!
[30Sep2026 04:23:21.417] [Render thread/WARN] [immersive_aircraft.Main/]: Non-quad face found in model: aviator_dream:test!
[30Sep2026 04:23:21.417] [Render thread/WARN] [immersive_aircraft.Main/]: Non-quad face found in model: aviator_dream:test!
[30Sep2026 04:23:21.417] [Render thread/WARN] [immersive_aircraft.Main/]: Non-quad face found in model: aviator_dream:test!
[30Sep2026 04:23:21.417] [Render thread/WARN] [immersive_aircraft.Main/]: Non-quad face found in model: aviator_dream:test!
[30Sep2026 04:23:21.417] [Render thread/WARN] [immersive_aircraft.Main/]: Non-quad face found in model: aviator_dream:test!
[30Sep2026 04:23:21.418] [Render thread/WARN] [immersive_aircraft.Main/]: Non-quad face found in model: aviator_dream:test!
[30Sep2026 04:23:21.418] [Render thread/WARN] [immersive_aircraft.Main/]: Non-quad face found in model: aviator_dream:test!
[30Sep2026 04:23:21.418] [Render thread/WARN] [immersive_aircraft.Main/]: Non-quad face found in model: aviator_dream:test!
[30Sep2026 04:23:21.418] [Render thread/WARN] [immersive_aircraft.Main/]: Non-quad face found in model: aviator_dream:test!
[30Sep2026 04:23:21.418] [Render thread/WARN] [immersive_aircraft.Main/]: Non-quad face found in model: aviator_dream:test!
[30Sep2026 04:23:21.418] [Render thread/WARN] [immersive_aircraft.Main/]: Non-quad face found in model: aviator_dream:test!
[30Sep2026 04:23:21.418] [Render thread/WARN] [immersive_aircraft.Main/]: Non-quad face found in model: aviator_dream:test!
[30Sep2026 04:23:21.418] [Render thread/WARN] [immersive_aircraft.Main/]: Non-quad face found in model: aviator_dream:test!
[30Sep2026 04:23:21.418] [Render thread/WARN] [immersive_aircraft.Main/]: Non-quad face found in model: aviator_dream:test!
[30Sep2026 04:23:21.418] [Render thread/WARN] [immersive_aircraft.Main/]: Non-quad face found in model: aviator_dream:test!
[30Sep2026 04:23:21.418] [Render thread/WARN] [immersive_aircraft.Main/]: Non-quad face found in model: aviator_dream:test!
[30Sep2026 04:23:21.418] [Render thread/WARN] [immersive_aircraft.Main/]: Non-quad face found in model: aviator_dream:test!
[30Sep2026 04:23:21.418] [Render thread/WARN] [immersive_aircraft.Main/]: Non-quad face found in model: aviator_dream:test!
[30Sep2026 04:23:21.418] [Render thread/WARN] [immersive_aircraft.Main/]: Non-quad face found in model: aviator_dream:test!
[30Sep2026 04:23:21.418] [Render thread/WARN] [immersive_aircraft.Main/]: Non-quad face found in model: aviator_dream:test!
[30Sep2026 04:23:21.418] [Render thread/WARN] [immersive_aircraft.Main/]: Non-quad face found in model: aviator_dream:test!
[30Sep2026 04:23:21.418] [Render thread/WARN] [immersive_aircraft.Main/]: Non-quad face found in model: aviator_dream:test!
[30Sep2026 04:23:21.418] [Render thread/WARN] [immersive_aircraft.Main/]: Non-quad face found in model: aviator_dream:test!
[30Sep2026 04:23:21.418] [Render thread/WARN] [immersive_aircraft.Main/]: Non-quad face found in model: aviator_dream:test!
[30Sep2026 04:23:21.418] [Render thread/WARN] [immersive_aircraft.Main/]: Non-quad face found in model: aviator_dream:test!
[30Sep2026 04:23:21.418] [Render thread/WARN] [immersive_aircraft.Main/]: Non-quad face found in model: aviator_dream:test!
[30Sep2026 04:23:21.418] [Render thread/WARN] [immersive_aircraft.Main/]: Non-quad face found in model: aviator_dream:test!
[30Sep2026 04:23:21.418] [Render thread/WARN] [immersive_aircraft.Main/]: Non-quad face found in model: aviator_dream:test!
[30Sep2026 04:23:21.418] [Render thread/WARN] [immersive_aircraft.Main/]: Non-quad face found in model: aviator_dream:test!
[30Sep2026 04:23:21.418] [Render thread/WARN] [immersive_aircraft.Main/]: Non-quad face found in model: aviator_dream:test!
[30Sep2026 04:23:21.418] [Render thread/WARN] [immersive_aircraft.Main/]: Non-quad face found in model: aviator_dream:test!
[30Sep2026 04:23:21.418] [Render thread/WARN] [immersive_aircraft.Main/]: Non-quad face found in model: aviator_dream:test!
[30Sep2026 04:23:21.418] [Render thread/WARN] [immersive_aircraft.Main/]: Non-quad face found in model: aviator_dream:test!
[30Sep2026 04:23:21.418] [Render thread/WARN] [immersive_aircraft.Main/]: Non-quad face found in model: aviator_dream:test!
[30Sep2026 04:23:21.418] [Render thread/WARN] [immersive_aircraft.Main/]: Non-quad face found in model: aviator_dream:test!
[30Sep2026 04:23:21.418] [Render thread/WARN] [immersive_aircraft.Main/]: Non-quad face found in model: aviator_dream:test!
[30Sep2026 04:23:21.418] [Render thread/WARN] [immersive_aircraft.Main/]: Non-quad face found in model: aviator_dream:test!
[30Sep2026 04:23:21.418] [Render thread/WARN] [immersive_aircraft.Main/]: Non-quad face found in model: aviator_dream:test!
[30Sep2026 04:23:21.418] [Render thread/WARN] [immersive_aircraft.Main/]: Non-quad face found in model: aviator_dream:test!
[30Sep2026 04:23:21.419] [Render thread/WARN] [immersive_aircraft.Main/]: Non-quad face found in model: aviator_dream:test!
[30Sep2026 04:23:21.419] [Render thread/WARN] [immersive_aircraft.Main/]: Non-quad face found in model: aviator_dream:test!
[30Sep2026 04:23:21.419] [Render thread/WARN] [immersive_aircraft.Main/]: Non-quad face found in model: aviator_dream:test!
[30Sep2026 04:23:21.419] [Render thread/WARN] [immersive_aircraft.Main/]: Non-quad face found in model: aviator_dream:test!
[30Sep2026 04:23:21.419] [Render thread/WARN] [immersive_aircraft.Main/]: Non-quad face found in model: aviator_dream:test!
[30Sep2026 04:23:21.419] [Render thread/WARN] [immersive_aircraft.Main/]: Non-quad face found in model: aviator_dream:test!
[30Sep2026 04:23:21.419] [Render thread/WARN] [immersive_aircraft.Main/]: Non-quad face found in model: aviator_dream:test!
[30Sep2026 04:23:21.419] [Render thread/WARN] [immersive_aircraft.Main/]: Non-quad face found in model: aviator_dream:test!
[30Sep2026 04:23:21.419] [Render thread/WARN] [immersive_aircraft.Main/]: Non-quad face found in model: aviator_dream:test!
[30Sep2026 04:23:21.419] [Render thread/WARN] [immersive_aircraft.Main/]: Non-quad face found in model: aviator_dream:test!
[30Sep2026 04:23:21.419] [Render thread/WARN] [immersive_aircraft.Main/]: Non-quad face found in model: aviator_dream:test!
[30Sep2026 04:23:21.419] [Render thread/WARN] [immersive_aircraft.Main/]: Non-quad face found in model: aviator_dream:test!
[30Sep2026 04:23:21.419] [Render thread/WARN] [immersive_aircraft.Main/]: Non-quad face found in model: aviator_dream:test!
[30Sep2026 04:23:21.419] [Render thread/WARN] [immersive_aircraft.Main/]: Non-quad face found in model: aviator_dream:test!
[30Sep2026 04:23:21.419] [Render thread/WARN] [immersive_aircraft.Main/]: Non-quad face found in model: aviator_dream:test!
[30Sep2026 04:23:21.419] [Render thread/WARN] [immersive_aircraft.Main/]: Non-quad face found in model: aviator_dream:test!
[30Sep2026 04:23:21.419] [Render thread/WARN] [immersive_aircraft.Main/]: Non-quad face found in model: aviator_dream:test!
[30Sep2026 04:23:21.419] [Render thread/WARN] [immersive_aircraft.Main/]: Non-quad face found in model: aviator_dream:test!
[30Sep2026 04:23:21.419] [Render thread/WARN] [immersive_aircraft.Main/]: Non-quad face found in model: aviator_dream:test!
[30Sep2026 04:23:21.419] [Render thread/WARN] [immersive_aircraft.Main/]: Non-quad face found in model: aviator_dream:test!
[30Sep2026 04:23:21.419] [Render thread/WARN] [immersive_aircraft.Main/]: Non-quad face found in model: aviator_dream:test!
[30Sep2026 04:23:21.419] [Render thread/WARN] [immersive_aircraft.Main/]: Non-quad face found in model: aviator_dream:test!
[30Sep2026 04:23:21.419] [Render thread/WARN] [immersive_aircraft.Main/]: Non-quad face found in model: aviator_dream:test!
[30Sep2026 04:23:21.419] [Render thread/WARN] [immersive_aircraft.Main/]: Non-quad face found in model: aviator_dream:test!
[30Sep2026 04:23:21.419] [Render thread/WARN] [immersive_aircraft.Main/]: Non-quad face found in model: aviator_dream:test!
[30Sep2026 04:23:21.419] [Render thread/WARN] [immersive_aircraft.Main/]: Non-quad face found in model: aviator_dream:test!
[30Sep2026 04:23:21.419] [Render thread/WARN] [immersive_aircraft.Main/]: Non-quad face found in model: aviator_dream:test!
[30Sep2026 04:23:21.419] [Render thread/WARN] [immersive_aircraft.Main/]: Non-quad face found in model: aviator_dream:test!
[30Sep2026 04:23:21.419] [Render thread/WARN] [immersive_aircraft.Main/]: Non-quad face found in model: aviator_dream:test!
[30Sep2026 04:23:21.420] [Render thread/WARN] [immersive_aircraft.Main/]: Non-quad face found in model: aviator_dream:test!
[30Sep2026 04:23:21.420] [Render thread/WARN] [immersive_aircraft.Main/]: Non-quad face found in model: aviator_dream:test!
[30Sep2026 04:23:21.420] [Render thread/WARN] [immersive_aircraft.Main/]: Non-quad face found in model: aviator_dream:test!
[30Sep2026 04:23:21.420] [Render thread/WARN] [immersive_aircraft.Main/]: Non-quad face found in model: aviator_dream:test!
[30Sep2026 04:23:21.420] [Render thread/WARN] [immersive_aircraft.Main/]: Non-quad face found in model: aviator_dream:test!
[30Sep2026 04:23:21.420] [Render thread/WARN] [immersive_aircraft.Main/]: Non-quad face found in model: aviator_dream:test!
[30Sep2026 04:23:21.420] [Render thread/WARN] [immersive_aircraft.Main/]: Non-quad face found in model: aviator_dream:test!
[30Sep2026 04:23:21.420] [Render thread/WARN] [immersive_aircraft.Main/]: Non-quad face found in model: aviator_dream:test!
[30Sep2026 04:23:21.420] [Render thread/WARN] [immersive_aircraft.Main/]: Non-quad face found in model: aviator_dream:test!
[30Sep2026 04:23:21.420] [Render thread/WARN] [immersive_aircraft.Main/]: Non-quad face found in model: aviator_dream:test!
[30Sep2026 04:23:21.420] [Render thread/WARN] [immersive_aircraft.Main/]: Non-quad face found in model: aviator_dream:test!
[30Sep2026 04:23:21.420] [Render thread/WARN] [immersive_aircraft.Main/]: Non-quad face found in model: aviator_dream:test!
[30Sep2026 04:23:21.420] [Render thread/WARN] [immersive_aircraft.Main/]: Non-quad face found in model: aviator_dream:test!
[30Sep2026 04:23:21.420] [Render thread/WARN] [immersive_aircraft.Main/]: Non-quad face found in model: aviator_dream:test!
[30Sep2026 04:23:21.420] [Render thread/WARN] [immersive_aircraft.Main/]: Non-quad face found in model: aviator_dream:test!
[30Sep2026 04:23:21.420] [Render thread/WARN] [immersive_aircraft.Main/]: Non-quad face found in model: aviator_dream:test!
[30Sep2026 04:23:21.420] [Render thread/WARN] [immersive_aircraft.Main/]: Non-quad face found in model: aviator_dream:test!
[30Sep2026 04:23:21.420] [Render thread/WARN] [immersive_aircraft.Main/]: Non-quad face found in model: aviator_dream:test!
[30Sep2026 04:23:21.420] [Render thread/WARN] [immersive_aircraft.Main/]: Non-quad face found in model: aviator_dream:test!
[30Sep2026 04:23:21.420] [Render thread/WARN] [immersive_aircraft.Main/]: Non-quad face found in model: aviator_dream:test!
[30Sep2026 04:23:21.420] [Render thread/WARN] [immersive_aircraft.Main/]: Non-quad face found in model: aviator_dream:test!
[30Sep2026 04:23:21.420] [Render thread/WARN] [immersive_aircraft.Main/]: Non-quad face found in model: aviator_dream:test!
[30Sep2026 04:23:21.420] [Render thread/WARN] [immersive_aircraft.Main/]: Non-quad face found in model: aviator_dream:test!
[30Sep2026 04:23:21.420] [Render thread/WARN] [immersive_aircraft.Main/]: Non-quad face found in model: aviator_dream:test!
[30Sep2026 04:23:21.420] [Render thread/WARN] [immersive_aircraft.Main/]: Non-quad face found in model: aviator_dream:test!
[30Sep2026 04:23:21.420] [Render thread/WARN] [immersive_aircraft.Main/]: Non-quad face found in model: aviator_dream:test!
[30Sep2026 04:23:21.420] [Render thread/WARN] [immersive_aircraft.Main/]: Non-quad face found in model: aviator_dream:test!
[30Sep2026 04:23:21.420] [Render thread/WARN] [immersive_aircraft.Main/]: Non-quad face found in model: aviator_dream:test!
[30Sep2026 04:23:21.420] [Render thread/WARN] [immersive_aircraft.Main/]: Non-quad face found in model: aviator_dream:test!
[30Sep2026 04:23:21.420] [Render thread/WARN] [immersive_aircraft.Main/]: Non-quad face found in model: aviator_dream:test!
[30Sep2026 04:23:21.420] [Render thread/WARN] [immersive_aircraft.Main/]: Non-quad face found in model: aviator_dream:test!
[30Sep2026 04:23:21.420] [Render thread/WARN] [immersive_aircraft.Main/]: Non-quad face found in model: aviator_dream:test!
[30Sep2026 04:23:21.420] [Render thread/WARN] [immersive_aircraft.Main/]: Non-quad face found in model: aviator_dream:test!
[30Sep2026 04:23:21.420] [Render thread/WARN] [immersive_aircraft.Main/]: Non-quad face found in model: aviator_dream:test!
[30Sep2026 04:23:21.420] [Render thread/WARN] [immersive_aircraft.Main/]: Non-quad face found in model: aviator_dream:test!
[30Sep2026 04:23:21.420] [Render thread/WARN] [immersive_aircraft.Main/]: Non-quad face found in model: aviator_dream:test!
[30Sep2026 04:23:21.421] [Render thread/WARN] [immersive_aircraft.Main/]: Non-quad face found in model: aviator_dream:test!
[30Sep2026 04:23:21.421] [Render thread/WARN] [immersive_aircraft.Main/]: Non-quad face found in model: aviator_dream:test!
[30Sep2026 04:23:21.421] [Render thread/WARN] [immersive_aircraft.Main/]: Non-quad face found in model: aviator_dream:test!
[30Sep2026 04:23:21.421] [Render thread/WARN] [immersive_aircraft.Main/]: Non-quad face found in model: aviator_dream:test!
[30Sep2026 04:23:21.421] [Render thread/WARN] [immersive_aircraft.Main/]: Non-quad face found in model: aviator_dream:test!
[30Sep2026 04:23:21.421] [Render thread/WARN] [immersive_aircraft.Main/]: Non-quad face found in model: aviator_dream:test!
[30Sep2026 04:23:21.421] [Render thread/WARN] [immersive_aircraft.Main/]: Non-quad face found in model: aviator_dream:test!
[30Sep2026 04:23:21.421] [Render thread/WARN] [immersive_aircraft.Main/]: Non-quad face found in model: aviator_dream:test!
[30Sep2026 04:23:21.421] [Render thread/WARN] [immersive_aircraft.Main/]: Non-quad face found in model: aviator_dream:test!
[30Sep2026 04:23:21.421] [Render thread/WARN] [immersive_aircraft.Main/]: Non-quad face found in model: aviator_dream:test!
[30Sep2026 04:23:21.421] [Render thread/WARN] [immersive_aircraft.Main/]: Non-quad face found in model: aviator_dream:test!
[30Sep2026 04:23:21.421] [Render thread/WARN] [immersive_aircraft.Main/]: Non-quad face found in model: aviator_dream:test!
[30Sep2026 04:23:21.421] [Render thread/WARN] [immersive_aircraft.Main/]: Non-quad face found in model: aviator_dream:test!
[30Sep2026 04:23:21.421] [Render thread/WARN] [immersive_aircraft.Main/]: Non-quad face found in model: aviator_dream:test!
[30Sep2026 04:23:21.421] [Render thread/WARN] [immersive_aircraft.Main/]: Non-quad face found in model: aviator_dream:test!
[30Sep2026 04:23:21.421] [Render thread/WARN] [immersive_aircraft.Main/]: Non-quad face found in model: aviator_dream:test!
[30Sep2026 04:23:21.421] [Render thread/WARN] [immersive_aircraft.Main/]: Non-quad face found in model: aviator_dream:test!
[30Sep2026 04:23:21.421] [Render thread/WARN] [immersive_aircraft.Main/]: Non-quad face found in model: aviator_dream:test!
[30Sep2026 04:23:21.421] [Render thread/WARN] [immersive_aircraft.Main/]: Non-quad face found in model: aviator_dream:test!
[30Sep2026 04:23:21.421] [Render thread/WARN] [immersive_aircraft.Main/]: Non-quad face found in model: aviator_dream:test!
[30Sep2026 04:23:21.421] [Render thread/WARN] [immersive_aircraft.Main/]: Non-quad face found in model: aviator_dream:test!
[30Sep2026 04:23:21.421] [Render thread/WARN] [immersive_aircraft.Main/]: Non-quad face found in model: aviator_dream:test!
[30Sep2026 04:23:21.421] [Render thread/WARN] [immersive_aircraft.Main/]: Non-quad face found in model: aviator_dream:test!
[30Sep2026 04:23:21.421] [Render thread/WARN] [immersive_aircraft.Main/]: Non-quad face found in model: aviator_dream:test!
[30Sep2026 04:23:21.421] [Render thread/WARN] [immersive_aircraft.Main/]: Non-quad face found in model: aviator_dream:test!
[30Sep2026 04:23:21.421] [Render thread/WARN] [immersive_aircraft.Main/]: Non-quad face found in model: aviator_dream:test!
[30Sep2026 04:23:21.421] [Render thread/WARN] [immersive_aircraft.Main/]: Non-quad face found in model: aviator_dream:test!
[30Sep2026 04:23:21.421] [Render thread/WARN] [immersive_aircraft.Main/]: Non-quad face found in model: aviator_dream:test!
[30Sep2026 04:23:21.421] [Render thread/WARN] [immersive_aircraft.Main/]: Non-quad face found in model: aviator_dream:test!
[30Sep2026 04:23:21.421] [Render thread/WARN] [immersive_aircraft.Main/]: Non-quad face found in model: aviator_dream:test!
[30Sep2026 04:23:21.421] [Render thread/WARN] [immersive_aircraft.Main/]: Non-quad face found in model: aviator_dream:test!
[30Sep2026 04:23:21.422] [Render thread/WARN] [immersive_aircraft.Main/]: Non-quad face found in model: aviator_dream:test!
[30Sep2026 04:23:21.422] [Render thread/WARN] [immersive_aircraft.Main/]: Non-quad face found in model: aviator_dream:test!
[30Sep2026 04:23:21.422] [Render thread/WARN] [immersive_aircraft.Main/]: Non-quad face found in model: aviator_dream:test!
[30Sep2026 04:23:21.422] [Render thread/WARN] [immersive_aircraft.Main/]: Non-quad face found in model: aviator_dream:test!
[30Sep2026 04:23:21.422] [Render thread/WARN] [immersive_aircraft.Main/]: Non-quad face found in model: aviator_dream:test!
[30Sep2026 04:23:21.422] [Render thread/WARN] [immersive_aircraft.Main/]: Non-quad face found in model: aviator_dream:test!
[30Sep2026 04:23:21.422] [Render thread/WARN] [immersive_aircraft.Main/]: Non-quad face found in model: aviator_dream:test!
[30Sep2026 04:23:21.422] [Render thread/WARN] [immersive_aircraft.Main/]: Non-quad face found in model: aviator_dream:test!
[30Sep2026 04:23:21.422] [Render thread/WARN] [immersive_aircraft.Main/]: Non-quad face found in model: aviator_dream:test!
[30Sep2026 04:23:21.422] [Render thread/WARN] [immersive_aircraft.Main/]: Non-quad face found in model: aviator_dream:test!
[30Sep2026 04:23:21.422] [Render thread/WARN] [immersive_aircraft.Main/]: Non-quad face found in model: aviator_dream:test!
[30Sep2026 04:23:21.422] [Render thread/WARN] [immersive_aircraft.Main/]: Non-quad face found in model: aviator_dream:test!
[30Sep2026 04:23:21.422] [Render thread/WARN] [immersive_aircraft.Main/]: Non-quad face found in model: aviator_dream:test!
[30Sep2026 04:23:21.422] [Render thread/WARN] [immersive_aircraft.Main/]: Non-quad face found in model: aviator_dream:test!
[30Sep2026 04:23:21.422] [Render thread/WARN] [immersive_aircraft.Main/]: Non-quad face found in model: aviator_dream:test!
[30Sep2026 04:23:21.422] [Render thread/WARN] [immersive_aircraft.Main/]: Non-quad face found in model: aviator_dream:test!
[30Sep2026 04:23:21.422] [Render thread/WARN] [immersive_aircraft.Main/]: Non-quad face found in model: aviator_dream:test!
[30Sep2026 04:23:21.423] [Render thread/WARN] [immersive_aircraft.Main/]: Non-quad face found in model: aviator_dream:test!
[30Sep2026 04:23:21.423] [Render thread/WARN] [immersive_aircraft.Main/]: Non-quad face found in model: aviator_dream:test!
[30Sep2026 04:23:21.423] [Render thread/WARN] [immersive_aircraft.Main/]: Non-quad face found in model: aviator_dream:test!
[30Sep2026 04:23:21.423] [Render thread/WARN] [immersive_aircraft.Main/]: Non-quad face found in model: aviator_dream:test!
[30Sep2026 04:23:21.423] [Render thread/WARN] [immersive_aircraft.Main/]: Non-quad face found in model: aviator_dream:test!
[30Sep2026 04:23:21.423] [Render thread/WARN] [immersive_aircraft.Main/]: Non-quad face found in model: aviator_dream:test!
[30Sep2026 04:23:21.423] [Render thread/WARN] [immersive_aircraft.Main/]: Non-quad face found in model: aviator_dream:test!
[30Sep2026 04:23:21.423] [Render thread/WARN] [immersive_aircraft.Main/]: Non-quad face found in model: aviator_dream:test!
[30Sep2026 04:23:21.423] [Render thread/WARN] [immersive_aircraft.Main/]: Non-quad face found in model: aviator_dream:test!
[30Sep2026 04:23:21.423] [Render thread/WARN] [immersive_aircraft.Main/]: Non-quad face found in model: aviator_dream:test!
[30Sep2026 04:23:21.423] [Render thread/WARN] [immersive_aircraft.Main/]: Non-quad face found in model: aviator_dream:test!
[30Sep2026 04:23:21.423] [Render thread/WARN] [immersive_aircraft.Main/]: Non-quad face found in model: aviator_dream:test!
[30Sep2026 04:23:21.423] [Render thread/WARN] [immersive_aircraft.Main/]: Non-quad face found in model: aviator_dream:test!
[30Sep2026 04:23:21.423] [Render thread/WARN] [immersive_aircraft.Main/]: Non-quad face found in model: aviator_dream:test!
[30Sep2026 04:23:21.423] [Render thread/WARN] [immersive_aircraft.Main/]: Non-quad face found in model: aviator_dream:test!
[30Sep2026 04:23:21.423] [Render thread/WARN] [immersive_aircraft.Main/]: Non-quad face found in model: aviator_dream:test!
[30Sep2026 04:23:21.423] [Render thread/WARN] [immersive_aircraft.Main/]: Non-quad face found in model: aviator_dream:test!
[30Sep2026 04:23:21.423] [Render thread/WARN] [immersive_aircraft.Main/]: Non-quad face found in model: aviator_dream:test!
[30Sep2026 04:23:21.423] [Render thread/WARN] [immersive_aircraft.Main/]: Non-quad face found in model: aviator_dream:test!
[30Sep2026 04:23:21.423] [Render thread/WARN] [immersive_aircraft.Main/]: Non-quad face found in model: aviator_dream:test!
[30Sep2026 04:23:21.423] [Render thread/WARN] [immersive_aircraft.Main/]: Non-quad face found in model: aviator_dream:test!
[30Sep2026 04:23:21.423] [Render thread/WARN] [immersive_aircraft.Main/]: Non-quad face found in model: aviator_dream:test!
[30Sep2026 04:23:21.423] [Render thread/WARN] [immersive_aircraft.Main/]: Non-quad face found in model: aviator_dream:test!
[30Sep2026 04:23:21.423] [Render thread/WARN] [immersive_aircraft.Main/]: Non-quad face found in model: aviator_dream:test!
[30Sep2026 04:23:21.423] [Render thread/WARN] [immersive_aircraft.Main/]: Non-quad face found in model: aviator_dream:test!
[30Sep2026 04:23:21.423] [Render thread/WARN] [immersive_aircraft.Main/]: Non-quad face found in model: aviator_dream:test!
[30Sep2026 04:23:21.423] [Render thread/WARN] [immersive_aircraft.Main/]: Non-quad face found in model: aviator_dream:test!
[30Sep2026 04:23:21.423] [Render thread/WARN] [immersive_aircraft.Main/]: Non-quad face found in model: aviator_dream:test!
[30Sep2026 04:23:21.424] [Render thread/WARN] [immersive_aircraft.Main/]: Non-quad face found in model: aviator_dream:test!
[30Sep2026 04:23:21.424] [Render thread/WARN] [immersive_aircraft.Main/]: Non-quad face found in model: aviator_dream:test!
[30Sep2026 04:23:21.424] [Render thread/WARN] [immersive_aircraft.Main/]: Non-quad face found in model: aviator_dream:test!
[30Sep2026 04:23:21.424] [Render thread/WARN] [immersive_aircraft.Main/]: Non-quad face found in model: aviator_dream:test!
[30Sep2026 04:23:21.424] [Render thread/WARN] [immersive_aircraft.Main/]: Non-quad face found in model: aviator_dream:test!
[30Sep2026 04:23:21.424] [Render thread/WARN] [immersive_aircraft.Main/]: Non-quad face found in model: aviator_dream:test!
[30Sep2026 04:23:21.424] [Render thread/WARN] [immersive_aircraft.Main/]: Non-quad face found in model: aviator_dream:test!
[30Sep2026 04:23:21.424] [Render thread/WARN] [immersive_aircraft.Main/]: Non-quad face found in model: aviator_dream:test!
[30Sep2026 04:23:21.424] [Render thread/WARN] [immersive_aircraft.Main/]: Non-quad face found in model: aviator_dream:test!
[30Sep2026 04:23:21.424] [Render thread/WARN] [immersive_aircraft.Main/]: Non-quad face found in model: aviator_dream:test!
[30Sep2026 04:23:21.424] [Render thread/WARN] [immersive_aircraft.Main/]: Non-quad face found in model: aviator_dream:test!
[30Sep2026 04:23:21.424] [Render thread/WARN] [immersive_aircraft.Main/]: Non-quad face found in model: aviator_dream:test!
[30Sep2026 04:23:21.424] [Render thread/WARN] [immersive_aircraft.Main/]: Non-quad face found in model: aviator_dream:test!
[30Sep2026 04:23:21.424] [Render thread/WARN] [immersive_aircraft.Main/]: Non-quad face found in model: aviator_dream:test!
[30Sep2026 04:23:21.424] [Render thread/WARN] [immersive_aircraft.Main/]: Non-quad face found in model: aviator_dream:test!
[30Sep2026 04:23:21.424] [Render thread/WARN] [immersive_aircraft.Main/]: Non-quad face found in model: aviator_dream:test!
[30Sep2026 04:23:21.424] [Render thread/WARN] [immersive_aircraft.Main/]: Non-quad face found in model: aviator_dream:test!
[30Sep2026 04:23:21.424] [Render thread/WARN] [immersive_aircraft.Main/]: Non-quad face found in model: aviator_dream:test!
[30Sep2026 04:23:21.424] [Render thread/WARN] [immersive_aircraft.Main/]: Non-quad face found in model: aviator_dream:test!
[30Sep2026 04:23:21.424] [Render thread/WARN] [immersive_aircraft.Main/]: Non-quad face found in model: aviator_dream:test!
[30Sep2026 04:23:21.424] [Render thread/WARN] [immersive_aircraft.Main/]: Non-quad face found in model: aviator_dream:test!
[30Sep2026 04:23:21.424] [Render thread/WARN] [immersive_aircraft.Main/]: Non-quad face found in model: aviator_dream:test!
[30Sep2026 04:23:21.424] [Render thread/WARN] [immersive_aircraft.Main/]: Non-quad face found in model: aviator_dream:test!
[30Sep2026 04:23:21.424] [Render thread/WARN] [immersive_aircraft.Main/]: Non-quad face found in model: aviator_dream:test!
[30Sep2026 04:23:21.424] [Render thread/WARN] [immersive_aircraft.Main/]: Non-quad face found in model: aviator_dream:test!
[30Sep2026 04:23:21.424] [Render thread/WARN] [immersive_aircraft.Main/]: Non-quad face found in model: aviator_dream:test!
[30Sep2026 04:23:21.424] [Render thread/WARN] [immersive_aircraft.Main/]: Non-quad face found in model: aviator_dream:test!
[30Sep2026 04:23:21.424] [Render thread/WARN] [immersive_aircraft.Main/]: Non-quad face found in model: aviator_dream:test!
[30Sep2026 04:23:21.425] [Render thread/WARN] [immersive_aircraft.Main/]: Non-quad face found in model: aviator_dream:test!
[30Sep2026 04:23:21.425] [Render thread/WARN] [immersive_aircraft.Main/]: Non-quad face found in model: aviator_dream:test!
[30Sep2026 04:23:21.425] [Render thread/WARN] [immersive_aircraft.Main/]: Non-quad face found in model: aviator_dream:test!
[30Sep2026 04:23:21.425] [Render thread/WARN] [immersive_aircraft.Main/]: Non-quad face found in model: aviator_dream:test!
[30Sep2026 04:23:21.425] [Render thread/WARN] [immersive_aircraft.Main/]: Non-quad face found in model: aviator_dream:test!
[30Sep2026 04:23:21.425] [Render thread/WARN] [immersive_aircraft.Main/]: Non-quad face found in model: aviator_dream:test!
[30Sep2026 04:23:21.425] [Render thread/WARN] [immersive_aircraft.Main/]: Non-quad face found in model: aviator_dream:test!
[30Sep2026 04:23:21.425] [Render thread/WARN] [immersive_aircraft.Main/]: Non-quad face found in model: aviator_dream:test!
[30Sep2026 04:23:21.425] [Render thread/WARN] [immersive_aircraft.Main/]: Non-quad face found in model: aviator_dream:test!
[30Sep2026 04:23:21.425] [Render thread/WARN] [immersive_aircraft.Main/]: Non-quad face found in model: aviator_dream:test!
[30Sep2026 04:23:21.425] [Render thread/WARN] [immersive_aircraft.Main/]: Non-quad face found in model: aviator_dream:test!
[30Sep2026 04:23:21.425] [Render thread/WARN] [immersive_aircraft.Main/]: Non-quad face found in model: aviator_dream:test!
[30Sep2026 04:23:21.425] [Render thread/WARN] [immersive_aircraft.Main/]: Non-quad face found in model: aviator_dream:test!
[30Sep2026 04:23:21.425] [Render thread/WARN] [immersive_aircraft.Main/]: Non-quad face found in model: aviator_dream:test!
[30Sep2026 04:23:21.425] [Render thread/WARN] [immersive_aircraft.Main/]: Non-quad face found in model: aviator_dream:test!
[30Sep2026 04:23:21.425] [Render thread/WARN] [immersive_aircraft.Main/]: Non-quad face found in model: aviator_dream:test!
[30Sep2026 04:23:21.425] [Render thread/WARN] [immersive_aircraft.Main/]: Non-quad face found in model: aviator_dream:test!
[30Sep2026 04:23:21.425] [Render thread/WARN] [immersive_aircraft.Main/]: Non-quad face found in model: aviator_dream:test!
[30Sep2026 04:23:21.425] [Render thread/WARN] [immersive_aircraft.Main/]: Non-quad face found in model: aviator_dream:test!
[30Sep2026 04:23:21.425] [Render thread/WARN] [immersive_aircraft.Main/]: Non-quad face found in model: aviator_dream:test!
[30Sep2026 04:23:21.425] [Render thread/WARN] [immersive_aircraft.Main/]: Non-quad face found in model: aviator_dream:test!
[30Sep2026 04:23:21.425] [Render thread/WARN] [immersive_aircraft.Main/]: Non-quad face found in model: aviator_dream:test!
[30Sep2026 04:23:21.425] [Render thread/WARN] [immersive_aircraft.Main/]: Non-quad face found in model: aviator_dream:test!
[30Sep2026 04:23:21.425] [Render thread/WARN] [immersive_aircraft.Main/]: Non-quad face found in model: aviator_dream:test!
[30Sep2026 04:23:21.425] [Render thread/WARN] [immersive_aircraft.Main/]: Non-quad face found in model: aviator_dream:test!
[30Sep2026 04:23:21.425] [Render thread/WARN] [immersive_aircraft.Main/]: Non-quad face found in model: aviator_dream:test!
[30Sep2026 04:23:21.425] [Render thread/WARN] [immersive_aircraft.Main/]: Non-quad face found in model: aviator_dream:test!
[30Sep2026 04:23:21.425] [Render thread/WARN] [immersive_aircraft.Main/]: Non-quad face found in model: aviator_dream:test!
[30Sep2026 04:23:21.425] [Render thread/WARN] [immersive_aircraft.Main/]: Non-quad face found in model: aviator_dream:test!
[30Sep2026 04:23:21.425] [Render thread/WARN] [immersive_aircraft.Main/]: Non-quad face found in model: aviator_dream:test!
[30Sep2026 04:23:21.425] [Render thread/WARN] [immersive_aircraft.Main/]: Non-quad face found in model: aviator_dream:test!
[30Sep2026 04:23:21.425] [Render thread/WARN] [immersive_aircraft.Main/]: Non-quad face found in model: aviator_dream:test!
[30Sep2026 04:23:21.425] [Render thread/WARN] [immersive_aircraft.Main/]: Non-quad face found in model: aviator_dream:test!
[30Sep2026 04:23:21.425] [Render thread/WARN] [immersive_aircraft.Main/]: Non-quad face found in model: aviator_dream:test!
[30Sep2026 04:23:21.425] [Render thread/WARN] [immersive_aircraft.Main/]: Non-quad face found in model: aviator_dream:test!
[30Sep2026 04:23:21.425] [Render thread/WARN] [immersive_aircraft.Main/]: Non-quad face found in model: aviator_dream:test!
[30Sep2026 04:23:21.426] [Render thread/WARN] [immersive_aircraft.Main/]: Non-quad face found in model: aviator_dream:test!
[30Sep2026 04:23:21.426] [Render thread/WARN] [immersive_aircraft.Main/]: Non-quad face found in model: aviator_dream:test!
[30Sep2026 04:23:21.426] [Render thread/WARN] [immersive_aircraft.Main/]: Non-quad face found in model: aviator_dream:test!
[30Sep2026 04:23:21.426] [Render thread/WARN] [immersive_aircraft.Main/]: Non-quad face found in model: aviator_dream:test!
[30Sep2026 04:23:21.426] [Render thread/WARN] [immersive_aircraft.Main/]: Non-quad face found in model: aviator_dream:test!
[30Sep2026 04:23:21.426] [Render thread/WARN] [immersive_aircraft.Main/]: Non-quad face found in model: aviator_dream:test!
[30Sep2026 04:23:21.426] [Render thread/WARN] [immersive_aircraft.Main/]: Non-quad face found in model: aviator_dream:test!
[30Sep2026 04:23:21.426] [Render thread/WARN] [immersive_aircraft.Main/]: Non-quad face found in model: aviator_dream:test!
[30Sep2026 04:23:21.426] [Render thread/WARN] [immersive_aircraft.Main/]: Non-quad face found in model: aviator_dream:test!
[30Sep2026 04:23:21.426] [Render thread/WARN] [immersive_aircraft.Main/]: Non-quad face found in model: aviator_dream:test!
[30Sep2026 04:23:21.427] [Render thread/WARN] [immersive_aircraft.Main/]: Non-quad face found in model: aviator_dream:test!
[30Sep2026 04:23:21.427] [Render thread/WARN] [immersive_aircraft.Main/]: Non-quad face found in model: aviator_dream:test!
[30Sep2026 04:23:21.427] [Render thread/WARN] [immersive_aircraft.Main/]: Non-quad face found in model: aviator_dream:test!
[30Sep2026 04:23:21.427] [Render thread/WARN] [immersive_aircraft.Main/]: Non-quad face found in model: aviator_dream:test!
[30Sep2026 04:23:21.427] [Render thread/WARN] [immersive_aircraft.Main/]: Non-quad face found in model: aviator_dream:test!
[30Sep2026 04:23:21.427] [Render thread/WARN] [immersive_aircraft.Main/]: Non-quad face found in model: aviator_dream:test!
[30Sep2026 04:23:21.427] [Render thread/WARN] [immersive_aircraft.Main/]: Non-quad face found in model: aviator_dream:test!
[30Sep2026 04:23:21.427] [Render thread/WARN] [immersive_aircraft.Main/]: Non-quad face found in model: aviator_dream:test!
[30Sep2026 04:23:21.427] [Render thread/WARN] [immersive_aircraft.Main/]: Non-quad face found in model: aviator_dream:test!
[30Sep2026 04:23:21.427] [Render thread/WARN] [immersive_aircraft.Main/]: Non-quad face found in model: aviator_dream:test!
[30Sep2026 04:23:21.427] [Render thread/WARN] [immersive_aircraft.Main/]: Non-quad face found in model: aviator_dream:test!
[30Sep2026 04:23:21.427] [Render thread/WARN] [immersive_aircraft.Main/]: Non-quad face found in model: aviator_dream:test!
[30Sep2026 04:23:21.427] [Render thread/WARN] [immersive_aircraft.Main/]: Non-quad face found in model: aviator_dream:test!
[30Sep2026 04:23:21.427] [Render thread/WARN] [immersive_aircraft.Main/]: Non-quad face found in model: aviator_dream:test!
[30Sep2026 04:23:21.427] [Render thread/WARN] [immersive_aircraft.Main/]: Non-quad face found in model: aviator_dream:test!
[30Sep2026 04:23:21.427] [Render thread/WARN] [immersive_aircraft.Main/]: Non-quad face found in model: aviator_dream:test!
[30Sep2026 04:23:21.427] [Render thread/WARN] [immersive_aircraft.Main/]: Non-quad face found in model: aviator_dream:test!
[30Sep2026 04:23:21.427] [Render thread/WARN] [immersive_aircraft.Main/]: Non-quad face found in model: aviator_dream:test!
[30Sep2026 04:23:21.427] [Render thread/WARN] [immersive_aircraft.Main/]: Non-quad face found in model: aviator_dream:test!
[30Sep2026 04:23:21.427] [Render thread/WARN] [immersive_aircraft.Main/]: Non-quad face found in model: aviator_dream:test!
[30Sep2026 04:23:21.427] [Render thread/WARN] [immersive_aircraft.Main/]: Non-quad face found in model: aviator_dream:test!
[30Sep2026 04:23:21.427] [Render thread/WARN] [immersive_aircraft.Main/]: Non-quad face found in model: aviator_dream:test!
[30Sep2026 04:23:21.427] [Render thread/WARN] [immersive_aircraft.Main/]: Non-quad face found in model: aviator_dream:test!
[30Sep2026 04:23:21.427] [Render thread/WARN] [immersive_aircraft.Main/]: Non-quad face found in model: aviator_dream:test!
[30Sep2026 04:23:21.427] [Render thread/WARN] [immersive_aircraft.Main/]: Non-quad face found in model: aviator_dream:test!
[30Sep2026 04:23:21.427] [Render thread/WARN] [immersive_aircraft.Main/]: Non-quad face found in model: aviator_dream:test!
[30Sep2026 04:23:21.427] [Render thread/WARN] [immersive_aircraft.Main/]: Non-quad face found in model: aviator_dream:test!
[30Sep2026 04:23:21.427] [Render thread/WARN] [immersive_aircraft.Main/]: Non-quad face found in model: aviator_dream:test!
[30Sep2026 04:23:21.427] [Render thread/WARN] [immersive_aircraft.Main/]: Non-quad face found in model: aviator_dream:test!
[30Sep2026 04:23:21.427] [Render thread/WARN] [immersive_aircraft.Main/]: Non-quad face found in model: aviator_dream:test!
[30Sep2026 04:23:21.428] [Render thread/WARN] [immersive_aircraft.Main/]: Non-quad face found in model: aviator_dream:test!
[30Sep2026 04:23:21.428] [Render thread/WARN] [immersive_aircraft.Main/]: Non-quad face found in model: aviator_dream:test!
[30Sep2026 04:23:21.428] [Render thread/WARN] [immersive_aircraft.Main/]: Non-quad face found in model: aviator_dream:test!
[30Sep2026 04:23:21.428] [Render thread/WARN] [immersive_aircraft.Main/]: Non-quad face found in model: aviator_dream:test!
[30Sep2026 04:23:21.428] [Render thread/WARN] [immersive_aircraft.Main/]: Non-quad face found in model: aviator_dream:test!
[30Sep2026 04:23:21.428] [Render thread/WARN] [immersive_aircraft.Main/]: Non-quad face found in model: aviator_dream:test!
[30Sep2026 04:23:21.428] [Render thread/WARN] [immersive_aircraft.Main/]: Non-quad face found in model: aviator_dream:test!
[30Sep2026 04:23:21.428] [Render thread/WARN] [immersive_aircraft.Main/]: Non-quad face found in model: aviator_dream:test!
[30Sep2026 04:23:21.428] [Render thread/WARN] [immersive_aircraft.Main/]: Non-quad face found in model: aviator_dream:test!
[30Sep2026 04:23:21.428] [Render thread/WARN] [immersive_aircraft.Main/]: Non-quad face found in model: aviator_dream:test!
[30Sep2026 04:23:21.428] [Render thread/WARN] [immersive_aircraft.Main/]: Non-quad face found in model: aviator_dream:test!
[30Sep2026 04:23:21.428] [Render thread/WARN] [immersive_aircraft.Main/]: Non-quad face found in model: aviator_dream:test!
[30Sep2026 04:23:21.428] [Render thread/WARN] [immersive_aircraft.Main/]: Non-quad face found in model: aviator_dream:test!
[30Sep2026 04:23:21.428] [Render thread/WARN] [immersive_aircraft.Main/]: Non-quad face found in model: aviator_dream:test!
[30Sep2026 04:23:21.428] [Render thread/WARN] [immersive_aircraft.Main/]: Non-quad face found in model: aviator_dream:test!
[30Sep2026 04:23:21.428] [Render thread/WARN] [immersive_aircraft.Main/]: Non-quad face found in model: aviator_dream:test!
[30Sep2026 04:23:21.428] [Render thread/WARN] [immersive_aircraft.Main/]: Non-quad face found in model: aviator_dream:test!
[30Sep2026 04:23:21.428] [Render thread/WARN] [immersive_aircraft.Main/]: Non-quad face found in model: aviator_dream:test!
[30Sep2026 04:23:21.428] [Render thread/WARN] [immersive_aircraft.Main/]: Non-quad face found in model: aviator_dream:test!
[30Sep2026 04:23:21.428] [Render thread/WARN] [immersive_aircraft.Main/]: Non-quad face found in model: aviator_dream:test!
[30Sep2026 04:23:21.428] [Render thread/WARN] [immersive_aircraft.Main/]: Non-quad face found in model: aviator_dream:test!
[30Sep2026 04:23:21.428] [Render thread/WARN] [immersive_aircraft.Main/]: Non-quad face found in model: aviator_dream:test!
[30Sep2026 04:23:21.428] [Render thread/WARN] [immersive_aircraft.Main/]: Non-quad face found in model: aviator_dream:test!
[30Sep2026 04:23:21.428] [Render thread/WARN] [immersive_aircraft.Main/]: Non-quad face found in model: aviator_dream:test!
[30Sep2026 04:23:21.428] [Render thread/WARN] [immersive_aircraft.Main/]: Non-quad face found in model: aviator_dream:test!
[30Sep2026 04:23:21.428] [Render thread/WARN] [immersive_aircraft.Main/]: Non-quad face found in model: aviator_dream:test!
[30Sep2026 04:23:21.428] [Render thread/WARN] [immersive_aircraft.Main/]: Non-quad face found in model: aviator_dream:test!
[30Sep2026 04:23:21.428] [Render thread/WARN] [immersive_aircraft.Main/]: Non-quad face found in model: aviator_dream:test!
[30Sep2026 04:23:21.429] [Render thread/WARN] [immersive_aircraft.Main/]: Non-quad face found in model: aviator_dream:test!
[30Sep2026 04:23:21.429] [Render thread/WARN] [immersive_aircraft.Main/]: Non-quad face found in model: aviator_dream:test!
[30Sep2026 04:23:21.429] [Render thread/WARN] [immersive_aircraft.Main/]: Non-quad face found in model: aviator_dream:test!
[30Sep2026 04:23:21.429] [Render thread/WARN] [immersive_aircraft.Main/]: Non-quad face found in model: aviator_dream:test!
[30Sep2026 04:23:21.429] [Render thread/WARN] [immersive_aircraft.Main/]: Non-quad face found in model: aviator_dream:test!
[30Sep2026 04:23:21.429] [Render thread/WARN] [immersive_aircraft.Main/]: Non-quad face found in model: aviator_dream:test!
[30Sep2026 04:23:21.429] [Render thread/WARN] [immersive_aircraft.Main/]: Non-quad face found in model: aviator_dream:test!
[30Sep2026 04:23:21.429] [Render thread/WARN] [immersive_aircraft.Main/]: Non-quad face found in model: aviator_dream:test!
[30Sep2026 04:23:21.429] [Render thread/WARN] [immersive_aircraft.Main/]: Non-quad face found in model: aviator_dream:test!
[30Sep2026 04:23:21.429] [Render thread/WARN] [immersive_aircraft.Main/]: Non-quad face found in model: aviator_dream:test!
[30Sep2026 04:23:21.429] [Render thread/WARN] [immersive_aircraft.Main/]: Non-quad face found in model: aviator_dream:test!
[30Sep2026 04:23:21.429] [Render thread/WARN] [immersive_aircraft.Main/]: Non-quad face found in model: aviator_dream:test!
[30Sep2026 04:23:21.429] [Render thread/WARN] [immersive_aircraft.Main/]: Non-quad face found in model: aviator_dream:test!
[30Sep2026 04:23:21.429] [Render thread/WARN] [immersive_aircraft.Main/]: Non-quad face found in model: aviator_dream:test!
[30Sep2026 04:23:21.429] [Render thread/WARN] [immersive_aircraft.Main/]: Non-quad face found in model: aviator_dream:test!
[30Sep2026 04:23:21.429] [Render thread/WARN] [immersive_aircraft.Main/]: Non-quad face found in model: aviator_dream:test!
[30Sep2026 04:23:21.429] [Render thread/WARN] [immersive_aircraft.Main/]: Non-quad face found in model: aviator_dream:test!
[30Sep2026 04:23:21.429] [Render thread/WARN] [immersive_aircraft.Main/]: Non-quad face found in model: aviator_dream:test!
[30Sep2026 04:23:21.429] [Render thread/WARN] [immersive_aircraft.Main/]: Non-quad face found in model: aviator_dream:test!
[30Sep2026 04:23:21.429] [Render thread/WARN] [immersive_aircraft.Main/]: Non-quad face found in model: aviator_dream:test!
[30Sep2026 04:23:21.429] [Render thread/WARN] [immersive_aircraft.Main/]: Non-quad face found in model: aviator_dream:test!
[30Sep2026 04:23:21.429] [Render thread/WARN] [immersive_aircraft.Main/]: Non-quad face found in model: aviator_dream:test!
[30Sep2026 04:23:21.429] [Render thread/WARN] [immersive_aircraft.Main/]: Non-quad face found in model: aviator_dream:test!
[30Sep2026 04:23:21.429] [Render thread/WARN] [immersive_aircraft.Main/]: Non-quad face found in model: aviator_dream:test!
[30Sep2026 04:23:21.429] [Render thread/WARN] [immersive_aircraft.Main/]: Non-quad face found in model: aviator_dream:test!
[30Sep2026 04:23:21.429] [Render thread/WARN] [immersive_aircraft.Main/]: Non-quad face found in model: aviator_dream:test!
[30Sep2026 04:23:21.429] [Render thread/WARN] [immersive_aircraft.Main/]: Non-quad face found in model: aviator_dream:test!
[30Sep2026 04:23:21.429] [Render thread/WARN] [immersive_aircraft.Main/]: Non-quad face found in model: aviator_dream:test!
[30Sep2026 04:23:21.429] [Render thread/WARN] [immersive_aircraft.Main/]: Non-quad face found in model: aviator_dream:test!
[30Sep2026 04:23:21.430] [Render thread/WARN] [immersive_aircraft.Main/]: Non-quad face found in model: aviator_dream:test!
[30Sep2026 04:23:21.430] [Render thread/WARN] [immersive_aircraft.Main/]: Non-quad face found in model: aviator_dream:test!
[30Sep2026 04:23:21.430] [Render thread/WARN] [immersive_aircraft.Main/]: Non-quad face found in model: aviator_dream:test!
[30Sep2026 04:23:21.430] [Render thread/WARN] [immersive_aircraft.Main/]: Non-quad face found in model: aviator_dream:test!
[30Sep2026 04:23:21.430] [Render thread/WARN] [immersive_aircraft.Main/]: Non-quad face found in model: aviator_dream:test!
[30Sep2026 04:23:21.430] [Render thread/WARN] [immersive_aircraft.Main/]: Non-quad face found in model: aviator_dream:test!
[30Sep2026 04:23:21.430] [Render thread/WARN] [immersive_aircraft.Main/]: Non-quad face found in model: aviator_dream:test!
[30Sep2026 04:23:21.430] [Render thread/WARN] [immersive_aircraft.Main/]: Non-quad face found in model: aviator_dream:test!
[30Sep2026 04:23:21.430] [Render thread/WARN] [immersive_aircraft.Main/]: Non-quad face found in model: aviator_dream:test!
[30Sep2026 04:23:21.430] [Render thread/WARN] [immersive_aircraft.Main/]: Non-quad face found in model: aviator_dream:test!
[30Sep2026 04:23:21.430] [Render thread/WARN] [immersive_aircraft.Main/]: Non-quad face found in model: aviator_dream:test!
[30Sep2026 04:23:21.430] [Render thread/WARN] [immersive_aircraft.Main/]: Non-quad face found in model: aviator_dream:test!
[30Sep2026 04:23:21.430] [Render thread/WARN] [immersive_aircraft.Main/]: Non-quad face found in model: aviator_dream:test!
[30Sep2026 04:23:21.430] [Render thread/WARN] [immersive_aircraft.Main/]: Non-quad face found in model: aviator_dream:test!
[30Sep2026 04:23:21.430] [Render thread/WARN] [immersive_aircraft.Main/]: Non-quad face found in model: aviator_dream:test!
[30Sep2026 04:23:21.430] [Render thread/WARN] [immersive_aircraft.Main/]: Non-quad face found in model: aviator_dream:test!
[30Sep2026 04:23:21.430] [Render thread/WARN] [immersive_aircraft.Main/]: Non-quad face found in model: aviator_dream:test!
[30Sep2026 04:23:21.430] [Render thread/WARN] [immersive_aircraft.Main/]: Non-quad face found in model: aviator_dream:test!
[30Sep2026 04:23:21.430] [Render thread/WARN] [immersive_aircraft.Main/]: Non-quad face found in model: aviator_dream:test!
[30Sep2026 04:23:21.430] [Render thread/WARN] [immersive_aircraft.Main/]: Non-quad face found in model: aviator_dream:test!
[30Sep2026 04:23:21.430] [Render thread/WARN] [immersive_aircraft.Main/]: Non-quad face found in model: aviator_dream:test!
[30Sep2026 04:23:21.430] [Render thread/WARN] [immersive_aircraft.Main/]: Non-quad face found in model: aviator_dream:test!
[30Sep2026 04:23:21.430] [Render thread/WARN] [immersive_aircraft.Main/]: Non-quad face found in model: aviator_dream:test!
[30Sep2026 04:23:21.430] [Render thread/WARN] [immersive_aircraft.Main/]: Non-quad face found in model: aviator_dream:test!
[30Sep2026 04:23:21.430] [Render thread/WARN] [immersive_aircraft.Main/]: Non-quad face found in model: aviator_dream:test!
[30Sep2026 04:23:21.431] [Render thread/WARN] [immersive_aircraft.Main/]: Non-quad face found in model: aviator_dream:test!
[30Sep2026 04:23:21.431] [Render thread/WARN] [immersive_aircraft.Main/]: Non-quad face found in model: aviator_dream:test!
[30Sep2026 04:23:21.431] [Render thread/WARN] [immersive_aircraft.Main/]: Non-quad face found in model: aviator_dream:test!
[30Sep2026 04:23:21.431] [Render thread/WARN] [immersive_aircraft.Main/]: Non-quad face found in model: aviator_dream:test!
[30Sep2026 04:23:21.431] [Render thread/WARN] [immersive_aircraft.Main/]: Non-quad face found in model: aviator_dream:test!
[30Sep2026 04:23:21.431] [Render thread/WARN] [immersive_aircraft.Main/]: Non-quad face found in model: aviator_dream:test!
[30Sep2026 04:23:21.431] [Render thread/WARN] [immersive_aircraft.Main/]: Non-quad face found in model: aviator_dream:test!
[30Sep2026 04:23:21.431] [Render thread/WARN] [immersive_aircraft.Main/]: Non-quad face found in model: aviator_dream:test!
[30Sep2026 04:23:21.431] [Render thread/WARN] [immersive_aircraft.Main/]: Non-quad face found in model: aviator_dream:test!
[30Sep2026 04:23:21.431] [Render thread/WARN] [immersive_aircraft.Main/]: Non-quad face found in model: aviator_dream:test!
[30Sep2026 04:23:21.431] [Render thread/WARN] [immersive_aircraft.Main/]: Non-quad face found in model: aviator_dream:test!
[30Sep2026 04:23:21.431] [Render thread/WARN] [immersive_aircraft.Main/]: Non-quad face found in model: aviator_dream:test!
[30Sep2026 04:23:21.431] [Render thread/WARN] [immersive_aircraft.Main/]: Non-quad face found in model: aviator_dream:test!
[30Sep2026 04:23:21.431] [Render thread/WARN] [immersive_aircraft.Main/]: Non-quad face found in model: aviator_dream:test!
[30Sep2026 04:23:21.431] [Render thread/WARN] [immersive_aircraft.Main/]: Non-quad face found in model: aviator_dream:test!
[30Sep2026 04:23:21.431] [Render thread/WARN] [immersive_aircraft.Main/]: Non-quad face found in model: aviator_dream:test!
[30Sep2026 04:23:21.431] [Render thread/WARN] [immersive_aircraft.Main/]: Non-quad face found in model: aviator_dream:test!
[30Sep2026 04:23:21.431] [Render thread/WARN] [immersive_aircraft.Main/]: Non-quad face found in model: aviator_dream:test!
[30Sep2026 04:23:21.431] [Render thread/WARN] [immersive_aircraft.Main/]: Non-quad face found in model: aviator_dream:test!
[30Sep2026 04:23:21.431] [Render thread/WARN] [immersive_aircraft.Main/]: Non-quad face found in model: aviator_dream:test!
[30Sep2026 04:23:21.431] [Render thread/WARN] [immersive_aircraft.Main/]: Non-quad face found in model: aviator_dream:test!
[30Sep2026 04:23:21.431] [Render thread/WARN] [immersive_aircraft.Main/]: Non-quad face found in model: aviator_dream:test!
[30Sep2026 04:23:21.431] [Render thread/WARN] [immersive_aircraft.Main/]: Non-quad face found in model: aviator_dream:test!
[30Sep2026 04:23:21.431] [Render thread/WARN] [immersive_aircraft.Main/]: Non-quad face found in model: aviator_dream:test!
[30Sep2026 04:23:21.431] [Render thread/WARN] [immersive_aircraft.Main/]: Non-quad face found in model: aviator_dream:test!
[30Sep2026 04:23:21.431] [Render thread/WARN] [immersive_aircraft.Main/]: Non-quad face found in model: aviator_dream:test!
[30Sep2026 04:23:21.431] [Render thread/WARN] [immersive_aircraft.Main/]: Non-quad face found in model: aviator_dream:test!
[30Sep2026 04:23:21.431] [Render thread/WARN] [immersive_aircraft.Main/]: Non-quad face found in model: aviator_dream:test!
[30Sep2026 04:23:21.431] [Render thread/WARN] [immersive_aircraft.Main/]: Non-quad face found in model: aviator_dream:test!
[30Sep2026 04:23:21.431] [Render thread/WARN] [immersive_aircraft.Main/]: Non-quad face found in model: aviator_dream:test!
[30Sep2026 04:23:21.431] [Render thread/WARN] [immersive_aircraft.Main/]: Non-quad face found in model: aviator_dream:test!
[30Sep2026 04:23:21.431] [Render thread/WARN] [immersive_aircraft.Main/]: Non-quad face found in model: aviator_dream:test!
[30Sep2026 04:23:21.431] [Render thread/WARN] [immersive_aircraft.Main/]: Non-quad face found in model: aviator_dream:test!
[30Sep2026 04:23:21.431] [Render thread/WARN] [immersive_aircraft.Main/]: Non-quad face found in model: aviator_dream:test!
[30Sep2026 04:23:21.431] [Render thread/WARN] [immersive_aircraft.Main/]: Non-quad face found in model: aviator_dream:test!
[30Sep2026 04:23:21.431] [Render thread/WARN] [immersive_aircraft.Main/]: Non-quad face found in model: aviator_dream:test!
[30Sep2026 04:23:21.431] [Render thread/WARN] [immersive_aircraft.Main/]: Non-quad face found in model: aviator_dream:test!
[30Sep2026 04:23:21.431] [Render thread/WARN] [immersive_aircraft.Main/]: Non-quad face found in model: aviator_dream:test!
[30Sep2026 04:23:21.431] [Render thread/WARN] [immersive_aircraft.Main/]: Non-quad face found in model: aviator_dream:test!
[30Sep2026 04:23:21.431] [Render thread/WARN] [immersive_aircraft.Main/]: Non-quad face found in model: aviator_dream:test!
[30Sep2026 04:23:21.431] [Render thread/WARN] [immersive_aircraft.Main/]: Non-quad face found in model: aviator_dream:test!
[30Sep2026 04:23:21.431] [Render thread/WARN] [immersive_aircraft.Main/]: Non-quad face found in model: aviator_dream:test!
[30Sep2026 04:23:21.432] [Render thread/WARN] [immersive_aircraft.Main/]: Non-quad face found in model: aviator_dream:test!
[30Sep2026 04:23:21.432] [Render thread/WARN] [immersive_aircraft.Main/]: Non-quad face found in model: aviator_dream:test!
[30Sep2026 04:23:21.432] [Render thread/WARN] [immersive_aircraft.Main/]: Non-quad face found in model: aviator_dream:test!
[30Sep2026 04:23:21.432] [Render thread/WARN] [immersive_aircraft.Main/]: Non-quad face found in model: aviator_dream:test!
[30Sep2026 04:23:21.432] [Render thread/WARN] [immersive_aircraft.Main/]: Non-quad face found in model: aviator_dream:test!
[30Sep2026 04:23:21.432] [Render thread/WARN] [immersive_aircraft.Main/]: Non-quad face found in model: aviator_dream:test!
[30Sep2026 04:23:21.432] [Render thread/WARN] [immersive_aircraft.Main/]: Non-quad face found in model: aviator_dream:test!
[30Sep2026 04:23:21.432] [Render thread/WARN] [immersive_aircraft.Main/]: Non-quad face found in model: aviator_dream:test!
[30Sep2026 04:23:21.432] [Render thread/WARN] [immersive_aircraft.Main/]: Non-quad face found in model: aviator_dream:test!
[30Sep2026 04:23:21.432] [Render thread/WARN] [immersive_aircraft.Main/]: Non-quad face found in model: aviator_dream:test!
[30Sep2026 04:23:21.432] [Render thread/WARN] [immersive_aircraft.Main/]: Non-quad face found in model: aviator_dream:test!
[30Sep2026 04:23:21.432] [Render thread/WARN] [immersive_aircraft.Main/]: Non-quad face found in model: aviator_dream:test!
[30Sep2026 04:23:21.432] [Render thread/WARN] [immersive_aircraft.Main/]: Non-quad face found in model: aviator_dream:test!
[30Sep2026 04:23:21.432] [Render thread/WARN] [immersive_aircraft.Main/]: Non-quad face found in model: aviator_dream:test!
[30Sep2026 04:23:21.432] [Render thread/WARN] [immersive_aircraft.Main/]: Non-quad face found in model: aviator_dream:test!
[30Sep2026 04:23:21.432] [Render thread/WARN] [immersive_aircraft.Main/]: Non-quad face found in model: aviator_dream:test!
[30Sep2026 04:23:21.432] [Render thread/WARN] [immersive_aircraft.Main/]: Non-quad face found in model: aviator_dream:test!
[30Sep2026 04:23:21.432] [Render thread/WARN] [immersive_aircraft.Main/]: Non-quad face found in model: aviator_dream:test!
[30Sep2026 04:23:21.432] [Render thread/WARN] [immersive_aircraft.Main/]: Non-quad face found in model: aviator_dream:test!
[30Sep2026 04:23:21.432] [Render thread/WARN] [immersive_aircraft.Main/]: Non-quad face found in model: aviator_dream:test!
[30Sep2026 04:23:21.432] [Render thread/WARN] [immersive_aircraft.Main/]: Non-quad face found in model: aviator_dream:test!
[30Sep2026 04:23:21.432] [Render thread/WARN] [immersive_aircraft.Main/]: Non-quad face found in model: aviator_dream:test!
[30Sep2026 04:23:21.432] [Render thread/WARN] [immersive_aircraft.Main/]: Non-quad face found in model: aviator_dream:test!
[30Sep2026 04:23:21.432] [Render thread/WARN] [immersive_aircraft.Main/]: Non-quad face found in model: aviator_dream:test!
[30Sep2026 04:23:21.432] [Render thread/WARN] [immersive_aircraft.Main/]: Non-quad face found in model: aviator_dream:test!
[30Sep2026 04:23:21.432] [Render thread/WARN] [immersive_aircraft.Main/]: Non-quad face found in model: aviator_dream:test!
[30Sep2026 04:23:21.433] [Render thread/WARN] [immersive_aircraft.Main/]: Non-quad face found in model: aviator_dream:test!
[30Sep2026 04:23:21.433] [Render thread/WARN] [immersive_aircraft.Main/]: Non-quad face found in model: aviator_dream:test!
[30Sep2026 04:23:21.433] [Render thread/WARN] [immersive_aircraft.Main/]: Non-quad face found in model: aviator_dream:test!
[30Sep2026 04:23:21.433] [Render thread/WARN] [immersive_aircraft.Main/]: Non-quad face found in model: aviator_dream:test!
[30Sep2026 04:23:21.433] [Render thread/WARN] [immersive_aircraft.Main/]: Non-quad face found in model: aviator_dream:test!
[30Sep2026 04:23:21.433] [Render thread/WARN] [immersive_aircraft.Main/]: Non-quad face found in model: aviator_dream:test!
[30Sep2026 04:23:21.433] [Render thread/WARN] [immersive_aircraft.Main/]: Non-quad face found in model: aviator_dream:test!
[30Sep2026 04:23:21.433] [Render thread/WARN] [immersive_aircraft.Main/]: Non-quad face found in model: aviator_dream:test!
[30Sep2026 04:23:21.433] [Render thread/WARN] [immersive_aircraft.Main/]: Non-quad face found in model: aviator_dream:test!
[30Sep2026 04:23:21.433] [Render thread/WARN] [immersive_aircraft.Main/]: Non-quad face found in model: aviator_dream:test!
[30Sep2026 04:23:21.433] [Render thread/WARN] [immersive_aircraft.Main/]: Non-quad face found in model: aviator_dream:test!
[30Sep2026 04:23:21.433] [Render thread/WARN] [immersive_aircraft.Main/]: Non-quad face found in model: aviator_dream:test!
[30Sep2026 04:23:21.433] [Render thread/WARN] [immersive_aircraft.Main/]: Non-quad face found in model: aviator_dream:test!
[30Sep2026 04:23:21.433] [Render thread/WARN] [immersive_aircraft.Main/]: Non-quad face found in model: aviator_dream:test!
[30Sep2026 04:23:21.433] [Render thread/WARN] [immersive_aircraft.Main/]: Non-quad face found in model: aviator_dream:test!
[30Sep2026 04:23:21.433] [Render thread/WARN] [immersive_aircraft.Main/]: Non-quad face found in model: aviator_dream:test!
[30Sep2026 04:23:21.433] [Render thread/WARN] [immersive_aircraft.Main/]: Non-quad face found in model: aviator_dream:test!
[30Sep2026 04:23:21.433] [Render thread/WARN] [immersive_aircraft.Main/]: Non-quad face found in model: aviator_dream:test!
[30Sep2026 04:23:21.433] [Render thread/WARN] [immersive_aircraft.Main/]: Non-quad face found in model: aviator_dream:test!
[30Sep2026 04:23:21.433] [Render thread/WARN] [immersive_aircraft.Main/]: Non-quad face found in model: aviator_dream:test!
[30Sep2026 04:23:21.433] [Render thread/WARN] [immersive_aircraft.Main/]: Non-quad face found in model: aviator_dream:test!
[30Sep2026 04:23:21.433] [Render thread/WARN] [immersive_aircraft.Main/]: Non-quad face found in model: aviator_dream:test!
[30Sep2026 04:23:21.433] [Render thread/WARN] [immersive_aircraft.Main/]: Non-quad face found in model: aviator_dream:test!
[30Sep2026 04:23:21.433] [Render thread/WARN] [immersive_aircraft.Main/]: Non-quad face found in model: aviator_dream:test!
[30Sep2026 04:23:21.433] [Render thread/WARN] [immersive_aircraft.Main/]: Non-quad face found in model: aviator_dream:test!
[30Sep2026 04:23:21.433] [Render thread/WARN] [immersive_aircraft.Main/]: Non-quad face found in model: aviator_dream:test!
[30Sep2026 04:23:21.433] [Render thread/WARN] [immersive_aircraft.Main/]: Non-quad face found in model: aviator_dream:test!
[30Sep2026 04:23:21.433] [Render thread/WARN] [immersive_aircraft.Main/]: Non-quad face found in model: aviator_dream:test!
[30Sep2026 04:23:21.433] [Render thread/WARN] [immersive_aircraft.Main/]: Non-quad face found in model: aviator_dream:test!
[30Sep2026 04:23:21.434] [Render thread/WARN] [immersive_aircraft.Main/]: Non-quad face found in model: aviator_dream:test!
[30Sep2026 04:23:21.434] [Render thread/WARN] [immersive_aircraft.Main/]: Non-quad face found in model: aviator_dream:test!
[30Sep2026 04:23:21.434] [Render thread/WARN] [immersive_aircraft.Main/]: Non-quad face found in model: aviator_dream:test!
[30Sep2026 04:23:21.434] [Render thread/WARN] [immersive_aircraft.Main/]: Non-quad face found in model: aviator_dream:test!
[30Sep2026 04:23:21.434] [Render thread/WARN] [immersive_aircraft.Main/]: Non-quad face found in model: aviator_dream:test!
[30Sep2026 04:23:21.434] [Render thread/WARN] [immersive_aircraft.Main/]: Non-quad face found in model: aviator_dream:test!
[30Sep2026 04:23:21.434] [Render thread/WARN] [immersive_aircraft.Main/]: Non-quad face found in model: aviator_dream:test!
[30Sep2026 04:23:21.434] [Render thread/WARN] [immersive_aircraft.Main/]: Non-quad face found in model: aviator_dream:test!
[30Sep2026 04:23:21.434] [Render thread/WARN] [immersive_aircraft.Main/]: Non-quad face found in model: aviator_dream:test!
[30Sep2026 04:23:21.434] [Render thread/WARN] [immersive_aircraft.Main/]: Non-quad face found in model: aviator_dream:test!
[30Sep2026 04:23:21.434] [Render thread/WARN] [immersive_aircraft.Main/]: Non-quad face found in model: aviator_dream:test!
[30Sep2026 04:23:21.434] [Render thread/WARN] [immersive_aircraft.Main/]: Non-quad face found in model: aviator_dream:test!
[30Sep2026 04:23:21.434] [Render thread/WARN] [immersive_aircraft.Main/]: Non-quad face found in model: aviator_dream:test!
[30Sep2026 04:23:21.434] [Render thread/WARN] [immersive_aircraft.Main/]: Non-quad face found in model: aviator_dream:test!
[30Sep2026 04:23:21.434] [Render thread/WARN] [immersive_aircraft.Main/]: Non-quad face found in model: aviator_dream:test!
[30Sep2026 04:23:21.434] [Render thread/WARN] [immersive_aircraft.Main/]: Non-quad face found in model: aviator_dream:test!
[30Sep2026 04:23:21.434] [Render thread/WARN] [immersive_aircraft.Main/]: Non-quad face found in model: aviator_dream:test!
[30Sep2026 04:23:21.434] [Render thread/WARN] [immersive_aircraft.Main/]: Non-quad face found in model: aviator_dream:test!
[30Sep2026 04:23:21.434] [Render thread/WARN] [immersive_aircraft.Main/]: Non-quad face found in model: aviator_dream:test!
[30Sep2026 04:23:21.434] [Render thread/WARN] [immersive_aircraft.Main/]: Non-quad face found in model: aviator_dream:test!
[30Sep2026 04:23:21.434] [Render thread/WARN] [immersive_aircraft.Main/]: Non-quad face found in model: aviator_dream:test!
[30Sep2026 04:23:21.434] [Render thread/WARN] [immersive_aircraft.Main/]: Non-quad face found in model: aviator_dream:test!
[30Sep2026 04:23:21.434] [Render thread/WARN] [immersive_aircraft.Main/]: Non-quad face found in model: aviator_dream:test!
[30Sep2026 04:23:21.434] [Render thread/WARN] [immersive_aircraft.Main/]: Non-quad face found in model: aviator_dream:test!
[30Sep2026 04:23:21.434] [Render thread/WARN] [immersive_aircraft.Main/]: Non-quad face found in model: aviator_dream:test!
[30Sep2026 04:23:21.434] [Render thread/WARN] [immersive_aircraft.Main/]: Non-quad face found in model: aviator_dream:test!
[30Sep2026 04:23:21.434] [Render thread/WARN] [immersive_aircraft.Main/]: Non-quad face found in model: aviator_dream:test!
[30Sep2026 04:23:21.434] [Render thread/WARN] [immersive_aircraft.Main/]: Non-quad face found in model: aviator_dream:test!
[30Sep2026 04:23:21.434] [Render thread/WARN] [immersive_aircraft.Main/]: Non-quad face found in model: aviator_dream:test!
[30Sep2026 04:23:21.434] [Render thread/WARN] [immersive_aircraft.Main/]: Non-quad face found in model: aviator_dream:test!
[30Sep2026 04:23:21.434] [Render thread/WARN] [immersive_aircraft.Main/]: Non-quad face found in model: aviator_dream:test!
[30Sep2026 04:23:21.434] [Render thread/WARN] [immersive_aircraft.Main/]: Non-quad face found in model: aviator_dream:test!
[30Sep2026 04:23:21.434] [Render thread/WARN] [immersive_aircraft.Main/]: Non-quad face found in model: aviator_dream:test!
[30Sep2026 04:23:21.434] [Render thread/WARN] [immersive_aircraft.Main/]: Non-quad face found in model: aviator_dream:test!
[30Sep2026 04:23:21.434] [Render thread/WARN] [immersive_aircraft.Main/]: Non-quad face found in model: aviator_dream:test!
[30Sep2026 04:23:21.434] [Render thread/WARN] [immersive_aircraft.Main/]: Non-quad face found in model: aviator_dream:test!
[30Sep2026 04:23:21.435] [Render thread/WARN] [immersive_aircraft.Main/]: Non-quad face found in model: aviator_dream:test!
[30Sep2026 04:23:21.435] [Render thread/WARN] [immersive_aircraft.Main/]: Non-quad face found in model: aviator_dream:test!
[30Sep2026 04:23:21.435] [Render thread/WARN] [immersive_aircraft.Main/]: Non-quad face found in model: aviator_dream:test!
[30Sep2026 04:23:21.435] [Render thread/WARN] [immersive_aircraft.Main/]: Non-quad face found in model: aviator_dream:test!
[30Sep2026 04:23:21.435] [Render thread/WARN] [immersive_aircraft.Main/]: Non-quad face found in model: aviator_dream:test!
[30Sep2026 04:23:21.435] [Render thread/WARN] [immersive_aircraft.Main/]: Non-quad face found in model: aviator_dream:test!
[30Sep2026 04:23:21.435] [Render thread/WARN] [immersive_aircraft.Main/]: Non-quad face found in model: aviator_dream:test!
[30Sep2026 04:23:21.435] [Render thread/WARN] [immersive_aircraft.Main/]: Non-quad face found in model: aviator_dream:test!
[30Sep2026 04:23:21.435] [Render thread/WARN] [immersive_aircraft.Main/]: Non-quad face found in model: aviator_dream:test!
[30Sep2026 04:23:21.435] [Render thread/WARN] [immersive_aircraft.Main/]: Non-quad face found in model: aviator_dream:test!
[30Sep2026 04:23:21.435] [Render thread/WARN] [immersive_aircraft.Main/]: Non-quad face found in model: aviator_dream:test!
[30Sep2026 04:23:21.435] [Render thread/WARN] [immersive_aircraft.Main/]: Non-quad face found in model: aviator_dream:test!
[30Sep2026 04:23:21.435] [Render thread/WARN] [immersive_aircraft.Main/]: Non-quad face found in model: aviator_dream:test!
[30Sep2026 04:23:21.435] [Render thread/WARN] [immersive_aircraft.Main/]: Non-quad face found in model: aviator_dream:test!
[30Sep2026 04:23:21.435] [Render thread/WARN] [immersive_aircraft.Main/]: Non-quad face found in model: aviator_dream:test!
[30Sep2026 04:23:21.435] [Render thread/WARN] [immersive_aircraft.Main/]: Non-quad face found in model: aviator_dream:test!
[30Sep2026 04:23:21.435] [Render thread/WARN] [immersive_aircraft.Main/]: Non-quad face found in model: aviator_dream:test!
[30Sep2026 04:23:21.435] [Render thread/WARN] [immersive_aircraft.Main/]: Non-quad face found in model: aviator_dream:test!
[30Sep2026 04:23:21.435] [Render thread/WARN] [immersive_aircraft.Main/]: Non-quad face found in model: aviator_dream:test!
[30Sep2026 04:23:21.435] [Render thread/WARN] [immersive_aircraft.Main/]: Non-quad face found in model: aviator_dream:test!
[30Sep2026 04:23:21.435] [Render thread/WARN] [immersive_aircraft.Main/]: Non-quad face found in model: aviator_dream:test!
[30Sep2026 04:23:21.443] [Render thread/WARN] [immersive_aircraft.Main/]: Non-quad face found in model: aviator_dream:douglas_dc1!
[30Sep2026 04:23:21.443] [Render thread/WARN] [immersive_aircraft.Main/]: Non-quad face found in model: aviator_dream:douglas_dc1!
[30Sep2026 04:23:21.443] [Render thread/WARN] [immersive_aircraft.Main/]: Non-quad face found in model: aviator_dream:douglas_dc1!
[30Sep2026 04:23:21.443] [Render thread/WARN] [immersive_aircraft.Main/]: Non-quad face found in model: aviator_dream:douglas_dc1!
[30Sep2026 04:23:21.443] [Render thread/WARN] [immersive_aircraft.Main/]: Non-quad face found in model: aviator_dream:douglas_dc1!
[30Sep2026 04:23:21.443] [Render thread/WARN] [immersive_aircraft.Main/]: Non-quad face found in model: aviator_dream:douglas_dc1!
[30Sep2026 04:23:21.443] [Render thread/WARN] [immersive_aircraft.Main/]: Non-quad face found in model: aviator_dream:douglas_dc1!
[30Sep2026 04:23:21.443] [Render thread/WARN] [immersive_aircraft.Main/]: Non-quad face found in model: aviator_dream:douglas_dc1!
[30Sep2026 04:23:21.445] [Render thread/WARN] [immersive_aircraft.Main/]: Non-quad face found in model: aviator_dream:douglas_dc1!
[30Sep2026 04:23:21.445] [Render thread/WARN] [immersive_aircraft.Main/]: Non-quad face found in model: aviator_dream:douglas_dc1!
[30Sep2026 04:23:21.445] [Render thread/WARN] [immersive_aircraft.Main/]: Non-quad face found in model: aviator_dream:douglas_dc1!
[30Sep2026 04:23:21.445] [Render thread/WARN] [immersive_aircraft.Main/]: Non-quad face found in model: aviator_dream:douglas_dc1!
[30Sep2026 04:23:21.445] [Render thread/WARN] [immersive_aircraft.Main/]: Non-quad face found in model: aviator_dream:douglas_dc1!
[30Sep2026 04:23:21.445] [Render thread/WARN] [immersive_aircraft.Main/]: Non-quad face found in model: aviator_dream:douglas_dc1!
[30Sep2026 04:23:21.445] [Render thread/WARN] [immersive_aircraft.Main/]: Non-quad face found in model: aviator_dream:douglas_dc1!
[30Sep2026 04:23:21.445] [Render thread/WARN] [immersive_aircraft.Main/]: Non-quad face found in model: aviator_dream:douglas_dc1!
[30Sep2026 04:23:21.448] [Render thread/WARN] [immersive_aircraft.Main/]: Non-quad face found in model: aviator_dream:douglas_dc1!
[30Sep2026 04:23:21.448] [Render thread/WARN] [immersive_aircraft.Main/]: Non-quad face found in model: aviator_dream:douglas_dc1!
[30Sep2026 04:23:21.451] [Render thread/WARN] [immersive_aircraft.Main/]: Non-quad face found in model: aviator_dream:douglas_dc1!
[30Sep2026 04:23:21.451] [Render thread/WARN] [immersive_aircraft.Main/]: Non-quad face found in model: aviator_dream:douglas_dc1!
[30Sep2026 04:23:21.451] [Render thread/WARN] [immersive_aircraft.Main/]: Non-quad face found in model: aviator_dream:douglas_dc1!
[30Sep2026 04:23:21.451] [Render thread/WARN] [immersive_aircraft.Main/]: Non-quad face found in model: aviator_dream:douglas_dc1!
[30Sep2026 04:23:21.461] [Render thread/WARN] [immersive_aircraft.Main/]: Non-quad face found in model: aviator_dream:douglas_dc2!
[30Sep2026 04:23:21.461] [Render thread/WARN] [immersive_aircraft.Main/]: Non-quad face found in model: aviator_dream:douglas_dc2!
[30Sep2026 04:23:21.461] [Render thread/WARN] [immersive_aircraft.Main/]: Non-quad face found in model: aviator_dream:douglas_dc2!
[30Sep2026 04:23:21.461] [Render thread/WARN] [immersive_aircraft.Main/]: Non-quad face found in model: aviator_dream:douglas_dc2!
[30Sep2026 04:23:21.461] [Render thread/WARN] [immersive_aircraft.Main/]: Non-quad face found in model: aviator_dream:douglas_dc2!
[30Sep2026 04:23:21.461] [Render thread/WARN] [immersive_aircraft.Main/]: Non-quad face found in model: aviator_dream:douglas_dc2!
[30Sep2026 04:23:21.461] [Render thread/WARN] [immersive_aircraft.Main/]: Non-quad face found in model: aviator_dream:douglas_dc2!
[30Sep2026 04:23:21.461] [Render thread/WARN] [immersive_aircraft.Main/]: Non-quad face found in model: aviator_dream:douglas_dc2!
[30Sep2026 04:23:21.463] [Render thread/WARN] [immersive_aircraft.Main/]: Non-quad face found in model: aviator_dream:douglas_dc2!
[30Sep2026 04:23:21.463] [Render thread/WARN] [immersive_aircraft.Main/]: Non-quad face found in model: aviator_dream:douglas_dc2!
[30Sep2026 04:23:21.463] [Render thread/WARN] [immersive_aircraft.Main/]: Non-quad face found in model: aviator_dream:douglas_dc2!
[30Sep2026 04:23:21.463] [Render thread/WARN] [immersive_aircraft.Main/]: Non-quad face found in model: aviator_dream:douglas_dc2!
[30Sep2026 04:23:21.463] [Render thread/WARN] [immersive_aircraft.Main/]: Non-quad face found in model: aviator_dream:douglas_dc2!
[30Sep2026 04:23:21.463] [Render thread/WARN] [immersive_aircraft.Main/]: Non-quad face found in model: aviator_dream:douglas_dc2!
[30Sep2026 04:23:21.463] [Render thread/WARN] [immersive_aircraft.Main/]: Non-quad face found in model: aviator_dream:douglas_dc2!
[30Sep2026 04:23:21.463] [Render thread/WARN] [immersive_aircraft.Main/]: Non-quad face found in model: aviator_dream:douglas_dc2!
[30Sep2026 04:23:21.467] [Render thread/WARN] [immersive_aircraft.Main/]: Non-quad face found in model: aviator_dream:douglas_dc2!
[30Sep2026 04:23:21.467] [Render thread/WARN] [immersive_aircraft.Main/]: Non-quad face found in model: aviator_dream:douglas_dc2!
[30Sep2026 04:23:21.471] [Render thread/WARN] [immersive_aircraft.Main/]: Non-quad face found in model: aviator_dream:douglas_dc2!
[30Sep2026 04:23:21.471] [Render thread/WARN] [immersive_aircraft.Main/]: Non-quad face found in model: aviator_dream:douglas_dc2!
[30Sep2026 04:23:21.471] [Render thread/WARN] [immersive_aircraft.Main/]: Non-quad face found in model: aviator_dream:douglas_dc2!
[30Sep2026 04:23:21.471] [Render thread/WARN] [immersive_aircraft.Main/]: Non-quad face found in model: aviator_dream:douglas_dc2!
[30Sep2026 04:23:21.485] [Render thread/WARN] [immersive_aircraft.Main/]: Non-quad face found in model: aviator_dream:douglas_c47!
[30Sep2026 04:23:21.485] [Render thread/WARN] [immersive_aircraft.Main/]: Non-quad face found in model: aviator_dream:douglas_c47!
[30Sep2026 04:23:21.485] [Render thread/WARN] [immersive_aircraft.Main/]: Non-quad face found in model: aviator_dream:douglas_c47!
[30Sep2026 04:23:21.485] [Render thread/WARN] [immersive_aircraft.Main/]: Non-quad face found in model: aviator_dream:douglas_c47!
[30Sep2026 04:23:21.485] [Render thread/WARN] [immersive_aircraft.Main/]: Non-quad face found in model: aviator_dream:douglas_c47!
[30Sep2026 04:23:21.485] [Render thread/WARN] [immersive_aircraft.Main/]: Non-quad face found in model: aviator_dream:douglas_c47!
[30Sep2026 04:23:21.485] [Render thread/WARN] [immersive_aircraft.Main/]: Non-quad face found in model: aviator_dream:douglas_c47!
[30Sep2026 04:23:21.485] [Render thread/WARN] [immersive_aircraft.Main/]: Non-quad face found in model: aviator_dream:douglas_c47!
[30Sep2026 04:23:21.490] [Render thread/WARN] [immersive_aircraft.Main/]: Non-quad face found in model: aviator_dream:douglas_c47!
[30Sep2026 04:23:21.490] [Render thread/WARN] [immersive_aircraft.Main/]: Non-quad face found in model: aviator_dream:douglas_c47!
[30Sep2026 04:23:21.490] [Render thread/WARN] [immersive_aircraft.Main/]: Non-quad face found in model: aviator_dream:douglas_c47!
[30Sep2026 04:23:21.490] [Render thread/WARN] [immersive_aircraft.Main/]: Non-quad face found in model: aviator_dream:douglas_c47!
[30Sep2026 04:23:21.490] [Render thread/WARN] [immersive_aircraft.Main/]: Non-quad face found in model: aviator_dream:douglas_c47!
[30Sep2026 04:23:21.490] [Render thread/WARN] [immersive_aircraft.Main/]: Non-quad face found in model: aviator_dream:douglas_c47!
[30Sep2026 04:23:21.490] [Render thread/WARN] [immersive_aircraft.Main/]: Non-quad face found in model: aviator_dream:douglas_c47!
[30Sep2026 04:23:21.490] [Render thread/WARN] [immersive_aircraft.Main/]: Non-quad face found in model: aviator_dream:douglas_c47!
[30Sep2026 04:23:21.496] [Render thread/WARN] [immersive_aircraft.Main/]: Non-quad face found in model: aviator_dream:douglas_c47!
[30Sep2026 04:23:21.496] [Render thread/WARN] [immersive_aircraft.Main/]: Non-quad face found in model: aviator_dream:douglas_c47!
[30Sep2026 04:23:21.500] [Render thread/WARN] [immersive_aircraft.Main/]: Non-quad face found in model: aviator_dream:douglas_c47!
[30Sep2026 04:23:21.500] [Render thread/WARN] [immersive_aircraft.Main/]: Non-quad face found in model: aviator_dream:douglas_c47!
[30Sep2026 04:23:21.501] [Render thread/WARN] [immersive_aircraft.Main/]: Non-quad face found in model: aviator_dream:douglas_c47!
[30Sep2026 04:23:21.501] [Render thread/WARN] [immersive_aircraft.Main/]: Non-quad face found in model: aviator_dream:douglas_c47!
[30Sep2026 04:23:21.504] [Render thread/WARN] [immersive_aircraft.Main/]: Non-quad face found in model: aviator_dream:douglas_c47!
[30Sep2026 04:23:21.504] [Render thread/WARN] [immersive_aircraft.Main/]: Non-quad face found in model: aviator_dream:douglas_c47!
[30Sep2026 04:23:21.507] [Render thread/WARN] [immersive_aircraft.Main/]: Non-quad face found in model: aviator_dream:fokker_fviia!
[30Sep2026 04:23:21.507] [Render thread/WARN] [immersive_aircraft.Main/]: Non-quad face found in model: aviator_dream:fokker_fviia!
[30Sep2026 04:23:21.507] [Render thread/WARN] [immersive_aircraft.Main/]: Non-quad face found in model: aviator_dream:fokker_fviia!
[30Sep2026 04:23:21.507] [Render thread/WARN] [immersive_aircraft.Main/]: Non-quad face found in model: aviator_dream:fokker_fviia!
[30Sep2026 04:23:21.507] [Render thread/WARN] [immersive_aircraft.Main/]: Non-quad face found in model: aviator_dream:fokker_fviia!
[30Sep2026 04:23:21.507] [Render thread/WARN] [immersive_aircraft.Main/]: Non-quad face found in model: aviator_dream:fokker_fviia!
[30Sep2026 04:23:21.507] [Render thread/WARN] [immersive_aircraft.Main/]: Non-quad face found in model: aviator_dream:fokker_fviia!
[30Sep2026 04:23:21.507] [Render thread/WARN] [immersive_aircraft.Main/]: Non-quad face found in model: aviator_dream:fokker_fviia!
[30Sep2026 04:23:21.511] [Render thread/WARN] [immersive_aircraft.Main/]: Non-quad face found in model: aviator_dream:fokker_fviia!
[30Sep2026 04:23:21.523] [Render thread/WARN] [immersive_aircraft.Main/]: Non-quad face found in model: aviator_dream:lockheed_l1049g!
[30Sep2026 04:23:21.523] [Render thread/WARN] [immersive_aircraft.Main/]: Non-quad face found in model: aviator_dream:lockheed_l1049g!
[30Sep2026 04:23:21.527] [Render thread/WARN] [immersive_aircraft.Main/]: Non-quad face found in model: aviator_dream:lockheed_l1049g!
[30Sep2026 04:23:21.527] [Render thread/WARN] [immersive_aircraft.Main/]: Non-quad face found in model: aviator_dream:lockheed_l1049g!
[30Sep2026 04:23:21.527] [Render thread/WARN] [immersive_aircraft.Main/]: Non-quad face found in model: aviator_dream:lockheed_l1049g!
[30Sep2026 04:23:21.527] [Render thread/WARN] [immersive_aircraft.Main/]: Non-quad face found in model: aviator_dream:lockheed_l1049g!
[30Sep2026 04:23:21.527] [Render thread/WARN] [immersive_aircraft.Main/]: Non-quad face found in model: aviator_dream:lockheed_l1049g!
[30Sep2026 04:23:21.527] [Render thread/WARN] [immersive_aircraft.Main/]: Non-quad face found in model: aviator_dream:lockheed_l1049g!
[30Sep2026 04:23:21.527] [Render thread/WARN] [immersive_aircraft.Main/]: Non-quad face found in model: aviator_dream:lockheed_l1049g!
[30Sep2026 04:23:21.527] [Render thread/WARN] [immersive_aircraft.Main/]: Non-quad face found in model: aviator_dream:lockheed_l1049g!
[30Sep2026 04:23:21.530] [Render thread/WARN] [immersive_aircraft.Main/]: Non-quad face found in model: aviator_dream:lockheed_l1049g!
[30Sep2026 04:23:21.530] [Render thread/WARN] [immersive_aircraft.Main/]: Non-quad face found in model: aviator_dream:lockheed_l1049g!
[30Sep2026 04:23:21.530] [Render thread/WARN] [immersive_aircraft.Main/]: Non-quad face found in model: aviator_dream:lockheed_l1049g!
[30Sep2026 04:23:21.530] [Render thread/WARN] [immersive_aircraft.Main/]: Non-quad face found in model: aviator_dream:lockheed_l1049g!
[30Sep2026 04:23:21.530] [Render thread/WARN] [immersive_aircraft.Main/]: Non-quad face found in model: aviator_dream:lockheed_l1049g!
[30Sep2026 04:23:21.530] [Render thread/WARN] [immersive_aircraft.Main/]: Non-quad face found in model: aviator_dream:lockheed_l1049g!
[30Sep2026 04:23:21.530] [Render thread/WARN] [immersive_aircraft.Main/]: Non-quad face found in model: aviator_dream:lockheed_l1049g!
[30Sep2026 04:23:21.530] [Render thread/WARN] [immersive_aircraft.Main/]: Non-quad face found in model: aviator_dream:lockheed_l1049g!
[30Sep2026 04:23:21.534] [Render thread/WARN] [immersive_aircraft.Main/]: Non-quad face found in model: aviator_dream:lockheed_l1049g!
[30Sep2026 04:23:21.534] [Render thread/WARN] [immersive_aircraft.Main/]: Non-quad face found in model: aviator_dream:lockheed_l1049g!
[30Sep2026 04:23:21.534] [Render thread/WARN] [immersive_aircraft.Main/]: Non-quad face found in model: aviator_dream:lockheed_l1049g!
[30Sep2026 04:23:21.534] [Render thread/WARN] [immersive_aircraft.Main/]: Non-quad face found in model: aviator_dream:lockheed_l1049g!
[30Sep2026 04:23:21.534] [Render thread/WARN] [immersive_aircraft.Main/]: Non-quad face found in model: aviator_dream:lockheed_l1049g!
[30Sep2026 04:23:21.534] [Render thread/WARN] [immersive_aircraft.Main/]: Non-quad face found in model: aviator_dream:lockheed_l1049g!
[30Sep2026 04:23:21.534] [Render thread/WARN] [immersive_aircraft.Main/]: Non-quad face found in model: aviator_dream:lockheed_l1049g!
[30Sep2026 04:23:21.534] [Render thread/WARN] [immersive_aircraft.Main/]: Non-quad face found in model: aviator_dream:lockheed_l1049g!
[30Sep2026 04:23:21.539] [Render thread/WARN] [immersive_aircraft.Main/]: Non-quad face found in model: aviator_dream:lockheed_l1049g!
[30Sep2026 04:23:21.539] [Render thread/WARN] [immersive_aircraft.Main/]: Non-quad face found in model: aviator_dream:lockheed_l1049g!
[30Sep2026 04:23:21.539] [Render thread/WARN] [immersive_aircraft.Main/]: Non-quad face found in model: aviator_dream:lockheed_l1049g!
[30Sep2026 04:23:21.539] [Render thread/WARN] [immersive_aircraft.Main/]: Non-quad face found in model: aviator_dream:lockheed_l1049g!
[30Sep2026 04:23:21.539] [Render thread/WARN] [immersive_aircraft.Main/]: Non-quad face found in model: aviator_dream:lockheed_l1049g!
[30Sep2026 04:23:21.539] [Render thread/WARN] [immersive_aircraft.Main/]: Non-quad face found in model: aviator_dream:lockheed_l1049g!
[30Sep2026 04:23:21.539] [Render thread/WARN] [immersive_aircraft.Main/]: Non-quad face found in model: aviator_dream:lockheed_l1049g!
[30Sep2026 04:23:21.539] [Render thread/WARN] [immersive_aircraft.Main/]: Non-quad face found in model: aviator_dream:lockheed_l1049g!
[30Sep2026 04:23:21.545] [Render thread/WARN] [immersive_aircraft.Main/]: Non-quad face found in model: aviator_dream:lockheed_l1049g!
[30Sep2026 04:23:21.545] [Render thread/WARN] [immersive_aircraft.Main/]: Non-quad face found in model: aviator_dream:lockheed_l1049g!
[30Sep2026 04:23:21.545] [Render thread/WARN] [immersive_aircraft.Main/]: Non-quad face found in model: aviator_dream:lockheed_l1049g!
[30Sep2026 04:23:21.545] [Render thread/WARN] [immersive_aircraft.Main/]: Non-quad face found in model: aviator_dream:lockheed_l1049g!
[30Sep2026 04:23:21.574] [Render thread/WARN] [immersive_aircraft.Main/]: Non-quad face found in model: aviator_dream:fokker_fviib3m!
[30Sep2026 04:23:21.575] [Render thread/WARN] [immersive_aircraft.Main/]: Non-quad face found in model: aviator_dream:fokker_fviib3m!
[30Sep2026 04:23:21.575] [Render thread/WARN] [immersive_aircraft.Main/]: Non-quad face found in model: aviator_dream:fokker_fviib3m!
[30Sep2026 04:23:21.575] [Render thread/WARN] [immersive_aircraft.Main/]: Non-quad face found in model: aviator_dream:fokker_fviib3m!
[30Sep2026 04:23:21.575] [Render thread/WARN] [immersive_aircraft.Main/]: Non-quad face found in model: aviator_dream:fokker_fviib3m!
[30Sep2026 04:23:21.575] [Render thread/WARN] [immersive_aircraft.Main/]: Non-quad face found in model: aviator_dream:fokker_fviib3m!
[30Sep2026 04:23:21.575] [Render thread/WARN] [immersive_aircraft.Main/]: Non-quad face found in model: aviator_dream:fokker_fviib3m!
[30Sep2026 04:23:21.575] [Render thread/WARN] [immersive_aircraft.Main/]: Non-quad face found in model: aviator_dream:fokker_fviib3m!
[30Sep2026 04:23:21.578] [Render thread/WARN] [immersive_aircraft.Main/]: Non-quad face found in model: aviator_dream:fokker_fviib3m!
[30Sep2026 04:23:21.578] [Render thread/WARN] [immersive_aircraft.Main/]: Non-quad face found in model: aviator_dream:fokker_fviib3m!
[30Sep2026 04:23:21.578] [Render thread/WARN] [immersive_aircraft.Main/]: Non-quad face found in model: aviator_dream:fokker_fviib3m!
[30Sep2026 04:23:21.578] [Render thread/WARN] [immersive_aircraft.Main/]: Non-quad face found in model: aviator_dream:fokker_fviib3m!
[30Sep2026 04:23:21.578] [Render thread/WARN] [immersive_aircraft.Main/]: Non-quad face found in model: aviator_dream:fokker_fviib3m!
[30Sep2026 04:23:21.578] [Render thread/WARN] [immersive_aircraft.Main/]: Non-quad face found in model: aviator_dream:fokker_fviib3m!
[30Sep2026 04:23:21.578] [Render thread/WARN] [immersive_aircraft.Main/]: Non-quad face found in model: aviator_dream:fokker_fviib3m!
[30Sep2026 04:23:21.578] [Render thread/WARN] [immersive_aircraft.Main/]: Non-quad face found in model: aviator_dream:fokker_fviib3m!
[30Sep2026 04:23:21.580] [Render thread/WARN] [immersive_aircraft.Main/]: Non-quad face found in model: aviator_dream:fokker_fviib3m!
[30Sep2026 04:23:21.580] [Render thread/WARN] [immersive_aircraft.Main/]: Non-quad face found in model: aviator_dream:fokker_fviib3m!
[30Sep2026 04:23:21.580] [Render thread/WARN] [immersive_aircraft.Main/]: Non-quad face found in model: aviator_dream:fokker_fviib3m!
[30Sep2026 04:23:21.580] [Render thread/WARN] [immersive_aircraft.Main/]: Non-quad face found in model: aviator_dream:fokker_fviib3m!
[30Sep2026 04:23:21.580] [Render thread/WARN] [immersive_aircraft.Main/]: Non-quad face found in model: aviator_dream:fokker_fviib3m!
[30Sep2026 04:23:21.580] [Render thread/WARN] [immersive_aircraft.Main/]: Non-quad face found in model: aviator_dream:fokker_fviib3m!
[30Sep2026 04:23:21.580] [Render thread/WARN] [immersive_aircraft.Main/]: Non-quad face found in model: aviator_dream:fokker_fviib3m!
[30Sep2026 04:23:21.580] [Render thread/WARN] [immersive_aircraft.Main/]: Non-quad face found in model: aviator_dream:fokker_fviib3m!
[30Sep2026 04:23:21.586] [Render thread/WARN] [immersive_aircraft.Main/]: Non-quad face found in model: aviator_dream:fokker_fviib3m!
[30Sep2026 04:23:21.590] [Render thread/WARN] [immersive_aircraft.Main/]: Non-quad face found in model: aviator_dream:toyota_stout_k100!
[30Sep2026 04:23:21.590] [Render thread/WARN] [immersive_aircraft.Main/]: Non-quad face found in model: aviator_dream:toyota_stout_k100!
[30Sep2026 04:23:21.590] [Render thread/WARN] [immersive_aircraft.Main/]: Non-quad face found in model: aviator_dream:toyota_stout_k100!
[30Sep2026 04:23:21.590] [Render thread/WARN] [immersive_aircraft.Main/]: Non-quad face found in model: aviator_dream:toyota_stout_k100!
[30Sep2026 04:23:21.590] [Render thread/WARN] [immersive_aircraft.Main/]: Non-quad face found in model: aviator_dream:toyota_stout_k100!
[30Sep2026 04:23:21.590] [Render thread/WARN] [immersive_aircraft.Main/]: Non-quad face found in model: aviator_dream:toyota_stout_k100!
[30Sep2026 04:23:21.590] [Render thread/WARN] [immersive_aircraft.Main/]: Non-quad face found in model: aviator_dream:toyota_stout_k100!
[30Sep2026 04:23:21.590] [Render thread/WARN] [immersive_aircraft.Main/]: Non-quad face found in model: aviator_dream:toyota_stout_k100!
[30Sep2026 04:23:21.590] [Render thread/WARN] [immersive_aircraft.Main/]: Non-quad face found in model: aviator_dream:toyota_stout_k100!
[30Sep2026 04:23:21.590] [Render thread/WARN] [immersive_aircraft.Main/]: Non-quad face found in model: aviator_dream:toyota_stout_k100!
[30Sep2026 04:23:21.590] [Render thread/WARN] [immersive_aircraft.Main/]: Non-quad face found in model: aviator_dream:toyota_stout_k100!
[30Sep2026 04:23:21.590] [Render thread/WARN] [immersive_aircraft.Main/]: Non-quad face found in model: aviator_dream:toyota_stout_k100!
[30Sep2026 04:23:21.590] [Render thread/WARN] [immersive_aircraft.Main/]: Non-quad face found in model: aviator_dream:toyota_stout_k100!
[30Sep2026 04:23:21.590] [Render thread/WARN] [immersive_aircraft.Main/]: Non-quad face found in model: aviator_dream:toyota_stout_k100!
[30Sep2026 04:23:21.590] [Render thread/WARN] [immersive_aircraft.Main/]: Non-quad face found in model: aviator_dream:toyota_stout_k100!
[30Sep2026 04:23:21.590] [Render thread/WARN] [immersive_aircraft.Main/]: Non-quad face found in model: aviator_dream:toyota_stout_k100!
[30Sep2026 04:23:21.590] [Render thread/WARN] [immersive_aircraft.Main/]: Non-quad face found in model: aviator_dream:toyota_stout_k100!
[30Sep2026 04:23:21.590] [Render thread/WARN] [immersive_aircraft.Main/]: Non-quad face found in model: aviator_dream:toyota_stout_k100!
[30Sep2026 04:23:21.590] [Render thread/WARN] [immersive_aircraft.Main/]: Non-quad face found in model: aviator_dream:toyota_stout_k100!
[30Sep2026 04:23:21.590] [Render thread/WARN] [immersive_aircraft.Main/]: Non-quad face found in model: aviator_dream:toyota_stout_k100!
[30Sep2026 04:23:21.590] [Render thread/WARN] [immersive_aircraft.Main/]: Non-quad face found in model: aviator_dream:toyota_stout_k100!
[30Sep2026 04:23:21.590] [Render thread/WARN] [immersive_aircraft.Main/]: Non-quad face found in model: aviator_dream:toyota_stout_k100!
[30Sep2026 04:23:21.591] [Render thread/WARN] [immersive_aircraft.Main/]: Non-quad face found in model: aviator_dream:toyota_stout_k100!
[30Sep2026 04:23:21.591] [Render thread/WARN] [immersive_aircraft.Main/]: Non-quad face found in model: aviator_dream:toyota_stout_k100!
[30Sep2026 04:23:21.591] [Render thread/WARN] [immersive_aircraft.Main/]: Non-quad face found in model: aviator_dream:toyota_stout_k100!
[30Sep2026 04:23:21.591] [Render thread/WARN] [immersive_aircraft.Main/]: Non-quad face found in model: aviator_dream:toyota_stout_k100!
[30Sep2026 04:23:21.591] [Render thread/WARN] [immersive_aircraft.Main/]: Non-quad face found in model: aviator_dream:toyota_stout_k100!
[30Sep2026 04:23:21.591] [Render thread/WARN] [immersive_aircraft.Main/]: Non-quad face found in model: aviator_dream:toyota_stout_k100!
[30Sep2026 04:23:21.591] [Render thread/WARN] [immersive_aircraft.Main/]: Non-quad face found in model: aviator_dream:toyota_stout_k100!
[30Sep2026 04:23:21.591] [Render thread/WARN] [immersive_aircraft.Main/]: Non-quad face found in model: aviator_dream:toyota_stout_k100!
[30Sep2026 04:23:21.591] [Render thread/WARN] [immersive_aircraft.Main/]: Non-quad face found in model: aviator_dream:toyota_stout_k100!
[30Sep2026 04:23:21.591] [Render thread/WARN] [immersive_aircraft.Main/]: Non-quad face found in model: aviator_dream:toyota_stout_k100!
[30Sep2026 04:23:21.591] [Render thread/WARN] [immersive_aircraft.Main/]: Non-quad face found in model: aviator_dream:toyota_stout_k100!
[30Sep2026 04:23:21.591] [Render thread/WARN] [immersive_aircraft.Main/]: Non-quad face found in model: aviator_dream:toyota_stout_k100!
[30Sep2026 04:23:21.591] [Render thread/WARN] [immersive_aircraft.Main/]: Non-quad face found in model: aviator_dream:toyota_stout_k100!
[30Sep2026 04:23:21.591] [Render thread/WARN] [immersive_aircraft.Main/]: Non-quad face found in model: aviator_dream:toyota_stout_k100!
[30Sep2026 04:23:21.591] [Render thread/WARN] [immersive_aircraft.Main/]: Non-quad face found in model: aviator_dream:toyota_stout_k100!
[30Sep2026 04:23:21.591] [Render thread/WARN] [immersive_aircraft.Main/]: Non-quad face found in model: aviator_dream:toyota_stout_k100!
[30Sep2026 04:23:21.592] [Render thread/WARN] [immersive_aircraft.Main/]: Non-quad face found in model: aviator_dream:toyota_stout_k100!
[30Sep2026 04:23:21.593] [Render thread/WARN] [immersive_aircraft.Main/]: Non-quad face found in model: aviator_dream:toyota_stout_k100!
[30Sep2026 04:23:21.593] [Render thread/WARN] [immersive_aircraft.Main/]: Non-quad face found in model: aviator_dream:toyota_stout_k100!
[30Sep2026 04:23:21.593] [Render thread/WARN] [immersive_aircraft.Main/]: Non-quad face found in model: aviator_dream:toyota_stout_k100!
[30Sep2026 04:23:21.593] [Render thread/WARN] [immersive_aircraft.Main/]: Non-quad face found in model: aviator_dream:toyota_stout_k100!
[30Sep2026 04:23:21.593] [Render thread/WARN] [immersive_aircraft.Main/]: Non-quad face found in model: aviator_dream:toyota_stout_k100!
[30Sep2026 04:23:21.593] [Render thread/WARN] [immersive_aircraft.Main/]: Non-quad face found in model: aviator_dream:toyota_stout_k100!
[30Sep2026 04:23:21.593] [Render thread/WARN] [immersive_aircraft.Main/]: Non-quad face found in model: aviator_dream:toyota_stout_k100!
[30Sep2026 04:23:21.593] [Render thread/WARN] [immersive_aircraft.Main/]: Non-quad face found in model: aviator_dream:toyota_stout_k100!
[30Sep2026 04:23:21.593] [Render thread/WARN] [immersive_aircraft.Main/]: Non-quad face found in model: aviator_dream:toyota_stout_k100!
[30Sep2026 04:23:21.593] [Render thread/WARN] [immersive_aircraft.Main/]: Non-quad face found in model: aviator_dream:toyota_stout_k100!
[30Sep2026 04:23:21.593] [Render thread/WARN] [immersive_aircraft.Main/]: Non-quad face found in model: aviator_dream:toyota_stout_k100!
[30Sep2026 04:23:21.593] [Render thread/WARN] [immersive_aircraft.Main/]: Non-quad face found in model: aviator_dream:toyota_stout_k100!
[30Sep2026 04:23:21.593] [Render thread/WARN] [immersive_aircraft.Main/]: Non-quad face found in model: aviator_dream:toyota_stout_k100!
[30Sep2026 04:23:21.593] [Render thread/WARN] [immersive_aircraft.Main/]: Non-quad face found in model: aviator_dream:toyota_stout_k100!
[30Sep2026 04:23:21.593] [Render thread/WARN] [immersive_aircraft.Main/]: Non-quad face found in model: aviator_dream:toyota_stout_k100!
[30Sep2026 04:23:21.593] [Render thread/WARN] [immersive_aircraft.Main/]: Non-quad face found in model: aviator_dream:toyota_stout_k100!
[30Sep2026 04:23:21.594] [Render thread/WARN] [immersive_aircraft.Main/]: Non-quad face found in model: aviator_dream:toyota_stout_k100!
[30Sep2026 04:23:21.594] [Render thread/WARN] [immersive_aircraft.Main/]: Non-quad face found in model: aviator_dream:toyota_stout_k100!
[30Sep2026 04:23:21.594] [Render thread/WARN] [immersive_aircraft.Main/]: Non-quad face found in model: aviator_dream:toyota_stout_k100!
[30Sep2026 04:23:21.594] [Render thread/WARN] [immersive_aircraft.Main/]: Non-quad face found in model: aviator_dream:toyota_stout_k100!
[30Sep2026 04:23:21.594] [Render thread/WARN] [immersive_aircraft.Main/]: Non-quad face found in model: aviator_dream:toyota_stout_k100!
[30Sep2026 04:23:21.594] [Render thread/WARN] [immersive_aircraft.Main/]: Non-quad face found in model: aviator_dream:toyota_stout_k100!
[30Sep2026 04:23:21.594] [Render thread/WARN] [immersive_aircraft.Main/]: Non-quad face found in model: aviator_dream:toyota_stout_k100!
[30Sep2026 04:23:21.594] [Render thread/WARN] [immersive_aircraft.Main/]: Non-quad face found in model: aviator_dream:toyota_stout_k100!
[30Sep2026 04:23:21.594] [Render thread/WARN] [immersive_aircraft.Main/]: Non-quad face found in model: aviator_dream:toyota_stout_k100!
[30Sep2026 04:23:21.594] [Render thread/WARN] [immersive_aircraft.Main/]: Non-quad face found in model: aviator_dream:toyota_stout_k100!
[30Sep2026 04:23:21.594] [Render thread/WARN] [immersive_aircraft.Main/]: Non-quad face found in model: aviator_dream:toyota_stout_k100!
[30Sep2026 04:23:21.594] [Render thread/WARN] [immersive_aircraft.Main/]: Non-quad face found in model: aviator_dream:toyota_stout_k100!
[30Sep2026 04:23:21.594] [Render thread/WARN] [immersive_aircraft.Main/]: Non-quad face found in model: aviator_dream:toyota_stout_k100!
[30Sep2026 04:23:21.594] [Render thread/WARN] [immersive_aircraft.Main/]: Non-quad face found in model: aviator_dream:toyota_stout_k100!
[30Sep2026 04:23:21.594] [Render thread/WARN] [immersive_aircraft.Main/]: Non-quad face found in model: aviator_dream:toyota_stout_k100!
[30Sep2026 04:23:21.594] [Render thread/WARN] [immersive_aircraft.Main/]: Non-quad face found in model: aviator_dream:toyota_stout_k100!
[30Sep2026 04:23:21.595] [Render thread/WARN] [immersive_aircraft.Main/]: Non-quad face found in model: aviator_dream:toyota_stout_k100!
[30Sep2026 04:23:21.595] [Render thread/WARN] [immersive_aircraft.Main/]: Non-quad face found in model: aviator_dream:toyota_stout_k100!
[30Sep2026 04:23:21.595] [Render thread/WARN] [immersive_aircraft.Main/]: Non-quad face found in model: aviator_dream:toyota_stout_k100!
[30Sep2026 04:23:21.595] [Render thread/WARN] [immersive_aircraft.Main/]: Non-quad face found in model: aviator_dream:toyota_stout_k100!
[30Sep2026 04:23:21.595] [Render thread/WARN] [immersive_aircraft.Main/]: Non-quad face found in model: aviator_dream:toyota_stout_k100!
[30Sep2026 04:23:21.595] [Render thread/WARN] [immersive_aircraft.Main/]: Non-quad face found in model: aviator_dream:toyota_stout_k100!
[30Sep2026 04:23:21.595] [Render thread/WARN] [immersive_aircraft.Main/]: Non-quad face found in model: aviator_dream:toyota_stout_k100!
[30Sep2026 04:23:21.595] [Render thread/WARN] [immersive_aircraft.Main/]: Non-quad face found in model: aviator_dream:toyota_stout_k100!
[30Sep2026 04:23:21.596] [Render thread/WARN] [immersive_aircraft.Main/]: Non-quad face found in model: aviator_dream:toyota_stout_k100!
[30Sep2026 04:23:21.596] [Render thread/WARN] [immersive_aircraft.Main/]: Non-quad face found in model: aviator_dream:toyota_stout_k100!
[30Sep2026 04:23:21.596] [Render thread/WARN] [immersive_aircraft.Main/]: Non-quad face found in model: aviator_dream:toyota_stout_k100!
[30Sep2026 04:23:21.596] [Render thread/WARN] [immersive_aircraft.Main/]: Non-quad face found in model: aviator_dream:toyota_stout_k100!
[30Sep2026 04:23:21.596] [Render thread/WARN] [immersive_aircraft.Main/]: Non-quad face found in model: aviator_dream:toyota_stout_k100!
[30Sep2026 04:23:21.596] [Render thread/WARN] [immersive_aircraft.Main/]: Non-quad face found in model: aviator_dream:toyota_stout_k100!
[30Sep2026 04:23:21.601] [Render thread/WARN] [immersive_aircraft.Main/]: Non-quad face found in model: aviator_dream:dehavilland_dh106!
[30Sep2026 04:23:21.601] [Render thread/WARN] [immersive_aircraft.Main/]: Non-quad face found in model: aviator_dream:dehavilland_dh106!
[30Sep2026 04:23:21.601] [Render thread/WARN] [immersive_aircraft.Main/]: Non-quad face found in model: aviator_dream:dehavilland_dh106!
[30Sep2026 04:23:21.601] [Render thread/WARN] [immersive_aircraft.Main/]: Non-quad face found in model: aviator_dream:dehavilland_dh106!
[30Sep2026 04:23:21.601] [Render thread/WARN] [immersive_aircraft.Main/]: Non-quad face found in model: aviator_dream:dehavilland_dh106!
[30Sep2026 04:23:21.601] [Render thread/WARN] [immersive_aircraft.Main/]: Non-quad face found in model: aviator_dream:dehavilland_dh106!
[30Sep2026 04:23:21.601] [Render thread/WARN] [immersive_aircraft.Main/]: Non-quad face found in model: aviator_dream:dehavilland_dh106!
[30Sep2026 04:23:21.601] [Render thread/WARN] [immersive_aircraft.Main/]: Non-quad face found in model: aviator_dream:dehavilland_dh106!
[30Sep2026 04:23:21.601] [Render thread/WARN] [immersive_aircraft.Main/]: Non-quad face found in model: aviator_dream:dehavilland_dh106!
[30Sep2026 04:23:21.601] [Render thread/WARN] [immersive_aircraft.Main/]: Non-quad face found in model: aviator_dream:dehavilland_dh106!
[30Sep2026 04:23:21.602] [Render thread/WARN] [immersive_aircraft.Main/]: Non-quad face found in model: aviator_dream:dehavilland_dh106!
[30Sep2026 04:23:21.602] [Render thread/WARN] [immersive_aircraft.Main/]: Non-quad face found in model: aviator_dream:dehavilland_dh106!
[30Sep2026 04:23:21.602] [Render thread/WARN] [immersive_aircraft.Main/]: Non-quad face found in model: aviator_dream:dehavilland_dh106!
[30Sep2026 04:23:21.602] [Render thread/WARN] [immersive_aircraft.Main/]: Non-quad face found in model: aviator_dream:dehavilland_dh106!
[30Sep2026 04:23:21.602] [Render thread/WARN] [immersive_aircraft.Main/]: Non-quad face found in model: aviator_dream:dehavilland_dh106!
[30Sep2026 04:23:21.602] [Render thread/WARN] [immersive_aircraft.Main/]: Non-quad face found in model: aviator_dream:dehavilland_dh106!
[30Sep2026 04:23:21.602] [Render thread/WARN] [immersive_aircraft.Main/]: Non-quad face found in model: aviator_dream:dehavilland_dh106!
[30Sep2026 04:23:21.602] [Render thread/WARN] [immersive_aircraft.Main/]: Non-quad face found in model: aviator_dream:dehavilland_dh106!
[30Sep2026 04:23:21.602] [Render thread/WARN] [immersive_aircraft.Main/]: Non-quad face found in model: aviator_dream:dehavilland_dh106!
[30Sep2026 04:23:21.603] [Render thread/WARN] [immersive_aircraft.Main/]: Non-quad face found in model: aviator_dream:dehavilland_dh106!
[30Sep2026 04:23:21.613] [Render thread/WARN] [immersive_aircraft.Main/]: Non-quad face found in model: aviator_dream:dehavilland_dh106!
[30Sep2026 04:23:21.613] [Render thread/WARN] [immersive_aircraft.Main/]: Non-quad face found in model: aviator_dream:dehavilland_dh106!
[30Sep2026 04:23:21.694] [Worker-Main-2/INFO] [magnetization/Ponder/]: Registered 16 core and 0 optional Magnetization Ponder scenes
[30Sep2026 04:23:21.710] [Worker-Main-2/INFO] [PonderIndex/]: Registering Ponder Scenes took 64.90 ms
[30Sep2026 04:23:21.713] [Worker-Main-2/INFO] [PonderIndex/]: Registering Ponder Tags took 3.001 ms
[30Sep2026 04:23:21.795] [Render thread/WARN] [net.minecraft.client.sounds.SoundEngine/]: Missing sound for event: minecraft:item.goat_horn.play
[30Sep2026 04:23:21.795] [Render thread/WARN] [net.minecraft.client.sounds.SoundEngine/]: Missing sound for event: minecraft:entity.goat.screaming.horn_break
[30Sep2026 04:23:21.825] [Render thread/INFO] [com.mojang.blaze3d.audio.Library/]: OpenAL initialized on device Arctis Nova Elite Analog Stereo
[30Sep2026 04:23:21.826] [Render thread/INFO] [net.minecraft.client.sounds.SoundEngine/SOUNDS]: Sound engine started
[30Sep2026 04:23:21.890] [Render thread/INFO] [net.minecraft.client.renderer.texture.TextureAtlas/]: Created: 2048x1024x4 minecraft:textures/atlas/blocks.png-atlas
[30Sep2026 04:23:21.906] [Render thread/INFO] [net.minecraft.client.renderer.texture.TextureAtlas/]: Created: 256x256x4 minecraft:textures/atlas/signs.png-atlas
[30Sep2026 04:23:21.906] [Render thread/INFO] [net.minecraft.client.renderer.texture.TextureAtlas/]: Created: 512x512x4 minecraft:textures/atlas/shield_patterns.png-atlas
[30Sep2026 04:23:21.907] [Render thread/INFO] [net.minecraft.client.renderer.texture.TextureAtlas/]: Created: 512x512x4 minecraft:textures/atlas/banner_patterns.png-atlas
[30Sep2026 04:23:21.908] [Render thread/INFO] [net.minecraft.client.renderer.texture.TextureAtlas/]: Created: 2048x1024x4 minecraft:textures/atlas/armor_trims.png-atlas
[30Sep2026 04:23:21.913] [Render thread/INFO] [net.minecraft.client.renderer.texture.TextureAtlas/]: Created: 128x64x4 minecraft:textures/atlas/decorated_pot.png-atlas
[30Sep2026 04:23:21.913] [Render thread/INFO] [net.minecraft.client.renderer.texture.TextureAtlas/]: Created: 256x256x4 minecraft:textures/atlas/chest.png-atlas
[30Sep2026 04:23:21.913] [Render thread/INFO] [net.minecraft.client.renderer.texture.TextureAtlas/]: Created: 512x256x4 minecraft:textures/atlas/beds.png-atlas
[30Sep2026 04:23:21.913] [Render thread/INFO] [net.minecraft.client.renderer.texture.TextureAtlas/]: Created: 512x256x4 minecraft:textures/atlas/shulker_boxes.png-atlas
[30Sep2026 04:23:21.953] [Render thread/INFO] [net.minecraft.client.renderer.texture.TextureAtlas/]: Created: 512x512x0 minecraft:textures/atlas/particles.png-atlas
[30Sep2026 04:23:21.954] [Render thread/INFO] [net.minecraft.client.renderer.texture.TextureAtlas/]: Created: 512x256x0 minecraft:textures/atlas/paintings.png-atlas
[30Sep2026 04:23:21.955] [Render thread/INFO] [net.minecraft.client.renderer.texture.TextureAtlas/]: Created: 256x128x0 minecraft:textures/atlas/mob_effects.png-atlas
[30Sep2026 04:23:21.955] [Render thread/INFO] [net.minecraft.client.renderer.texture.TextureAtlas/]: Created: 64x64x0 minecraft:textures/atlas/map_decorations.png-atlas
[30Sep2026 04:23:21.955] [Render thread/INFO] [net.minecraft.client.renderer.texture.TextureAtlas/]: Created: 1024x512x0 minecraft:textures/atlas/gui.png-atlas
[30Sep2026 04:23:21.973] [Render thread/WARN] [net.minecraft.client.renderer.ShaderInstance/]: Shader rendertype_entity_translucent_emissive could not find sampler named Sampler2 in the specified shader program.
[30Sep2026 04:23:22.020] [Render thread/INFO] [Veil/]: Loaded 3 framebuffers
[30Sep2026 04:23:22.036] [Render thread/INFO] [Veil/]: Loaded 6 post pipelines
[30Sep2026 04:23:22.040] [Render thread/INFO] [Veil/]: Loaded 4 render types
[30Sep2026 04:23:22.041] [Render thread/INFO] [Veil/]: Enabled bloom pipeline
[30Sep2026 04:23:22.041] [Render thread/INFO] [Veil/]: Loaded 0 quasar particles
[30Sep2026 04:23:22.042] [Render thread/INFO] [Veil/]: Loaded 0 templates
[30Sep2026 04:23:22.042] [Render thread/INFO] [Veil/]: Loaded 0 modules
[30Sep2026 04:23:22.067] [Render thread/INFO] [flywheel/backend/shaders/]: Loaded 77 shader sources in 19.956 ms
[30Sep2026 04:23:22.076] [Render thread/INFO] [Veil/]: Compiled 58 vanilla shaders in 66.96 ms
[30Sep2026 04:23:22.080] [Render thread/INFO] [com.simibubi.create.Create/]: Loaded 58 train hat configurations.
[30Sep2026 04:23:22.081] [Render thread/INFO] [net.neoforged.neoforge.client.entity.animation.json.AnimationLoader/]: Loaded 0 entity animations
[30Sep2026 04:23:22.122] [Render thread/INFO] [net.minecraft.client.gui.screens.ConnectScreen/]: Connecting to 127.0.0.1, 25585
[30Sep2026 04:23:22.588] [Server Connector #1/INFO] [dev.ryanhcode.sable.Sable/]: Starting remote client UDP channel future
[30Sep2026 04:23:22.594] [Netty Epoll Client IO #1/INFO] [dev.ryanhcode.sable.Sable/]: Client UDP channel active
[30Sep2026 04:23:22.836] [Render thread/INFO] [com.simibubi.create.Create/]: Created 157 recipes which will be injected into the game
[30Sep2026 04:23:22.840] [Render thread/INFO] [com.simibubi.create.Create/]: Created 0 tags which will be injected into the game
[30Sep2026 04:23:24.311] [Render thread/INFO] [flywheel/]: Started 10 worker threads
[30Sep2026 04:23:24.321] [Render thread/INFO] [dev.ryanhcode.sable.Sable/]: Received UDP authentication request, sending response over UDP to localhost/127.0.0.1:25585
[30Sep2026 04:23:24.387] [Render thread/INFO] [net.minecraft.advancements.AdvancementTree/]: Loaded 2 advancements
[30Sep2026 04:23:24.684] [Render thread/INFO] [Veil/]: Multi-Bind supported, using core
[30Sep2026 04:23:25.086] [Render thread/INFO] [Veil/]: Finished uploading vanilla shaders
[30Sep2026 04:23:47.133] [Render thread/INFO] [net.minecraft.client.gui.components.ChatComponent/]: [System] [CHAT] AuditObserver joined the game
[30Sep2026 04:23:47.359] [Render thread/INFO] [magnetization/aircraft-network-audit/]: AIRCRAFT_CLIENT player=AuditPilot type=immersive_aircraft:airship uuid=24e8b307-1202-41c9-bfbd-1a68d14a4f15 tick=460 x=0.0 y=180.0 z=0.0 vx=0.0 pilot=false
[30Sep2026 04:23:47.858] [Render thread/INFO] [magnetization/aircraft-network-audit/]: AIRCRAFT_CLIENT player=AuditPilot type=immersive_aircraft:airship uuid=24e8b307-1202-41c9-bfbd-1a68d14a4f15 tick=470 x=0.04202637382355736 y=178.64642421547393 z=0.057363136405354134 vx=0.007088020175781537 pilot=true
[30Sep2026 04:23:48.342] [Render thread/INFO] [magnetization/aircraft-network-audit/]: AIRCRAFT_CLIENT player=AuditPilot type=immersive_aircraft:airship uuid=24e8b307-1202-41c9-bfbd-1a68d14a4f15 tick=480 x=0.12101716943792137 y=175.86682938407745 z=0.21800875999648087 vx=0.007843258727486441 pilot=true
[30Sep2026 04:23:48.805] [Render thread/INFO] [magnetization/aircraft-network-audit/]: AIRCRAFT_CLIENT player=AuditPilot type=immersive_aircraft:airship uuid=24e8b307-1202-41c9-bfbd-1a68d14a4f15 tick=490 x=0.18805039375361138 y=172.93585938225482 z=0.423590970480769 vx=0.0055273179292216566 pilot=true
[30Sep2026 04:23:49.307] [Render thread/INFO] [magnetization/aircraft-network-audit/]: AIRCRAFT_CLIENT player=AuditPilot type=immersive_aircraft:airship uuid=24e8b307-1202-41c9-bfbd-1a68d14a4f15 tick=500 x=0.22648550115657656 y=170.28089775673675 z=0.6213052000592449 vx=0.0024592642992921953 pilot=true
[30Sep2026 04:23:49.808] [Render thread/INFO] [magnetization/aircraft-network-audit/]: AIRCRAFT_CLIENT player=AuditPilot type=immersive_aircraft:airship uuid=24e8b307-1202-41c9-bfbd-1a68d14a4f15 tick=510 x=0.2354710726229965 y=168.00903649168643 z=0.7769520808279341 vx=-2.9010106630327566E-4 pilot=true
[30Sep2026 04:23:50.309] [Render thread/INFO] [magnetization/aircraft-network-audit/]: AIRCRAFT_CLIENT player=AuditPilot type=immersive_aircraft:airship uuid=24e8b307-1202-41c9-bfbd-1a68d14a4f15 tick=520 x=-1.0428581565429718 y=166.1123234974463 z=1.226409024353936 vx=-0.25644665403336064 pilot=true
[30Sep2026 04:23:50.811] [Render thread/INFO] [magnetization/aircraft-network-audit/]: AIRCRAFT_CLIENT player=AuditPilot type=immersive_aircraft:airship uuid=24e8b307-1202-41c9-bfbd-1a68d14a4f15 tick=530 x=-3.999580632465113 y=164.54662826558933 z=2.939963506070837 vx=-0.3168418904765631 pilot=true
[30Sep2026 04:23:51.312] [Render thread/INFO] [magnetization/aircraft-network-audit/]: AIRCRAFT_CLIENT player=AuditPilot type=immersive_aircraft:airship uuid=24e8b307-1202-41c9-bfbd-1a68d14a4f15 tick=540 x=-7.218870632196448 y=163.26105553754965 z=5.436353981576263 vx=-0.3404988849347725 pilot=true
[30Sep2026 04:23:51.813] [Render thread/INFO] [magnetization/aircraft-network-audit/]: AIRCRAFT_CLIENT player=AuditPilot type=immersive_aircraft:airship uuid=24e8b307-1202-41c9-bfbd-1a68d14a4f15 tick=550 x=-10.58157906997956 y=162.20817065941262 z=8.375587955569765 vx=-0.33268711402812 pilot=true
[30Sep2026 04:23:52.314] [Render thread/INFO] [magnetization/aircraft-network-audit/]: AIRCRAFT_CLIENT player=AuditPilot type=immersive_aircraft:airship uuid=24e8b307-1202-41c9-bfbd-1a68d14a4f15 tick=560 x=-13.85663823341143 y=161.3469097732 z=11.479712235033949 vx=-0.3229672651302179 pilot=true
[30Sep2026 04:23:52.816] [Render thread/INFO] [magnetization/aircraft-network-audit/]: AIRCRAFT_CLIENT player=AuditPilot type=immersive_aircraft:airship uuid=24e8b307-1202-41c9-bfbd-1a68d14a4f15 tick=570 x=-14.331257211300212 y=160.64281163180044 z=14.145633387957048 vx=0.1376118413366468 pilot=true
[30Sep2026 04:23:53.318] [Render thread/INFO] [magnetization/aircraft-network-audit/]: AIRCRAFT_CLIENT player=AuditPilot type=immersive_aircraft:airship uuid=24e8b307-1202-41c9-bfbd-1a68d14a4f15 tick=580 x=-12.141945121975414 y=160.06736040815176 z=16.2996364518818 vx=0.2586352955771076 pilot=true
[30Sep2026 04:23:53.819] [Render thread/INFO] [magnetization/aircraft-network-audit/]: AIRCRAFT_CLIENT player=AuditPilot type=immersive_aircraft:airship uuid=24e8b307-1202-41c9-bfbd-1a68d14a4f15 tick=590 x=-9.363276764439373 y=159.5971150586707 z=18.707115856070285 vx=0.2884686703785073 pilot=true
[30Sep2026 04:23:54.320] [Render thread/INFO] [magnetization/aircraft-network-audit/]: AIRCRAFT_CLIENT player=AuditPilot type=immersive_aircraft:airship uuid=24e8b307-1202-41c9-bfbd-1a68d14a4f15 tick=600 x=-6.408252370302685 y=159.21286673893002 z=21.39311311903617 vx=0.3000774897194801 pilot=true
[30Sep2026 04:23:54.822] [Render thread/INFO] [magnetization/aircraft-network-audit/]: AIRCRAFT_CLIENT player=AuditPilot type=immersive_aircraft:airship uuid=24e8b307-1202-41c9-bfbd-1a68d14a4f15 tick=610 x=-3.367637370243034 y=158.89889849011792 z=24.266560671637915 vx=0.30692025561186564 pilot=true
[30Sep2026 04:23:55.323] [Render thread/INFO] [magnetization/aircraft-network-audit/]: AIRCRAFT_CLIENT player=AuditPilot type=immersive_aircraft:airship uuid=24e8b307-1202-41c9-bfbd-1a68d14a4f15 tick=620 x=-1.6217755336808184 y=158.64235974708404 z=26.936650034213688 vx=0.08543165059504278 pilot=true
[30Sep2026 04:23:55.825] [Render thread/INFO] [magnetization/aircraft-network-audit/]: AIRCRAFT_CLIENT player=AuditPilot type=immersive_aircraft:airship uuid=24e8b307-1202-41c9-bfbd-1a68d14a4f15 tick=630 x=-1.1750026358989174 y=158.43274714142373 z=28.75866003771949 vx=0.024069845599329235 pilot=true
[30Sep2026 04:23:56.321] [Render thread/INFO] [magnetization/aircraft-network-audit/]: AIRCRAFT_CLIENT player=AuditPilot type=immersive_aircraft:bamboo_hopper uuid=13e5908d-0a3e-4947-b674-86938fd12bfc tick=640 x=0.01710538853065923 y=179.33216928957577 z=0.29000477197301594 vx=0.002854897205508874 pilot=true
[30Sep2026 04:23:56.822] [Render thread/INFO] [magnetization/aircraft-network-audit/]: AIRCRAFT_CLIENT player=AuditPilot type=immersive_aircraft:bamboo_hopper uuid=13e5908d-0a3e-4947-b674-86938fd12bfc tick=650 x=0.01063278839377027 y=178.1453098170238 z=1.8795408032805 vx=-0.004770873797007544 pilot=true
[30Sep2026 04:23:57.324] [Render thread/INFO] [magnetization/aircraft-network-audit/]: AIRCRAFT_CLIENT player=AuditPilot type=immersive_aircraft:bamboo_hopper uuid=13e5908d-0a3e-4947-b674-86938fd12bfc tick=660 x=-0.10222807959105881 y=177.20634752316795 z=4.328364285322425 vx=-0.01676523645498392 pilot=true
[30Sep2026 04:23:57.827] [Render thread/INFO] [magnetization/aircraft-network-audit/]: AIRCRAFT_CLIENT player=AuditPilot type=immersive_aircraft:bamboo_hopper uuid=13e5908d-0a3e-4947-b674-86938fd12bfc tick=670 x=-0.3306111152478441 y=176.43606607359362 z=7.351081724621447 vx=-0.027225297537023834 pilot=true
[30Sep2026 04:23:58.303] [Render thread/INFO] [magnetization/aircraft-network-audit/]: AIRCRAFT_CLIENT player=AuditPilot type=immersive_aircraft:bamboo_hopper uuid=13e5908d-0a3e-4947-b674-86938fd12bfc tick=680 x=-0.6355542849951151 y=175.78022365080014 z=10.828099362889043 vx=-0.032137290533441415 pilot=true
[30Sep2026 04:23:58.805] [Render thread/INFO] [magnetization/aircraft-network-audit/]: AIRCRAFT_CLIENT player=AuditPilot type=immersive_aircraft:bamboo_hopper uuid=13e5908d-0a3e-4947-b674-86938fd12bfc tick=690 x=-0.9506522591751048 y=175.2401053243017 z=14.65794121071345 vx=-0.029969435627706847 pilot=true
[30Sep2026 04:23:59.307] [Render thread/INFO] [magnetization/aircraft-network-audit/]: AIRCRAFT_CLIENT player=AuditPilot type=immersive_aircraft:bamboo_hopper uuid=13e5908d-0a3e-4947-b674-86938fd12bfc tick=700 x=-2.185130219027779 y=174.83777043676488 z=18.851717187771655 vx=-0.19796397934975432 pilot=true
[30Sep2026 04:23:59.809] [Render thread/INFO] [magnetization/aircraft-network-audit/]: AIRCRAFT_CLIENT player=AuditPilot type=immersive_aircraft:bamboo_hopper uuid=13e5908d-0a3e-4947-b674-86938fd12bfc tick=710 x=-4.4985868553994734 y=174.613723496102 z=23.777101715013206 vx=-0.23996955910702417 pilot=true
[30Sep2026 04:24:00.311] [Render thread/INFO] [magnetization/aircraft-network-audit/]: AIRCRAFT_CLIENT player=AuditPilot type=immersive_aircraft:bamboo_hopper uuid=13e5908d-0a3e-4947-b674-86938fd12bfc tick=720 x=-6.733006392743556 y=174.55320768890306 z=29.220980236402486 vx=-0.22187519618591786 pilot=true
[30Sep2026 04:24:00.813] [Render thread/INFO] [magnetization/aircraft-network-audit/]: AIRCRAFT_CLIENT player=AuditPilot type=immersive_aircraft:bamboo_hopper uuid=13e5908d-0a3e-4947-b674-86938fd12bfc tick=730 x=-8.856132507034339 y=174.59891490663136 z=34.84129519959154 vx=-0.20660590019535424 pilot=true
[30Sep2026 04:24:01.315] [Render thread/INFO] [magnetization/aircraft-network-audit/]: AIRCRAFT_CLIENT player=AuditPilot type=immersive_aircraft:bamboo_hopper uuid=13e5908d-0a3e-4947-b674-86938fd12bfc tick=740 x=-10.868766981523944 y=174.70945026199013 z=40.46311977997541 vx=-0.20124898559238438 pilot=true
[30Sep2026 04:24:01.817] [Render thread/INFO] [magnetization/aircraft-network-audit/]: AIRCRAFT_CLIENT player=AuditPilot type=immersive_aircraft:bamboo_hopper uuid=13e5908d-0a3e-4947-b674-86938fd12bfc tick=750 x=-10.545747207553356 y=174.84549018886327 z=45.8393538495763 vx=0.16885787796415094 pilot=true
[30Sep2026 04:24:02.319] [Render thread/INFO] [magnetization/aircraft-network-audit/]: AIRCRAFT_CLIENT player=AuditPilot type=immersive_aircraft:bamboo_hopper uuid=13e5908d-0a3e-4947-b674-86938fd12bfc tick=760 x=-8.416828221443751 y=175.02868068880733 z=51.14406714418743 vx=0.23235974810744225 pilot=true
[30Sep2026 04:24:02.823] [Render thread/INFO] [magnetization/aircraft-network-audit/]: AIRCRAFT_CLIENT player=AuditPilot type=immersive_aircraft:bamboo_hopper uuid=13e5908d-0a3e-4947-b674-86938fd12bfc tick=770 x=-6.001961850572062 y=175.3012271307229 z=56.65096589054535 vx=0.2470379326754176 pilot=true
[30Sep2026 04:24:03.325] [Render thread/INFO] [magnetization/aircraft-network-audit/]: AIRCRAFT_CLIENT player=AuditPilot type=immersive_aircraft:bamboo_hopper uuid=13e5908d-0a3e-4947-b674-86938fd12bfc tick=780 x=-3.481551394880536 y=175.6534528933294 z=62.30001948261952 vx=0.2557966619197531 pilot=true
[30Sep2026 04:24:03.827] [Render thread/INFO] [magnetization/aircraft-network-audit/]: AIRCRAFT_CLIENT player=AuditPilot type=immersive_aircraft:bamboo_hopper uuid=13e5908d-0a3e-4947-b674-86938fd12bfc tick=790 x=-0.8856470651268296 y=176.05769642834193 z=68.03944039342618 vx=0.2622969271822377 pilot=true
[30Sep2026 04:24:04.304] [Render thread/INFO] [magnetization/aircraft-network-audit/]: AIRCRAFT_CLIENT player=AuditPilot type=immersive_aircraft:bamboo_hopper uuid=13e5908d-0a3e-4947-b674-86938fd12bfc tick=800 x=0.587494094613473 y=176.43721674237935 z=73.59707878798818 vx=0.07878592390037216 pilot=true
[30Sep2026 04:24:04.806] [Render thread/INFO] [magnetization/aircraft-network-audit/]: AIRCRAFT_CLIENT player=AuditPilot type=immersive_aircraft:bamboo_hopper uuid=13e5908d-0a3e-4947-b674-86938fd12bfc tick=810 x=1.1427671110036077 y=176.70067497800918 z=78.59094645881322 vx=0.04477674263362808 pilot=true
[30Sep2026 04:24:05.310] [Render thread/INFO] [magnetization/aircraft-network-audit/]: AIRCRAFT_CLIENT player=AuditPilot type=immersive_aircraft:biplane uuid=c45c1f19-9d5f-49ea-b2d9-57c8132259b0 tick=820 x=0.008438958343014457 y=179.435362660127 z=0.17817930356970582 vx=0.0017142064449161556 pilot=true
[30Sep2026 04:24:05.812] [Render thread/INFO] [magnetization/aircraft-network-audit/]: AIRCRAFT_CLIENT player=AuditPilot type=immersive_aircraft:biplane uuid=c45c1f19-9d5f-49ea-b2d9-57c8132259b0 tick=830 x=0.003954722659457257 y=177.96704565369456 z=1.5889697937292997 vx=-0.0029693735756886022 pilot=true
[30Sep2026 04:24:06.314] [Render thread/INFO] [magnetization/aircraft-network-audit/]: AIRCRAFT_CLIENT player=AuditPilot type=immersive_aircraft:biplane uuid=c45c1f19-9d5f-49ea-b2d9-57c8132259b0 tick=840 x=-0.05314669543701504 y=176.58069214553598 z=4.033641563682151 vx=-0.00719343449741463 pilot=true
[30Sep2026 04:24:06.815] [Render thread/INFO] [magnetization/aircraft-network-audit/]: AIRCRAFT_CLIENT player=AuditPilot type=immersive_aircraft:biplane uuid=c45c1f19-9d5f-49ea-b2d9-57c8132259b0 tick=850 x=-0.1196130753722558 y=175.396430027797 z=7.185922773462484 vx=-0.005349280567180877 pilot=true
[30Sep2026 04:24:07.317] [Render thread/INFO] [magnetization/aircraft-network-audit/]: AIRCRAFT_CLIENT player=AuditPilot type=immersive_aircraft:biplane uuid=c45c1f19-9d5f-49ea-b2d9-57c8132259b0 tick=860 x=-0.14696016605454942 y=174.41217625972672 z=10.856540430522122 vx=-5.818266191697588E-4 pilot=true
[30Sep2026 04:24:07.821] [Render thread/INFO] [magnetization/aircraft-network-audit/]: AIRCRAFT_CLIENT player=AuditPilot type=immersive_aircraft:biplane uuid=c45c1f19-9d5f-49ea-b2d9-57c8132259b0 tick=870 x=-0.13208616629094624 y=173.57845665943216 z=14.909822038300737 vx=0.002913678177854118 pilot=true
[30Sep2026 04:24:08.322] [Render thread/INFO] [magnetization/aircraft-network-audit/]: AIRCRAFT_CLIENT player=AuditPilot type=immersive_aircraft:biplane uuid=c45c1f19-9d5f-49ea-b2d9-57c8132259b0 tick=880 x=-1.2369695695449536 y=172.90182506451788 z=19.33532765952793 vx=-0.1757421201858388 pilot=true
[30Sep2026 04:24:08.823] [Render thread/INFO] [magnetization/aircraft-network-audit/]: AIRCRAFT_CLIENT player=AuditPilot type=immersive_aircraft:biplane uuid=c45c1f19-9d5f-49ea-b2d9-57c8132259b0 tick=890 x=-3.1697500329201502 y=172.48766833621528 z=24.333953396224416 vx=-0.19927502651223652 pilot=true
[30Sep2026 04:24:09.326] [Render thread/INFO] [magnetization/aircraft-network-audit/]: AIRCRAFT_CLIENT player=AuditPilot type=immersive_aircraft:biplane uuid=c45c1f19-9d5f-49ea-b2d9-57c8132259b0 tick=900 x=-5.168333932748644 y=172.2540956166205 z=29.72501834662066 vx=-0.1999204631895877 pilot=true
[30Sep2026 04:24:09.803] [Render thread/INFO] [magnetization/aircraft-network-audit/]: AIRCRAFT_CLIENT player=AuditPilot type=immersive_aircraft:biplane uuid=c45c1f19-9d5f-49ea-b2d9-57c8132259b0 tick=910 x=-7.038536716655565 y=172.08931231139866 z=35.30799302199178 vx=-0.18483040695084102 pilot=true
[30Sep2026 04:24:10.305] [Render thread/INFO] [magnetization/aircraft-network-audit/]: AIRCRAFT_CLIENT player=AuditPilot type=immersive_aircraft:biplane uuid=c45c1f19-9d5f-49ea-b2d9-57c8132259b0 tick=920 x=-9.01587302499767 y=171.94058467510854 z=40.97970314482834 vx=-0.20365142923453677 pilot=true
[30Sep2026 04:24:10.807] [Render thread/INFO] [magnetization/aircraft-network-audit/]: AIRCRAFT_CLIENT player=AuditPilot type=immersive_aircraft:biplane uuid=c45c1f19-9d5f-49ea-b2d9-57c8132259b0 tick=930 x=-9.141830487213676 y=171.753007973965 z=46.5826492966467 vx=0.14163064004761794 pilot=true
[30Sep2026 04:24:11.309] [Render thread/INFO] [magnetization/aircraft-network-audit/]: AIRCRAFT_CLIENT player=AuditPilot type=immersive_aircraft:biplane uuid=c45c1f19-9d5f-49ea-b2d9-57c8132259b0 tick=940 x=-7.117695303798433 y=171.53675448427762 z=52.16870373815609 vx=0.23448512149515058 pilot=true
[30Sep2026 04:24:11.811] [Render thread/INFO] [magnetization/aircraft-network-audit/]: AIRCRAFT_CLIENT player=AuditPilot type=immersive_aircraft:biplane uuid=c45c1f19-9d5f-49ea-b2d9-57c8132259b0 tick=950 x=-4.879534588146432 y=171.4036772953559 z=58.03637704457764 vx=0.2181309441708993 pilot=true
[30Sep2026 04:24:12.316] [Render thread/INFO] [magnetization/aircraft-network-audit/]: AIRCRAFT_CLIENT player=AuditPilot type=immersive_aircraft:biplane uuid=c45c1f19-9d5f-49ea-b2d9-57c8132259b0 tick=960 x=-2.739956143893337 y=171.2842218632336 z=64.01418331820066 vx=0.2113014858416534 pilot=true
[30Sep2026 04:24:12.817] [Render thread/INFO] [magnetization/aircraft-network-audit/]: AIRCRAFT_CLIENT player=AuditPilot type=immersive_aircraft:biplane uuid=c45c1f19-9d5f-49ea-b2d9-57c8132259b0 tick=970 x=-0.6351864274860997 y=171.1953692178876 z=70.00128908912822 vx=0.21092173642840134 pilot=true
[30Sep2026 04:24:13.319] [Render thread/INFO] [magnetization/aircraft-network-audit/]: AIRCRAFT_CLIENT player=AuditPilot type=immersive_aircraft:biplane uuid=c45c1f19-9d5f-49ea-b2d9-57c8132259b0 tick=980 x=0.35084143083472685 y=171.05718675421537 z=75.77549489880538 vx=0.03389077513797562 pilot=true
[30Sep2026 04:24:13.821] [Render thread/INFO] [magnetization/aircraft-network-audit/]: AIRCRAFT_CLIENT player=AuditPilot type=immersive_aircraft:biplane uuid=c45c1f19-9d5f-49ea-b2d9-57c8132259b0 tick=990 x=0.5018963702258002 y=170.73452310400285 z=81.13281632577468 vx=0.00728302965600971 pilot=true
[30Sep2026 04:24:14.324] [Render thread/INFO] [magnetization/aircraft-network-audit/]: AIRCRAFT_CLIENT player=AuditPilot type=immersive_aircraft:cargo_airship uuid=67942fa2-97a1-4590-ae69-ab7b876f04e5 tick=1000 x=0.02947243256226379 y=179.0157570174762 z=0.03743010250829802 vx=0.0066153564220516395 pilot=true
[30Sep2026 04:24:14.826] [Render thread/INFO] [magnetization/aircraft-network-audit/]: AIRCRAFT_CLIENT player=AuditPilot type=immersive_aircraft:cargo_airship uuid=67942fa2-97a1-4590-ae69-ab7b876f04e5 tick=1010 x=0.11799604080093705 y=175.6338883675832 z=0.1984150209621202 vx=0.009957263013290151 pilot=true
[30Sep2026 04:24:15.327] [Render thread/INFO] [magnetization/aircraft-network-audit/]: AIRCRAFT_CLIENT player=AuditPilot type=immersive_aircraft:cargo_airship uuid=67942fa2-97a1-4590-ae69-ab7b876f04e5 tick=1020 x=0.21908556570914894 y=171.16857678786602 z=0.4542953407461019 vx=0.009893786776752244 pilot=true
[30Sep2026 04:24:15.803] [Render thread/INFO] [magnetization/aircraft-network-audit/]: AIRCRAFT_CLIENT player=AuditPilot type=immersive_aircraft:cargo_airship uuid=67942fa2-97a1-4590-ae69-ab7b876f04e5 tick=1030 x=0.30987142046559535 y=166.44099817018684 z=0.7645885480305108 vx=0.00826889578096499 pilot=true
[30Sep2026 04:24:16.306] [Render thread/INFO] [magnetization/aircraft-network-audit/]: AIRCRAFT_CLIENT player=AuditPilot type=immersive_aircraft:cargo_airship uuid=67942fa2-97a1-4590-ae69-ab7b876f04e5 tick=1040 x=0.3808202853943189 y=161.894091766122 z=1.0947614728428527 vx=0.006107616872101176 pilot=true
[30Sep2026 04:24:16.807] [Render thread/INFO] [magnetization/aircraft-network-audit/]: AIRCRAFT_CLIENT player=AuditPilot type=immersive_aircraft:cargo_airship uuid=67942fa2-97a1-4590-ae69-ab7b876f04e5 tick=1050 x=0.43008739372071275 y=157.74520859824847 z=1.4195062679918018 vx=0.003995856912545028 pilot=true
[30Sep2026 04:24:17.309] [Render thread/INFO] [magnetization/aircraft-network-audit/]: AIRCRAFT_CLIENT player=AuditPilot type=immersive_aircraft:cargo_airship uuid=67942fa2-97a1-4590-ae69-ab7b876f04e5 tick=1060 x=-0.9659096425934892 y=154.0802903078721 z=2.074126815318191 vx=-0.25955595134296167 pilot=true
[30Sep2026 04:24:17.811] [Render thread/INFO] [magnetization/aircraft-network-audit/]: AIRCRAFT_CLIENT player=AuditPilot type=immersive_aircraft:cargo_airship uuid=67942fa2-97a1-4590-ae69-ab7b876f04e5 tick=1070 x=-4.230003680555599 y=150.91145228505525 z=3.940815183205868 vx=-0.36876696046779317 pilot=true
[30Sep2026 04:24:18.314] [Render thread/INFO] [magnetization/aircraft-network-audit/]: AIRCRAFT_CLIENT player=AuditPilot type=immersive_aircraft:cargo_airship uuid=67942fa2-97a1-4590-ae69-ab7b876f04e5 tick=1080 x=-8.248370285725258 y=148.2117559912031 z=6.747293857834698 vx=-0.4308768458458334 pilot=true
[30Sep2026 04:24:18.816] [Render thread/INFO] [magnetization/aircraft-network-audit/]: AIRCRAFT_CLIENT player=AuditPilot type=immersive_aircraft:cargo_airship uuid=67942fa2-97a1-4590-ae69-ab7b876f04e5 tick=1090 x=-12.787568107489864 y=145.93583608188922 z=10.154470630917357 vx=-0.47129826273669617 pilot=true
[30Sep2026 04:24:19.317] [Render thread/INFO] [magnetization/aircraft-network-audit/]: AIRCRAFT_CLIENT player=AuditPilot type=immersive_aircraft:cargo_airship uuid=67942fa2-97a1-4590-ae69-ab7b876f04e5 tick=1100 x=-17.68314304355238 y=144.03181939207278 z=13.91514361414835 vx=-0.5034422805967926 pilot=true
[30Sep2026 04:24:19.819] [Render thread/INFO] [magnetization/aircraft-network-audit/]: AIRCRAFT_CLIENT player=AuditPilot type=immersive_aircraft:cargo_airship uuid=67942fa2-97a1-4590-ae69-ab7b876f04e5 tick=1110 x=-19.790537008093967 y=142.44793480967272 z=17.263624800693986 vx=0.006212732483632871 pilot=true
[30Sep2026 04:24:20.320] [Render thread/INFO] [magnetization/aircraft-network-audit/]: AIRCRAFT_CLIENT player=AuditPilot type=immersive_aircraft:cargo_airship uuid=67942fa2-97a1-4590-ae69-ab7b876f04e5 tick=1120 x=-18.661731309722587 y=141.1359300802993 z=19.2781040781382 vx=0.16160127250957385 pilot=true
[30Sep2026 04:24:20.823] [Render thread/INFO] [magnetization/aircraft-network-audit/]: AIRCRAFT_CLIENT player=AuditPilot type=immersive_aircraft:cargo_airship uuid=67942fa2-97a1-4590-ae69-ab7b876f04e5 tick=1130 x=-16.886124798806307 y=140.05260636146068 z=20.849358474028236 vx=0.18386240112493255 pilot=true
[30Sep2026 04:24:21.325] [Render thread/INFO] [magnetization/aircraft-network-audit/]: AIRCRAFT_CLIENT player=AuditPilot type=immersive_aircraft:cargo_airship uuid=67942fa2-97a1-4590-ae69-ab7b876f04e5 tick=1140 x=-15.032105530330938 y=139.16027498561002 z=22.334937248175603 vx=0.18587046111358105 pilot=true
[30Sep2026 04:24:21.803] [Render thread/INFO] [magnetization/aircraft-network-audit/]: AIRCRAFT_CLIENT player=AuditPilot type=immersive_aircraft:cargo_airship uuid=67942fa2-97a1-4590-ae69-ab7b876f04e5 tick=1150 x=-13.213485140879678 y=138.42662503992923 z=23.788551556626363 vx=0.14578307774009497 pilot=true
[30Sep2026 04:24:22.304] [Render thread/INFO] [magnetization/aircraft-network-audit/]: AIRCRAFT_CLIENT player=AuditPilot type=immersive_aircraft:cargo_airship uuid=67942fa2-97a1-4590-ae69-ab7b876f04e5 tick=1160 x=-12.44392391703236 y=137.82429451742647 z=24.963297026244014 vx=0.011554329645343335 pilot=true
[30Sep2026 04:24:22.806] [Render thread/INFO] [magnetization/aircraft-network-audit/]: AIRCRAFT_CLIENT player=AuditPilot type=immersive_aircraft:cargo_airship uuid=67942fa2-97a1-4590-ae69-ab7b876f04e5 tick=1170 x=-12.537180522520696 y=137.33031738660378 z=25.60275101423148 vx=-0.017083748107367118 pilot=true
[30Sep2026 04:24:23.308] [Render thread/INFO] [magnetization/aircraft-network-audit/]: AIRCRAFT_CLIENT player=AuditPilot type=aviator_dream:dehavilland_dh106 uuid=8aadadf8-06d6-4e8e-aa56-ec13a605447c tick=1180 x=0.0012648543282544542 y=179.10799432686875 z=0.18197670991252068 vx=2.840607680007017E-4 pilot=true
[30Sep2026 04:24:23.809] [Render thread/INFO] [magnetization/aircraft-network-audit/]: AIRCRAFT_CLIENT player=AuditPilot type=aviator_dream:dehavilland_dh106 uuid=8aadadf8-06d6-4e8e-aa56-ec13a605447c tick=1190 x=0.003963057619923706 y=176.51001558342674 z=1.8042227999797642 vx=1.5647005640857207E-4 pilot=true
[30Sep2026 04:24:24.310] [Render thread/INFO] [magnetization/aircraft-network-audit/]: AIRCRAFT_CLIENT player=AuditPilot type=aviator_dream:dehavilland_dh106 uuid=8aadadf8-06d6-4e8e-aa56-ec13a605447c tick=1200 x=0.0020958630599232507 y=173.6344701358958 z=5.126732528665691 vx=-5.28688927808432E-4 pilot=true
[30Sep2026 04:24:24.812] [Render thread/INFO] [magnetization/aircraft-network-audit/]: AIRCRAFT_CLIENT player=AuditPilot type=aviator_dream:dehavilland_dh106 uuid=8aadadf8-06d6-4e8e-aa56-ec13a605447c tick=1210 x=-0.008269749677000518 y=171.05344754838146 z=9.583254789495216 vx=-0.00147116579876268 pilot=true
[30Sep2026 04:24:25.313] [Render thread/INFO] [magnetization/aircraft-network-audit/]: AIRCRAFT_CLIENT player=AuditPilot type=aviator_dream:dehavilland_dh106 uuid=8aadadf8-06d6-4e8e-aa56-ec13a605447c tick=1220 x=-0.028520914386182886 y=168.87052391497056 z=14.600984079175142 vx=-0.002484558777091154 pilot=true
[30Sep2026 04:24:25.815] [Render thread/INFO] [magnetization/aircraft-network-audit/]: AIRCRAFT_CLIENT player=AuditPilot type=aviator_dream:dehavilland_dh106 uuid=8aadadf8-06d6-4e8e-aa56-ec13a605447c tick=1230 x=-0.059214826040584374 y=166.9975223896606 z=19.848714478335943 vx=-0.003562478361605377 pilot=true
[30Sep2026 04:24:26.316] [Render thread/INFO] [magnetization/aircraft-network-audit/]: AIRCRAFT_CLIENT player=AuditPilot type=aviator_dream:dehavilland_dh106 uuid=8aadadf8-06d6-4e8e-aa56-ec13a605447c tick=1240 x=-1.9973570468951034 y=165.40154316676552 z=25.198853703872675 vx=-0.36042023083862446 pilot=true
[30Sep2026 04:24:26.818] [Render thread/INFO] [magnetization/aircraft-network-audit/]: AIRCRAFT_CLIENT player=AuditPilot type=aviator_dream:dehavilland_dh106 uuid=8aadadf8-06d6-4e8e-aa56-ec13a605447c tick=1250 x=-7.033473100014592 y=164.33375439159803 z=30.403885844719568 vx=-0.6006113489084991 pilot=true
[30Sep2026 04:24:27.319] [Render thread/INFO] [magnetization/aircraft-network-audit/]: AIRCRAFT_CLIENT player=AuditPilot type=aviator_dream:dehavilland_dh106 uuid=8aadadf8-06d6-4e8e-aa56-ec13a605447c tick=1260 x=-13.842877841358405 y=163.6682844203001 z=35.262788875077696 vx=-0.7346153767400891 pilot=true
[30Sep2026 04:24:27.821] [Render thread/INFO] [magnetization/aircraft-network-audit/]: AIRCRAFT_CLIENT player=AuditPilot type=aviator_dream:dehavilland_dh106 uuid=8aadadf8-06d6-4e8e-aa56-ec13a605447c tick=1270 x=-21.626061852406465 y=163.2453845886818 z=39.84706062762759 vx=-0.8074227682163955 pilot=true
[30Sep2026 04:24:28.323] [Render thread/INFO] [magnetization/aircraft-network-audit/]: AIRCRAFT_CLIENT player=AuditPilot type=aviator_dream:dehavilland_dh106 uuid=8aadadf8-06d6-4e8e-aa56-ec13a605447c tick=1280 x=-29.9389527168827 y=162.96201161531454 z=44.33895687679861 vx=-0.847374473005755 pilot=true
[30Sep2026 04:24:28.824] [Render thread/INFO] [magnetization/aircraft-network-audit/]: AIRCRAFT_CLIENT player=AuditPilot type=aviator_dream:dehavilland_dh106 uuid=8aadadf8-06d6-4e8e-aa56-ec13a605447c tick=1290 x=-34.887812617588594 y=162.6837450819191 z=48.977670124655646 vx=-0.18879949929639508 pilot=true
[30Sep2026 04:24:29.322] [Render thread/INFO] [magnetization/aircraft-network-audit/]: AIRCRAFT_CLIENT player=AuditPilot type=aviator_dream:dehavilland_dh106 uuid=8aadadf8-06d6-4e8e-aa56-ec13a605447c tick=1300 x=-34.149167904013076 y=161.8659927579552 z=54.340575889056105 vx=0.2666078039526417 pilot=true
[30Sep2026 04:24:29.826] [Render thread/INFO] [magnetization/aircraft-network-audit/]: AIRCRAFT_CLIENT player=AuditPilot type=aviator_dream:dehavilland_dh106 uuid=8aadadf8-06d6-4e8e-aa56-ec13a605447c tick=1310 x=-29.867158005483763 y=161.11298329831286 z=60.63736505777212 vx=0.5388590634390447 pilot=true
[30Sep2026 04:24:30.303] [Render thread/INFO] [magnetization/aircraft-network-audit/]: AIRCRAFT_CLIENT player=AuditPilot type=aviator_dream:dehavilland_dh106 uuid=8aadadf8-06d6-4e8e-aa56-ec13a605447c tick=1320 x=-23.67049969186002 y=160.58705179703702 z=67.51836684719666 vx=0.6549310785038632 pilot=true
[30Sep2026 04:24:30.805] [Render thread/INFO] [magnetization/aircraft-network-audit/]: AIRCRAFT_CLIENT player=AuditPilot type=aviator_dream:dehavilland_dh106 uuid=8aadadf8-06d6-4e8e-aa56-ec13a605447c tick=1330 x=-16.46994254642093 y=160.19830801496101 z=74.83950068531948 vx=0.7642985586395677 pilot=true
[30Sep2026 04:24:31.308] [Render thread/INFO] [magnetization/aircraft-network-audit/]: AIRCRAFT_CLIENT player=AuditPilot type=aviator_dream:dehavilland_dh106 uuid=8aadadf8-06d6-4e8e-aa56-ec13a605447c tick=1340 x=-9.95195606959197 y=159.88919990155486 z=82.60376976012641 vx=0.5142167908781007 pilot=true
[30Sep2026 04:24:31.811] [Render thread/INFO] [magnetization/aircraft-network-audit/]: AIRCRAFT_CLIENT player=AuditPilot type=aviator_dream:dehavilland_dh106 uuid=8aadadf8-06d6-4e8e-aa56-ec13a605447c tick=1350 x=-6.029648440812761 y=159.62130902320436 z=90.95998933782452 vx=0.30822513680287045 pilot=true
[30Sep2026 04:24:32.313] [Render thread/INFO] [magnetization/aircraft-network-audit/]: AIRCRAFT_CLIENT player=AuditPilot type=aviator_dream:douglas_c47 uuid=cd77b3bd-5bbb-4619-8f1c-5ab261622b8a tick=1360 x=9.813107677641032E-4 y=179.30840360317686 z=0.10913528010932519 vx=2.5994095923168774E-4 pilot=true
[30Sep2026 04:24:32.815] [Render thread/INFO] [magnetization/aircraft-network-audit/]: AIRCRAFT_CLIENT player=AuditPilot type=aviator_dream:douglas_c47 uuid=cd77b3bd-5bbb-4619-8f1c-5ab261622b8a tick=1370 x=0.003935739393689217 y=176.8112558559749 z=1.4223251704976352 vx=2.2858924415274808E-4 pilot=true
[30Sep2026 04:24:33.317] [Render thread/INFO] [magnetization/aircraft-network-audit/]: AIRCRAFT_CLIENT player=AuditPilot type=aviator_dream:douglas_c47 uuid=cd77b3bd-5bbb-4619-8f1c-5ab261622b8a tick=1380 x=0.0034002666233869513 y=173.90768295372914 z=4.3035129234587055 vx=-3.473426807320684E-4 pilot=true
[30Sep2026 04:24:33.819] [Render thread/INFO] [magnetization/aircraft-network-audit/]: AIRCRAFT_CLIENT player=AuditPilot type=aviator_dream:douglas_c47 uuid=cd77b3bd-5bbb-4619-8f1c-5ab261622b8a tick=1390 x=-0.004668718199879679 y=171.197354792097 z=8.284998376291666 vx=-0.0012072100772825777 pilot=true
[30Sep2026 04:24:34.321] [Render thread/INFO] [magnetization/aircraft-network-audit/]: AIRCRAFT_CLIENT player=AuditPilot type=aviator_dream:douglas_c47 uuid=cd77b3bd-5bbb-4619-8f1c-5ab261622b8a tick=1400 x=-0.021954614951436045 y=168.81723593573372 z=12.85404725227645 vx=-0.0021627488008066457 pilot=true
[30Sep2026 04:24:34.828] [Render thread/INFO] [magnetization/aircraft-network-audit/]: AIRCRAFT_CLIENT player=AuditPilot type=aviator_dream:douglas_c47 uuid=cd77b3bd-5bbb-4619-8f1c-5ab261622b8a tick=1410 x=-0.04906688079723866 y=166.71138325762686 z=17.68474864654189 vx=-0.003169184827600783 pilot=true
[30Sep2026 04:24:35.327] [Render thread/INFO] [magnetization/aircraft-network-audit/]: AIRCRAFT_CLIENT player=AuditPilot type=aviator_dream:douglas_c47 uuid=cd77b3bd-5bbb-4619-8f1c-5ab261622b8a tick=1420 x=-1.9673533858230694 y=164.8653616662778 z=22.621408253763175 vx=-0.35598454097164844 pilot=true
[30Sep2026 04:24:35.804] [Render thread/INFO] [magnetization/aircraft-network-audit/]: AIRCRAFT_CLIENT player=AuditPilot type=aviator_dream:douglas_c47 uuid=cd77b3bd-5bbb-4619-8f1c-5ab261622b8a tick=1430 x=-6.635671595599762 y=163.61620584216737 z=27.394109066520407 vx=-0.5547383436501705 pilot=true
[30Sep2026 04:24:36.306] [Render thread/INFO] [magnetization/aircraft-network-audit/]: AIRCRAFT_CLIENT player=AuditPilot type=aviator_dream:douglas_c47 uuid=cd77b3bd-5bbb-4619-8f1c-5ab261622b8a tick=1440 x=-13.029001694793358 y=162.86252625864478 z=31.736050487691855 vx=-0.6952654387484634 pilot=true
[30Sep2026 04:24:36.808] [Render thread/INFO] [magnetization/aircraft-network-audit/]: AIRCRAFT_CLIENT player=AuditPilot type=aviator_dream:douglas_c47 uuid=cd77b3bd-5bbb-4619-8f1c-5ab261622b8a tick=1450 x=-20.42492479880842 y=162.40452255007676 z=35.661751310704766 vx=-0.7685916451046608 pilot=true
[30Sep2026 04:24:37.312] [Render thread/INFO] [magnetization/aircraft-network-audit/]: AIRCRAFT_CLIENT player=AuditPilot type=aviator_dream:douglas_c47 uuid=cd77b3bd-5bbb-4619-8f1c-5ab261622b8a tick=1460 x=-28.610839576002935 y=162.11620481179528 z=39.31973748181127 vx=-0.8385889028130843 pilot=true
[30Sep2026 04:24:37.814] [Render thread/INFO] [magnetization/aircraft-network-audit/]: AIRCRAFT_CLIENT player=AuditPilot type=aviator_dream:douglas_c47 uuid=cd77b3bd-5bbb-4619-8f1c-5ab261622b8a tick=1470 x=-33.398663257818335 y=161.75944101027866 z=42.90127714987276 vx=-0.1710237203296785 pilot=true
[30Sep2026 04:24:38.316] [Render thread/INFO] [magnetization/aircraft-network-audit/]: AIRCRAFT_CLIENT player=AuditPilot type=aviator_dream:douglas_c47 uuid=cd77b3bd-5bbb-4619-8f1c-5ab261622b8a tick=1480 x=-32.47553817924237 y=160.4665163432214 z=47.04753191477405 vx=0.2736540021683809 pilot=true
[30Sep2026 04:24:38.819] [Render thread/INFO] [magnetization/aircraft-network-audit/]: AIRCRAFT_CLIENT player=AuditPilot type=aviator_dream:douglas_c47 uuid=cd77b3bd-5bbb-4619-8f1c-5ab261622b8a tick=1490 x=-28.192725328178184 y=159.1924484080274 z=52.08683882142301 vx=0.5330914525567652 pilot=true
[30Sep2026 04:24:39.320] [Render thread/INFO] [magnetization/aircraft-network-audit/]: AIRCRAFT_CLIENT player=AuditPilot type=aviator_dream:douglas_c47 uuid=cd77b3bd-5bbb-4619-8f1c-5ab261622b8a tick=1500 x=-21.988386449953122 y=158.38082998891736 z=57.517567252756336 vx=0.6790479155095219 pilot=true
[30Sep2026 04:24:39.823] [Render thread/INFO] [magnetization/aircraft-network-audit/]: AIRCRAFT_CLIENT player=AuditPilot type=aviator_dream:douglas_c47 uuid=cd77b3bd-5bbb-4619-8f1c-5ab261622b8a tick=1510 x=-14.717306051472967 y=157.8548240084339 z=63.04024707399218 vx=0.7591524085630139 pilot=true
[30Sep2026 04:24:40.324] [Render thread/INFO] [magnetization/aircraft-network-audit/]: AIRCRAFT_CLIENT player=AuditPilot type=aviator_dream:douglas_c47 uuid=cd77b3bd-5bbb-4619-8f1c-5ab261622b8a tick=1520 x=-8.682522099101769 y=157.49494652464074 z=68.60335384550186 vx=0.46580420163917374 pilot=true
[30Sep2026 04:24:40.827] [Render thread/INFO] [magnetization/aircraft-network-audit/]: AIRCRAFT_CLIENT player=AuditPilot type=aviator_dream:douglas_c47 uuid=cd77b3bd-5bbb-4619-8f1c-5ab261622b8a tick=1530 x=-5.17254067297849 y=157.20878323427576 z=74.30310259327771 vx=0.27295519826615866 pilot=true
[30Sep2026 04:24:41.316] [Render thread/INFO] [magnetization/aircraft-network-audit/]: AIRCRAFT_CLIENT player=AuditPilot type=aviator_dream:douglas_dc1 uuid=c64bd8e3-ed02-4992-a7ea-9b696777bbb8 tick=1540 x=0.006345405009371382 y=179.11020558961022 z=0.1723684458301865 vx=0.00143212412464345 pilot=true
[30Sep2026 04:24:41.818] [Render thread/INFO] [magnetization/aircraft-network-audit/]: AIRCRAFT_CLIENT player=AuditPilot type=aviator_dream:douglas_dc1 uuid=c64bd8e3-ed02-4992-a7ea-9b696777bbb8 tick=1550 x=0.020797001902454672 y=176.50849526195464 z=1.6653070345362653 vx=9.86262638459118E-4 pilot=true
[30Sep2026 04:24:42.319] [Render thread/INFO] [magnetization/aircraft-network-audit/]: AIRCRAFT_CLIENT player=AuditPilot type=aviator_dream:douglas_dc1 uuid=c64bd8e3-ed02-4992-a7ea-9b696777bbb8 tick=1560 x=0.015516156256011132 y=173.552768292433 z=4.697357977482812 vx=-0.0020618393265962555 pilot=true
[30Sep2026 04:24:42.821] [Render thread/INFO] [magnetization/aircraft-network-audit/]: AIRCRAFT_CLIENT player=AuditPilot type=aviator_dream:douglas_dc1 uuid=c64bd8e3-ed02-4992-a7ea-9b696777bbb8 tick=1570 x=-0.028581317456287787 y=170.758678348802 z=8.778898770772246 vx=-0.006449904689144878 pilot=true
[30Sep2026 04:24:43.322] [Render thread/INFO] [magnetization/aircraft-network-audit/]: AIRCRAFT_CLIENT player=AuditPilot type=aviator_dream:douglas_dc1 uuid=c64bd8e3-ed02-4992-a7ea-9b696777bbb8 tick=1580 x=-0.11979167728193024 y=168.22673818300763 z=13.42299803788937 vx=-0.01135789250321755 pilot=true
[30Sep2026 04:24:43.823] [Render thread/INFO] [magnetization/aircraft-network-audit/]: AIRCRAFT_CLIENT player=AuditPilot type=aviator_dream:douglas_dc1 uuid=c64bd8e3-ed02-4992-a7ea-9b696777bbb8 tick=1590 x=-0.26199827903445944 y=165.89389983664708 z=18.333458908767028 vx=-0.01662543996115865 pilot=true
[30Sep2026 04:24:44.325] [Render thread/INFO] [magnetization/aircraft-network-audit/]: AIRCRAFT_CLIENT player=AuditPilot type=aviator_dream:douglas_dc1 uuid=c64bd8e3-ed02-4992-a7ea-9b696777bbb8 tick=1600 x=-2.3413240957063675 y=163.75365326808415 z=23.374850691322155 vx=-0.3744202965420284 pilot=true
[30Sep2026 04:24:44.826] [Render thread/INFO] [magnetization/aircraft-network-audit/]: AIRCRAFT_CLIENT player=AuditPilot type=aviator_dream:douglas_dc1 uuid=c64bd8e3-ed02-4992-a7ea-9b696777bbb8 tick=1610 x=-7.502714511665236 y=162.17876304964312 z=28.297150101994113 vx=-0.6116773390472282 pilot=true
[30Sep2026 04:24:45.302] [Render thread/INFO] [magnetization/aircraft-network-audit/]: AIRCRAFT_CLIENT player=AuditPilot type=aviator_dream:douglas_dc1 uuid=c64bd8e3-ed02-4992-a7ea-9b696777bbb8 tick=1620 x=-14.270773826168059 y=161.11494450722802 z=32.81682569188831 vx=-0.7005628412481759 pilot=true
[30Sep2026 04:24:45.804] [Render thread/INFO] [magnetization/aircraft-network-audit/]: AIRCRAFT_CLIENT player=AuditPilot type=aviator_dream:douglas_dc1 uuid=c64bd8e3-ed02-4992-a7ea-9b696777bbb8 tick=1630 x=-21.811683455105776 y=160.35638314021543 z=36.92187468794858 vx=-0.7896817544339164 pilot=true
[30Sep2026 04:24:46.305] [Render thread/INFO] [magnetization/aircraft-network-audit/]: AIRCRAFT_CLIENT player=AuditPilot type=aviator_dream:douglas_dc1 uuid=c64bd8e3-ed02-4992-a7ea-9b696777bbb8 tick=1640 x=-29.998846177984948 y=159.76829589579904 z=40.73707992005787 vx=-0.838205009785288 pilot=true
[30Sep2026 04:24:46.806] [Render thread/INFO] [magnetization/aircraft-network-audit/]: AIRCRAFT_CLIENT player=AuditPilot type=aviator_dream:douglas_dc1 uuid=c64bd8e3-ed02-4992-a7ea-9b696777bbb8 tick=1650 x=-35.577259547957624 y=159.12307519344833 z=44.43332881997278 vx=-0.24861764956629415 pilot=true
[30Sep2026 04:24:47.307] [Render thread/INFO] [magnetization/aircraft-network-audit/]: AIRCRAFT_CLIENT player=AuditPilot type=aviator_dream:douglas_dc1 uuid=c64bd8e3-ed02-4992-a7ea-9b696777bbb8 tick=1660 x=-35.27801971172629 y=157.42892850855745 z=48.58186693968198 vx=0.24961932447330942 pilot=true
[30Sep2026 04:24:47.809] [Render thread/INFO] [magnetization/aircraft-network-audit/]: AIRCRAFT_CLIENT player=AuditPilot type=aviator_dream:douglas_dc1 uuid=c64bd8e3-ed02-4992-a7ea-9b696777bbb8 tick=1670 x=-31.376817282971977 y=155.4295131512856 z=53.62443440631024 vx=0.4921249005603545 pilot=true
[30Sep2026 04:24:48.311] [Render thread/INFO] [magnetization/aircraft-network-audit/]: AIRCRAFT_CLIENT player=AuditPilot type=aviator_dream:douglas_dc1 uuid=c64bd8e3-ed02-4992-a7ea-9b696777bbb8 tick=1680 x=-25.65136623297468 y=153.89026882260484 z=59.15504654254525 vx=0.626549729354042 pilot=true
[30Sep2026 04:24:48.812] [Render thread/INFO] [magnetization/aircraft-network-audit/]: AIRCRAFT_CLIENT player=AuditPilot type=aviator_dream:douglas_dc1 uuid=c64bd8e3-ed02-4992-a7ea-9b696777bbb8 tick=1690 x=-18.94417873695464 y=152.69868312223653 z=64.79861871846852 vx=0.7000614236272603 pilot=true
[30Sep2026 04:24:49.313] [Render thread/INFO] [magnetization/aircraft-network-audit/]: AIRCRAFT_CLIENT player=AuditPilot type=aviator_dream:douglas_dc1 uuid=c64bd8e3-ed02-4992-a7ea-9b696777bbb8 tick=1700 x=-13.51895718391935 y=151.7097209359209 z=70.4582512417901 vx=0.40389307368757743 pilot=true
[30Sep2026 04:24:49.815] [Render thread/INFO] [magnetization/aircraft-network-audit/]: AIRCRAFT_CLIENT player=AuditPilot type=aviator_dream:douglas_dc1 uuid=c64bd8e3-ed02-4992-a7ea-9b696777bbb8 tick=1710 x=-10.642199298880008 y=150.6061415713744 z=76.28451626445899 vx=0.20798666050453188 pilot=true
[30Sep2026 04:24:50.316] [Render thread/INFO] [magnetization/aircraft-network-audit/]: AIRCRAFT_CLIENT player=AuditPilot type=aviator_dream:douglas_dc2 uuid=242df306-d64a-46d0-bea1-f6646d0f8807 tick=1720 x=0.0012677844252404757 y=179.11090834333154 z=0.1671908431306029 vx=2.8592542002224173E-4 pilot=true
[30Sep2026 04:24:50.818] [Render thread/INFO] [magnetization/aircraft-network-audit/]: AIRCRAFT_CLIENT player=AuditPilot type=aviator_dream:douglas_dc2 uuid=242df306-d64a-46d0-bea1-f6646d0f8807 tick=1730 x=0.004133519215164114 y=176.5239221577922 z=1.644702308865665 vx=1.9246624461361685E-4 pilot=true
[30Sep2026 04:24:51.319] [Render thread/INFO] [magnetization/aircraft-network-audit/]: AIRCRAFT_CLIENT player=AuditPilot type=aviator_dream:douglas_dc2 uuid=242df306-d64a-46d0-bea1-f6646d0f8807 tick=1740 x=0.0029944489798765907 y=173.6228858256604 z=4.659338125444226 vx=-4.230493449128343E-4 pilot=true
[30Sep2026 04:24:51.820] [Render thread/INFO] [magnetization/aircraft-network-audit/]: AIRCRAFT_CLIENT player=AuditPilot type=aviator_dream:douglas_dc2 uuid=242df306-d64a-46d0-bea1-f6646d0f8807 tick=1750 x=-0.005923335357616761 y=170.9430818614103 z=8.715471561331299 vx=-0.0012966384171431338 pilot=true
[30Sep2026 04:24:52.322] [Render thread/INFO] [magnetization/aircraft-network-audit/]: AIRCRAFT_CLIENT player=AuditPilot type=aviator_dream:douglas_dc2 uuid=242df306-d64a-46d0-bea1-f6646d0f8807 tick=1760 x=-0.024117793498054017 y=168.59140322784344 z=13.312738204233183 vx=-0.002254126495955767 pilot=true
[30Sep2026 04:24:52.824] [Render thread/INFO] [magnetization/aircraft-network-audit/]: AIRCRAFT_CLIENT player=AuditPilot type=aviator_dream:douglas_dc2 uuid=242df306-d64a-46d0-bea1-f6646d0f8807 tick=1770 x=-0.05215215218536192 y=166.50183787384202 z=18.145693316817304 vx=-0.0032625483675810803 pilot=true
[30Sep2026 04:24:53.325] [Render thread/INFO] [magnetization/aircraft-network-audit/]: AIRCRAFT_CLIENT player=AuditPilot type=aviator_dream:douglas_dc2 uuid=242df306-d64a-46d0-bea1-f6646d0f8807 tick=1780 x=-1.971391546884992 y=164.6606559066509 z=23.073793897040137 vx=-0.3560766042356605 pilot=true
[30Sep2026 04:24:53.827] [Render thread/INFO] [magnetization/aircraft-network-audit/]: AIRCRAFT_CLIENT player=AuditPilot type=aviator_dream:douglas_dc2 uuid=242df306-d64a-46d0-bea1-f6646d0f8807 tick=1790 x=-6.919500270140636 y=163.41298756352293 z=27.830284897093172 vx=-0.5879250051631695 pilot=true
[30Sep2026 04:24:54.304] [Render thread/INFO] [magnetization/aircraft-network-audit/]: AIRCRAFT_CLIENT player=AuditPilot type=aviator_dream:douglas_dc2 uuid=242df306-d64a-46d0-bea1-f6646d0f8807 tick=1800 x=-13.217257466034761 y=162.6611908853859 z=32.147653926857174 vx=-0.6842973918298302 pilot=true
[30Sep2026 04:24:54.806] [Render thread/INFO] [magnetization/aircraft-network-audit/]: AIRCRAFT_CLIENT player=AuditPilot type=aviator_dream:douglas_dc2 uuid=242df306-d64a-46d0-bea1-f6646d0f8807 tick=1810 x=-20.53270611877804 y=162.20395691878485 z=36.043085635524335 vx=-0.7624761804445751 pilot=true
[30Sep2026 04:24:55.308] [Render thread/INFO] [magnetization/aircraft-network-audit/]: AIRCRAFT_CLIENT player=AuditPilot type=aviator_dream:douglas_dc2 uuid=242df306-d64a-46d0-bea1-f6646d0f8807 tick=1820 x=-28.443984512864652 y=161.91602406996896 z=39.662043209885134 vx=-0.7997192907881188 pilot=true
[30Sep2026 04:24:55.810] [Render thread/INFO] [magnetization/aircraft-network-audit/]: AIRCRAFT_CLIENT player=AuditPilot type=aviator_dream:douglas_dc2 uuid=242df306-d64a-46d0-bea1-f6646d0f8807 tick=1830 x=-33.32107576621786 y=161.57308429757725 z=43.19053182724546 vx=-0.1763614590483827 pilot=true
[30Sep2026 04:24:56.311] [Render thread/INFO] [magnetization/aircraft-network-audit/]: AIRCRAFT_CLIENT player=AuditPilot type=aviator_dream:douglas_dc2 uuid=242df306-d64a-46d0-bea1-f6646d0f8807 tick=1840 x=-32.43876054385688 y=160.2770549490982 z=47.26250675652253 vx=0.27042087738102294 pilot=true
[30Sep2026 04:24:56.814] [Render thread/INFO] [magnetization/aircraft-network-audit/]: AIRCRAFT_CLIENT player=AuditPilot type=aviator_dream:douglas_dc2 uuid=242df306-d64a-46d0-bea1-f6646d0f8807 tick=1850 x=-28.181457364350774 y=158.97464246353624 z=52.232894525156844 vx=0.5309964652387561 pilot=true
[30Sep2026 04:24:57.316] [Render thread/INFO] [magnetization/aircraft-network-audit/]: AIRCRAFT_CLIENT player=AuditPilot type=aviator_dream:douglas_dc2 uuid=242df306-d64a-46d0-bea1-f6646d0f8807 tick=1860 x=-21.9943616019827 y=158.14494666624387 z=57.59632053986043 vx=0.6775619752904175 pilot=true
[30Sep2026 04:24:57.818] [Render thread/INFO] [magnetization/aircraft-network-audit/]: AIRCRAFT_CLIENT player=AuditPilot type=aviator_dream:douglas_dc2 uuid=242df306-d64a-46d0-bea1-f6646d0f8807 tick=1870 x=-14.736542000936483 y=157.6091173464297 z=63.040373335151294 vx=0.7579130501510396 pilot=true
[30Sep2026 04:24:58.320] [Render thread/INFO] [magnetization/aircraft-network-audit/]: AIRCRAFT_CLIENT player=AuditPilot type=aviator_dream:douglas_dc2 uuid=242df306-d64a-46d0-bea1-f6646d0f8807 tick=1880 x=-8.713299258726085 y=157.2443726615555 z=68.50777097776063 vx=0.4647472881797734 pilot=true
[30Sep2026 04:24:58.823] [Render thread/INFO] [magnetization/aircraft-network-audit/]: AIRCRAFT_CLIENT player=AuditPilot type=aviator_dream:douglas_dc2 uuid=242df306-d64a-46d0-bea1-f6646d0f8807 tick=1890 x=-5.212223049248917 y=156.94382542364383 z=74.09373006100412 vx=0.27220325594726363 pilot=true
[30Sep2026 04:24:59.324] [Render thread/INFO] [magnetization/aircraft-network-audit/]: AIRCRAFT_CLIENT player=AuditPilot type=aviator_dream:fokker_fviia uuid=fbf889bc-36a9-4b62-970a-54381be0b1d2 tick=1900 x=0.007702009211507239 y=179.1100612382954 z=0.148118178772422 vx=0.0017580249407722738 pilot=true
[30Sep2026 04:24:59.826] [Render thread/INFO] [magnetization/aircraft-network-audit/]: AIRCRAFT_CLIENT player=AuditPilot type=aviator_dream:fokker_fviia uuid=fbf889bc-36a9-4b62-970a-54381be0b1d2 tick=1910 x=0.027229996681736833 y=176.4902893466975 z=1.4153554146658496 vx=0.0016156457027289668 pilot=true
[30Sep2026 04:25:00.303] [Render thread/INFO] [magnetization/aircraft-network-audit/]: AIRCRAFT_CLIENT player=AuditPilot type=aviator_dream:fokker_fviia uuid=fbf889bc-36a9-4b62-970a-54381be0b1d2 tick=1920 x=0.029057050978963102 y=173.4387551838756 z=3.9889635661408716 vx=-0.0013155977020160223 pilot=true
[30Sep2026 04:25:00.805] [Render thread/INFO] [magnetization/aircraft-network-audit/]: AIRCRAFT_CLIENT player=AuditPilot type=aviator_dream:fokker_fviia uuid=fbf889bc-36a9-4b62-970a-54381be0b1d2 tick=1930 x=-0.008007616985060627 y=170.43452103950384 z=7.484739883954273 vx=-0.005817857202189426 pilot=true
[30Sep2026 04:25:01.307] [Render thread/INFO] [magnetization/aircraft-network-audit/]: AIRCRAFT_CLIENT player=AuditPilot type=aviator_dream:fokker_fviia uuid=fbf889bc-36a9-4b62-970a-54381be0b1d2 tick=1940 x=-0.09450478282468977 y=167.5914579355523 z=11.515796643166832 vx=-0.011038734707025584 pilot=true
[30Sep2026 04:25:01.810] [Render thread/INFO] [magnetization/aircraft-network-audit/]: AIRCRAFT_CLIENT player=AuditPilot type=aviator_dream:fokker_fviia uuid=fbf889bc-36a9-4b62-970a-54381be0b1d2 tick=1950 x=-0.23554672132391224 y=164.88160597458267 z=15.829012116990864 vx=-0.016668835205493324 pilot=true
[30Sep2026 04:25:02.312] [Render thread/INFO] [magnetization/aircraft-network-audit/]: AIRCRAFT_CLIENT player=AuditPilot type=aviator_dream:fokker_fviia uuid=fbf889bc-36a9-4b62-970a-54381be0b1d2 tick=1960 x=-2.3132352199644424 y=162.3304789218057 z=20.28601597726427 vx=-0.3738103082809432 pilot=true
[30Sep2026 04:25:02.814] [Render thread/INFO] [magnetization/aircraft-network-audit/]: AIRCRAFT_CLIENT player=AuditPilot type=aviator_dream:fokker_fviia uuid=fbf889bc-36a9-4b62-970a-54381be0b1d2 tick=1970 x=-7.459910844463163 y=160.38849551990256 z=24.639804989817637 vx=-0.6093837698983179 pilot=true
[30Sep2026 04:25:03.316] [Render thread/INFO] [magnetization/aircraft-network-audit/]: AIRCRAFT_CLIENT player=AuditPilot type=aviator_dream:fokker_fviia uuid=fbf889bc-36a9-4b62-970a-54381be0b1d2 tick=1980 x=-14.324643202078335 y=159.11010763874106 z=28.566699046359997 vx=-0.7374364375700855 pilot=true
[30Sep2026 04:25:03.819] [Render thread/INFO] [magnetization/aircraft-network-audit/]: AIRCRAFT_CLIENT player=AuditPilot type=aviator_dream:fokker_fviia uuid=fbf889bc-36a9-4b62-970a-54381be0b1d2 tick=1990 x=-22.102814614435072 y=158.24442228127708 z=31.99542070263942 vx=-0.8042293143245731 pilot=true
[30Sep2026 04:25:04.320] [Render thread/INFO] [magnetization/aircraft-network-audit/]: AIRCRAFT_CLIENT player=AuditPilot type=aviator_dream:fokker_fviia uuid=fbf889bc-36a9-4b62-970a-54381be0b1d2 tick=2000 x=-30.351861876032707 y=157.6204813563326 z=35.020739883805405 vx=-0.8384288356970209 pilot=true
[30Sep2026 04:25:04.822] [Render thread/INFO] [magnetization/aircraft-network-audit/]: AIRCRAFT_CLIENT player=AuditPilot type=aviator_dream:fokker_fviia uuid=fbf889bc-36a9-4b62-970a-54381be0b1d2 tick=2010 x=-35.20714413844159 y=156.82104689880774 z=37.80618910661911 vx=-0.18255860710194344 pilot=true
[30Sep2026 04:25:05.324] [Render thread/INFO] [magnetization/aircraft-network-audit/]: AIRCRAFT_CLIENT player=AuditPilot type=aviator_dream:fokker_fviia uuid=fbf889bc-36a9-4b62-970a-54381be0b1d2 tick=2020 x=-34.48698397978893 y=154.66374366170118 z=40.97182264648562 vx=0.24472885175774223 pilot=true
[30Sep2026 04:25:05.825] [Render thread/INFO] [magnetization/aircraft-network-audit/]: AIRCRAFT_CLIENT player=AuditPilot type=aviator_dream:fokker_fviia uuid=fbf889bc-36a9-4b62-970a-54381be0b1d2 tick=2030 x=-30.607840981971204 y=152.1379343968728 z=44.91712964186879 vx=0.48403554013553624 pilot=true
[30Sep2026 04:25:06.327] [Render thread/INFO] [magnetization/aircraft-network-audit/]: AIRCRAFT_CLIENT player=AuditPilot type=aviator_dream:fokker_fviia uuid=fbf889bc-36a9-4b62-970a-54381be0b1d2 tick=2040 x=-24.9713231733175 y=150.15006254263514 z=49.280878681760626 vx=0.6171374999166299 pilot=true
[30Sep2026 04:25:06.804] [Render thread/INFO] [magnetization/aircraft-network-audit/]: AIRCRAFT_CLIENT player=AuditPilot type=aviator_dream:fokker_fviia uuid=fbf889bc-36a9-4b62-970a-54381be0b1d2 tick=2050 x=-18.694465158110013 y=148.74243630561824 z=53.63561701820261 vx=0.6616614371321696 pilot=true
[30Sep2026 04:25:07.306] [Render thread/INFO] [magnetization/aircraft-network-audit/]: AIRCRAFT_CLIENT player=AuditPilot type=aviator_dream:fokker_fviia uuid=fbf889bc-36a9-4b62-970a-54381be0b1d2 tick=2060 x=-13.2358332942542 y=147.60529294387868 z=57.82580514460635 vx=0.4087714769803201 pilot=true
[30Sep2026 04:25:07.807] [Render thread/INFO] [magnetization/aircraft-network-audit/]: AIRCRAFT_CLIENT player=AuditPilot type=aviator_dream:fokker_fviia uuid=fbf889bc-36a9-4b62-970a-54381be0b1d2 tick=2070 x=-10.327490519908535 y=145.99317625035235 z=62.09788017184854 vx=0.2102464373369083 pilot=true
[30Sep2026 04:25:08.310] [Render thread/INFO] [magnetization/aircraft-network-audit/]: AIRCRAFT_CLIENT player=AuditPilot type=aviator_dream:fokker_fviib3m uuid=e747e399-e356-4970-9a00-409944a45efc tick=2080 x=0.007705443465272728 y=179.1100606848829 z=0.14815936013247463 vx=0.0017590305101793722 pilot=true
[30Sep2026 04:25:08.812] [Render thread/INFO] [magnetization/aircraft-network-audit/]: AIRCRAFT_CLIENT player=AuditPilot type=aviator_dream:fokker_fviib3m uuid=e747e399-e356-4970-9a00-409944a45efc tick=2090 x=0.027237873083263957 y=176.49031900978187 z=1.4169885379247666 vx=0.0016136372018218299 pilot=true
[30Sep2026 04:25:09.314] [Render thread/INFO] [magnetization/aircraft-network-audit/]: AIRCRAFT_CLIENT player=AuditPilot type=aviator_dream:fokker_fviib3m uuid=e747e399-e356-4970-9a00-409944a45efc tick=2100 x=0.028917594126679987 y=173.4394498843545 z=3.998672499822806 vx=-0.0013465883974736277 pilot=true
[30Sep2026 04:25:09.817] [Render thread/INFO] [magnetization/aircraft-network-audit/]: AIRCRAFT_CLIENT player=AuditPilot type=aviator_dream:fokker_fviib3m uuid=e747e399-e356-4970-9a00-409944a45efc tick=2110 x=-0.008846213006550543 y=170.4384087323934 z=7.515360203097146 vx=-0.005928891019825826 pilot=true
[30Sep2026 04:25:10.319] [Render thread/INFO] [magnetization/aircraft-network-audit/]: AIRCRAFT_CLIENT player=AuditPilot type=aviator_dream:fokker_fviib3m uuid=e747e399-e356-4970-9a00-409944a45efc tick=2120 x=-0.09721365393050221 y=167.60386295569688 z=11.585895144943384 vx=-0.011299362544928148 pilot=true
[30Sep2026 04:25:10.821] [Render thread/INFO] [magnetization/aircraft-network-audit/]: AIRCRAFT_CLIENT player=AuditPilot type=aviator_dream:fokker_fviib3m uuid=e747e399-e356-4970-9a00-409944a45efc tick=2130 x=-0.24205881561438589 y=164.91062698676606 z=15.9614703886052 vx=-0.017159710232901675 pilot=true
[30Sep2026 04:25:11.323] [Render thread/INFO] [magnetization/aircraft-network-audit/]: AIRCRAFT_CLIENT player=AuditPilot type=aviator_dream:fokker_fviib3m uuid=e747e399-e356-4970-9a00-409944a45efc tick=2140 x=-2.326872231705787 y=162.3858231274799 z=20.50669239395843 vx=-0.3747681222405179 pilot=true
[30Sep2026 04:25:11.825] [Render thread/INFO] [magnetization/aircraft-network-audit/]: AIRCRAFT_CLIENT player=AuditPilot type=aviator_dream:fokker_fviib3m uuid=e747e399-e356-4970-9a00-409944a45efc tick=2150 x=-7.487591208976481 y=160.47237494600557 z=24.977303142739665 vx=-0.6112173644829987 pilot=true
[30Sep2026 04:25:12.328] [Render thread/INFO] [magnetization/aircraft-network-audit/]: AIRCRAFT_CLIENT player=AuditPilot type=aviator_dream:fokker_fviib3m uuid=e747e399-e356-4970-9a00-409944a45efc tick=2160 x=-14.377803365533806 y=159.20110750310073 z=29.061235790386974 vx=-0.7406450469880219 pilot=true
[30Sep2026 04:25:12.804] [Render thread/INFO] [magnetization/aircraft-network-audit/]: AIRCRAFT_CLIENT player=AuditPilot type=aviator_dream:fokker_fviib3m uuid=e747e399-e356-4970-9a00-409944a45efc tick=2170 x=-21.95362039971123 y=158.3233613163931 z=32.69891730163838 vx=-0.7744577366494816 pilot=true
[30Sep2026 04:25:13.306] [Render thread/INFO] [magnetization/aircraft-network-audit/]: AIRCRAFT_CLIENT player=AuditPilot type=aviator_dream:fokker_fviib3m uuid=e747e399-e356-4970-9a00-409944a45efc tick=2180 x=-30.011018331457933 y=157.67188847228906 z=35.98806955388213 vx=-0.8265475977819393 pilot=true
[30Sep2026 04:25:13.808] [Render thread/INFO] [magnetization/aircraft-network-audit/]: AIRCRAFT_CLIENT player=AuditPilot type=aviator_dream:fokker_fviib3m uuid=e747e399-e356-4970-9a00-409944a45efc tick=2190 x=-35.30827306751326 y=156.92054604339077 z=39.085612506319215 vx=-0.19898527617843506 pilot=true
[30Sep2026 04:25:14.310] [Render thread/INFO] [magnetization/aircraft-network-audit/]: AIRCRAFT_CLIENT player=AuditPilot type=aviator_dream:fokker_fviib3m uuid=e747e399-e356-4970-9a00-409944a45efc tick=2200 x=-34.723401229601805 y=154.8877803061919 z=42.56121221977724 vx=0.2335185047000303 pilot=true
[30Sep2026 04:25:14.813] [Render thread/INFO] [magnetization/aircraft-network-audit/]: AIRCRAFT_CLIENT player=AuditPilot type=aviator_dream:fokker_fviib3m uuid=e747e399-e356-4970-9a00-409944a45efc tick=2210 x=-30.93287148258709 y=152.44865490946012 z=46.82940189958413 vx=0.4768075622837372 pilot=true
[30Sep2026 04:25:15.314] [Render thread/INFO] [magnetization/aircraft-network-audit/]: AIRCRAFT_CLIENT player=AuditPilot type=aviator_dream:fokker_fviib3m uuid=e747e399-e356-4970-9a00-409944a45efc tick=2220 x=-25.354529899370117 y=150.51230249125013 z=51.552752542039244 vx=0.6122687613763673 pilot=true
[30Sep2026 04:25:15.816] [Render thread/INFO] [magnetization/aircraft-network-audit/]: AIRCRAFT_CLIENT player=AuditPilot type=aviator_dream:fokker_fviib3m uuid=e747e399-e356-4970-9a00-409944a45efc tick=2230 x=-18.7868541893037 y=149.09981588922204 z=56.32302878976548 vx=0.6862635811685148 pilot=true
[30Sep2026 04:25:16.318] [Render thread/INFO] [magnetization/aircraft-network-audit/]: AIRCRAFT_CLIENT player=AuditPilot type=aviator_dream:fokker_fviib3m uuid=e747e399-e356-4970-9a00-409944a45efc tick=2240 x=-13.492081875934375 y=147.93379457708392 z=61.00459198276985 vx=0.39186856627950195 pilot=true
[30Sep2026 04:25:16.821] [Render thread/INFO] [magnetization/aircraft-network-audit/]: AIRCRAFT_CLIENT player=AuditPilot type=aviator_dream:fokker_fviib3m uuid=e747e399-e356-4970-9a00-409944a45efc tick=2250 x=-10.723969032506513 y=146.36520142543606 z=65.83219549776575 vx=0.197895482813683 pilot=true
[30Sep2026 04:25:17.323] [Render thread/INFO] [magnetization/aircraft-network-audit/]: AIRCRAFT_CLIENT player=AuditPilot type=immersive_aircraft:gyrodyne uuid=7cc959d1-8028-4e44-831a-5c56e465099d tick=2260 x=0.027029123973892715 y=179.14670963308157 z=0.03419747346040658 vx=0.0057771933188546535 pilot=true
[30Sep2026 04:25:17.825] [Render thread/INFO] [magnetization/aircraft-network-audit/]: AIRCRAFT_CLIENT player=AuditPilot type=immersive_aircraft:gyrodyne uuid=7cc959d1-8028-4e44-831a-5c56e465099d tick=2270 x=0.09515619520394301 y=177.0107263805967 z=0.1655464212584395 vx=0.0069534140434256205 pilot=true
[30Sep2026 04:25:18.327] [Render thread/INFO] [magnetization/aircraft-network-audit/]: AIRCRAFT_CLIENT player=AuditPilot type=immersive_aircraft:gyrodyne uuid=7cc959d1-8028-4e44-831a-5c56e465099d tick=2280 x=0.15706300060193473 y=174.98308369362928 z=0.3591701011792605 vx=0.005374275091634103 pilot=true
[30Sep2026 04:25:18.805] [Render thread/INFO] [magnetization/aircraft-network-audit/]: AIRCRAFT_CLIENT player=AuditPilot type=immersive_aircraft:gyrodyne uuid=7cc959d1-8028-4e44-831a-5c56e465099d tick=2290 x=0.19903226011522793 y=173.31190328002634 z=0.5768691926208088 vx=0.0032353102483171675 pilot=true
[30Sep2026 04:25:19.306] [Render thread/INFO] [magnetization/aircraft-network-audit/]: AIRCRAFT_CLIENT player=AuditPilot type=immersive_aircraft:gyrodyne uuid=7cc959d1-8028-4e44-831a-5c56e465099d tick=2300 x=0.22092528760772345 y=171.93106713904714 z=0.783457785311785 vx=0.0014274777961833945 pilot=true
[30Sep2026 04:25:19.807] [Render thread/INFO] [magnetization/aircraft-network-audit/]: AIRCRAFT_CLIENT player=AuditPilot type=immersive_aircraft:gyrodyne uuid=7cc959d1-8028-4e44-831a-5c56e465099d tick=2310 x=0.22775170476283857 y=170.71751221932274 z=0.9514491983057841 vx=1.450845810450648E-4 pilot=true
[30Sep2026 04:25:20.310] [Render thread/INFO] [magnetization/aircraft-network-audit/]: AIRCRAFT_CLIENT player=AuditPilot type=immersive_aircraft:gyrodyne uuid=7cc959d1-8028-4e44-831a-5c56e465099d tick=2320 x=-1.000313151898986 y=169.63740965386964 z=1.4049750813249928 vx=-0.20349038571125272 pilot=true
[30Sep2026 04:25:20.812] [Render thread/INFO] [magnetization/aircraft-network-audit/]: AIRCRAFT_CLIENT player=AuditPilot type=immersive_aircraft:gyrodyne uuid=7cc959d1-8028-4e44-831a-5c56e465099d tick=2330 x=-3.334899741714175 y=168.65203995347392 z=2.6021988077504745 vx=-0.24793981379973237 pilot=true
[30Sep2026 04:25:21.314] [Render thread/INFO] [magnetization/aircraft-network-audit/]: AIRCRAFT_CLIENT player=AuditPilot type=immersive_aircraft:gyrodyne uuid=7cc959d1-8028-4e44-831a-5c56e465099d tick=2340 x=-5.877590378605916 y=167.727835983381 z=4.111587825760939 vx=-0.25721529171911617 pilot=true
[30Sep2026 04:25:21.815] [Render thread/INFO] [magnetization/aircraft-network-audit/]: AIRCRAFT_CLIENT player=AuditPilot type=immersive_aircraft:gyrodyne uuid=7cc959d1-8028-4e44-831a-5c56e465099d tick=2350 x=-8.455765998041372 y=166.8415865157842 z=5.698115899145537 vx=-0.25758959748632887 pilot=true
[30Sep2026 04:25:22.318] [Render thread/INFO] [magnetization/aircraft-network-audit/]: AIRCRAFT_CLIENT player=AuditPilot type=immersive_aircraft:gyrodyne uuid=7cc959d1-8028-4e44-831a-5c56e465099d tick=2360 x=-11.017523808739421 y=165.9784613103243 z=7.281735907177996 vx=-0.25470040594769616 pilot=true
[30Sep2026 04:25:22.820] [Render thread/INFO] [magnetization/aircraft-network-audit/]: AIRCRAFT_CLIENT player=AuditPilot type=immersive_aircraft:gyrodyne uuid=7cc959d1-8028-4e44-831a-5c56e465099d tick=2370 x=-11.140572004697272 y=165.12930145886187 z=8.410726186048093 vx=0.13084796574124852 pilot=true
[30Sep2026 04:25:23.322] [Render thread/INFO] [magnetization/aircraft-network-audit/]: AIRCRAFT_CLIENT player=AuditPilot type=immersive_aircraft:gyrodyne uuid=7cc959d1-8028-4e44-831a-5c56e465099d tick=2380 x=-9.425105867079134 y=164.28853921428237 z=9.336078959147654 vx=0.1878804308986833 pilot=true
[30Sep2026 04:25:23.824] [Render thread/INFO] [magnetization/aircraft-network-audit/]: AIRCRAFT_CLIENT player=AuditPilot type=immersive_aircraft:gyrodyne uuid=7cc959d1-8028-4e44-831a-5c56e465099d tick=2390 x=-7.485587817998776 y=163.45281545315962 z=10.447486364038296 vx=0.1972509404784318 pilot=true
[30Sep2026 04:25:24.326] [Render thread/INFO] [magnetization/aircraft-network-audit/]: AIRCRAFT_CLIENT player=AuditPilot type=immersive_aircraft:gyrodyne uuid=7cc959d1-8028-4e44-831a-5c56e465099d tick=2400 x=-5.486813257256998 y=162.62011176574887 z=11.650720592493396 vx=0.20184814111444038 pilot=true
[30Sep2026 04:25:24.828] [Render thread/INFO] [magnetization/aircraft-network-audit/]: AIRCRAFT_CLIENT player=AuditPilot type=immersive_aircraft:gyrodyne uuid=7cc959d1-8028-4e44-831a-5c56e465099d tick=2410 x=-3.446065735439094 y=161.78921731581255 z=12.907619035367414 vx=0.20585307599027194 pilot=true
[30Sep2026 04:25:25.305] [Render thread/INFO] [magnetization/aircraft-network-audit/]: AIRCRAFT_CLIENT player=AuditPilot type=immersive_aircraft:gyrodyne uuid=7cc959d1-8028-4e44-831a-5c56e465099d tick=2420 x=-2.508803397216467 y=160.95906741716016 z=13.892029016146733 vx=0.031015487275728053 pilot=true
[30Sep2026 04:25:25.808] [Render thread/INFO] [magnetization/aircraft-network-audit/]: AIRCRAFT_CLIENT player=AuditPilot type=immersive_aircraft:gyrodyne uuid=7cc959d1-8028-4e44-831a-5c56e465099d tick=2430 x=-2.4030926598351225 y=160.0978504709233 z=14.274210891772723 vx=0.002274891168526167 pilot=true
[30Sep2026 04:25:26.323] [Render thread/INFO] [magnetization/aircraft-network-audit/]: AIRCRAFT_CLIENT player=AuditPilot type=aviator_dream:lockheed_l1049g uuid=92ef70f8-3284-4dea-ac4f-60e840245ecb tick=2440 x=5.073467285609054E-4 y=179.11101407700303 z=0.16634204210877487 vx=1.1444533440247162E-4 pilot=true
[30Sep2026 04:25:26.824] [Render thread/INFO] [magnetization/aircraft-network-audit/]: AIRCRAFT_CLIENT player=AuditPilot type=aviator_dream:lockheed_l1049g uuid=92ef70f8-3284-4dea-ac4f-60e840245ecb tick=2450 x=0.0016576755666829637 y=176.52603667892643 z=1.6377495854422548 vx=7.792212928554005E-5 pilot=true
[30Sep2026 04:25:27.326] [Render thread/INFO] [magnetization/aircraft-network-audit/]: AIRCRAFT_CLIENT player=AuditPilot type=aviator_dream:lockheed_l1049g uuid=92ef70f8-3284-4dea-ac4f-60e840245ecb tick=2460 x=0.0012313684793190509 y=173.63038597686332 z=4.629842559186918 vx=-1.6382377159028557E-4 pilot=true
[30Sep2026 04:25:27.827] [Render thread/INFO] [magnetization/aircraft-network-audit/]: AIRCRAFT_CLIENT player=AuditPilot type=aviator_dream:lockheed_l1049g uuid=92ef70f8-3284-4dea-ac4f-60e840245ecb tick=2470 x=-0.002224723739119621 y=170.95555869909228 z=8.631710547583257 vx=-5.016060573134629E-4 pilot=true
[30Sep2026 04:25:28.303] [Render thread/INFO] [magnetization/aircraft-network-audit/]: AIRCRAFT_CLIENT player=AuditPilot type=aviator_dream:lockheed_l1049g uuid=92ef70f8-3284-4dea-ac4f-60e840245ecb tick=2480 x=-0.00922634615928445 y=168.60034382764664 z=13.131279255179184 vx=-8.640631211493649E-4 pilot=true
[30Sep2026 04:25:28.804] [Render thread/INFO] [magnetization/aircraft-network-audit/]: AIRCRAFT_CLIENT player=AuditPilot type=aviator_dream:lockheed_l1049g uuid=92ef70f8-3284-4dea-ac4f-60e840245ecb tick=2490 x=-0.019912638497601064 y=166.49038807226518 z=17.818167712656514 vx=-0.0012387947986317132 pilot=true
[30Sep2026 04:25:29.306] [Render thread/INFO] [magnetization/aircraft-network-audit/]: AIRCRAFT_CLIENT player=AuditPilot type=aviator_dream:lockheed_l1049g uuid=92ef70f8-3284-4dea-ac4f-60e840245ecb tick=2500 x=-1.5626062196718666 y=164.5830647555471 z=22.55970140321611 vx=-0.3218098920616575 pilot=true
[30Sep2026 04:25:29.807] [Render thread/INFO] [magnetization/aircraft-network-audit/]: AIRCRAFT_CLIENT player=AuditPilot type=aviator_dream:lockheed_l1049g uuid=92ef70f8-3284-4dea-ac4f-60e840245ecb tick=2510 x=-6.241698693871925 y=163.24217303027805 z=27.114777571084115 vx=-0.5659739219781651 pilot=true
[30Sep2026 04:25:30.309] [Render thread/INFO] [magnetization/aircraft-network-audit/]: AIRCRAFT_CLIENT player=AuditPilot type=aviator_dream:lockheed_l1049g uuid=92ef70f8-3284-4dea-ac4f-60e840245ecb tick=2520 x=-12.969508454582119 y=162.45535980898575 z=31.163034048185004 vx=-0.7297375539183598 pilot=true
[30Sep2026 04:25:30.810] [Render thread/INFO] [magnetization/aircraft-network-audit/]: AIRCRAFT_CLIENT player=AuditPilot type=aviator_dream:lockheed_l1049g uuid=92ef70f8-3284-4dea-ac4f-60e840245ecb tick=2530 x=-20.581446168647417 y=161.99994601684625 z=34.686325793363515 vx=-0.781323639760564 pilot=true
[30Sep2026 04:25:31.311] [Render thread/INFO] [magnetization/aircraft-network-audit/]: AIRCRAFT_CLIENT player=AuditPilot type=aviator_dream:lockheed_l1049g uuid=92ef70f8-3284-4dea-ac4f-60e840245ecb tick=2540 x=-28.543439573542546 y=161.73480318257407 z=37.831609013268164 vx=-0.8055649264071177 pilot=true
[30Sep2026 04:25:31.812] [Render thread/INFO] [magnetization/aircraft-network-audit/]: AIRCRAFT_CLIENT player=AuditPilot type=aviator_dream:lockheed_l1049g uuid=92ef70f8-3284-4dea-ac4f-60e840245ecb tick=2550 x=-33.050182343721055 y=161.34311306680587 z=40.80369396969224 vx=-0.14685302624433508 pilot=true
[30Sep2026 04:25:32.314] [Render thread/INFO] [magnetization/aircraft-network-audit/]: AIRCRAFT_CLIENT player=AuditPilot type=aviator_dream:lockheed_l1049g uuid=92ef70f8-3284-4dea-ac4f-60e840245ecb tick=2560 x=-31.92470369053808 y=159.84451347980985 z=44.352982948254365 vx=0.2908303238886565 pilot=true
[30Sep2026 04:25:32.816] [Render thread/INFO] [magnetization/aircraft-network-audit/]: AIRCRAFT_CLIENT player=AuditPilot type=aviator_dream:lockheed_l1049g uuid=92ef70f8-3284-4dea-ac4f-60e840245ecb tick=2570 x=-27.502561421938218 y=158.4075705572954 z=48.836969847722436 vx=0.5446619684017227 pilot=true
[30Sep2026 04:25:33.316] [Render thread/INFO] [magnetization/aircraft-network-audit/]: AIRCRAFT_CLIENT player=AuditPilot type=aviator_dream:lockheed_l1049g uuid=92ef70f8-3284-4dea-ac4f-60e840245ecb tick=2580 x=-21.2053822769028 y=157.53766602158947 z=53.6686987632904 vx=0.6866450876352392 pilot=true
[30Sep2026 04:25:33.817] [Render thread/INFO] [magnetization/aircraft-network-audit/]: AIRCRAFT_CLIENT player=AuditPilot type=aviator_dream:lockheed_l1049g uuid=92ef70f8-3284-4dea-ac4f-60e840245ecb tick=2590 x=-13.875677942004554 y=157.01768132553715 z=58.49685369270202 vx=0.7636988529468614 pilot=true
[30Sep2026 04:25:34.319] [Render thread/INFO] [magnetization/aircraft-network-audit/]: AIRCRAFT_CLIENT player=AuditPilot type=aviator_dream:lockheed_l1049g uuid=92ef70f8-3284-4dea-ac4f-60e840245ecb tick=2600 x=-7.805367572316445 y=156.70009346958753 z=63.26247065875359 vx=0.4689837456575035 pilot=true
[30Sep2026 04:25:34.820] [Render thread/INFO] [magnetization/aircraft-network-audit/]: AIRCRAFT_CLIENT player=AuditPilot type=aviator_dream:lockheed_l1049g uuid=92ef70f8-3284-4dea-ac4f-60e840245ecb tick=2610 x=-4.259270755375505 y=156.35958189113484 z=68.08668397957152 vx=0.277170844937971 pilot=true
[30Sep2026 04:25:35.322] [Render thread/INFO] [magnetization/aircraft-network-audit/]: AIRCRAFT_CLIENT player=AuditPilot type=immersive_aircraft:quadrocopter uuid=6cb4c80c-f110-4c0b-af71-5ab49265d81d tick=2620 x=0.0069050925297424156 y=179.32941679886758 z=0.0069688311528377 vx=0.0014685046264930064 pilot=true
[30Sep2026 04:25:35.823] [Render thread/INFO] [magnetization/aircraft-network-audit/]: AIRCRAFT_CLIENT player=AuditPilot type=immersive_aircraft:quadrocopter uuid=6cb4c80c-f110-4c0b-af71-5ab49265d81d tick=2630 x=0.02061123514003918 y=178.17198333930375 z=0.02142633573586754 vx=9.545529204271399E-4 pilot=true
[30Sep2026 04:25:36.325] [Render thread/INFO] [magnetization/aircraft-network-audit/]: AIRCRAFT_CLIENT player=AuditPilot type=immersive_aircraft:quadrocopter uuid=6cb4c80c-f110-4c0b-af71-5ab49265d81d tick=2640 x=0.021997569255276305 y=177.39939322310414 z=0.024204172020580044 vx=-4.86530736481184E-4 pilot=true
[30Sep2026 04:25:36.826] [Render thread/INFO] [magnetization/aircraft-network-audit/]: AIRCRAFT_CLIENT player=AuditPilot type=immersive_aircraft:quadrocopter uuid=6cb4c80c-f110-4c0b-af71-5ab49265d81d tick=2650 x=0.013008375737945893 y=176.92946774345972 z=0.015820011070552493 vx=-0.0010624965963347195 pilot=true
[30Sep2026 04:25:37.327] [Render thread/INFO] [magnetization/aircraft-network-audit/]: AIRCRAFT_CLIENT player=AuditPilot type=immersive_aircraft:quadrocopter uuid=6cb4c80c-f110-4c0b-af71-5ab49265d81d tick=2660 x=0.0034272592244766397 y=176.6474277860332 z=0.005644472443436713 vx=-8.181786276430514E-4 pilot=true
[30Sep2026 04:25:37.804] [Render thread/INFO] [magnetization/aircraft-network-audit/]: AIRCRAFT_CLIENT player=AuditPilot type=immersive_aircraft:quadrocopter uuid=6cb4c80c-f110-4c0b-af71-5ab49265d81d tick=2670 x=-0.003370002731725194 y=176.47849745042421 z=-0.0016679429812455088 vx=-6.132916223744018E-4 pilot=true
[30Sep2026 04:25:38.306] [Render thread/INFO] [magnetization/aircraft-network-audit/]: AIRCRAFT_CLIENT player=AuditPilot type=immersive_aircraft:quadrocopter uuid=6cb4c80c-f110-4c0b-af71-5ab49265d81d tick=2680 x=-1.2471446280505503 y=176.37734680103176 z=-0.00796302221795504 vx=-0.24221997988761093 pilot=true
[30Sep2026 04:25:38.808] [Render thread/INFO] [magnetization/aircraft-network-audit/]: AIRCRAFT_CLIENT player=AuditPilot type=immersive_aircraft:quadrocopter uuid=6cb4c80c-f110-4c0b-af71-5ab49265d81d tick=2690 x=-4.387546887322463 y=176.3167836629194 z=-0.014494088778504995 vx=-0.3905743237100381 pilot=true
[30Sep2026 04:25:39.310] [Render thread/INFO] [magnetization/aircraft-network-audit/]: AIRCRAFT_CLIENT player=AuditPilot type=immersive_aircraft:quadrocopter uuid=6cb4c80c-f110-4c0b-af71-5ab49265d81d tick=2700 x=-8.291187093331148 y=176.28052228451782 z=-0.01722580818842898 vx=-0.39015063767540537 pilot=true
[30Sep2026 04:25:39.812] [Render thread/INFO] [magnetization/aircraft-network-audit/]: AIRCRAFT_CLIENT player=AuditPilot type=immersive_aircraft:quadrocopter uuid=6cb4c80c-f110-4c0b-af71-5ab49265d81d tick=2710 x=-12.191136154526863 y=176.25881120893547 z=-0.013906532031460713 vx=-0.38995384720673626 pilot=true
[30Sep2026 04:25:40.314] [Render thread/INFO] [magnetization/aircraft-network-audit/]: AIRCRAFT_CLIENT player=AuditPilot type=immersive_aircraft:quadrocopter uuid=6cb4c80c-f110-4c0b-af71-5ab49265d81d tick=2720 x=-16.091819018467778 y=176.24581201970264 z=-0.008595765103621556 vx=-0.39018026880059414 pilot=true
[30Sep2026 04:25:40.816] [Render thread/INFO] [magnetization/aircraft-network-audit/]: AIRCRAFT_CLIENT player=AuditPilot type=immersive_aircraft:quadrocopter uuid=6cb4c80c-f110-4c0b-af71-5ab49265d81d tick=2730 x=-17.002241583085556 y=176.2380289011912 z=-0.005256225969599416 vx=0.12673453284237035 pilot=true
[30Sep2026 04:25:41.318] [Render thread/INFO] [magnetization/aircraft-network-audit/]: AIRCRAFT_CLIENT player=AuditPilot type=immersive_aircraft:quadrocopter uuid=6cb4c80c-f110-4c0b-af71-5ab49265d81d tick=2740 x=-14.536381076960948 y=176.23336894559864 z=-0.001846446872922479 vx=0.31202802239904176 pilot=true
[30Sep2026 04:25:41.820] [Render thread/INFO] [magnetization/aircraft-network-audit/]: AIRCRAFT_CLIENT player=AuditPilot type=immersive_aircraft:quadrocopter uuid=6cb4c80c-f110-4c0b-af71-5ab49265d81d tick=2750 x=-11.057056651288793 y=176.23057884981318 z=0.0048764571434950785 vx=0.3674024431332998 pilot=true
[30Sep2026 04:25:42.323] [Render thread/INFO] [magnetization/aircraft-network-audit/]: AIRCRAFT_CLIENT player=AuditPilot type=immersive_aircraft:quadrocopter uuid=6cb4c80c-f110-4c0b-af71-5ab49265d81d tick=2760 x=-7.2794004505304954 y=176.22890829266427 z=0.011425887175511167 vx=0.38326195767622095 pilot=true
[30Sep2026 04:25:42.825] [Render thread/INFO] [magnetization/aircraft-network-audit/]: AIRCRAFT_CLIENT player=AuditPilot type=immersive_aircraft:quadrocopter uuid=6cb4c80c-f110-4c0b-af71-5ab49265d81d tick=2770 x=-3.417729338269165 y=176.22790798824792 z=0.011343201706310738 vx=0.3878020568393247 pilot=true
[30Sep2026 04:25:43.327] [Render thread/INFO] [magnetization/aircraft-network-audit/]: AIRCRAFT_CLIENT player=AuditPilot type=immersive_aircraft:quadrocopter uuid=6cb4c80c-f110-4c0b-af71-5ab49265d81d tick=2780 x=-1.0237843920682952 y=176.2273090784319 z=0.00604134551854137 vx=0.13131678640078956 pilot=true
[30Sep2026 04:25:43.804] [Render thread/INFO] [magnetization/aircraft-network-audit/]: AIRCRAFT_CLIENT player=AuditPilot type=immersive_aircraft:quadrocopter uuid=6cb4c80c-f110-4c0b-af71-5ab49265d81d tick=2790 x=-0.3032065250762983 y=176.22695050143744 z=0.0035623980532810615 vx=0.039706334945186036 pilot=true
[30Sep2026 04:25:44.312] [Render thread/INFO] [magnetization/aircraft-network-audit/]: AIRCRAFT_CLIENT player=AuditPilot type=aviator_dream:toyota_stout_k100 uuid=8dff68eb-d22d-4c96-9d28-7980c39fa5b8 tick=2800 x=0.0 y=178.91297749697617 z=0.017944067243723504 vx=0.0 pilot=true
[30Sep2026 04:25:44.814] [Render thread/INFO] [magnetization/aircraft-network-audit/]: AIRCRAFT_CLIENT player=AuditPilot type=aviator_dream:toyota_stout_k100 uuid=8dff68eb-d22d-4c96-9d28-7980c39fa5b8 tick=2810 x=0.0 y=174.3431797438235 z=0.2061437424485739 vx=0.0 pilot=true
[30Sep2026 04:25:45.316] [Render thread/INFO] [magnetization/aircraft-network-audit/]: AIRCRAFT_CLIENT player=AuditPilot type=aviator_dream:toyota_stout_k100 uuid=8dff68eb-d22d-4c96-9d28-7980c39fa5b8 tick=2820 x=0.0 y=166.6738632360598 z=0.667778285056613 vx=0.0 pilot=true
[30Sep2026 04:25:45.817] [Render thread/INFO] [magnetization/aircraft-network-audit/]: AIRCRAFT_CLIENT player=AuditPilot type=aviator_dream:toyota_stout_k100 uuid=8dff68eb-d22d-4c96-9d28-7980c39fa5b8 tick=2830 x=0.0 y=156.33979571160322 z=1.4151546491428324 vx=0.0 pilot=true
[30Sep2026 04:25:46.318] [Render thread/INFO] [magnetization/aircraft-network-audit/]: AIRCRAFT_CLIENT player=AuditPilot type=aviator_dream:toyota_stout_k100 uuid=8dff68eb-d22d-4c96-9d28-7980c39fa5b8 tick=2840 x=0.0 y=143.71476028433844 z=2.4281660165490795 vx=0.0 pilot=true
[30Sep2026 04:25:46.819] [Render thread/INFO] [magnetization/aircraft-network-audit/]: AIRCRAFT_CLIENT player=AuditPilot type=aviator_dream:toyota_stout_k100 uuid=8dff68eb-d22d-4c96-9d28-7980c39fa5b8 tick=2850 x=0.0 y=129.1201097227446 z=3.6774258936029005 vx=0.0 pilot=true
[30Sep2026 04:25:47.321] [Render thread/INFO] [magnetization/aircraft-network-audit/]: AIRCRAFT_CLIENT player=AuditPilot type=aviator_dream:toyota_stout_k100 uuid=8dff68eb-d22d-4c96-9d28-7980c39fa5b8 tick=2860 x=-1.6040107257179455 y=112.83212082471077 z=5.110867851614215 vx=-0.28248430966465604 pilot=true
[30Sep2026 04:25:47.822] [Render thread/INFO] [magnetization/aircraft-network-audit/]: AIRCRAFT_CLIENT player=AuditPilot type=aviator_dream:toyota_stout_k100 uuid=8dff68eb-d22d-4c96-9d28-7980c39fa5b8 tick=2870 x=-5.16945188236326 y=95.08831719836776 z=6.652900257050924 vx=-0.3989510863485177 pilot=true
[30Sep2026 04:25:48.324] [Render thread/INFO] [magnetization/aircraft-network-audit/]: AIRCRAFT_CLIENT player=AuditPilot type=aviator_dream:toyota_stout_k100 uuid=8dff68eb-d22d-4c96-9d28-7980c39fa5b8 tick=2880 x=-9.416680275689988 y=76.09290515003754 z=8.300003641391346 vx=-0.43958576817446504 pilot=true
[30Sep2026 04:25:48.825] [Render thread/INFO] [magnetization/aircraft-network-audit/]: AIRCRAFT_CLIENT player=AuditPilot type=aviator_dream:toyota_stout_k100 uuid=8dff68eb-d22d-4c96-9d28-7980c39fa5b8 tick=2890 x=-13.90511775824169 y=56.021447083263254 z=10.052090350618737 vx=-0.4542875147639876 pilot=true
[30Sep2026 04:25:49.327] [Render thread/INFO] [magnetization/aircraft-network-audit/]: AIRCRAFT_CLIENT player=AuditPilot type=aviator_dream:toyota_stout_k100 uuid=8dff68eb-d22d-4c96-9d28-7980c39fa5b8 tick=2900 x=-18.48387103408867 y=35.02487936280759 z=11.902323468613112 vx=-0.4600708751664653 pilot=true
[30Sep2026 04:25:49.804] [Render thread/INFO] [magnetization/aircraft-network-audit/]: AIRCRAFT_CLIENT player=AuditPilot type=aviator_dream:toyota_stout_k100 uuid=8dff68eb-d22d-4c96-9d28-7980c39fa5b8 tick=2910 x=-20.139363287268367 y=13.232966595146602 z=13.875936423376775 vx=0.06384122605515498 pilot=true
[30Sep2026 04:25:50.308] [Render thread/INFO] [magnetization/aircraft-network-audit/]: AIRCRAFT_CLIENT player=AuditPilot type=aviator_dream:toyota_stout_k100 uuid=8dff68eb-d22d-4c96-9d28-7980c39fa5b8 tick=2920 x=-17.8392576536021 y=-9.242728621002277 z=15.9861723260802 vx=0.3262018501256433 pilot=true
[30Sep2026 04:25:50.810] [Render thread/INFO] [magnetization/aircraft-network-audit/]: AIRCRAFT_CLIENT player=AuditPilot type=aviator_dream:toyota_stout_k100 uuid=8dff68eb-d22d-4c96-9d28-7980c39fa5b8 tick=2930 x=-13.992298652708882 y=-32.3062925093746 z=18.132147156419055 vx=0.4181887490396742 pilot=true
[30Sep2026 04:25:51.426] [Render thread/INFO] [magnetization/aircraft-network-audit/]: AIRCRAFT_CLIENT player=AuditPilot type=aviator_dream:toyota_stout_k100 uuid=8dff68eb-d22d-4c96-9d28-7980c39fa5b8 tick=2940 x=-9.002111042190165 y=-55.87526506470819 z=20.301936273630066 vx=0.5314679749346243 pilot=true
[30Sep2026 04:25:51.824] [Render thread/INFO] [magnetization/aircraft-network-audit/]: AIRCRAFT_CLIENT player=AuditPilot type=aviator_dream:toyota_stout_k100 uuid=8dff68eb-d22d-4c96-9d28-7980c39fa5b8 tick=2950 x=-4.686551132719555 y=-59.6478565045139 z=21.691474082189398 vx=0.42478470172796806 pilot=true
[30Sep2026 04:25:52.325] [Render thread/INFO] [magnetization/aircraft-network-audit/]: AIRCRAFT_CLIENT player=AuditPilot type=aviator_dream:toyota_stout_k100 uuid=8dff68eb-d22d-4c96-9d28-7980c39fa5b8 tick=2960 x=-1.7720885468204395 y=-60.0 z=22.374072898961565 vx=0.18803057247848695 pilot=true
[30Sep2026 04:25:52.827] [Render thread/INFO] [magnetization/aircraft-network-audit/]: AIRCRAFT_CLIENT player=AuditPilot type=aviator_dream:toyota_stout_k100 uuid=8dff68eb-d22d-4c96-9d28-7980c39fa5b8 tick=2970 x=-0.584917649313337 y=-60.0 z=22.653614455335678 vx=0.07676092634636253 pilot=true
[30Sep2026 04:25:53.327] [Render thread/INFO] [magnetization/aircraft-network-audit/]: AIRCRAFT_CLIENT player=AuditPilot type=immersive_aircraft:warship uuid=e6bebbdc-d3e1-43c5-b979-e9801092e798 tick=2980 x=0.0058886796964205835 y=179.07828973822078 z=0.0074563739435248065 vx=0.0013214635082649906 pilot=true
[30Sep2026 04:25:53.804] [Render thread/INFO] [magnetization/aircraft-network-audit/]: AIRCRAFT_CLIENT player=AuditPilot type=immersive_aircraft:warship uuid=e6bebbdc-d3e1-43c5-b979-e9801092e798 tick=2990 x=0.023720123977519974 y=176.24536623739516 z=0.039144975164636185 vx=0.002030125332864365 pilot=true
[30Sep2026 04:25:54.305] [Render thread/INFO] [magnetization/aircraft-network-audit/]: AIRCRAFT_CLIENT player=AuditPilot type=immersive_aircraft:warship uuid=e6bebbdc-d3e1-43c5-b979-e9801092e798 tick=3000 x=0.04509418661562318 y=172.8459275044635 z=0.08907004093069953 vx=0.0021758029042846477 pilot=true
[30Sep2026 04:25:54.807] [Render thread/INFO] [magnetization/aircraft-network-audit/]: AIRCRAFT_CLIENT player=AuditPilot type=immersive_aircraft:warship uuid=e6bebbdc-d3e1-43c5-b979-e9801092e798 tick=3010 x=0.06657031448881463 y=169.4413877231566 z=0.14993306525766234 vx=0.002105292420202143 pilot=true
[30Sep2026 04:25:55.308] [Render thread/INFO] [magnetization/aircraft-network-audit/]: AIRCRAFT_CLIENT player=AuditPilot type=immersive_aircraft:warship uuid=e6bebbdc-d3e1-43c5-b979-e9801092e798 tick=3020 x=0.08681540858951367 y=166.2322194733421 z=0.2161785803500033 vx=0.0019512047023603136 pilot=true
[30Sep2026 04:25:55.810] [Render thread/INFO] [magnetization/aircraft-network-audit/]: AIRCRAFT_CLIENT player=AuditPilot type=immersive_aircraft:warship uuid=e6bebbdc-d3e1-43c5-b979-e9801092e798 tick=3030 x=0.10532993220352097 y=163.2785871288128 z=0.2839659077379164 vx=0.001767629167749874 pilot=true
[30Sep2026 04:25:56.311] [Render thread/INFO] [magnetization/aircraft-network-audit/]: AIRCRAFT_CLIENT player=AuditPilot type=immersive_aircraft:warship uuid=e6bebbdc-d3e1-43c5-b979-e9801092e798 tick=3040 x=-1.2250324142198858 y=160.58714227817498 z=0.7727977241953203 vx=-0.22395360083519525 pilot=true
[30Sep2026 04:25:56.813] [Render thread/INFO] [magnetization/aircraft-network-audit/]: AIRCRAFT_CLIENT player=AuditPilot type=immersive_aircraft:warship uuid=e6bebbdc-d3e1-43c5-b979-e9801092e798 tick=3050 x=-3.9012231602819436 y=158.14507078807642 z=2.4272611053806457 vx=-0.2908600697457132 pilot=true
[30Sep2026 04:25:57.310] [Render thread/INFO] [magnetization/aircraft-network-audit/]: AIRCRAFT_CLIENT player=AuditPilot type=immersive_aircraft:warship uuid=e6bebbdc-d3e1-43c5-b979-e9801092e798 tick=3060 x=-6.864391591462433 y=155.93335994537134 z=4.86284762271714 vx=-0.2754288504222444 pilot=true
[30Sep2026 04:25:57.812] [Render thread/INFO] [magnetization/aircraft-network-audit/]: AIRCRAFT_CLIENT player=AuditPilot type=immersive_aircraft:warship uuid=e6bebbdc-d3e1-43c5-b979-e9801092e798 tick=3070 x=-10.081360316062378 y=153.93188807653414 z=7.700785931469033 vx=-0.3284123793006645 pilot=true
[30Sep2026 04:25:58.312] [Render thread/INFO] [magnetization/aircraft-network-audit/]: AIRCRAFT_CLIENT player=AuditPilot type=immersive_aircraft:warship uuid=e6bebbdc-d3e1-43c5-b979-e9801092e798 tick=3080 x=-13.366036114639094 y=152.12130370660296 z=10.826391893903743 vx=-0.3293063849079231 pilot=true
[30Sep2026 04:25:58.814] [Render thread/INFO] [magnetization/aircraft-network-audit/]: AIRCRAFT_CLIENT player=AuditPilot type=immersive_aircraft:warship uuid=e6bebbdc-d3e1-43c5-b979-e9801092e798 tick=3090 x=-13.934008466407311 y=150.48365064561693 z=13.591241294724497 vx=0.12721334100518322 pilot=true
[30Sep2026 04:25:59.316] [Render thread/INFO] [magnetization/aircraft-network-audit/]: AIRCRAFT_CLIENT player=AuditPilot type=immersive_aircraft:warship uuid=e6bebbdc-d3e1-43c5-b979-e9801092e798 tick=3100 x=-11.892548603904432 y=149.00251044038882 z=15.789720612915051 vx=0.23921679774034263 pilot=true
[30Sep2026 04:25:59.817] [Render thread/INFO] [magnetization/aircraft-network-audit/]: AIRCRAFT_CLIENT player=AuditPilot type=immersive_aircraft:warship uuid=e6bebbdc-d3e1-43c5-b979-e9801092e798 tick=3110 x=-9.370621149181433 y=147.66296367648062 z=18.124291606070372 vx=0.25783400112827887 pilot=true
[30Sep2026 04:26:00.318] [Render thread/INFO] [magnetization/aircraft-network-audit/]: AIRCRAFT_CLIENT player=AuditPilot type=immersive_aircraft:warship uuid=e6bebbdc-d3e1-43c5-b979-e9801092e798 tick=3120 x=-6.775350743208945 y=146.4514897133966 z=20.61510811866461 vx=0.2600681196004351 pilot=true
[30Sep2026 04:26:00.819] [Render thread/INFO] [magnetization/aircraft-network-audit/]: AIRCRAFT_CLIENT player=AuditPilot type=immersive_aircraft:warship uuid=e6bebbdc-d3e1-43c5-b979-e9801092e798 tick=3130 x=-4.176484487256626 y=145.35584972172603 z=23.18236656417483 vx=0.25962157775564443 pilot=true
[30Sep2026 04:26:01.321] [Render thread/INFO] [magnetization/aircraft-network-audit/]: AIRCRAFT_CLIENT player=AuditPilot type=immersive_aircraft:warship uuid=e6bebbdc-d3e1-43c5-b979-e9801092e798 tick=3140 x=-2.8656581400159618 y=144.36497055463693 z=25.48091845000422 vx=0.04831246775532922 pilot=true
[30Sep2026 04:26:01.822] [Render thread/INFO] [magnetization/aircraft-network-audit/]: AIRCRAFT_CLIENT player=AuditPilot type=immersive_aircraft:warship uuid=e6bebbdc-d3e1-43c5-b979-e9801092e798 tick=3150 x=-2.713121491771209 y=143.4688362580507 z=26.999854046568338 vx=1.992775286357061E-4 pilot=true
[30Sep2026 04:26:05.310] [Netty Epoll Client IO #1/INFO] [dev.ryanhcode.sable.Sable/]: Client UDP channel inactive
[30Sep2026 04:26:05.310] [Netty Epoll Client IO #1/INFO] [dev.ryanhcode.sable.Sable/]: Closed UDP channel!
[30Sep2026 04:26:05.423] [Render thread/WARN] [net.minecraft.client.multiplayer.ClientCommonPacketListenerImpl/]: Client disconnected with reason: Disconnected
