[01Oct2026 14:07:10.187] [main/INFO] [cpw.mods.modlauncher.Launcher/MODLAUNCHER]: ModLauncher running: args [--launchTarget, forgeserverdev, --gameDir, ., --fml.fmlVersion, 4.0.44, --fml.mcVersion, 1.21.1, --fml.neoForgeVersion, 21.1.252, --fml.neoFormVersion, 20240808.144430, nogui]
[01Oct2026 14:07:10.189] [main/INFO] [cpw.mods.modlauncher.Launcher/MODLAUNCHER]: JVM identified as Arch Linux OpenJDK 64-Bit Server VM 21.0.12.1+1
[01Oct2026 14:07:10.190] [main/INFO] [cpw.mods.modlauncher.Launcher/MODLAUNCHER]: ModLauncher 11.0.5+main.901c6ea8 starting: java version 21.0.12.1 by Arch Linux; OS Linux arch amd64 version 7.2.7-zen1-1-zen
[01Oct2026 14:07:10.255] [main/INFO] [net.neoforged.fml.loading.ImmediateWindowHandler/]: ImmediateWindowProvider not loading because launch target is forgeserverdev
[01Oct2026 14:07:10.287] [main/INFO] [mixin/]: SpongePowered MIXIN Subsystem Version=0.8.7 Source=union:/home/braydon/.gradle/caches/modules-2/files-2.1/net.fabricmc/sponge-mixin/0.15.2+mixin.0.8.7/2af2f021d8e02a0220dc27a7a72b4666d66d44ca/sponge-mixin-0.15.2+mixin.0.8.7.jar%2394!/ Service=ModLauncher Env=SERVER
[01Oct2026 14:07:10.632] [main/WARN] [net.neoforged.jarjar.selection.JarSelector/]: Attempted to select a dependency jar for JarJar which was passed in as source: library:Registrate.MC1._21._67. Using Mod File: /home/braydon/.gradle/caches/modules-2/files-2.1/com.tterrag.registrate/Registrate/MC1.21-1.3.0+67/66ddc4cd56472fea1ea1a24182901e6c92a51c0a/Registrate-MC1.21-1.3.0+67.jar
[01Oct2026 14:07:10.633] [main/WARN] [net.neoforged.jarjar.selection.JarSelector/]: Attempted to select a dependency jar for JarJar which was passed in as source: veil. Using Mod File: /home/braydon/.gradle/caches/modules-2/files-2.1/foundry.veil/veil-neoforge-1.21.1/4.3.2/3d4056e31dd8a06e35901c3b82210c3d471e1e48/veil-neoforge-1.21.1-4.3.2.jar
[01Oct2026 14:07:10.633] [main/WARN] [net.neoforged.jarjar.selection.JarSelector/]: Attempted to select a dependency jar for JarJar which was passed in as source: sablecompanion. Using Mod File: /home/braydon/.gradle/caches/modules-2/files-2.1/dev.ryanhcode.sable-companion/sable-companion-common-1.21.1/1.6.0/370be7db705926176e05c0215ed676150c45daae/sable-companion-common-1.21.1-1.6.0.jar
[01Oct2026 14:07:10.633] [main/WARN] [net.neoforged.jarjar.selection.JarSelector/]: Attempted to select a dependency jar for JarJar which was passed in as source: flywheel. Using Mod File: /home/braydon/.gradle/caches/modules-2/files-2.1/dev.engine-room.flywheel/flywheel-neoforge-1.21.1/1.0.6/a943872ad0bdd4458d818d8d7dc123fb250eb744/flywheel-neoforge-1.21.1-1.0.6.jar
[01Oct2026 14:07:10.633] [main/WARN] [net.neoforged.jarjar.selection.JarSelector/]: Attempted to select a dependency jar for JarJar which was passed in as source: library:sable_rapier. Using Mod File: /home/braydon/.gradle/caches/modules-2/files-2.1/dev.ryanhcode.sable/sable-sable_rapier-1.21.1/2.0.5/8fd9e68113d35a8014669da7396c6ad892c4f143/sable-sable_rapier-1.21.1-2.0.5.jar
[01Oct2026 14:07:10.634] [main/WARN] [net.neoforged.jarjar.selection.JarSelector/]: Attempted to select a dependency jar for JarJar which was passed in as source: ponder. Using Mod File: /home/braydon/.gradle/caches/modules-2/files-2.1/net.createmod.ponder/ponder-neoforge/1.0.87+mc1.21.1/7783eeff0389f8c6003457133b9dd98e903266c6/ponder-neoforge-1.0.87+mc1.21.1.jar
[01Oct2026 14:07:10.634] [main/INFO] [net.neoforged.fml.loading.moddiscovery.locators.JarInJarDependencyLocator/]: Found 4 dependencies adding them to mods collection
[01Oct2026 14:07:10.635] [main/INFO] [net.neoforged.fml.loading.moddiscovery.ModDiscoverer/]:
     Mod List:
		Name Version (Mod Id)

		Coasters Simulated: Track Styles 1.1.0 (coasterssimulatedextratypes)
		Coasters: Magnetized 1.1.0 (coastersmagnetized)
		Create 6.0.11 (create)
		Create Aeronautics 1.3.2 (aeronautics)
		Create Simulated 1.3.2 (simulated)
		Create: Coasters Simulated 0.1.5 (simulatedcoasters)
		Create: Copycats+ 3.0.9+mc.1.21.1-neoforge (copycats)
		Create: Steam 'n' Rails 1.21.1 0.2.1+neoforge-mc1.21.1 (railways)
		Flywheel 1.0.6 (flywheel)
		Magnetization 1.4.6 (magnetization)
		Minecraft 1.21.1 (minecraft)
		NeoForge 21.1.252 (neoforge)
		Patchouli 1.21.1-93-NEOFORGE (patchouli)
		Ponder 1.0.87+mc1.21.1 (ponder)
		Sable 2.0.5 (sable)
		Sable Companion 1.6.0 (sablecompanion)
		TerraBlender 4.1.0.8 (terrablender)
		Veil 4.3.2 (veil)
[01Oct2026 14:07:11.202] [main/INFO] [mixin/]: Compatibility level set to JAVA_21
[01Oct2026 14:07:11.240] [main/INFO] [cpw.mods.modlauncher.LaunchServiceHandler/MODLAUNCHER]: Launching target 'forgeserverdev' with arguments [--gameDir, ., nogui]
[01Oct2026 14:07:11.311] [main/WARN] [mixin/]: Reference map 'simulated.refmap.json' for simulated.mixins.json could not be read. If this is a development environment you can ignore this message
[01Oct2026 14:07:11.378] [main/WARN] [mixin/]: Reference map 'Steam_Rails-neoforge-refmap.json' for railways.mixins.json could not be read. If this is a development environment you can ignore this message
[01Oct2026 14:07:11.379] [main/WARN] [mixin/]: Reference map 'aeronautics.refmap.json' for aeronautics.mixins.json could not be read. If this is a development environment you can ignore this message
[01Oct2026 14:07:11.385] [main/WARN] [mixin/]: Reference map 'ponder.refmap.json' for ponder-common.mixins.json could not be read. If this is a development environment you can ignore this message
[01Oct2026 14:07:11.386] [main/WARN] [mixin/]: Reference map 'patchouli.refmap.json' for patchouli_xplat.mixins.json could not be read. If this is a development environment you can ignore this message
[01Oct2026 14:07:11.391] [main/INFO] [dev.ryanhcode.sable.mixin.AbstractSableMixinPlugin/]: Using Vanilla renderer mixins
[01Oct2026 14:07:11.391] [main/INFO] [dev.ryanhcode.sable.mixin.AbstractSableMixinPlugin/]: Using Vanilla renderer mixins
[01Oct2026 14:07:11.396] [main/WARN] [mixin/]: Reference map 'terrablender.refmap.json' for terrablender.mixins.json could not be read. If this is a development environment you can ignore this message
[01Oct2026 14:07:11.396] [main/WARN] [mixin/]: Reference map 'terrablender.refmap.json' for terrablender_neoforge.mixins.json could not be read. If this is a development environment you can ignore this message
[01Oct2026 14:07:11.944] [main/WARN] [mixin/]: Error loading class: com/jesz/createdieselgenerators/content/tools/ChemicalSprayerProjectileEntity (java.lang.ClassNotFoundException: com.jesz.createdieselgenerators.content.tools.ChemicalSprayerProjectileEntity)
[01Oct2026 14:07:11.945] [main/WARN] [mixin/]: Error loading class: qouteall/imm_ptl/core/compat/sable_integration/IPSableBridge (java.lang.ClassNotFoundException: qouteall.imm_ptl.core.compat.sable_integration.IPSableBridge)
[01Oct2026 14:07:11.947] [main/WARN] [mixin/]: Error loading class: com/github/alexmodguy/alexscaves/server/block/blockentity/TeslaBulbBlockEntity (java.lang.ClassNotFoundException: com.github.alexmodguy.alexscaves.server.block.blockentity.TeslaBulbBlockEntity)
[01Oct2026 14:07:11.948] [main/WARN] [mixin/]: Error loading class: dev/devce/rocketnautics/content/orbit/DeepSpaceData (java.lang.ClassNotFoundException: dev.devce.rocketnautics.content.orbit.DeepSpaceData)
[01Oct2026 14:07:11.948] [main/WARN] [mixin/]: Error loading class: dev/devce/rocketnautics/content/physics/SpaceTransitionHandler (java.lang.ClassNotFoundException: dev.devce.rocketnautics.content.physics.SpaceTransitionHandler)
[01Oct2026 14:07:12.014] [main/WARN] [mixin/]: Error loading class: org/jetbrains/annotations/ApiStatus$ScheduledForRemoval (java.lang.ClassNotFoundException: org.jetbrains.annotations.ApiStatus$ScheduledForRemoval)
[01Oct2026 14:07:12.103] [main/INFO] [MixinExtras|Service/]: Initializing MixinExtras via com.llamalad7.mixinextras.service.MixinExtrasServiceImpl(version=0.5.3).
[01Oct2026 14:07:16.354] [main/WARN] [net.minecraft.commands.Commands/]: Ambiguity between arguments [teleport, location] and [teleport, destination] with inputs: [0.1 -0.5 .9, 0 0 0]
[01Oct2026 14:07:16.355] [main/WARN] [net.minecraft.commands.Commands/]: Ambiguity between arguments [teleport, location] and [teleport, targets] with inputs: [0.1 -0.5 .9, 0 0 0]
[01Oct2026 14:07:16.357] [main/WARN] [net.minecraft.commands.Commands/]: Ambiguity between arguments [teleport, destination] and [teleport, targets] with inputs: [Player, 0123, @e, dd12be42-52a9-4a91-a8a1-11c01849e498]
[01Oct2026 14:07:16.358] [main/WARN] [net.minecraft.commands.Commands/]: Ambiguity between arguments [teleport, targets] and [teleport, destination] with inputs: [Player, 0123, dd12be42-52a9-4a91-a8a1-11c01849e498]
[01Oct2026 14:07:16.360] [main/WARN] [net.minecraft.commands.Commands/]: Ambiguity between arguments [teleport, targets, location] and [teleport, targets, destination] with inputs: [0.1 -0.5 .9, 0 0 0]
[01Oct2026 14:07:16.407] [modloading-worker-0/INFO] [Veil/]: Veil is initializing.
[01Oct2026 14:07:16.450] [modloading-worker-0/INFO] [Railways/]: Steam 'n' Rails v1.6.13-alpha initializing! Commit hash: dev on Create version: 6.0.11 on platform: Neoforge
[01Oct2026 14:07:16.454] [modloading-worker-0/WARN] [mixin/]: Discarding @Unique public method rotate in copycats-neoforge.mixins.json:foundation.copycat.CopycatBlockMixin from mod copycats because it already exists in com.copycatsplus.copycats.content.copycat.sliding_door.CopycatSlidingDoorBlock
[01Oct2026 14:07:16.454] [modloading-worker-0/WARN] [mixin/]: Discarding @Unique public method mirror in copycats-neoforge.mixins.json:foundation.copycat.CopycatBlockMixin from mod copycats because it already exists in com.copycatsplus.copycats.content.copycat.sliding_door.CopycatSlidingDoorBlock
[01Oct2026 14:07:16.454] [modloading-worker-0/WARN] [mixin/]: Discarding @Unique public method useItemOn in copycats-neoforge.mixins.json:foundation.copycat.CopycatBlockMixin from mod copycats because it already exists in com.copycatsplus.copycats.content.copycat.sliding_door.CopycatSlidingDoorBlock
[01Oct2026 14:07:16.454] [modloading-worker-0/WARN] [mixin/]: Discarding @Unique public method useWithoutItem in copycats-neoforge.mixins.json:foundation.copycat.CopycatBlockMixin from mod copycats because it already exists in com.copycatsplus.copycats.content.copycat.sliding_door.CopycatSlidingDoorBlock
[01Oct2026 14:07:16.463] [modloading-worker-0/WARN] [mixin/]: Discarding @Unique public method rotate in copycats-neoforge.mixins.json:foundation.copycat.CopycatBlockMixin from mod copycats because it already exists in com.copycatsplus.copycats.content.copycat.door.CopycatDoorBlock
[01Oct2026 14:07:16.464] [modloading-worker-0/WARN] [mixin/]: Discarding @Unique public method mirror in copycats-neoforge.mixins.json:foundation.copycat.CopycatBlockMixin from mod copycats because it already exists in com.copycatsplus.copycats.content.copycat.door.CopycatDoorBlock
[01Oct2026 14:07:16.464] [modloading-worker-0/WARN] [mixin/]: Discarding @Unique public method useItemOn in copycats-neoforge.mixins.json:foundation.copycat.CopycatBlockMixin from mod copycats because it already exists in com.copycatsplus.copycats.content.copycat.door.CopycatDoorBlock
[01Oct2026 14:07:16.464] [modloading-worker-0/WARN] [mixin/]: Discarding @Unique public method useWithoutItem in copycats-neoforge.mixins.json:foundation.copycat.CopycatBlockMixin from mod copycats because it already exists in com.copycatsplus.copycats.content.copycat.door.CopycatDoorBlock
[01Oct2026 14:07:16.468] [modloading-worker-0/INFO] [com.simibubi.create.Create/]: Create 6.0.11 initializing! Commit hash: fc9535d82a29419164a1e9dc9c678bdcddeab30d
[01Oct2026 14:07:16.468] [modloading-worker-0/WARN] [mixin/]: Discarding @Unique public method rotate in copycats-neoforge.mixins.json:foundation.copycat.CopycatBlockMixin from mod copycats because it already exists in com.copycatsplus.copycats.content.copycat.fluid_pipe.CopycatGlassFluidPipeBlock
[01Oct2026 14:07:16.469] [modloading-worker-0/WARN] [mixin/]: Discarding @Unique public method mirror in copycats-neoforge.mixins.json:foundation.copycat.CopycatBlockMixin from mod copycats because it already exists in com.copycatsplus.copycats.content.copycat.fluid_pipe.CopycatGlassFluidPipeBlock
[01Oct2026 14:07:16.469] [modloading-worker-0/WARN] [mixin/]: Discarding @Unique public method useItemOn in copycats-neoforge.mixins.json:foundation.copycat.CopycatBlockMixin from mod copycats because it already exists in com.copycatsplus.copycats.content.copycat.fluid_pipe.CopycatGlassFluidPipeBlock
[01Oct2026 14:07:16.469] [modloading-worker-0/WARN] [mixin/]: Discarding @Unique public method useWithoutItem in copycats-neoforge.mixins.json:foundation.copycat.CopycatBlockMixin from mod copycats because it already exists in com.copycatsplus.copycats.content.copycat.fluid_pipe.CopycatGlassFluidPipeBlock
[01Oct2026 14:07:16.478] [modloading-worker-0/INFO] [net.neoforged.neoforge.common.NeoForgeMod/NEOFORGE-MOD]: NeoForge mod loading, version 21.1.252, for MC 1.21.1
[01Oct2026 14:07:16.484] [modloading-worker-0/WARN] [mixin/]: Discarding @Unique public method rotate in copycats-neoforge.mixins.json:foundation.copycat.multistate.MultiStateCopycatBlockMixin from mod copycats because it already exists in com.copycatsplus.copycats.foundation.copycat.multistate.MultiStateCopycatBlock
[01Oct2026 14:07:16.485] [modloading-worker-0/WARN] [mixin/]: Discarding @Unique public method mirror in copycats-neoforge.mixins.json:foundation.copycat.multistate.MultiStateCopycatBlockMixin from mod copycats because it already exists in com.copycatsplus.copycats.foundation.copycat.multistate.MultiStateCopycatBlock
[01Oct2026 14:07:16.485] [modloading-worker-0/WARN] [mixin/]: Discarding @Unique public method useItemOn in copycats-neoforge.mixins.json:foundation.copycat.multistate.MultiStateCopycatBlockMixin from mod copycats because it already exists in com.copycatsplus.copycats.foundation.copycat.multistate.MultiStateCopycatBlock
[01Oct2026 14:07:16.485] [modloading-worker-0/WARN] [mixin/]: Discarding @Unique public method useWithoutItem in copycats-neoforge.mixins.json:foundation.copycat.multistate.MultiStateCopycatBlockMixin from mod copycats because it already exists in com.copycatsplus.copycats.foundation.copycat.multistate.MultiStateCopycatBlock
[01Oct2026 14:07:16.568] [modloading-worker-0/WARN] [mixin/]: Discarding @Unique public method rotate in copycats-neoforge.mixins.json:foundation.copycat.CopycatBlockMixin from mod copycats because it already exists in com.copycatsplus.copycats.foundation.copycat.CCCopycatBlock
[01Oct2026 14:07:16.569] [modloading-worker-0/WARN] [mixin/]: Discarding @Unique public method mirror in copycats-neoforge.mixins.json:foundation.copycat.CopycatBlockMixin from mod copycats because it already exists in com.copycatsplus.copycats.foundation.copycat.CCCopycatBlock
[01Oct2026 14:07:16.569] [modloading-worker-0/WARN] [mixin/]: Discarding @Unique public method useItemOn in copycats-neoforge.mixins.json:foundation.copycat.CopycatBlockMixin from mod copycats because it already exists in com.copycatsplus.copycats.foundation.copycat.CCCopycatBlock
[01Oct2026 14:07:16.569] [modloading-worker-0/WARN] [mixin/]: Discarding @Unique public method useWithoutItem in copycats-neoforge.mixins.json:foundation.copycat.CopycatBlockMixin from mod copycats because it already exists in com.copycatsplus.copycats.foundation.copycat.CCCopycatBlock
[01Oct2026 14:07:16.612] [modloading-worker-0/WARN] [mixin/]: Discarding @Unique public method rotate in copycats-neoforge.mixins.json:foundation.copycat.CopycatBlockMixin from mod copycats because it already exists in com.copycatsplus.copycats.content.copycat.button.CopycatButtonBlock
[01Oct2026 14:07:16.612] [modloading-worker-0/WARN] [mixin/]: Discarding @Unique public method mirror in copycats-neoforge.mixins.json:foundation.copycat.CopycatBlockMixin from mod copycats because it already exists in com.copycatsplus.copycats.content.copycat.button.CopycatButtonBlock
[01Oct2026 14:07:16.612] [modloading-worker-0/WARN] [mixin/]: Discarding @Unique public method useItemOn in copycats-neoforge.mixins.json:foundation.copycat.CopycatBlockMixin from mod copycats because it already exists in com.copycatsplus.copycats.content.copycat.button.CopycatButtonBlock
[01Oct2026 14:07:16.612] [modloading-worker-0/WARN] [mixin/]: Discarding @Unique public method useWithoutItem in copycats-neoforge.mixins.json:foundation.copycat.CopycatBlockMixin from mod copycats because it already exists in com.copycatsplus.copycats.content.copycat.button.CopycatButtonBlock
[01Oct2026 14:07:16.620] [modloading-worker-0/WARN] [mixin/]: Discarding @Unique public method rotate in copycats-neoforge.mixins.json:foundation.copycat.CopycatBlockMixin from mod copycats because it already exists in com.copycatsplus.copycats.content.copycat.fence.CopycatFenceBlock
[01Oct2026 14:07:16.621] [modloading-worker-0/WARN] [mixin/]: Discarding @Unique public method mirror in copycats-neoforge.mixins.json:foundation.copycat.CopycatBlockMixin from mod copycats because it already exists in com.copycatsplus.copycats.content.copycat.fence.CopycatFenceBlock
[01Oct2026 14:07:16.621] [modloading-worker-0/WARN] [mixin/]: Discarding @Unique public method useItemOn in copycats-neoforge.mixins.json:foundation.copycat.CopycatBlockMixin from mod copycats because it already exists in com.copycatsplus.copycats.content.copycat.fence.CopycatFenceBlock
[01Oct2026 14:07:16.621] [modloading-worker-0/WARN] [mixin/]: Discarding @Unique public method useWithoutItem in copycats-neoforge.mixins.json:foundation.copycat.CopycatBlockMixin from mod copycats because it already exists in com.copycatsplus.copycats.content.copycat.fence.CopycatFenceBlock
[01Oct2026 14:07:16.629] [modloading-worker-0/WARN] [mixin/]: Discarding @Unique public method rotate in copycats-neoforge.mixins.json:foundation.copycat.CopycatBlockMixin from mod copycats because it already exists in com.copycatsplus.copycats.content.copycat.fence_gate.CopycatFenceGateBlock
[01Oct2026 14:07:16.630] [modloading-worker-0/WARN] [mixin/]: Discarding @Unique public method mirror in copycats-neoforge.mixins.json:foundation.copycat.CopycatBlockMixin from mod copycats because it already exists in com.copycatsplus.copycats.content.copycat.fence_gate.CopycatFenceGateBlock
[01Oct2026 14:07:16.630] [modloading-worker-0/WARN] [mixin/]: Discarding @Unique public method useItemOn in copycats-neoforge.mixins.json:foundation.copycat.CopycatBlockMixin from mod copycats because it already exists in com.copycatsplus.copycats.content.copycat.fence_gate.CopycatFenceGateBlock
[01Oct2026 14:07:16.630] [modloading-worker-0/WARN] [mixin/]: Discarding @Unique public method useWithoutItem in copycats-neoforge.mixins.json:foundation.copycat.CopycatBlockMixin from mod copycats because it already exists in com.copycatsplus.copycats.content.copycat.fence_gate.CopycatFenceGateBlock
[01Oct2026 14:07:16.642] [modloading-worker-0/WARN] [mixin/]: Discarding @Unique public method rotate in copycats-neoforge.mixins.json:foundation.copycat.CopycatBlockMixin from mod copycats because it already exists in com.copycatsplus.copycats.content.copycat.ladder.CopycatLadderBlock
[01Oct2026 14:07:16.642] [modloading-worker-0/WARN] [mixin/]: Discarding @Unique public method mirror in copycats-neoforge.mixins.json:foundation.copycat.CopycatBlockMixin from mod copycats because it already exists in com.copycatsplus.copycats.content.copycat.ladder.CopycatLadderBlock
[01Oct2026 14:07:16.642] [modloading-worker-0/WARN] [mixin/]: Discarding @Unique public method useItemOn in copycats-neoforge.mixins.json:foundation.copycat.CopycatBlockMixin from mod copycats because it already exists in com.copycatsplus.copycats.content.copycat.ladder.CopycatLadderBlock
[01Oct2026 14:07:16.642] [modloading-worker-0/WARN] [mixin/]: Discarding @Unique public method useWithoutItem in copycats-neoforge.mixins.json:foundation.copycat.CopycatBlockMixin from mod copycats because it already exists in com.copycatsplus.copycats.content.copycat.ladder.CopycatLadderBlock
[01Oct2026 14:07:16.647] [modloading-worker-0/WARN] [mixin/]: Discarding @Unique public method rotate in copycats-neoforge.mixins.json:foundation.copycat.CopycatBlockMixin from mod copycats because it already exists in com.copycatsplus.copycats.content.copycat.pressure_plate.CopycatPressurePlateBlock
[01Oct2026 14:07:16.647] [modloading-worker-0/WARN] [mixin/]: Discarding @Unique public method mirror in copycats-neoforge.mixins.json:foundation.copycat.CopycatBlockMixin from mod copycats because it already exists in com.copycatsplus.copycats.content.copycat.pressure_plate.CopycatPressurePlateBlock
[01Oct2026 14:07:16.647] [modloading-worker-0/WARN] [mixin/]: Discarding @Unique public method useItemOn in copycats-neoforge.mixins.json:foundation.copycat.CopycatBlockMixin from mod copycats because it already exists in com.copycatsplus.copycats.content.copycat.pressure_plate.CopycatPressurePlateBlock
[01Oct2026 14:07:16.647] [modloading-worker-0/WARN] [mixin/]: Discarding @Unique public method useWithoutItem in copycats-neoforge.mixins.json:foundation.copycat.CopycatBlockMixin from mod copycats because it already exists in com.copycatsplus.copycats.content.copycat.pressure_plate.CopycatPressurePlateBlock
[01Oct2026 14:07:16.653] [modloading-worker-0/WARN] [mixin/]: Discarding @Unique public method rotate in copycats-neoforge.mixins.json:foundation.copycat.CopycatBlockMixin from mod copycats because it already exists in com.copycatsplus.copycats.content.copycat.pressure_plate.CopycatWeightedPressurePlate
[01Oct2026 14:07:16.654] [modloading-worker-0/WARN] [mixin/]: Discarding @Unique public method mirror in copycats-neoforge.mixins.json:foundation.copycat.CopycatBlockMixin from mod copycats because it already exists in com.copycatsplus.copycats.content.copycat.pressure_plate.CopycatWeightedPressurePlate
[01Oct2026 14:07:16.654] [modloading-worker-0/WARN] [mixin/]: Discarding @Unique public method useItemOn in copycats-neoforge.mixins.json:foundation.copycat.CopycatBlockMixin from mod copycats because it already exists in com.copycatsplus.copycats.content.copycat.pressure_plate.CopycatWeightedPressurePlate
[01Oct2026 14:07:16.654] [modloading-worker-0/WARN] [mixin/]: Discarding @Unique public method useWithoutItem in copycats-neoforge.mixins.json:foundation.copycat.CopycatBlockMixin from mod copycats because it already exists in com.copycatsplus.copycats.content.copycat.pressure_plate.CopycatWeightedPressurePlate
[01Oct2026 14:07:16.661] [modloading-worker-0/WARN] [mixin/]: Discarding @Unique public method rotate in copycats-neoforge.mixins.json:foundation.copycat.CopycatBlockMixin from mod copycats because it already exists in com.copycatsplus.copycats.content.copycat.stairs.CopycatStairsBlock
[01Oct2026 14:07:16.661] [modloading-worker-0/WARN] [mixin/]: Discarding @Unique public method mirror in copycats-neoforge.mixins.json:foundation.copycat.CopycatBlockMixin from mod copycats because it already exists in com.copycatsplus.copycats.content.copycat.stairs.CopycatStairsBlock
[01Oct2026 14:07:16.661] [modloading-worker-0/WARN] [mixin/]: Discarding @Unique public method useItemOn in copycats-neoforge.mixins.json:foundation.copycat.CopycatBlockMixin from mod copycats because it already exists in com.copycatsplus.copycats.content.copycat.stairs.CopycatStairsBlock
[01Oct2026 14:07:16.661] [modloading-worker-0/WARN] [mixin/]: Discarding @Unique public method useWithoutItem in copycats-neoforge.mixins.json:foundation.copycat.CopycatBlockMixin from mod copycats because it already exists in com.copycatsplus.copycats.content.copycat.stairs.CopycatStairsBlock
[01Oct2026 14:07:16.667] [modloading-worker-0/WARN] [mixin/]: Discarding @Unique public method rotate in copycats-neoforge.mixins.json:foundation.copycat.CopycatBlockMixin from mod copycats because it already exists in com.copycatsplus.copycats.content.copycat.trapdoor.CopycatTrapdoorBlock
[01Oct2026 14:07:16.668] [modloading-worker-0/WARN] [mixin/]: Discarding @Unique public method mirror in copycats-neoforge.mixins.json:foundation.copycat.CopycatBlockMixin from mod copycats because it already exists in com.copycatsplus.copycats.content.copycat.trapdoor.CopycatTrapdoorBlock
[01Oct2026 14:07:16.668] [modloading-worker-0/WARN] [mixin/]: Discarding @Unique public method useItemOn in copycats-neoforge.mixins.json:foundation.copycat.CopycatBlockMixin from mod copycats because it already exists in com.copycatsplus.copycats.content.copycat.trapdoor.CopycatTrapdoorBlock
[01Oct2026 14:07:16.668] [modloading-worker-0/WARN] [mixin/]: Discarding @Unique public method useWithoutItem in copycats-neoforge.mixins.json:foundation.copycat.CopycatBlockMixin from mod copycats because it already exists in com.copycatsplus.copycats.content.copycat.trapdoor.CopycatTrapdoorBlock
[01Oct2026 14:07:16.673] [modloading-worker-0/WARN] [mixin/]: Discarding @Unique public method rotate in copycats-neoforge.mixins.json:foundation.copycat.CopycatBlockMixin from mod copycats because it already exists in com.copycatsplus.copycats.content.copycat.wall.CopycatWallBlock
[01Oct2026 14:07:16.673] [modloading-worker-0/WARN] [mixin/]: Discarding @Unique public method mirror in copycats-neoforge.mixins.json:foundation.copycat.CopycatBlockMixin from mod copycats because it already exists in com.copycatsplus.copycats.content.copycat.wall.CopycatWallBlock
[01Oct2026 14:07:16.674] [modloading-worker-0/WARN] [mixin/]: Discarding @Unique public method useItemOn in copycats-neoforge.mixins.json:foundation.copycat.CopycatBlockMixin from mod copycats because it already exists in com.copycatsplus.copycats.content.copycat.wall.CopycatWallBlock
[01Oct2026 14:07:16.674] [modloading-worker-0/WARN] [mixin/]: Discarding @Unique public method useWithoutItem in copycats-neoforge.mixins.json:foundation.copycat.CopycatBlockMixin from mod copycats because it already exists in com.copycatsplus.copycats.content.copycat.wall.CopycatWallBlock
[01Oct2026 14:07:16.684] [modloading-worker-0/WARN] [mixin/]: Discarding @Unique public method rotate in copycats-neoforge.mixins.json:foundation.copycat.CopycatBlockMixin from mod copycats because it already exists in com.copycatsplus.copycats.content.copycat.shaft.CopycatShaftBlock
[01Oct2026 14:07:16.684] [modloading-worker-0/WARN] [mixin/]: Discarding @Unique public method mirror in copycats-neoforge.mixins.json:foundation.copycat.CopycatBlockMixin from mod copycats because it already exists in com.copycatsplus.copycats.content.copycat.shaft.CopycatShaftBlock
[01Oct2026 14:07:16.684] [modloading-worker-0/WARN] [mixin/]: Discarding @Unique public method useItemOn in copycats-neoforge.mixins.json:foundation.copycat.CopycatBlockMixin from mod copycats because it already exists in com.copycatsplus.copycats.content.copycat.shaft.CopycatShaftBlock
[01Oct2026 14:07:16.684] [modloading-worker-0/WARN] [mixin/]: Discarding @Unique public method useWithoutItem in copycats-neoforge.mixins.json:foundation.copycat.CopycatBlockMixin from mod copycats because it already exists in com.copycatsplus.copycats.content.copycat.shaft.CopycatShaftBlock
[01Oct2026 14:07:16.690] [modloading-worker-0/WARN] [mixin/]: Discarding @Unique public method rotate in copycats-neoforge.mixins.json:foundation.copycat.multistate.MultiStateCopycatBlockMixin from mod copycats because it already exists in com.copycatsplus.copycats.content.copycat.cogwheel.CopycatCogWheelBlock
[01Oct2026 14:07:16.690] [modloading-worker-0/WARN] [mixin/]: Discarding @Unique public method mirror in copycats-neoforge.mixins.json:foundation.copycat.multistate.MultiStateCopycatBlockMixin from mod copycats because it already exists in com.copycatsplus.copycats.content.copycat.cogwheel.CopycatCogWheelBlock
[01Oct2026 14:07:16.690] [modloading-worker-0/WARN] [mixin/]: Discarding @Unique public method useItemOn in copycats-neoforge.mixins.json:foundation.copycat.multistate.MultiStateCopycatBlockMixin from mod copycats because it already exists in com.copycatsplus.copycats.content.copycat.cogwheel.CopycatCogWheelBlock
[01Oct2026 14:07:16.690] [modloading-worker-0/WARN] [mixin/]: Discarding @Unique public method useWithoutItem in copycats-neoforge.mixins.json:foundation.copycat.multistate.MultiStateCopycatBlockMixin from mod copycats because it already exists in com.copycatsplus.copycats.content.copycat.cogwheel.CopycatCogWheelBlock
[01Oct2026 14:07:16.700] [modloading-worker-0/WARN] [mixin/]: Discarding @Unique public method rotate in copycats-neoforge.mixins.json:foundation.copycat.CopycatBlockMixin from mod copycats because it already exists in com.copycatsplus.copycats.content.copycat.fluid_pipe.CopycatFluidPipeBlock
[01Oct2026 14:07:16.700] [modloading-worker-0/WARN] [mixin/]: Discarding @Unique public method mirror in copycats-neoforge.mixins.json:foundation.copycat.CopycatBlockMixin from mod copycats because it already exists in com.copycatsplus.copycats.content.copycat.fluid_pipe.CopycatFluidPipeBlock
[01Oct2026 14:07:16.700] [modloading-worker-0/WARN] [mixin/]: Discarding @Unique public method useItemOn in copycats-neoforge.mixins.json:foundation.copycat.CopycatBlockMixin from mod copycats because it already exists in com.copycatsplus.copycats.content.copycat.fluid_pipe.CopycatFluidPipeBlock
[01Oct2026 14:07:16.700] [modloading-worker-0/WARN] [mixin/]: Discarding @Unique public method useWithoutItem in copycats-neoforge.mixins.json:foundation.copycat.CopycatBlockMixin from mod copycats because it already exists in com.copycatsplus.copycats.content.copycat.fluid_pipe.CopycatFluidPipeBlock
[01Oct2026 14:07:16.713] [modloading-worker-0/WARN] [mixin/]: Discarding @Unique public method rotate in copycats-neoforge.mixins.json:foundation.copycat.CopycatBlockMixin from mod copycats because it already exists in com.copycatsplus.copycats.content.copycat.pane.CopycatPaneBlock
[01Oct2026 14:07:16.713] [modloading-worker-0/WARN] [mixin/]: Discarding @Unique public method mirror in copycats-neoforge.mixins.json:foundation.copycat.CopycatBlockMixin from mod copycats because it already exists in com.copycatsplus.copycats.content.copycat.pane.CopycatPaneBlock
[01Oct2026 14:07:16.713] [modloading-worker-0/WARN] [mixin/]: Discarding @Unique public method useItemOn in copycats-neoforge.mixins.json:foundation.copycat.CopycatBlockMixin from mod copycats because it already exists in com.copycatsplus.copycats.content.copycat.pane.CopycatPaneBlock
[01Oct2026 14:07:16.713] [modloading-worker-0/WARN] [mixin/]: Discarding @Unique public method useWithoutItem in copycats-neoforge.mixins.json:foundation.copycat.CopycatBlockMixin from mod copycats because it already exists in com.copycatsplus.copycats.content.copycat.pane.CopycatPaneBlock
[01Oct2026 14:07:16.725] [modloading-worker-0/WARN] [mixin/]: Discarding @Unique public method onLoad in copycats-neoforge.mixins.json:foundation.copycat.CopycatBlockEntityMixin from mod copycats because it already exists in com.copycatsplus.copycats.foundation.copycat.CCCopycatBlockEntity
[01Oct2026 14:07:16.742] [modloading-worker-0/WARN] [mixin/]: Discarding @Unique public method onLoad in copycats-neoforge.mixins.json:foundation.copycat.multistate.MultiStateCopycatBlockEntityMixin from mod copycats because it already exists in com.copycatsplus.copycats.foundation.copycat.multistate.MultiStateCopycatBlockEntity
[01Oct2026 14:07:16.746] [modloading-worker-0/WARN] [mixin/]: Discarding @Unique public method onLoad in copycats-neoforge.mixins.json:foundation.copycat.CopycatBlockEntityMixin from mod copycats because it already exists in com.copycatsplus.copycats.content.copycat.shaft.CopycatShaftBlockEntity
[01Oct2026 14:07:16.750] [modloading-worker-0/WARN] [mixin/]: Discarding @Unique public method onLoad in copycats-neoforge.mixins.json:foundation.copycat.multistate.MultiStateCopycatBlockEntityMixin from mod copycats because it already exists in com.copycatsplus.copycats.content.copycat.cogwheel.CopycatCogWheelBlockEntity
[01Oct2026 14:07:16.751] [modloading-worker-0/WARN] [mixin/]: Discarding @Unique public method onLoad in copycats-neoforge.mixins.json:foundation.copycat.CopycatBlockEntityMixin from mod copycats because it already exists in com.copycatsplus.copycats.content.copycat.fluid_pipe.CopycatFluidPipeBlockEntity
[01Oct2026 14:07:16.752] [modloading-worker-0/WARN] [mixin/]: Discarding @Unique public method onLoad in copycats-neoforge.mixins.json:foundation.copycat.CopycatBlockEntityMixin from mod copycats because it already exists in com.copycatsplus.copycats.content.copycat.fluid_pipe.CopycatStraightPipeBlockEntity
[01Oct2026 14:07:16.754] [modloading-worker-0/WARN] [mixin/]: Discarding @Unique public method onLoad in copycats-neoforge.mixins.json:foundation.copycat.CopycatBlockEntityMixin from mod copycats because it already exists in com.copycatsplus.copycats.content.copycat.sliding_door.CopycatSlidingDoorBlockEntity
[01Oct2026 14:07:17.049] [modloading-worker-0/WARN] [mixin/]: Discarding @Unique public method useItemOn in copycats-common.mixins.json:copycat.step.CopycatStepBlockMixin from mod copycats because it already exists in com.simibubi.create.content.decoration.copycat.CopycatStepBlock
[01Oct2026 14:07:17.053] [modloading-worker-0/WARN] [mixin/]: Discarding @Unique public method onLoad in copycats-common.mixins.json:foundation.copycat.CopycatBlockEntityMixin from mod copycats because it already exists in com.simibubi.create.content.decoration.copycat.CopycatBlockEntity
[01Oct2026 14:07:17.056] [modloading-worker-0/WARN] [mixin/]: Discarding @Unique public method useItemOn in copycats-common.mixins.json:copycat.panel.CopycatPanelBlockMixin from mod copycats because it already exists in com.simibubi.create.content.decoration.copycat.CopycatPanelBlock
[01Oct2026 14:07:17.057] [modloading-worker-0/WARN] [mixin/]: Discarding @Unique public method mirror in copycats-common.mixins.json:copycat.panel.CopycatPanelBlockMixin from mod copycats because it already exists in com.simibubi.create.content.decoration.copycat.CopycatPanelBlock
[01Oct2026 14:07:17.057] [modloading-worker-0/WARN] [mixin/]: Discarding @Unique public method rotate in copycats-common.mixins.json:copycat.panel.CopycatPanelBlockMixin from mod copycats because it already exists in com.simibubi.create.content.decoration.copycat.CopycatPanelBlock
[01Oct2026 14:07:17.320] [modloading-worker-0/INFO] [Railways/]: Registered bogey styles from railways
[01Oct2026 14:07:17.420] [modloading-worker-0/INFO] [Railways/]: Registering data fixers
[01Oct2026 14:07:17.432] [modloading-worker-0/INFO] [Railways/]: [Dev] Registrate entries -> items: 443, blocks: 341
[01Oct2026 14:07:17.433] [modloading-worker-0/INFO] [Railways/]: [Dev] Creative tab assignment -> main: 152 items, 50 blocks | tracks: 53 items, 53 blocks | palettes: 238 items, 238 blocks
[01Oct2026 14:07:17.732] [modloading-worker-0/INFO] [dev.ryanhcode.sable.Sable/]: Sable loaded!
[01Oct2026 14:07:19.481] [modloading-worker-0/INFO] [top.claebcode.coasterssimulatedextratypes.CoastersSimulatedExtraTypes/]: HELLO FROM COMMON SETUP
[01Oct2026 14:07:19.482] [modloading-worker-0/INFO] [top.claebcode.coasterssimulatedextratypes.CoastersSimulatedExtraTypes/]: DIRT BLOCK >> minecraft:dirt
[01Oct2026 14:07:19.482] [modloading-worker-0/INFO] [top.claebcode.coasterssimulatedextratypes.CoastersSimulatedExtraTypes/]: The magic number is... 42
[01Oct2026 14:07:19.482] [modloading-worker-0/INFO] [top.claebcode.coasterssimulatedextratypes.CoastersSimulatedExtraTypes/]: ITEM >> minecraft:iron_ingot
[01Oct2026 14:07:19.502] [modloading-sync-worker/INFO] [terrablender/]: Registered region minecraft:overworld to index 0 for type OVERWORLD
[01Oct2026 14:07:19.502] [modloading-sync-worker/INFO] [terrablender/]: Registered region minecraft:nether to index 0 for type NETHER
[01Oct2026 14:07:19.502] [modloading-sync-worker/INFO] [terrablender/]: Registered region magnetization:anomaly_region to index 1 for type OVERWORLD
[01Oct2026 14:07:19.502] [modloading-sync-worker/INFO] [terrablender/]: Registered region magnetization:petrified_forest_region to index 2 for type OVERWORLD
[01Oct2026 14:07:19.503] [modloading-sync-worker/INFO] [magnetization/]: Surface rules registered for OVERWORLD category (anomaly + petrified_forest)
[01Oct2026 14:07:19.542] [modloading-sync-worker/INFO] [Railways/]: Registering Railways network payloads...
[01Oct2026 14:07:19.543] [modloading-sync-worker/INFO] [Railways/]: Railways network payloads registered successfully
[01Oct2026 14:07:19.590] [main/INFO] [com.mojang.authlib.yggdrasil.YggdrasilAuthenticationService/]: Environment: Environment[sessionHost=https://sessionserver.mojang.com, servicesHost=https://api.minecraftservices.com, name=PROD]
[01Oct2026 14:07:19.592] [NeoForge Version Check/INFO] [net.neoforged.fml.VersionChecker/]: [copycats] Starting version check at https://raw.githubusercontent.com/copycats-plus/copycats/multiloader/update.json
[01Oct2026 14:07:19.848] [main/WARN] [net.minecraft.server.packs.VanillaPackResourcesBuilder/]: Assets URL 'union:/home/braydon/Magnetization-API/build/moddev/artifacts/neoforge-21.1.252.jar%23125!/assets/.mcassetsroot' uses unexpected schema
[01Oct2026 14:07:19.848] [main/WARN] [net.minecraft.server.packs.VanillaPackResourcesBuilder/]: Assets URL 'union:/home/braydon/Magnetization-API/build/moddev/artifacts/neoforge-21.1.252.jar%23125!/data/.mcassetsroot' uses unexpected schema
[01Oct2026 14:07:19.915] [main/INFO] [com.simibubi.create.Create/]: Created 157 recipes which will be injected into the game
[01Oct2026 14:07:19.921] [main/INFO] [com.simibubi.create.Create/]: Created 0 tags which will be injected into the game
[01Oct2026 14:07:19.963] [main/INFO] [net.minecraft.server.MinecraftServer/]: Found new data pack railways:phantom_track_override, loading it automatically
[01Oct2026 14:07:19.964] [main/INFO] [net.minecraft.server.MinecraftServer/]: Found new data pack create:dynamic_data, loading it automatically
[01Oct2026 14:07:20.200] [NeoForge Version Check/INFO] [net.neoforged.fml.VersionChecker/]: [copycats] Found status: AHEAD Current: 3.0.9+mc.1.21.1-neoforge Target: null
[01Oct2026 14:07:20.281] [main/INFO] [net.minecraft.server.Main/]: No existing world data, creating new world
[01Oct2026 14:07:20.418] [Worker-Main-3/ERROR] [net.minecraft.world.level.storage.loot.LootDataType/]: Couldn't parse element ResourceKey[minecraft:root / minecraft:loot_table]:railways:blocks/track_byg_witch_hazel_narrow - Unknown registry key in ResourceKey[minecraft:root / minecraft:item]: railways:track_byg_witch_hazel_narrow
[01Oct2026 14:07:20.421] [Worker-Main-3/ERROR] [net.minecraft.world.level.storage.loot.LootDataType/]: Couldn't parse element ResourceKey[minecraft:root / minecraft:loot_table]:railways:blocks/track_tfc_acacia - Unknown registry key in ResourceKey[minecraft:root / minecraft:item]: railways:track_tfc_acacia
[01Oct2026 14:07:20.425] [Worker-Main-3/ERROR] [net.minecraft.world.level.storage.loot.LootDataType/]: Couldn't parse element ResourceKey[minecraft:root / minecraft:loot_table]:railways:blocks/track_biomesoplenty_mahogany_narrow - Unknown registry key in ResourceKey[minecraft:root / minecraft:item]: railways:track_biomesoplenty_mahogany_narrow
[01Oct2026 14:07:20.425] [Worker-Main-3/ERROR] [net.minecraft.world.level.storage.loot.LootDataType/]: Couldn't parse element ResourceKey[minecraft:root / minecraft:loot_table]:railways:blocks/track_natures_spirit_joshua_wide - Unknown registry key in ResourceKey[minecraft:root / minecraft:item]: railways:track_natures_spirit_joshua_wide
[01Oct2026 14:07:20.430] [Worker-Main-3/ERROR] [net.minecraft.world.level.storage.loot.LootDataType/]: Couldn't parse element ResourceKey[minecraft:root / minecraft:loot_table]:railways:blocks/track_byg_rainbow_eucalyptus_wide - Unknown registry key in ResourceKey[minecraft:root / minecraft:item]: railways:track_byg_rainbow_eucalyptus_wide
[01Oct2026 14:07:20.431] [Worker-Main-3/ERROR] [net.minecraft.world.level.storage.loot.LootDataType/]: Couldn't parse element ResourceKey[minecraft:root / minecraft:loot_table]:railways:blocks/track_byg_bulbis_narrow - Unknown registry key in ResourceKey[minecraft:root / minecraft:item]: railways:track_byg_bulbis_narrow
[01Oct2026 14:07:20.434] [Worker-Main-3/ERROR] [net.minecraft.world.level.storage.loot.LootDataType/]: Couldn't parse element ResourceKey[minecraft:root / minecraft:loot_table]:railways:blocks/track_twilightforest_sortingwood_wide - Unknown registry key in ResourceKey[minecraft:root / minecraft:item]: railways:track_twilightforest_sortingwood_wide
[01Oct2026 14:07:20.434] [Worker-Main-3/ERROR] [net.minecraft.world.level.storage.loot.LootDataType/]: Couldn't parse element ResourceKey[minecraft:root / minecraft:loot_table]:railways:blocks/track_twilightforest_darkwood - Unknown registry key in ResourceKey[minecraft:root / minecraft:item]: railways:track_twilightforest_darkwood
[01Oct2026 14:07:20.434] [Worker-Main-3/ERROR] [net.minecraft.world.level.storage.loot.LootDataType/]: Couldn't parse element ResourceKey[minecraft:root / minecraft:loot_table]:railways:blocks/track_blue_skies_starlit - Unknown registry key in ResourceKey[minecraft:root / minecraft:item]: railways:track_blue_skies_starlit
[01Oct2026 14:07:20.435] [Worker-Main-3/ERROR] [net.minecraft.world.level.storage.loot.LootDataType/]: Couldn't parse element ResourceKey[minecraft:root / minecraft:loot_table]:railways:blocks/track_byg_embur - Unknown registry key in ResourceKey[minecraft:root / minecraft:item]: railways:track_byg_embur
[01Oct2026 14:07:20.436] [Worker-Main-3/ERROR] [net.minecraft.world.level.storage.loot.LootDataType/]: Couldn't parse element ResourceKey[minecraft:root / minecraft:loot_table]:railways:blocks/track_byg_green_enchanted_wide - Unknown registry key in ResourceKey[minecraft:root / minecraft:item]: railways:track_byg_green_enchanted_wide
[01Oct2026 14:07:20.436] [Worker-Main-3/ERROR] [net.minecraft.world.level.storage.loot.LootDataType/]: Couldn't parse element ResourceKey[minecraft:root / minecraft:loot_table]:railways:blocks/track_quark_ancient_wide - Unknown registry key in ResourceKey[minecraft:root / minecraft:item]: railways:track_quark_ancient_wide
[01Oct2026 14:07:20.436] [Worker-Main-3/ERROR] [net.minecraft.world.level.storage.loot.LootDataType/]: Couldn't parse element ResourceKey[minecraft:root / minecraft:loot_table]:railways:blocks/track_byg_nightshade_narrow - Unknown registry key in ResourceKey[minecraft:root / minecraft:item]: railways:track_byg_nightshade_narrow
[01Oct2026 14:07:20.437] [Worker-Main-3/ERROR] [net.minecraft.world.level.storage.loot.LootDataType/]: Couldn't parse element ResourceKey[minecraft:root / minecraft:loot_table]:railways:blocks/track_tfc_chestnut_narrow - Unknown registry key in ResourceKey[minecraft:root / minecraft:item]: railways:track_tfc_chestnut_narrow
[01Oct2026 14:07:20.437] [Worker-Main-3/ERROR] [net.minecraft.world.level.storage.loot.LootDataType/]: Couldn't parse element ResourceKey[minecraft:root / minecraft:loot_table]:railways:blocks/track_create_dd_rose_wide - Unknown registry key in ResourceKey[minecraft:root / minecraft:item]: railways:track_create_dd_rose_wide
[01Oct2026 14:07:20.438] [Worker-Main-3/ERROR] [net.minecraft.world.level.storage.loot.LootDataType/]: Couldn't parse element ResourceKey[minecraft:root / minecraft:loot_table]:railways:blocks/track_byg_white_mangrove_narrow - Unknown registry key in ResourceKey[minecraft:root / minecraft:item]: railways:track_byg_white_mangrove_narrow
[01Oct2026 14:07:20.438] [Worker-Main-3/ERROR] [net.minecraft.world.level.storage.loot.LootDataType/]: Couldn't parse element ResourceKey[minecraft:root / minecraft:loot_table]:railways:blocks/track_byg_skyris_narrow - Unknown registry key in ResourceKey[minecraft:root / minecraft:item]: railways:track_byg_skyris_narrow
[01Oct2026 14:07:20.438] [Worker-Main-3/ERROR] [net.minecraft.world.level.storage.loot.LootDataType/]: Couldn't parse element ResourceKey[minecraft:root / minecraft:loot_table]:railways:blocks/track_byg_green_enchanted_narrow - Unknown registry key in ResourceKey[minecraft:root / minecraft:item]: railways:track_byg_green_enchanted_narrow
[01Oct2026 14:07:20.438] [Worker-Main-3/ERROR] [net.minecraft.world.level.storage.loot.LootDataType/]: Couldn't parse element ResourceKey[minecraft:root / minecraft:loot_table]:railways:blocks/track_quark_ancient_narrow - Unknown registry key in ResourceKey[minecraft:root / minecraft:item]: railways:track_quark_ancient_narrow
[01Oct2026 14:07:20.439] [Worker-Main-3/ERROR] [net.minecraft.world.level.storage.loot.LootDataType/]: Couldn't parse element ResourceKey[minecraft:root / minecraft:loot_table]:railways:blocks/track_quark_azalea_narrow - Unknown registry key in ResourceKey[minecraft:root / minecraft:item]: railways:track_quark_azalea_narrow
[01Oct2026 14:07:20.439] [Worker-Main-3/ERROR] [net.minecraft.world.level.storage.loot.LootDataType/]: Couldn't parse element ResourceKey[minecraft:root / minecraft:loot_table]:railways:blocks/track_tfc_willow_wide - Unknown registry key in ResourceKey[minecraft:root / minecraft:item]: railways:track_tfc_willow_wide
[01Oct2026 14:07:20.440] [Worker-Main-3/ERROR] [net.minecraft.world.level.storage.loot.LootDataType/]: Couldn't parse element ResourceKey[minecraft:root / minecraft:loot_table]:railways:blocks/track_tfc_chestnut - Unknown registry key in ResourceKey[minecraft:root / minecraft:item]: railways:track_tfc_chestnut
[01Oct2026 14:07:20.440] [Worker-Main-3/ERROR] [net.minecraft.world.level.storage.loot.LootDataType/]: Couldn't parse element ResourceKey[minecraft:root / minecraft:loot_table]:railways:blocks/track_blue_skies_frostbright - Unknown registry key in ResourceKey[minecraft:root / minecraft:item]: railways:track_blue_skies_frostbright
[01Oct2026 14:07:20.441] [Worker-Main-3/ERROR] [net.minecraft.world.level.storage.loot.LootDataType/]: Couldn't parse element ResourceKey[minecraft:root / minecraft:loot_table]:railways:blocks/track_byg_ether_wide - Unknown registry key in ResourceKey[minecraft:root / minecraft:item]: railways:track_byg_ether_wide
[01Oct2026 14:07:20.441] [Worker-Main-3/ERROR] [net.minecraft.world.level.storage.loot.LootDataType/]: Couldn't parse element ResourceKey[minecraft:root / minecraft:loot_table]:railways:blocks/track_byg_jacaranda_wide - Unknown registry key in ResourceKey[minecraft:root / minecraft:item]: railways:track_byg_jacaranda_wide
[01Oct2026 14:07:20.441] [Worker-Main-3/ERROR] [net.minecraft.world.level.storage.loot.LootDataType/]: Couldn't parse element ResourceKey[minecraft:root / minecraft:loot_table]:railways:blocks/track_biomesoplenty_jacaranda_wide - Unknown registry key in ResourceKey[minecraft:root / minecraft:item]: railways:track_biomesoplenty_jacaranda_wide
[01Oct2026 14:07:20.441] [Worker-Main-3/ERROR] [net.minecraft.world.level.storage.loot.LootDataType/]: Couldn't parse element ResourceKey[minecraft:root / minecraft:loot_table]:railways:blocks/track_create_dd_rose - Unknown registry key in ResourceKey[minecraft:root / minecraft:item]: railways:track_create_dd_rose
[01Oct2026 14:07:20.442] [Worker-Main-3/ERROR] [net.minecraft.world.level.storage.loot.LootDataType/]: Couldn't parse element ResourceKey[minecraft:root / minecraft:loot_table]:railways:blocks/track_natures_spirit_palo_verde_narrow - Unknown registry key in ResourceKey[minecraft:root / minecraft:item]: railways:track_natures_spirit_palo_verde_narrow
[01Oct2026 14:07:20.442] [Worker-Main-3/ERROR] [net.minecraft.world.level.storage.loot.LootDataType/]: Couldn't parse element ResourceKey[minecraft:root / minecraft:loot_table]:railways:blocks/track_byg_mahogany_narrow - Unknown registry key in ResourceKey[minecraft:root / minecraft:item]: railways:track_byg_mahogany_narrow
[01Oct2026 14:07:20.442] [Worker-Main-3/ERROR] [net.minecraft.world.level.storage.loot.LootDataType/]: Couldn't parse element ResourceKey[minecraft:root / minecraft:loot_table]:railways:blocks/track_tfc_sycamore_wide - Unknown registry key in ResourceKey[minecraft:root / minecraft:item]: railways:track_tfc_sycamore_wide
[01Oct2026 14:07:20.443] [Worker-Main-3/ERROR] [net.minecraft.world.level.storage.loot.LootDataType/]: Couldn't parse element ResourceKey[minecraft:root / minecraft:loot_table]:railways:blocks/track_tfc_acacia_narrow - Unknown registry key in ResourceKey[minecraft:root / minecraft:item]: railways:track_tfc_acacia_narrow
[01Oct2026 14:07:20.443] [Worker-Main-3/ERROR] [net.minecraft.world.level.storage.loot.LootDataType/]: Couldn't parse element ResourceKey[minecraft:root / minecraft:loot_table]:railways:blocks/track_byg_ebony - Unknown registry key in ResourceKey[minecraft:root / minecraft:item]: railways:track_byg_ebony
[01Oct2026 14:07:20.443] [Worker-Main-3/ERROR] [net.minecraft.world.level.storage.loot.LootDataType/]: Couldn't parse element ResourceKey[minecraft:root / minecraft:loot_table]:railways:blocks/track_tfc_rosewood - Unknown registry key in ResourceKey[minecraft:root / minecraft:item]: railways:track_tfc_rosewood
[01Oct2026 14:07:20.443] [Worker-Main-3/ERROR] [net.minecraft.world.level.storage.loot.LootDataType/]: Couldn't parse element ResourceKey[minecraft:root / minecraft:loot_table]:railways:blocks/track_byg_aspen_wide - Unknown registry key in ResourceKey[minecraft:root / minecraft:item]: railways:track_byg_aspen_wide
[01Oct2026 14:07:20.444] [Worker-Main-3/ERROR] [net.minecraft.world.level.storage.loot.LootDataType/]: Couldn't parse element ResourceKey[minecraft:root / minecraft:loot_table]:railways:blocks/track_create_dd_rubber_narrow - Unknown registry key in ResourceKey[minecraft:root / minecraft:item]: railways:track_create_dd_rubber_narrow
[01Oct2026 14:07:20.445] [Worker-Main-3/ERROR] [net.minecraft.world.level.storage.loot.LootDataType/]: Couldn't parse element ResourceKey[minecraft:root / minecraft:loot_table]:railways:blocks/track_tfc_hickory_narrow - Unknown registry key in ResourceKey[minecraft:root / minecraft:item]: railways:track_tfc_hickory_narrow
[01Oct2026 14:07:20.446] [Worker-Main-3/ERROR] [net.minecraft.world.level.storage.loot.LootDataType/]: Couldn't parse element ResourceKey[minecraft:root / minecraft:loot_table]:railways:blocks/track_byg_white_mangrove_wide - Unknown registry key in ResourceKey[minecraft:root / minecraft:item]: railways:track_byg_white_mangrove_wide
[01Oct2026 14:07:20.446] [Worker-Main-3/ERROR] [net.minecraft.world.level.storage.loot.LootDataType/]: Couldn't parse element ResourceKey[minecraft:root / minecraft:loot_table]:railways:blocks/track_natures_spirit_joshua_narrow - Unknown registry key in ResourceKey[minecraft:root / minecraft:item]: railways:track_natures_spirit_joshua_narrow
[01Oct2026 14:07:20.446] [Worker-Main-3/ERROR] [net.minecraft.world.level.storage.loot.LootDataType/]: Couldn't parse element ResourceKey[minecraft:root / minecraft:loot_table]:railways:blocks/track_byg_nightshade - Unknown registry key in ResourceKey[minecraft:root / minecraft:item]: railways:track_byg_nightshade
[01Oct2026 14:07:20.447] [Worker-Main-3/ERROR] [net.minecraft.world.level.storage.loot.LootDataType/]: Couldn't parse element ResourceKey[minecraft:root / minecraft:loot_table]:railways:blocks/track_byg_willow - Unknown registry key in ResourceKey[minecraft:root / minecraft:item]: railways:track_byg_willow
[01Oct2026 14:07:20.447] [Worker-Main-3/ERROR] [net.minecraft.world.level.storage.loot.LootDataType/]: Couldn't parse element ResourceKey[minecraft:root / minecraft:loot_table]:railways:blocks/track_byg_bulbis_wide - Unknown registry key in ResourceKey[minecraft:root / minecraft:item]: railways:track_byg_bulbis_wide
[01Oct2026 14:07:20.449] [Worker-Main-3/ERROR] [net.minecraft.world.level.storage.loot.LootDataType/]: Couldn't parse element ResourceKey[minecraft:root / minecraft:loot_table]:railways:blocks/track_byg_rainbow_eucalyptus_narrow - Unknown registry key in ResourceKey[minecraft:root / minecraft:item]: railways:track_byg_rainbow_eucalyptus_narrow
[01Oct2026 14:07:20.450] [Worker-Main-3/ERROR] [net.minecraft.world.level.storage.loot.LootDataType/]: Couldn't parse element ResourceKey[minecraft:root / minecraft:loot_table]:railways:blocks/track_blue_skies_lunar_wide - Unknown registry key in ResourceKey[minecraft:root / minecraft:item]: railways:track_blue_skies_lunar_wide
[01Oct2026 14:07:20.450] [Worker-Main-3/ERROR] [net.minecraft.world.level.storage.loot.LootDataType/]: Couldn't parse element ResourceKey[minecraft:root / minecraft:loot_table]:railways:blocks/track_byg_cika_narrow - Unknown registry key in ResourceKey[minecraft:root / minecraft:item]: railways:track_byg_cika_narrow
[01Oct2026 14:07:20.450] [Worker-Main-3/ERROR] [net.minecraft.world.level.storage.loot.LootDataType/]: Couldn't parse element ResourceKey[minecraft:root / minecraft:loot_table]:railways:blocks/track_blue_skies_maple - Unknown registry key in ResourceKey[minecraft:root / minecraft:item]: railways:track_blue_skies_maple
[01Oct2026 14:07:20.451] [Worker-Main-3/ERROR] [net.minecraft.world.level.storage.loot.LootDataType/]: Couldn't parse element ResourceKey[minecraft:root / minecraft:loot_table]:railways:blocks/track_twilightforest_mangrove - Unknown registry key in ResourceKey[minecraft:root / minecraft:item]: railways:track_twilightforest_mangrove
[01Oct2026 14:07:20.451] [Worker-Main-3/ERROR] [net.minecraft.world.level.storage.loot.LootDataType/]: Couldn't parse element ResourceKey[minecraft:root / minecraft:loot_table]:railways:blocks/track_natures_spirit_wisteria_wide - Unknown registry key in ResourceKey[minecraft:root / minecraft:item]: railways:track_natures_spirit_wisteria_wide
[01Oct2026 14:07:20.452] [Worker-Main-3/ERROR] [net.minecraft.world.level.storage.loot.LootDataType/]: Couldn't parse element ResourceKey[minecraft:root / minecraft:loot_table]:railways:blocks/track_biomesoplenty_mahogany_wide - Unknown registry key in ResourceKey[minecraft:root / minecraft:item]: railways:track_biomesoplenty_mahogany_wide
[01Oct2026 14:07:20.452] [Worker-Main-3/ERROR] [net.minecraft.world.level.storage.loot.LootDataType/]: Couldn't parse element ResourceKey[minecraft:root / minecraft:loot_table]:railways:blocks/track_tfc_oak - Unknown registry key in ResourceKey[minecraft:root / minecraft:item]: railways:track_tfc_oak
[01Oct2026 14:07:20.452] [Worker-Main-3/ERROR] [net.minecraft.world.level.storage.loot.LootDataType/]: Couldn't parse element ResourceKey[minecraft:root / minecraft:loot_table]:railways:blocks/track_twilightforest_transwood_wide - Unknown registry key in ResourceKey[minecraft:root / minecraft:item]: railways:track_twilightforest_transwood_wide
[01Oct2026 14:07:20.453] [Worker-Main-3/ERROR] [net.minecraft.world.level.storage.loot.LootDataType/]: Couldn't parse element ResourceKey[minecraft:root / minecraft:loot_table]:railways:blocks/track_create_dd_smoked - Unknown registry key in ResourceKey[minecraft:root / minecraft:item]: railways:track_create_dd_smoked
[01Oct2026 14:07:20.453] [Worker-Main-3/ERROR] [net.minecraft.world.level.storage.loot.LootDataType/]: Couldn't parse element ResourceKey[minecraft:root / minecraft:loot_table]:railways:blocks/track_biomesoplenty_willow - Unknown registry key in ResourceKey[minecraft:root / minecraft:item]: railways:track_biomesoplenty_willow
[01Oct2026 14:07:20.453] [Worker-Main-3/ERROR] [net.minecraft.world.level.storage.loot.LootDataType/]: Couldn't parse element ResourceKey[minecraft:root / minecraft:loot_table]:railways:blocks/track_hexcasting_edified_narrow - Unknown registry key in ResourceKey[minecraft:root / minecraft:item]: railways:track_hexcasting_edified_narrow
[01Oct2026 14:07:20.454] [Worker-Main-3/ERROR] [net.minecraft.world.level.storage.loot.LootDataType/]: Couldn't parse element ResourceKey[minecraft:root / minecraft:loot_table]:railways:blocks/track_byg_nightshade_wide - Unknown registry key in ResourceKey[minecraft:root / minecraft:item]: railways:track_byg_nightshade_wide
[01Oct2026 14:07:20.454] [Worker-Main-3/ERROR] [net.minecraft.world.level.storage.loot.LootDataType/]: Couldn't parse element ResourceKey[minecraft:root / minecraft:loot_table]:railways:blocks/track_byg_imparius - Unknown registry key in ResourceKey[minecraft:root / minecraft:item]: railways:track_byg_imparius
[01Oct2026 14:07:20.454] [Worker-Main-3/ERROR] [net.minecraft.world.level.storage.loot.LootDataType/]: Couldn't parse element ResourceKey[minecraft:root / minecraft:loot_table]:railways:blocks/track_biomesoplenty_magic_wide - Unknown registry key in ResourceKey[minecraft:root / minecraft:item]: railways:track_biomesoplenty_magic_wide
[01Oct2026 14:07:20.455] [Worker-Main-3/ERROR] [net.minecraft.world.level.storage.loot.LootDataType/]: Couldn't parse element ResourceKey[minecraft:root / minecraft:loot_table]:railways:blocks/track_tfc_blackwood_wide - Unknown registry key in ResourceKey[minecraft:root / minecraft:item]: railways:track_tfc_blackwood_wide
[01Oct2026 14:07:20.455] [Worker-Main-3/ERROR] [net.minecraft.world.level.storage.loot.LootDataType/]: Couldn't parse element ResourceKey[minecraft:root / minecraft:loot_table]:railways:blocks/track_byg_lament_narrow - Unknown registry key in ResourceKey[minecraft:root / minecraft:item]: railways:track_byg_lament_narrow
[01Oct2026 14:07:20.456] [Worker-Main-3/ERROR] [net.minecraft.world.level.storage.loot.LootDataType/]: Couldn't parse element ResourceKey[minecraft:root / minecraft:loot_table]:railways:blocks/track_twilightforest_mangrove_narrow - Unknown registry key in ResourceKey[minecraft:root / minecraft:item]: railways:track_twilightforest_mangrove_narrow
[01Oct2026 14:07:20.456] [Worker-Main-3/ERROR] [net.minecraft.world.level.storage.loot.LootDataType/]: Couldn't parse element ResourceKey[minecraft:root / minecraft:loot_table]:railways:blocks/track_byg_aspen - Unknown registry key in ResourceKey[minecraft:root / minecraft:item]: railways:track_byg_aspen
[01Oct2026 14:07:20.456] [Worker-Main-3/ERROR] [net.minecraft.world.level.storage.loot.LootDataType/]: Couldn't parse element ResourceKey[minecraft:root / minecraft:loot_table]:railways:blocks/track_byg_maple_narrow - Unknown registry key in ResourceKey[minecraft:root / minecraft:item]: railways:track_byg_maple_narrow
[01Oct2026 14:07:20.458] [Worker-Main-3/ERROR] [net.minecraft.world.level.storage.loot.LootDataType/]: Couldn't parse element ResourceKey[minecraft:root / minecraft:loot_table]:railways:blocks/track_biomesoplenty_palm - Unknown registry key in ResourceKey[minecraft:root / minecraft:item]: railways:track_biomesoplenty_palm
[01Oct2026 14:07:20.458] [Worker-Main-3/ERROR] [net.minecraft.world.level.storage.loot.LootDataType/]: Couldn't parse element ResourceKey[minecraft:root / minecraft:loot_table]:railways:blocks/track_byg_embur_wide - Unknown registry key in ResourceKey[minecraft:root / minecraft:item]: railways:track_byg_embur_wide
[01Oct2026 14:07:20.458] [Worker-Main-3/ERROR] [net.minecraft.world.level.storage.loot.LootDataType/]: Couldn't parse element ResourceKey[minecraft:root / minecraft:loot_table]:railways:blocks/track_tfc_white_cedar - Unknown registry key in ResourceKey[minecraft:root / minecraft:item]: railways:track_tfc_white_cedar
[01Oct2026 14:07:20.458] [Worker-Main-3/ERROR] [net.minecraft.world.level.storage.loot.LootDataType/]: Couldn't parse element ResourceKey[minecraft:root / minecraft:loot_table]:railways:blocks/track_tfc_sycamore - Unknown registry key in ResourceKey[minecraft:root / minecraft:item]: railways:track_tfc_sycamore
[01Oct2026 14:07:20.459] [Worker-Main-3/ERROR] [net.minecraft.world.level.storage.loot.LootDataType/]: Couldn't parse element ResourceKey[minecraft:root / minecraft:loot_table]:railways:blocks/track_twilightforest_timewood - Unknown registry key in ResourceKey[minecraft:root / minecraft:item]: railways:track_twilightforest_timewood
[01Oct2026 14:07:20.459] [Worker-Main-3/ERROR] [net.minecraft.world.level.storage.loot.LootDataType/]: Couldn't parse element ResourceKey[minecraft:root / minecraft:loot_table]:railways:blocks/track_tfc_rosewood_wide - Unknown registry key in ResourceKey[minecraft:root / minecraft:item]: railways:track_tfc_rosewood_wide
[01Oct2026 14:07:20.460] [Worker-Main-3/ERROR] [net.minecraft.world.level.storage.loot.LootDataType/]: Couldn't parse element ResourceKey[minecraft:root / minecraft:loot_table]:railways:blocks/track_natures_spirit_cypress_wide - Unknown registry key in ResourceKey[minecraft:root / minecraft:item]: railways:track_natures_spirit_cypress_wide
[01Oct2026 14:07:20.460] [Worker-Main-3/ERROR] [net.minecraft.world.level.storage.loot.LootDataType/]: Couldn't parse element ResourceKey[minecraft:root / minecraft:loot_table]:railways:blocks/track_blue_skies_dusk_narrow - Unknown registry key in ResourceKey[minecraft:root / minecraft:item]: railways:track_blue_skies_dusk_narrow
[01Oct2026 14:07:20.460] [Worker-Main-3/ERROR] [net.minecraft.world.level.storage.loot.LootDataType/]: Couldn't parse element ResourceKey[minecraft:root / minecraft:loot_table]:railways:blocks/track_natures_spirit_cypress - Unknown registry key in ResourceKey[minecraft:root / minecraft:item]: railways:track_natures_spirit_cypress
[01Oct2026 14:07:20.461] [Worker-Main-3/ERROR] [net.minecraft.world.level.storage.loot.LootDataType/]: Couldn't parse element ResourceKey[minecraft:root / minecraft:loot_table]:railways:blocks/track_tfc_birch_wide - Unknown registry key in ResourceKey[minecraft:root / minecraft:item]: railways:track_tfc_birch_wide
[01Oct2026 14:07:20.461] [Worker-Main-3/ERROR] [net.minecraft.world.level.storage.loot.LootDataType/]: Couldn't parse element ResourceKey[minecraft:root / minecraft:loot_table]:railways:blocks/track_byg_sythian_narrow - Unknown registry key in ResourceKey[minecraft:root / minecraft:item]: railways:track_byg_sythian_narrow
[01Oct2026 14:07:20.461] [Worker-Main-3/ERROR] [net.minecraft.world.level.storage.loot.LootDataType/]: Couldn't parse element ResourceKey[minecraft:root / minecraft:loot_table]:railways:blocks/track_byg_redwood_wide - Unknown registry key in ResourceKey[minecraft:root / minecraft:item]: railways:track_byg_redwood_wide
[01Oct2026 14:07:20.462] [Worker-Main-3/ERROR] [net.minecraft.world.level.storage.loot.LootDataType/]: Couldn't parse element ResourceKey[minecraft:root / minecraft:loot_table]:railways:blocks/track_create_dd_rose_narrow - Unknown registry key in ResourceKey[minecraft:root / minecraft:item]: railways:track_create_dd_rose_narrow
[01Oct2026 14:07:20.463] [Worker-Main-3/ERROR] [net.minecraft.world.level.storage.loot.LootDataType/]: Couldn't parse element ResourceKey[minecraft:root / minecraft:loot_table]:railways:blocks/track_byg_redwood_narrow - Unknown registry key in ResourceKey[minecraft:root / minecraft:item]: railways:track_byg_redwood_narrow
[01Oct2026 14:07:20.464] [Worker-Main-3/ERROR] [net.minecraft.world.level.storage.loot.LootDataType/]: Couldn't parse element ResourceKey[minecraft:root / minecraft:loot_table]:railways:blocks/track_tfc_willow_narrow - Unknown registry key in ResourceKey[minecraft:root / minecraft:item]: railways:track_tfc_willow_narrow
[01Oct2026 14:07:20.464] [Worker-Main-3/ERROR] [net.minecraft.world.level.storage.loot.LootDataType/]: Couldn't parse element ResourceKey[minecraft:root / minecraft:loot_table]:railways:blocks/track_twilightforest_minewood_wide - Unknown registry key in ResourceKey[minecraft:root / minecraft:item]: railways:track_twilightforest_minewood_wide
[01Oct2026 14:07:20.464] [Worker-Main-3/ERROR] [net.minecraft.world.level.storage.loot.LootDataType/]: Couldn't parse element ResourceKey[minecraft:root / minecraft:loot_table]:railways:blocks/track_tfc_douglas_fir - Unknown registry key in ResourceKey[minecraft:root / minecraft:item]: railways:track_tfc_douglas_fir
[01Oct2026 14:07:20.464] [Worker-Main-3/ERROR] [net.minecraft.world.level.storage.loot.LootDataType/]: Couldn't parse element ResourceKey[minecraft:root / minecraft:loot_table]:railways:blocks/track_biomesoplenty_dead_narrow - Unknown registry key in ResourceKey[minecraft:root / minecraft:item]: railways:track_biomesoplenty_dead_narrow
[01Oct2026 14:07:20.465] [Worker-Main-3/ERROR] [net.minecraft.world.level.storage.loot.LootDataType/]: Couldn't parse element ResourceKey[minecraft:root / minecraft:loot_table]:railways:blocks/track_byg_fir_narrow - Unknown registry key in ResourceKey[minecraft:root / minecraft:item]: railways:track_byg_fir_narrow
[01Oct2026 14:07:20.465] [Worker-Main-3/ERROR] [net.minecraft.world.level.storage.loot.LootDataType/]: Couldn't parse element ResourceKey[minecraft:root / minecraft:loot_table]:railways:blocks/track_byg_ebony_wide - Unknown registry key in ResourceKey[minecraft:root / minecraft:item]: railways:track_byg_ebony_wide
[01Oct2026 14:07:20.465] [Worker-Main-3/ERROR] [net.minecraft.world.level.storage.loot.LootDataType/]: Couldn't parse element ResourceKey[minecraft:root / minecraft:loot_table]:railways:blocks/track_tfc_aspen_wide - Unknown registry key in ResourceKey[minecraft:root / minecraft:item]: railways:track_tfc_aspen_wide
[01Oct2026 14:07:20.466] [Worker-Main-3/ERROR] [net.minecraft.world.level.storage.loot.LootDataType/]: Couldn't parse element ResourceKey[minecraft:root / minecraft:loot_table]:railways:blocks/track_blue_skies_dusk - Unknown registry key in ResourceKey[minecraft:root / minecraft:item]: railways:track_blue_skies_dusk
[01Oct2026 14:07:20.466] [Worker-Main-3/ERROR] [net.minecraft.world.level.storage.loot.LootDataType/]: Couldn't parse element ResourceKey[minecraft:root / minecraft:loot_table]:railways:blocks/track_natures_spirit_sugi - Unknown registry key in ResourceKey[minecraft:root / minecraft:item]: railways:track_natures_spirit_sugi
[01Oct2026 14:07:20.467] [Worker-Main-3/ERROR] [net.minecraft.world.level.storage.loot.LootDataType/]: Couldn't parse element ResourceKey[minecraft:root / minecraft:loot_table]:railways:blocks/track_twilightforest_transwood_narrow - Unknown registry key in ResourceKey[minecraft:root / minecraft:item]: railways:track_twilightforest_transwood_narrow
[01Oct2026 14:07:20.467] [Worker-Main-3/ERROR] [net.minecraft.world.level.storage.loot.LootDataType/]: Couldn't parse element ResourceKey[minecraft:root / minecraft:loot_table]:railways:blocks/track_blue_skies_maple_narrow - Unknown registry key in ResourceKey[minecraft:root / minecraft:item]: railways:track_blue_skies_maple_narrow
[01Oct2026 14:07:20.468] [Worker-Main-3/ERROR] [net.minecraft.world.level.storage.loot.LootDataType/]: Couldn't parse element ResourceKey[minecraft:root / minecraft:loot_table]:railways:blocks/track_byg_willow_wide - Unknown registry key in ResourceKey[minecraft:root / minecraft:item]: railways:track_byg_willow_wide
[01Oct2026 14:07:20.468] [Worker-Main-3/ERROR] [net.minecraft.world.level.storage.loot.LootDataType/]: Couldn't parse element ResourceKey[minecraft:root / minecraft:loot_table]:railways:blocks/track_natures_spirit_fir_wide - Unknown registry key in ResourceKey[minecraft:root / minecraft:item]: railways:track_natures_spirit_fir_wide
[01Oct2026 14:07:20.468] [Worker-Main-3/ERROR] [net.minecraft.world.level.storage.loot.LootDataType/]: Couldn't parse element ResourceKey[minecraft:root / minecraft:loot_table]:railways:blocks/track_tfc_kapok - Unknown registry key in ResourceKey[minecraft:root / minecraft:item]: railways:track_tfc_kapok
[01Oct2026 14:07:20.469] [Worker-Main-3/ERROR] [net.minecraft.world.level.storage.loot.LootDataType/]: Couldn't parse element ResourceKey[minecraft:root / minecraft:loot_table]:railways:blocks/track_tfc_oak_narrow - Unknown registry key in ResourceKey[minecraft:root / minecraft:item]: railways:track_tfc_oak_narrow
[01Oct2026 14:07:20.470] [Worker-Main-3/ERROR] [net.minecraft.world.level.storage.loot.LootDataType/]: Couldn't parse element ResourceKey[minecraft:root / minecraft:loot_table]:railways:blocks/track_twilightforest_sortingwood - Unknown registry key in ResourceKey[minecraft:root / minecraft:item]: railways:track_twilightforest_sortingwood
[01Oct2026 14:07:20.470] [Worker-Main-3/ERROR] [net.minecraft.world.level.storage.loot.LootDataType/]: Couldn't parse element ResourceKey[minecraft:root / minecraft:loot_table]:railways:blocks/track_create_dd_spirit - Unknown registry key in ResourceKey[minecraft:root / minecraft:item]: railways:track_create_dd_spirit
[01Oct2026 14:07:20.470] [Worker-Main-3/ERROR] [net.minecraft.world.level.storage.loot.LootDataType/]: Couldn't parse element ResourceKey[minecraft:root / minecraft:loot_table]:railways:blocks/track_byg_jacaranda_narrow - Unknown registry key in ResourceKey[minecraft:root / minecraft:item]: railways:track_byg_jacaranda_narrow
[01Oct2026 14:07:20.470] [Worker-Main-3/ERROR] [net.minecraft.world.level.storage.loot.LootDataType/]: Couldn't parse element ResourceKey[minecraft:root / minecraft:loot_table]:railways:blocks/track_byg_green_enchanted - Unknown registry key in ResourceKey[minecraft:root / minecraft:item]: railways:track_byg_green_enchanted
[01Oct2026 14:07:20.470] [Worker-Main-3/ERROR] [net.minecraft.world.level.storage.loot.LootDataType/]: Couldn't parse element ResourceKey[minecraft:root / minecraft:loot_table]:railways:blocks/track_byg_white_mangrove - Unknown registry key in ResourceKey[minecraft:root / minecraft:item]: railways:track_byg_white_mangrove
[01Oct2026 14:07:20.471] [Worker-Main-3/ERROR] [net.minecraft.world.level.storage.loot.LootDataType/]: Couldn't parse element ResourceKey[minecraft:root / minecraft:loot_table]:railways:blocks/track_tfc_maple - Unknown registry key in ResourceKey[minecraft:root / minecraft:item]: railways:track_tfc_maple
[01Oct2026 14:07:20.471] [Worker-Main-3/ERROR] [net.minecraft.world.level.storage.loot.LootDataType/]: Couldn't parse element ResourceKey[minecraft:root / minecraft:loot_table]:railways:blocks/track_natures_spirit_aspen - Unknown registry key in ResourceKey[minecraft:root / minecraft:item]: railways:track_natures_spirit_aspen
[01Oct2026 14:07:20.471] [Worker-Main-3/ERROR] [net.minecraft.world.level.storage.loot.LootDataType/]: Couldn't parse element ResourceKey[minecraft:root / minecraft:loot_table]:railways:blocks/track_blue_skies_frostbright_narrow - Unknown registry key in ResourceKey[minecraft:root / minecraft:item]: railways:track_blue_skies_frostbright_narrow
[01Oct2026 14:07:20.472] [Worker-Main-3/ERROR] [net.minecraft.world.level.storage.loot.LootDataType/]: Couldn't parse element ResourceKey[minecraft:root / minecraft:loot_table]:railways:blocks/track_tfc_oak_wide - Unknown registry key in ResourceKey[minecraft:root / minecraft:item]: railways:track_tfc_oak_wide
[01Oct2026 14:07:20.472] [Worker-Main-3/ERROR] [net.minecraft.world.level.storage.loot.LootDataType/]: Couldn't parse element ResourceKey[minecraft:root / minecraft:loot_table]:railways:blocks/track_tfc_blackwood - Unknown registry key in ResourceKey[minecraft:root / minecraft:item]: railways:track_tfc_blackwood
[01Oct2026 14:07:20.472] [Worker-Main-3/ERROR] [net.minecraft.world.level.storage.loot.LootDataType/]: Couldn't parse element ResourceKey[minecraft:root / minecraft:loot_table]:railways:blocks/track_byg_zelkova_narrow - Unknown registry key in ResourceKey[minecraft:root / minecraft:item]: railways:track_byg_zelkova_narrow
[01Oct2026 14:07:20.472] [Worker-Main-3/ERROR] [net.minecraft.world.level.storage.loot.LootDataType/]: Couldn't parse element ResourceKey[minecraft:root / minecraft:loot_table]:railways:blocks/track_natures_spirit_cypress_narrow - Unknown registry key in ResourceKey[minecraft:root / minecraft:item]: railways:track_natures_spirit_cypress_narrow
[01Oct2026 14:07:20.472] [Worker-Main-3/ERROR] [net.minecraft.world.level.storage.loot.LootDataType/]: Couldn't parse element ResourceKey[minecraft:root / minecraft:loot_table]:railways:blocks/track_quark_blossom_narrow - Unknown registry key in ResourceKey[minecraft:root / minecraft:item]: railways:track_quark_blossom_narrow
[01Oct2026 14:07:20.473] [Worker-Main-3/ERROR] [net.minecraft.world.level.storage.loot.LootDataType/]: Couldn't parse element ResourceKey[minecraft:root / minecraft:loot_table]:railways:blocks/track_byg_pine - Unknown registry key in ResourceKey[minecraft:root / minecraft:item]: railways:track_byg_pine
[01Oct2026 14:07:20.473] [Worker-Main-3/ERROR] [net.minecraft.world.level.storage.loot.LootDataType/]: Couldn't parse element ResourceKey[minecraft:root / minecraft:loot_table]:railways:blocks/track_biomesoplenty_umbran_narrow - Unknown registry key in ResourceKey[minecraft:root / minecraft:item]: railways:track_biomesoplenty_umbran_narrow
[01Oct2026 14:07:20.473] [Worker-Main-3/ERROR] [net.minecraft.world.level.storage.loot.LootDataType/]: Couldn't parse element ResourceKey[minecraft:root / minecraft:loot_table]:railways:blocks/track_byg_cika_wide - Unknown registry key in ResourceKey[minecraft:root / minecraft:item]: railways:track_byg_cika_wide
[01Oct2026 14:07:20.473] [Worker-Main-3/ERROR] [net.minecraft.world.level.storage.loot.LootDataType/]: Couldn't parse element ResourceKey[minecraft:root / minecraft:loot_table]:railways:blocks/track_tfc_chestnut_wide - Unknown registry key in ResourceKey[minecraft:root / minecraft:item]: railways:track_tfc_chestnut_wide
[01Oct2026 14:07:20.474] [Worker-Main-3/ERROR] [net.minecraft.world.level.storage.loot.LootDataType/]: Couldn't parse element ResourceKey[minecraft:root / minecraft:loot_table]:railways:blocks/track_natures_spirit_willow_narrow - Unknown registry key in ResourceKey[minecraft:root / minecraft:item]: railways:track_natures_spirit_willow_narrow
[01Oct2026 14:07:20.474] [Worker-Main-3/ERROR] [net.minecraft.world.level.storage.loot.LootDataType/]: Couldn't parse element ResourceKey[minecraft:root / minecraft:loot_table]:railways:blocks/track_blue_skies_bluebright - Unknown registry key in ResourceKey[minecraft:root / minecraft:item]: railways:track_blue_skies_bluebright
[01Oct2026 14:07:20.474] [Worker-Main-3/ERROR] [net.minecraft.world.level.storage.loot.LootDataType/]: Couldn't parse element ResourceKey[minecraft:root / minecraft:loot_table]:railways:blocks/track_tfc_ash_wide - Unknown registry key in ResourceKey[minecraft:root / minecraft:item]: railways:track_tfc_ash_wide
[01Oct2026 14:07:20.474] [Worker-Main-3/ERROR] [net.minecraft.world.level.storage.loot.LootDataType/]: Couldn't parse element ResourceKey[minecraft:root / minecraft:loot_table]:railways:blocks/track_blue_skies_bluebright_narrow - Unknown registry key in ResourceKey[minecraft:root / minecraft:item]: railways:track_blue_skies_bluebright_narrow
[01Oct2026 14:07:20.474] [Worker-Main-3/ERROR] [net.minecraft.world.level.storage.loot.LootDataType/]: Couldn't parse element ResourceKey[minecraft:root / minecraft:loot_table]:railways:blocks/track_biomesoplenty_mahogany - Unknown registry key in ResourceKey[minecraft:root / minecraft:item]: railways:track_biomesoplenty_mahogany
[01Oct2026 14:07:20.475] [Worker-Main-3/ERROR] [net.minecraft.world.level.storage.loot.LootDataType/]: Couldn't parse element ResourceKey[minecraft:root / minecraft:loot_table]:railways:blocks/track_natures_spirit_olive_narrow - Unknown registry key in ResourceKey[minecraft:root / minecraft:item]: railways:track_natures_spirit_olive_narrow
[01Oct2026 14:07:20.475] [Worker-Main-3/ERROR] [net.minecraft.world.level.storage.loot.LootDataType/]: Couldn't parse element ResourceKey[minecraft:root / minecraft:loot_table]:railways:blocks/track_byg_holly_narrow - Unknown registry key in ResourceKey[minecraft:root / minecraft:item]: railways:track_byg_holly_narrow
[01Oct2026 14:07:20.475] [Worker-Main-3/ERROR] [net.minecraft.world.level.storage.loot.LootDataType/]: Couldn't parse element ResourceKey[minecraft:root / minecraft:loot_table]:railways:blocks/track_biomesoplenty_magic_narrow - Unknown registry key in ResourceKey[minecraft:root / minecraft:item]: railways:track_biomesoplenty_magic_narrow
[01Oct2026 14:07:20.476] [Worker-Main-3/ERROR] [net.minecraft.world.level.storage.loot.LootDataType/]: Couldn't parse element ResourceKey[minecraft:root / minecraft:loot_table]:railways:blocks/track_tfc_ash_narrow - Unknown registry key in ResourceKey[minecraft:root / minecraft:item]: railways:track_tfc_ash_narrow
[01Oct2026 14:07:20.477] [Worker-Main-3/ERROR] [net.minecraft.world.level.storage.loot.LootDataType/]: Couldn't parse element ResourceKey[minecraft:root / minecraft:loot_table]:railways:blocks/track_biomesoplenty_hellbark_wide - Unknown registry key in ResourceKey[minecraft:root / minecraft:item]: railways:track_biomesoplenty_hellbark_wide
[01Oct2026 14:07:20.478] [Worker-Main-3/ERROR] [net.minecraft.world.level.storage.loot.LootDataType/]: Couldn't parse element ResourceKey[minecraft:root / minecraft:loot_table]:railways:blocks/track_byg_embur_narrow - Unknown registry key in ResourceKey[minecraft:root / minecraft:item]: railways:track_byg_embur_narrow
[01Oct2026 14:07:20.478] [Worker-Main-3/ERROR] [net.minecraft.world.level.storage.loot.LootDataType/]: Couldn't parse element ResourceKey[minecraft:root / minecraft:loot_table]:railways:blocks/track_byg_skyris - Unknown registry key in ResourceKey[minecraft:root / minecraft:item]: railways:track_byg_skyris
[01Oct2026 14:07:20.478] [Worker-Main-3/ERROR] [net.minecraft.world.level.storage.loot.LootDataType/]: Couldn't parse element ResourceKey[minecraft:root / minecraft:loot_table]:railways:blocks/track_tfc_birch_narrow - Unknown registry key in ResourceKey[minecraft:root / minecraft:item]: railways:track_tfc_birch_narrow
[01Oct2026 14:07:20.479] [Worker-Main-3/ERROR] [net.minecraft.world.level.storage.loot.LootDataType/]: Couldn't parse element ResourceKey[minecraft:root / minecraft:loot_table]:railways:blocks/track_tfc_mangrove_narrow - Unknown registry key in ResourceKey[minecraft:root / minecraft:item]: railways:track_tfc_mangrove_narrow
[01Oct2026 14:07:20.479] [Worker-Main-3/ERROR] [net.minecraft.world.level.storage.loot.LootDataType/]: Couldn't parse element ResourceKey[minecraft:root / minecraft:loot_table]:railways:blocks/track_natures_spirit_willow - Unknown registry key in ResourceKey[minecraft:root / minecraft:item]: railways:track_natures_spirit_willow
[01Oct2026 14:07:20.479] [Worker-Main-3/ERROR] [net.minecraft.world.level.storage.loot.LootDataType/]: Couldn't parse element ResourceKey[minecraft:root / minecraft:loot_table]:railways:blocks/track_twilightforest_twilight_oak_wide - Unknown registry key in ResourceKey[minecraft:root / minecraft:item]: railways:track_twilightforest_twilight_oak_wide
[01Oct2026 14:07:20.479] [Worker-Main-3/ERROR] [net.minecraft.world.level.storage.loot.LootDataType/]: Couldn't parse element ResourceKey[minecraft:root / minecraft:loot_table]:railways:blocks/track_byg_sythian_wide - Unknown registry key in ResourceKey[minecraft:root / minecraft:item]: railways:track_byg_sythian_wide
[01Oct2026 14:07:20.480] [Worker-Main-3/ERROR] [net.minecraft.world.level.storage.loot.LootDataType/]: Couldn't parse element ResourceKey[minecraft:root / minecraft:loot_table]:railways:blocks/track_natures_spirit_redwood - Unknown registry key in ResourceKey[minecraft:root / minecraft:item]: railways:track_natures_spirit_redwood
[01Oct2026 14:07:20.481] [Worker-Main-3/ERROR] [net.minecraft.world.level.storage.loot.LootDataType/]: Couldn't parse element ResourceKey[minecraft:root / minecraft:loot_table]:railways:blocks/track_tfc_palm_wide - Unknown registry key in ResourceKey[minecraft:root / minecraft:item]: railways:track_tfc_palm_wide
[01Oct2026 14:07:20.481] [Worker-Main-3/ERROR] [net.minecraft.world.level.storage.loot.LootDataType/]: Couldn't parse element ResourceKey[minecraft:root / minecraft:loot_table]:railways:blocks/track_byg_palm_narrow - Unknown registry key in ResourceKey[minecraft:root / minecraft:item]: railways:track_byg_palm_narrow
[01Oct2026 14:07:20.481] [Worker-Main-3/ERROR] [net.minecraft.world.level.storage.loot.LootDataType/]: Couldn't parse element ResourceKey[minecraft:root / minecraft:loot_table]:railways:blocks/track_byg_baobab_narrow - Unknown registry key in ResourceKey[minecraft:root / minecraft:item]: railways:track_byg_baobab_narrow
[01Oct2026 14:07:20.482] [Worker-Main-3/ERROR] [net.minecraft.world.level.storage.loot.LootDataType/]: Couldn't parse element ResourceKey[minecraft:root / minecraft:loot_table]:railways:blocks/track_twilightforest_canopy_narrow - Unknown registry key in ResourceKey[minecraft:root / minecraft:item]: railways:track_twilightforest_canopy_narrow
[01Oct2026 14:07:20.483] [Worker-Main-3/ERROR] [net.minecraft.world.level.storage.loot.LootDataType/]: Couldn't parse element ResourceKey[minecraft:root / minecraft:loot_table]:railways:blocks/track_twilightforest_minewood_narrow - Unknown registry key in ResourceKey[minecraft:root / minecraft:item]: railways:track_twilightforest_minewood_narrow
[01Oct2026 14:07:20.483] [Worker-Main-3/ERROR] [net.minecraft.world.level.storage.loot.LootDataType/]: Couldn't parse element ResourceKey[minecraft:root / minecraft:loot_table]:railways:blocks/track_twilightforest_twilight_oak - Unknown registry key in ResourceKey[minecraft:root / minecraft:item]: railways:track_twilightforest_twilight_oak
[01Oct2026 14:07:20.484] [Worker-Main-3/ERROR] [net.minecraft.world.level.storage.loot.LootDataType/]: Couldn't parse element ResourceKey[minecraft:root / minecraft:loot_table]:railways:blocks/track_tfc_rosewood_narrow - Unknown registry key in ResourceKey[minecraft:root / minecraft:item]: railways:track_tfc_rosewood_narrow
[01Oct2026 14:07:20.486] [Worker-Main-3/ERROR] [net.minecraft.world.level.storage.loot.LootDataType/]: Couldn't parse element ResourceKey[minecraft:root / minecraft:loot_table]:railways:blocks/track_biomesoplenty_fir_narrow - Unknown registry key in ResourceKey[minecraft:root / minecraft:item]: railways:track_biomesoplenty_fir_narrow
[01Oct2026 14:07:20.486] [Worker-Main-3/ERROR] [net.minecraft.world.level.storage.loot.LootDataType/]: Couldn't parse element ResourceKey[minecraft:root / minecraft:loot_table]:railways:blocks/track_tfc_acacia_wide - Unknown registry key in ResourceKey[minecraft:root / minecraft:item]: railways:track_tfc_acacia_wide
[01Oct2026 14:07:20.486] [Worker-Main-3/ERROR] [net.minecraft.world.level.storage.loot.LootDataType/]: Couldn't parse element ResourceKey[minecraft:root / minecraft:loot_table]:railways:blocks/track_byg_jacaranda - Unknown registry key in ResourceKey[minecraft:root / minecraft:item]: railways:track_byg_jacaranda
[01Oct2026 14:07:20.486] [Worker-Main-3/ERROR] [net.minecraft.world.level.storage.loot.LootDataType/]: Couldn't parse element ResourceKey[minecraft:root / minecraft:loot_table]:railways:blocks/track_byg_ether_narrow - Unknown registry key in ResourceKey[minecraft:root / minecraft:item]: railways:track_byg_ether_narrow
[01Oct2026 14:07:20.487] [Worker-Main-3/ERROR] [net.minecraft.world.level.storage.loot.LootDataType/]: Couldn't parse element ResourceKey[minecraft:root / minecraft:loot_table]:railways:blocks/track_natures_spirit_wisteria - Unknown registry key in ResourceKey[minecraft:root / minecraft:item]: railways:track_natures_spirit_wisteria
[01Oct2026 14:07:20.487] [Worker-Main-3/ERROR] [net.minecraft.world.level.storage.loot.LootDataType/]: Couldn't parse element ResourceKey[minecraft:root / minecraft:loot_table]:railways:blocks/track_byg_blue_enchanted_wide - Unknown registry key in ResourceKey[minecraft:root / minecraft:item]: railways:track_byg_blue_enchanted_wide
[01Oct2026 14:07:20.487] [Worker-Main-3/ERROR] [net.minecraft.world.level.storage.loot.LootDataType/]: Couldn't parse element ResourceKey[minecraft:root / minecraft:loot_table]:railways:blocks/track_natures_spirit_maple - Unknown registry key in ResourceKey[minecraft:root / minecraft:item]: railways:track_natures_spirit_maple
[01Oct2026 14:07:20.487] [Worker-Main-3/ERROR] [net.minecraft.world.level.storage.loot.LootDataType/]: Couldn't parse element ResourceKey[minecraft:root / minecraft:loot_table]:railways:blocks/track_biomesoplenty_redwood - Unknown registry key in ResourceKey[minecraft:root / minecraft:item]: railways:track_biomesoplenty_redwood
[01Oct2026 14:07:20.487] [Worker-Main-3/ERROR] [net.minecraft.world.level.storage.loot.LootDataType/]: Couldn't parse element ResourceKey[minecraft:root / minecraft:loot_table]:railways:blocks/track_create_dd_spirit_narrow - Unknown registry key in ResourceKey[minecraft:root / minecraft:item]: railways:track_create_dd_spirit_narrow
[01Oct2026 14:07:20.488] [Worker-Main-3/ERROR] [net.minecraft.world.level.storage.loot.LootDataType/]: Couldn't parse element ResourceKey[minecraft:root / minecraft:loot_table]:railways:blocks/track_quark_ancient - Unknown registry key in ResourceKey[minecraft:root / minecraft:item]: railways:track_quark_ancient
[01Oct2026 14:07:20.488] [Worker-Main-3/ERROR] [net.minecraft.world.level.storage.loot.LootDataType/]: Couldn't parse element ResourceKey[minecraft:root / minecraft:loot_table]:railways:blocks/track_tfc_hickory - Unknown registry key in ResourceKey[minecraft:root / minecraft:item]: railways:track_tfc_hickory
[01Oct2026 14:07:20.490] [Worker-Main-3/ERROR] [net.minecraft.world.level.storage.loot.LootDataType/]: Couldn't parse element ResourceKey[minecraft:root / minecraft:loot_table]:railways:blocks/track_create_dd_rubber - Unknown registry key in ResourceKey[minecraft:root / minecraft:item]: railways:track_create_dd_rubber
[01Oct2026 14:07:20.490] [Worker-Main-3/ERROR] [net.minecraft.world.level.storage.loot.LootDataType/]: Couldn't parse element ResourceKey[minecraft:root / minecraft:loot_table]:railways:blocks/track_tfc_kapok_narrow - Unknown registry key in ResourceKey[minecraft:root / minecraft:item]: railways:track_tfc_kapok_narrow
[01Oct2026 14:07:20.491] [Worker-Main-3/ERROR] [net.minecraft.world.level.storage.loot.LootDataType/]: Couldn't parse element ResourceKey[minecraft:root / minecraft:loot_table]:railways:blocks/track_byg_fir_wide - Unknown registry key in ResourceKey[minecraft:root / minecraft:item]: railways:track_byg_fir_wide
[01Oct2026 14:07:20.491] [Worker-Main-3/ERROR] [net.minecraft.world.level.storage.loot.LootDataType/]: Couldn't parse element ResourceKey[minecraft:root / minecraft:loot_table]:railways:blocks/track_blue_skies_starlit_narrow - Unknown registry key in ResourceKey[minecraft:root / minecraft:item]: railways:track_blue_skies_starlit_narrow
[01Oct2026 14:07:20.492] [Worker-Main-3/ERROR] [net.minecraft.world.level.storage.loot.LootDataType/]: Couldn't parse element ResourceKey[minecraft:root / minecraft:loot_table]:railways:blocks/track_tfc_aspen - Unknown registry key in ResourceKey[minecraft:root / minecraft:item]: railways:track_tfc_aspen
[01Oct2026 14:07:20.493] [Worker-Main-3/ERROR] [net.minecraft.world.level.storage.loot.LootDataType/]: Couldn't parse element ResourceKey[minecraft:root / minecraft:loot_table]:railways:blocks/track_byg_zelkova - Unknown registry key in ResourceKey[minecraft:root / minecraft:item]: railways:track_byg_zelkova
[01Oct2026 14:07:20.493] [Worker-Main-3/ERROR] [net.minecraft.world.level.storage.loot.LootDataType/]: Couldn't parse element ResourceKey[minecraft:root / minecraft:loot_table]:railways:blocks/track_tfc_pine - Unknown registry key in ResourceKey[minecraft:root / minecraft:item]: railways:track_tfc_pine
[01Oct2026 14:07:20.494] [Worker-Main-3/ERROR] [net.minecraft.world.level.storage.loot.LootDataType/]: Couldn't parse element ResourceKey[minecraft:root / minecraft:loot_table]:railways:blocks/track_blue_skies_bluebright_wide - Unknown registry key in ResourceKey[minecraft:root / minecraft:item]: railways:track_blue_skies_bluebright_wide
[01Oct2026 14:07:20.494] [Worker-Main-3/ERROR] [net.minecraft.world.level.storage.loot.LootDataType/]: Couldn't parse element ResourceKey[minecraft:root / minecraft:loot_table]:railways:blocks/track_byg_mahogany - Unknown registry key in ResourceKey[minecraft:root / minecraft:item]: railways:track_byg_mahogany
[01Oct2026 14:07:20.495] [Worker-Main-3/ERROR] [net.minecraft.world.level.storage.loot.LootDataType/]: Couldn't parse element ResourceKey[minecraft:root / minecraft:loot_table]:railways:blocks/track_tfc_sequoia_wide - Unknown registry key in ResourceKey[minecraft:root / minecraft:item]: railways:track_tfc_sequoia_wide
[01Oct2026 14:07:20.495] [Worker-Main-3/ERROR] [net.minecraft.world.level.storage.loot.LootDataType/]: Couldn't parse element ResourceKey[minecraft:root / minecraft:loot_table]:railways:blocks/track_tfc_hickory_wide - Unknown registry key in ResourceKey[minecraft:root / minecraft:item]: railways:track_tfc_hickory_wide
[01Oct2026 14:07:20.495] [Worker-Main-3/ERROR] [net.minecraft.world.level.storage.loot.LootDataType/]: Couldn't parse element ResourceKey[minecraft:root / minecraft:loot_table]:railways:blocks/track_tfc_spruce_wide - Unknown registry key in ResourceKey[minecraft:root / minecraft:item]: railways:track_tfc_spruce_wide
[01Oct2026 14:07:20.495] [Worker-Main-3/ERROR] [net.minecraft.world.level.storage.loot.LootDataType/]: Couldn't parse element ResourceKey[minecraft:root / minecraft:loot_table]:railways:blocks/track_byg_zelkova_wide - Unknown registry key in ResourceKey[minecraft:root / minecraft:item]: railways:track_byg_zelkova_wide
[01Oct2026 14:07:20.496] [Worker-Main-3/ERROR] [net.minecraft.world.level.storage.loot.LootDataType/]: Couldn't parse element ResourceKey[minecraft:root / minecraft:loot_table]:railways:blocks/track_biomesoplenty_umbran_wide - Unknown registry key in ResourceKey[minecraft:root / minecraft:item]: railways:track_biomesoplenty_umbran_wide
[01Oct2026 14:07:20.497] [Worker-Main-3/ERROR] [net.minecraft.world.level.storage.loot.LootDataType/]: Couldn't parse element ResourceKey[minecraft:root / minecraft:loot_table]:railways:blocks/track_twilightforest_mangrove_wide - Unknown registry key in ResourceKey[minecraft:root / minecraft:item]: railways:track_twilightforest_mangrove_wide
[01Oct2026 14:07:20.497] [Worker-Main-3/ERROR] [net.minecraft.world.level.storage.loot.LootDataType/]: Couldn't parse element ResourceKey[minecraft:root / minecraft:loot_table]:railways:blocks/track_hexcasting_edified - Unknown registry key in ResourceKey[minecraft:root / minecraft:item]: railways:track_hexcasting_edified
[01Oct2026 14:07:20.497] [Worker-Main-3/ERROR] [net.minecraft.world.level.storage.loot.LootDataType/]: Couldn't parse element ResourceKey[minecraft:root / minecraft:loot_table]:railways:blocks/track_byg_baobab_wide - Unknown registry key in ResourceKey[minecraft:root / minecraft:item]: railways:track_byg_baobab_wide
[01Oct2026 14:07:20.498] [Worker-Main-3/ERROR] [net.minecraft.world.level.storage.loot.LootDataType/]: Couldn't parse element ResourceKey[minecraft:root / minecraft:loot_table]:railways:blocks/track_tfc_spruce_narrow - Unknown registry key in ResourceKey[minecraft:root / minecraft:item]: railways:track_tfc_spruce_narrow
[01Oct2026 14:07:20.498] [Worker-Main-3/ERROR] [net.minecraft.world.level.storage.loot.LootDataType/]: Couldn't parse element ResourceKey[minecraft:root / minecraft:loot_table]:railways:blocks/track_twilightforest_darkwood_narrow - Unknown registry key in ResourceKey[minecraft:root / minecraft:item]: railways:track_twilightforest_darkwood_narrow
[01Oct2026 14:07:20.499] [Worker-Main-3/ERROR] [net.minecraft.world.level.storage.loot.LootDataType/]: Couldn't parse element ResourceKey[minecraft:root / minecraft:loot_table]:railways:blocks/track_tfc_douglas_fir_wide - Unknown registry key in ResourceKey[minecraft:root / minecraft:item]: railways:track_tfc_douglas_fir_wide
[01Oct2026 14:07:20.499] [Worker-Main-3/ERROR] [net.minecraft.world.level.storage.loot.LootDataType/]: Couldn't parse element ResourceKey[minecraft:root / minecraft:loot_table]:railways:blocks/track_natures_spirit_palo_verde_wide - Unknown registry key in ResourceKey[minecraft:root / minecraft:item]: railways:track_natures_spirit_palo_verde_wide
[01Oct2026 14:07:20.499] [Worker-Main-3/ERROR] [net.minecraft.world.level.storage.loot.LootDataType/]: Couldn't parse element ResourceKey[minecraft:root / minecraft:loot_table]:railways:blocks/track_tfc_blackwood_narrow - Unknown registry key in ResourceKey[minecraft:root / minecraft:item]: railways:track_tfc_blackwood_narrow
[01Oct2026 14:07:20.499] [Worker-Main-3/ERROR] [net.minecraft.world.level.storage.loot.LootDataType/]: Couldn't parse element ResourceKey[minecraft:root / minecraft:loot_table]:railways:blocks/track_natures_spirit_fir - Unknown registry key in ResourceKey[minecraft:root / minecraft:item]: railways:track_natures_spirit_fir
[01Oct2026 14:07:20.499] [Worker-Main-3/ERROR] [net.minecraft.world.level.storage.loot.LootDataType/]: Couldn't parse element ResourceKey[minecraft:root / minecraft:loot_table]:railways:blocks/track_natures_spirit_olive - Unknown registry key in ResourceKey[minecraft:root / minecraft:item]: railways:track_natures_spirit_olive
[01Oct2026 14:07:20.499] [Worker-Main-3/ERROR] [net.minecraft.world.level.storage.loot.LootDataType/]: Couldn't parse element ResourceKey[minecraft:root / minecraft:loot_table]:railways:blocks/track_byg_imparius_narrow - Unknown registry key in ResourceKey[minecraft:root / minecraft:item]: railways:track_byg_imparius_narrow
[01Oct2026 14:07:20.499] [Worker-Main-3/ERROR] [net.minecraft.world.level.storage.loot.LootDataType/]: Couldn't parse element ResourceKey[minecraft:root / minecraft:loot_table]:railways:blocks/track_tfc_willow - Unknown registry key in ResourceKey[minecraft:root / minecraft:item]: railways:track_tfc_willow
[01Oct2026 14:07:20.500] [Worker-Main-3/ERROR] [net.minecraft.world.level.storage.loot.LootDataType/]: Couldn't parse element ResourceKey[minecraft:root / minecraft:loot_table]:railways:blocks/track_hexcasting_edified_wide - Unknown registry key in ResourceKey[minecraft:root / minecraft:item]: railways:track_hexcasting_edified_wide
[01Oct2026 14:07:20.500] [Worker-Main-3/ERROR] [net.minecraft.world.level.storage.loot.LootDataType/]: Couldn't parse element ResourceKey[minecraft:root / minecraft:loot_table]:railways:blocks/track_byg_witch_hazel_wide - Unknown registry key in ResourceKey[minecraft:root / minecraft:item]: railways:track_byg_witch_hazel_wide
[01Oct2026 14:07:20.500] [Worker-Main-3/ERROR] [net.minecraft.world.level.storage.loot.LootDataType/]: Couldn't parse element ResourceKey[minecraft:root / minecraft:loot_table]:railways:blocks/track_byg_willow_narrow - Unknown registry key in ResourceKey[minecraft:root / minecraft:item]: railways:track_byg_willow_narrow
[01Oct2026 14:07:20.500] [Worker-Main-3/ERROR] [net.minecraft.world.level.storage.loot.LootDataType/]: Couldn't parse element ResourceKey[minecraft:root / minecraft:loot_table]:railways:blocks/track_byg_baobab - Unknown registry key in ResourceKey[minecraft:root / minecraft:item]: railways:track_byg_baobab
[01Oct2026 14:07:20.501] [Worker-Main-3/ERROR] [net.minecraft.world.level.storage.loot.LootDataType/]: Couldn't parse element ResourceKey[minecraft:root / minecraft:loot_table]:railways:blocks/track_twilightforest_canopy - Unknown registry key in ResourceKey[minecraft:root / minecraft:item]: railways:track_twilightforest_canopy
[01Oct2026 14:07:20.501] [Worker-Main-3/ERROR] [net.minecraft.world.level.storage.loot.LootDataType/]: Couldn't parse element ResourceKey[minecraft:root / minecraft:loot_table]:railways:blocks/track_natures_spirit_fir_narrow - Unknown registry key in ResourceKey[minecraft:root / minecraft:item]: railways:track_natures_spirit_fir_narrow
[01Oct2026 14:07:20.501] [Worker-Main-3/ERROR] [net.minecraft.world.level.storage.loot.LootDataType/]: Couldn't parse element ResourceKey[minecraft:root / minecraft:loot_table]:railways:blocks/track_byg_palm_wide - Unknown registry key in ResourceKey[minecraft:root / minecraft:item]: railways:track_byg_palm_wide
[01Oct2026 14:07:20.501] [Worker-Main-3/ERROR] [net.minecraft.world.level.storage.loot.LootDataType/]: Couldn't parse element ResourceKey[minecraft:root / minecraft:loot_table]:railways:blocks/track_byg_pine_wide - Unknown registry key in ResourceKey[minecraft:root / minecraft:item]: railways:track_byg_pine_wide
[01Oct2026 14:07:20.501] [Worker-Main-3/ERROR] [net.minecraft.world.level.storage.loot.LootDataType/]: Couldn't parse element ResourceKey[minecraft:root / minecraft:loot_table]:railways:blocks/track_natures_spirit_sugi_narrow - Unknown registry key in ResourceKey[minecraft:root / minecraft:item]: railways:track_natures_spirit_sugi_narrow
[01Oct2026 14:07:20.501] [Worker-Main-3/ERROR] [net.minecraft.world.level.storage.loot.LootDataType/]: Couldn't parse element ResourceKey[minecraft:root / minecraft:loot_table]:railways:blocks/track_biomesoplenty_dead - Unknown registry key in ResourceKey[minecraft:root / minecraft:item]: railways:track_biomesoplenty_dead
[01Oct2026 14:07:20.501] [Worker-Main-3/ERROR] [net.minecraft.world.level.storage.loot.LootDataType/]: Couldn't parse element ResourceKey[minecraft:root / minecraft:loot_table]:railways:blocks/track_tfc_mangrove - Unknown registry key in ResourceKey[minecraft:root / minecraft:item]: railways:track_tfc_mangrove
[01Oct2026 14:07:20.502] [Worker-Main-3/ERROR] [net.minecraft.world.level.storage.loot.LootDataType/]: Couldn't parse element ResourceKey[minecraft:root / minecraft:loot_table]:railways:blocks/track_byg_cypress_wide - Unknown registry key in ResourceKey[minecraft:root / minecraft:item]: railways:track_byg_cypress_wide
[01Oct2026 14:07:20.502] [Worker-Main-3/ERROR] [net.minecraft.world.level.storage.loot.LootDataType/]: Couldn't parse element ResourceKey[minecraft:root / minecraft:loot_table]:railways:blocks/track_tfc_palm_narrow - Unknown registry key in ResourceKey[minecraft:root / minecraft:item]: railways:track_tfc_palm_narrow
[01Oct2026 14:07:20.502] [Worker-Main-3/ERROR] [net.minecraft.world.level.storage.loot.LootDataType/]: Couldn't parse element ResourceKey[minecraft:root / minecraft:loot_table]:railways:blocks/track_tfc_kapok_wide - Unknown registry key in ResourceKey[minecraft:root / minecraft:item]: railways:track_tfc_kapok_wide
[01Oct2026 14:07:20.502] [Worker-Main-3/ERROR] [net.minecraft.world.level.storage.loot.LootDataType/]: Couldn't parse element ResourceKey[minecraft:root / minecraft:loot_table]:railways:blocks/track_byg_maple_wide - Unknown registry key in ResourceKey[minecraft:root / minecraft:item]: railways:track_byg_maple_wide
[01Oct2026 14:07:20.502] [Worker-Main-3/ERROR] [net.minecraft.world.level.storage.loot.LootDataType/]: Couldn't parse element ResourceKey[minecraft:root / minecraft:loot_table]:railways:blocks/track_biomesoplenty_fir_wide - Unknown registry key in ResourceKey[minecraft:root / minecraft:item]: railways:track_biomesoplenty_fir_wide
[01Oct2026 14:07:20.502] [Worker-Main-3/ERROR] [net.minecraft.world.level.storage.loot.LootDataType/]: Couldn't parse element ResourceKey[minecraft:root / minecraft:loot_table]:railways:blocks/track_byg_maple - Unknown registry key in ResourceKey[minecraft:root / minecraft:item]: railways:track_byg_maple
[01Oct2026 14:07:20.502] [Worker-Main-3/ERROR] [net.minecraft.world.level.storage.loot.LootDataType/]: Couldn't parse element ResourceKey[minecraft:root / minecraft:loot_table]:railways:blocks/track_byg_lament_wide - Unknown registry key in ResourceKey[minecraft:root / minecraft:item]: railways:track_byg_lament_wide
[01Oct2026 14:07:20.503] [Worker-Main-3/ERROR] [net.minecraft.world.level.storage.loot.LootDataType/]: Couldn't parse element ResourceKey[minecraft:root / minecraft:loot_table]:railways:blocks/track_byg_blue_enchanted_narrow - Unknown registry key in ResourceKey[minecraft:root / minecraft:item]: railways:track_byg_blue_enchanted_narrow
[01Oct2026 14:07:20.504] [Worker-Main-3/ERROR] [net.minecraft.world.level.storage.loot.LootDataType/]: Couldn't parse element ResourceKey[minecraft:root / minecraft:loot_table]:railways:blocks/track_byg_mahogany_wide - Unknown registry key in ResourceKey[minecraft:root / minecraft:item]: railways:track_byg_mahogany_wide
[01Oct2026 14:07:20.504] [Worker-Main-3/ERROR] [net.minecraft.world.level.storage.loot.LootDataType/]: Couldn't parse element ResourceKey[minecraft:root / minecraft:loot_table]:railways:blocks/track_natures_spirit_ghaf - Unknown registry key in ResourceKey[minecraft:root / minecraft:item]: railways:track_natures_spirit_ghaf
[01Oct2026 14:07:20.504] [Worker-Main-3/ERROR] [net.minecraft.world.level.storage.loot.LootDataType/]: Couldn't parse element ResourceKey[minecraft:root / minecraft:loot_table]:railways:blocks/track_tfc_palm - Unknown registry key in ResourceKey[minecraft:root / minecraft:item]: railways:track_tfc_palm
[01Oct2026 14:07:20.505] [Worker-Main-3/ERROR] [net.minecraft.world.level.storage.loot.LootDataType/]: Couldn't parse element ResourceKey[minecraft:root / minecraft:loot_table]:railways:blocks/track_biomesoplenty_dead_wide - Unknown registry key in ResourceKey[minecraft:root / minecraft:item]: railways:track_biomesoplenty_dead_wide
[01Oct2026 14:07:20.506] [Worker-Main-3/ERROR] [net.minecraft.world.level.storage.loot.LootDataType/]: Couldn't parse element ResourceKey[minecraft:root / minecraft:loot_table]:railways:blocks/track_byg_blue_enchanted - Unknown registry key in ResourceKey[minecraft:root / minecraft:item]: railways:track_byg_blue_enchanted
[01Oct2026 14:07:20.506] [Worker-Main-3/ERROR] [net.minecraft.world.level.storage.loot.LootDataType/]: Couldn't parse element ResourceKey[minecraft:root / minecraft:loot_table]:railways:blocks/track_natures_spirit_maple_wide - Unknown registry key in ResourceKey[minecraft:root / minecraft:item]: railways:track_natures_spirit_maple_wide
[01Oct2026 14:07:20.506] [Worker-Main-3/ERROR] [net.minecraft.world.level.storage.loot.LootDataType/]: Couldn't parse element ResourceKey[minecraft:root / minecraft:loot_table]:railways:blocks/track_tfc_white_cedar_wide - Unknown registry key in ResourceKey[minecraft:root / minecraft:item]: railways:track_tfc_white_cedar_wide
[01Oct2026 14:07:20.507] [Worker-Main-3/ERROR] [net.minecraft.world.level.storage.loot.LootDataType/]: Couldn't parse element ResourceKey[minecraft:root / minecraft:loot_table]:railways:blocks/track_byg_imparius_wide - Unknown registry key in ResourceKey[minecraft:root / minecraft:item]: railways:track_byg_imparius_wide
[01Oct2026 14:07:20.507] [Worker-Main-3/ERROR] [net.minecraft.world.level.storage.loot.LootDataType/]: Couldn't parse element ResourceKey[minecraft:root / minecraft:loot_table]:railways:blocks/track_tfc_maple_narrow - Unknown registry key in ResourceKey[minecraft:root / minecraft:item]: railways:track_tfc_maple_narrow
[01Oct2026 14:07:20.508] [Worker-Main-3/ERROR] [net.minecraft.world.level.storage.loot.LootDataType/]: Couldn't parse element ResourceKey[minecraft:root / minecraft:loot_table]:railways:blocks/track_biomesoplenty_umbran - Unknown registry key in ResourceKey[minecraft:root / minecraft:item]: railways:track_biomesoplenty_umbran
[01Oct2026 14:07:20.508] [Worker-Main-3/ERROR] [net.minecraft.world.level.storage.loot.LootDataType/]: Couldn't parse element ResourceKey[minecraft:root / minecraft:loot_table]:railways:blocks/track_byg_palm - Unknown registry key in ResourceKey[minecraft:root / minecraft:item]: railways:track_byg_palm
[01Oct2026 14:07:20.509] [Worker-Main-3/ERROR] [net.minecraft.world.level.storage.loot.LootDataType/]: Couldn't parse element ResourceKey[minecraft:root / minecraft:loot_table]:railways:blocks/track_blue_skies_dusk_wide - Unknown registry key in ResourceKey[minecraft:root / minecraft:item]: railways:track_blue_skies_dusk_wide
[01Oct2026 14:07:20.509] [Worker-Main-3/ERROR] [net.minecraft.world.level.storage.loot.LootDataType/]: Couldn't parse element ResourceKey[minecraft:root / minecraft:loot_table]:railways:blocks/track_twilightforest_minewood - Unknown registry key in ResourceKey[minecraft:root / minecraft:item]: railways:track_twilightforest_minewood
[01Oct2026 14:07:20.509] [Worker-Main-3/ERROR] [net.minecraft.world.level.storage.loot.LootDataType/]: Couldn't parse element ResourceKey[minecraft:root / minecraft:loot_table]:railways:blocks/track_blue_skies_frostbright_wide - Unknown registry key in ResourceKey[minecraft:root / minecraft:item]: railways:track_blue_skies_frostbright_wide
[01Oct2026 14:07:20.510] [Worker-Main-3/ERROR] [net.minecraft.world.level.storage.loot.LootDataType/]: Couldn't parse element ResourceKey[minecraft:root / minecraft:loot_table]:railways:blocks/track_byg_pine_narrow - Unknown registry key in ResourceKey[minecraft:root / minecraft:item]: railways:track_byg_pine_narrow
[01Oct2026 14:07:20.510] [Worker-Main-3/ERROR] [net.minecraft.world.level.storage.loot.LootDataType/]: Couldn't parse element ResourceKey[minecraft:root / minecraft:loot_table]:railways:blocks/track_natures_spirit_olive_wide - Unknown registry key in ResourceKey[minecraft:root / minecraft:item]: railways:track_natures_spirit_olive_wide
[01Oct2026 14:07:20.511] [Worker-Main-3/ERROR] [net.minecraft.world.level.storage.loot.LootDataType/]: Couldn't parse element ResourceKey[minecraft:root / minecraft:loot_table]:railways:blocks/track_natures_spirit_sugi_wide - Unknown registry key in ResourceKey[minecraft:root / minecraft:item]: railways:track_natures_spirit_sugi_wide
[01Oct2026 14:07:20.511] [Worker-Main-3/ERROR] [net.minecraft.world.level.storage.loot.LootDataType/]: Couldn't parse element ResourceKey[minecraft:root / minecraft:loot_table]:railways:blocks/track_byg_aspen_narrow - Unknown registry key in ResourceKey[minecraft:root / minecraft:item]: railways:track_byg_aspen_narrow
[01Oct2026 14:07:20.511] [Worker-Main-3/ERROR] [net.minecraft.world.level.storage.loot.LootDataType/]: Couldn't parse element ResourceKey[minecraft:root / minecraft:loot_table]:railways:blocks/track_tfc_sequoia_narrow - Unknown registry key in ResourceKey[minecraft:root / minecraft:item]: railways:track_tfc_sequoia_narrow
[01Oct2026 14:07:20.511] [Worker-Main-3/ERROR] [net.minecraft.world.level.storage.loot.LootDataType/]: Couldn't parse element ResourceKey[minecraft:root / minecraft:loot_table]:railways:blocks/track_twilightforest_sortingwood_narrow - Unknown registry key in ResourceKey[minecraft:root / minecraft:item]: railways:track_twilightforest_sortingwood_narrow
[01Oct2026 14:07:20.511] [Worker-Main-3/ERROR] [net.minecraft.world.level.storage.loot.LootDataType/]: Couldn't parse element ResourceKey[minecraft:root / minecraft:loot_table]:railways:blocks/track_tfc_spruce - Unknown registry key in ResourceKey[minecraft:root / minecraft:item]: railways:track_tfc_spruce
[01Oct2026 14:07:20.511] [Worker-Main-3/ERROR] [net.minecraft.world.level.storage.loot.LootDataType/]: Couldn't parse element ResourceKey[minecraft:root / minecraft:loot_table]:railways:blocks/track_tfc_douglas_fir_narrow - Unknown registry key in ResourceKey[minecraft:root / minecraft:item]: railways:track_tfc_douglas_fir_narrow
[01Oct2026 14:07:20.512] [Worker-Main-3/ERROR] [net.minecraft.world.level.storage.loot.LootDataType/]: Couldn't parse element ResourceKey[minecraft:root / minecraft:loot_table]:railways:blocks/track_biomesoplenty_hellbark_narrow - Unknown registry key in ResourceKey[minecraft:root / minecraft:item]: railways:track_biomesoplenty_hellbark_narrow
[01Oct2026 14:07:20.512] [Worker-Main-3/ERROR] [net.minecraft.world.level.storage.loot.LootDataType/]: Couldn't parse element ResourceKey[minecraft:root / minecraft:loot_table]:railways:blocks/track_tfc_white_cedar_narrow - Unknown registry key in ResourceKey[minecraft:root / minecraft:item]: railways:track_tfc_white_cedar_narrow
[01Oct2026 14:07:20.512] [Worker-Main-3/ERROR] [net.minecraft.world.level.storage.loot.LootDataType/]: Couldn't parse element ResourceKey[minecraft:root / minecraft:loot_table]:railways:blocks/track_byg_fir - Unknown registry key in ResourceKey[minecraft:root / minecraft:item]: railways:track_byg_fir
[01Oct2026 14:07:20.512] [Worker-Main-3/ERROR] [net.minecraft.world.level.storage.loot.LootDataType/]: Couldn't parse element ResourceKey[minecraft:root / minecraft:loot_table]:railways:blocks/track_natures_spirit_aspen_narrow - Unknown registry key in ResourceKey[minecraft:root / minecraft:item]: railways:track_natures_spirit_aspen_narrow
[01Oct2026 14:07:20.513] [Worker-Main-3/ERROR] [net.minecraft.world.level.storage.loot.LootDataType/]: Couldn't parse element ResourceKey[minecraft:root / minecraft:loot_table]:railways:blocks/track_tfc_pine_wide - Unknown registry key in ResourceKey[minecraft:root / minecraft:item]: railways:track_tfc_pine_wide
[01Oct2026 14:07:20.513] [Worker-Main-3/ERROR] [net.minecraft.world.level.storage.loot.LootDataType/]: Couldn't parse element ResourceKey[minecraft:root / minecraft:loot_table]:railways:blocks/track_byg_rainbow_eucalyptus - Unknown registry key in ResourceKey[minecraft:root / minecraft:item]: railways:track_byg_rainbow_eucalyptus
[01Oct2026 14:07:20.513] [Worker-Main-3/ERROR] [net.minecraft.world.level.storage.loot.LootDataType/]: Couldn't parse element ResourceKey[minecraft:root / minecraft:loot_table]:railways:blocks/track_twilightforest_darkwood_wide - Unknown registry key in ResourceKey[minecraft:root / minecraft:item]: railways:track_twilightforest_darkwood_wide
[01Oct2026 14:07:20.513] [Worker-Main-3/ERROR] [net.minecraft.world.level.storage.loot.LootDataType/]: Couldn't parse element ResourceKey[minecraft:root / minecraft:loot_table]:railways:blocks/track_tfc_mangrove_wide - Unknown registry key in ResourceKey[minecraft:root / minecraft:item]: railways:track_tfc_mangrove_wide
[01Oct2026 14:07:20.514] [Worker-Main-3/ERROR] [net.minecraft.world.level.storage.loot.LootDataType/]: Couldn't parse element ResourceKey[minecraft:root / minecraft:loot_table]:railways:blocks/track_tfc_ash - Unknown registry key in ResourceKey[minecraft:root / minecraft:item]: railways:track_tfc_ash
[01Oct2026 14:07:20.514] [Worker-Main-3/ERROR] [net.minecraft.world.level.storage.loot.LootDataType/]: Couldn't parse element ResourceKey[minecraft:root / minecraft:loot_table]:railways:blocks/track_byg_redwood - Unknown registry key in ResourceKey[minecraft:root / minecraft:item]: railways:track_byg_redwood
[01Oct2026 14:07:20.514] [Worker-Main-3/ERROR] [net.minecraft.world.level.storage.loot.LootDataType/]: Couldn't parse element ResourceKey[minecraft:root / minecraft:loot_table]:railways:blocks/track_create_dd_rubber_wide - Unknown registry key in ResourceKey[minecraft:root / minecraft:item]: railways:track_create_dd_rubber_wide
[01Oct2026 14:07:20.514] [Worker-Main-3/ERROR] [net.minecraft.world.level.storage.loot.LootDataType/]: Couldn't parse element ResourceKey[minecraft:root / minecraft:loot_table]:railways:blocks/track_natures_spirit_ghaf_wide - Unknown registry key in ResourceKey[minecraft:root / minecraft:item]: railways:track_natures_spirit_ghaf_wide
[01Oct2026 14:07:20.514] [Worker-Main-3/ERROR] [net.minecraft.world.level.storage.loot.LootDataType/]: Couldn't parse element ResourceKey[minecraft:root / minecraft:loot_table]:railways:blocks/track_natures_spirit_wisteria_narrow - Unknown registry key in ResourceKey[minecraft:root / minecraft:item]: railways:track_natures_spirit_wisteria_narrow
[01Oct2026 14:07:20.515] [Worker-Main-3/ERROR] [net.minecraft.world.level.storage.loot.LootDataType/]: Couldn't parse element ResourceKey[minecraft:root / minecraft:loot_table]:railways:blocks/track_natures_spirit_palo_verde - Unknown registry key in ResourceKey[minecraft:root / minecraft:item]: railways:track_natures_spirit_palo_verde
[01Oct2026 14:07:20.516] [Worker-Main-3/ERROR] [net.minecraft.world.level.storage.loot.LootDataType/]: Couldn't parse element ResourceKey[minecraft:root / minecraft:loot_table]:railways:blocks/track_tfc_sequoia - Unknown registry key in ResourceKey[minecraft:root / minecraft:item]: railways:track_tfc_sequoia
[01Oct2026 14:07:20.516] [Worker-Main-3/ERROR] [net.minecraft.world.level.storage.loot.LootDataType/]: Couldn't parse element ResourceKey[minecraft:root / minecraft:loot_table]:railways:blocks/track_byg_holly - Unknown registry key in ResourceKey[minecraft:root / minecraft:item]: railways:track_byg_holly
[01Oct2026 14:07:20.516] [Worker-Main-3/ERROR] [net.minecraft.world.level.storage.loot.LootDataType/]: Couldn't parse element ResourceKey[minecraft:root / minecraft:loot_table]:railways:blocks/track_biomesoplenty_palm_wide - Unknown registry key in ResourceKey[minecraft:root / minecraft:item]: railways:track_biomesoplenty_palm_wide
[01Oct2026 14:07:20.516] [Worker-Main-3/ERROR] [net.minecraft.world.level.storage.loot.LootDataType/]: Couldn't parse element ResourceKey[minecraft:root / minecraft:loot_table]:railways:blocks/track_tfc_maple_wide - Unknown registry key in ResourceKey[minecraft:root / minecraft:item]: railways:track_tfc_maple_wide
[01Oct2026 14:07:20.517] [Worker-Main-3/ERROR] [net.minecraft.world.level.storage.loot.LootDataType/]: Couldn't parse element ResourceKey[minecraft:root / minecraft:loot_table]:railways:blocks/track_blue_skies_lunar - Unknown registry key in ResourceKey[minecraft:root / minecraft:item]: railways:track_blue_skies_lunar
[01Oct2026 14:07:20.518] [Worker-Main-3/ERROR] [net.minecraft.world.level.storage.loot.LootDataType/]: Couldn't parse element ResourceKey[minecraft:root / minecraft:loot_table]:railways:blocks/track_natures_spirit_redwood_wide - Unknown registry key in ResourceKey[minecraft:root / minecraft:item]: railways:track_natures_spirit_redwood_wide
[01Oct2026 14:07:20.518] [Worker-Main-3/ERROR] [net.minecraft.world.level.storage.loot.LootDataType/]: Couldn't parse element ResourceKey[minecraft:root / minecraft:loot_table]:railways:blocks/track_blue_skies_lunar_narrow - Unknown registry key in ResourceKey[minecraft:root / minecraft:item]: railways:track_blue_skies_lunar_narrow
[01Oct2026 14:07:20.519] [Worker-Main-3/ERROR] [net.minecraft.world.level.storage.loot.LootDataType/]: Couldn't parse element ResourceKey[minecraft:root / minecraft:loot_table]:railways:blocks/track_byg_lament - Unknown registry key in ResourceKey[minecraft:root / minecraft:item]: railways:track_byg_lament
[01Oct2026 14:07:20.519] [Worker-Main-3/ERROR] [net.minecraft.world.level.storage.loot.LootDataType/]: Couldn't parse element ResourceKey[minecraft:root / minecraft:loot_table]:railways:blocks/track_natures_spirit_aspen_wide - Unknown registry key in ResourceKey[minecraft:root / minecraft:item]: railways:track_natures_spirit_aspen_wide
[01Oct2026 14:07:20.519] [Worker-Main-3/ERROR] [net.minecraft.world.level.storage.loot.LootDataType/]: Couldn't parse element ResourceKey[minecraft:root / minecraft:loot_table]:railways:blocks/track_tfc_sycamore_narrow - Unknown registry key in ResourceKey[minecraft:root / minecraft:item]: railways:track_tfc_sycamore_narrow
[01Oct2026 14:07:20.519] [Worker-Main-3/ERROR] [net.minecraft.world.level.storage.loot.LootDataType/]: Couldn't parse element ResourceKey[minecraft:root / minecraft:loot_table]:railways:blocks/track_byg_ebony_narrow - Unknown registry key in ResourceKey[minecraft:root / minecraft:item]: railways:track_byg_ebony_narrow
[01Oct2026 14:07:20.519] [Worker-Main-3/ERROR] [net.minecraft.world.level.storage.loot.LootDataType/]: Couldn't parse element ResourceKey[minecraft:root / minecraft:loot_table]:railways:blocks/track_byg_holly_wide - Unknown registry key in ResourceKey[minecraft:root / minecraft:item]: railways:track_byg_holly_wide
[01Oct2026 14:07:20.519] [Worker-Main-3/ERROR] [net.minecraft.world.level.storage.loot.LootDataType/]: Couldn't parse element ResourceKey[minecraft:root / minecraft:loot_table]:railways:blocks/track_tfc_aspen_narrow - Unknown registry key in ResourceKey[minecraft:root / minecraft:item]: railways:track_tfc_aspen_narrow
[01Oct2026 14:07:20.520] [Worker-Main-3/ERROR] [net.minecraft.world.level.storage.loot.LootDataType/]: Couldn't parse element ResourceKey[minecraft:root / minecraft:loot_table]:railways:blocks/track_natures_spirit_redwood_narrow - Unknown registry key in ResourceKey[minecraft:root / minecraft:item]: railways:track_natures_spirit_redwood_narrow
[01Oct2026 14:07:20.520] [Worker-Main-3/ERROR] [net.minecraft.world.level.storage.loot.LootDataType/]: Couldn't parse element ResourceKey[minecraft:root / minecraft:loot_table]:railways:blocks/track_create_dd_spirit_wide - Unknown registry key in ResourceKey[minecraft:root / minecraft:item]: railways:track_create_dd_spirit_wide
[01Oct2026 14:07:20.520] [Worker-Main-3/ERROR] [net.minecraft.world.level.storage.loot.LootDataType/]: Couldn't parse element ResourceKey[minecraft:root / minecraft:loot_table]:railways:blocks/track_create_dd_smoked_wide - Unknown registry key in ResourceKey[minecraft:root / minecraft:item]: railways:track_create_dd_smoked_wide
[01Oct2026 14:07:20.520] [Worker-Main-3/ERROR] [net.minecraft.world.level.storage.loot.LootDataType/]: Couldn't parse element ResourceKey[minecraft:root / minecraft:loot_table]:railways:blocks/track_quark_blossom_wide - Unknown registry key in ResourceKey[minecraft:root / minecraft:item]: railways:track_quark_blossom_wide
[01Oct2026 14:07:20.521] [Worker-Main-3/ERROR] [net.minecraft.world.level.storage.loot.LootDataType/]: Couldn't parse element ResourceKey[minecraft:root / minecraft:loot_table]:railways:blocks/track_biomesoplenty_magic - Unknown registry key in ResourceKey[minecraft:root / minecraft:item]: railways:track_biomesoplenty_magic
[01Oct2026 14:07:20.521] [Worker-Main-3/ERROR] [net.minecraft.world.level.storage.loot.LootDataType/]: Couldn't parse element ResourceKey[minecraft:root / minecraft:loot_table]:railways:blocks/track_twilightforest_canopy_wide - Unknown registry key in ResourceKey[minecraft:root / minecraft:item]: railways:track_twilightforest_canopy_wide
[01Oct2026 14:07:20.521] [Worker-Main-3/ERROR] [net.minecraft.world.level.storage.loot.LootDataType/]: Couldn't parse element ResourceKey[minecraft:root / minecraft:loot_table]:railways:blocks/track_byg_ether - Unknown registry key in ResourceKey[minecraft:root / minecraft:item]: railways:track_byg_ether
[01Oct2026 14:07:20.522] [Worker-Main-3/ERROR] [net.minecraft.world.level.storage.loot.LootDataType/]: Couldn't parse element ResourceKey[minecraft:root / minecraft:loot_table]:railways:blocks/track_biomesoplenty_willow_wide - Unknown registry key in ResourceKey[minecraft:root / minecraft:item]: railways:track_biomesoplenty_willow_wide
[01Oct2026 14:07:20.522] [Worker-Main-3/ERROR] [net.minecraft.world.level.storage.loot.LootDataType/]: Couldn't parse element ResourceKey[minecraft:root / minecraft:loot_table]:railways:blocks/track_blue_skies_starlit_wide - Unknown registry key in ResourceKey[minecraft:root / minecraft:item]: railways:track_blue_skies_starlit_wide
[01Oct2026 14:07:20.522] [Worker-Main-3/ERROR] [net.minecraft.world.level.storage.loot.LootDataType/]: Couldn't parse element ResourceKey[minecraft:root / minecraft:loot_table]:railways:blocks/track_natures_spirit_ghaf_narrow - Unknown registry key in ResourceKey[minecraft:root / minecraft:item]: railways:track_natures_spirit_ghaf_narrow
[01Oct2026 14:07:20.522] [Worker-Main-3/ERROR] [net.minecraft.world.level.storage.loot.LootDataType/]: Couldn't parse element ResourceKey[minecraft:root / minecraft:loot_table]:railways:blocks/track_byg_cika - Unknown registry key in ResourceKey[minecraft:root / minecraft:item]: railways:track_byg_cika
[01Oct2026 14:07:20.523] [Worker-Main-3/ERROR] [net.minecraft.world.level.storage.loot.LootDataType/]: Couldn't parse element ResourceKey[minecraft:root / minecraft:loot_table]:railways:blocks/track_biomesoplenty_palm_narrow - Unknown registry key in ResourceKey[minecraft:root / minecraft:item]: railways:track_biomesoplenty_palm_narrow
[01Oct2026 14:07:20.523] [Worker-Main-3/ERROR] [net.minecraft.world.level.storage.loot.LootDataType/]: Couldn't parse element ResourceKey[minecraft:root / minecraft:loot_table]:railways:blocks/track_byg_witch_hazel - Unknown registry key in ResourceKey[minecraft:root / minecraft:item]: railways:track_byg_witch_hazel
[01Oct2026 14:07:20.523] [Worker-Main-3/ERROR] [net.minecraft.world.level.storage.loot.LootDataType/]: Couldn't parse element ResourceKey[minecraft:root / minecraft:loot_table]:railways:blocks/track_natures_spirit_willow_wide - Unknown registry key in ResourceKey[minecraft:root / minecraft:item]: railways:track_natures_spirit_willow_wide
[01Oct2026 14:07:20.523] [Worker-Main-3/ERROR] [net.minecraft.world.level.storage.loot.LootDataType/]: Couldn't parse element ResourceKey[minecraft:root / minecraft:loot_table]:railways:blocks/track_quark_blossom - Unknown registry key in ResourceKey[minecraft:root / minecraft:item]: railways:track_quark_blossom
[01Oct2026 14:07:20.523] [Worker-Main-3/ERROR] [net.minecraft.world.level.storage.loot.LootDataType/]: Couldn't parse element ResourceKey[minecraft:root / minecraft:loot_table]:railways:blocks/track_biomesoplenty_jacaranda_narrow - Unknown registry key in ResourceKey[minecraft:root / minecraft:item]: railways:track_biomesoplenty_jacaranda_narrow
[01Oct2026 14:07:20.524] [Worker-Main-3/ERROR] [net.minecraft.world.level.storage.loot.LootDataType/]: Couldn't parse element ResourceKey[minecraft:root / minecraft:loot_table]:railways:blocks/track_quark_azalea_wide - Unknown registry key in ResourceKey[minecraft:root / minecraft:item]: railways:track_quark_azalea_wide
[01Oct2026 14:07:20.524] [Worker-Main-3/ERROR] [net.minecraft.world.level.storage.loot.LootDataType/]: Couldn't parse element ResourceKey[minecraft:root / minecraft:loot_table]:railways:blocks/track_byg_cypress - Unknown registry key in ResourceKey[minecraft:root / minecraft:item]: railways:track_byg_cypress
[01Oct2026 14:07:20.525] [Worker-Main-3/ERROR] [net.minecraft.world.level.storage.loot.LootDataType/]: Couldn't parse element ResourceKey[minecraft:root / minecraft:loot_table]:railways:blocks/track_natures_spirit_joshua - Unknown registry key in ResourceKey[minecraft:root / minecraft:item]: railways:track_natures_spirit_joshua
[01Oct2026 14:07:20.526] [Worker-Main-3/ERROR] [net.minecraft.world.level.storage.loot.LootDataType/]: Couldn't parse element ResourceKey[minecraft:root / minecraft:loot_table]:railways:blocks/track_twilightforest_twilight_oak_narrow - Unknown registry key in ResourceKey[minecraft:root / minecraft:item]: railways:track_twilightforest_twilight_oak_narrow
[01Oct2026 14:07:20.527] [Worker-Main-3/ERROR] [net.minecraft.world.level.storage.loot.LootDataType/]: Couldn't parse element ResourceKey[minecraft:root / minecraft:loot_table]:railways:blocks/track_byg_bulbis - Unknown registry key in ResourceKey[minecraft:root / minecraft:item]: railways:track_byg_bulbis
[01Oct2026 14:07:20.527] [Worker-Main-3/ERROR] [net.minecraft.world.level.storage.loot.LootDataType/]: Couldn't parse element ResourceKey[minecraft:root / minecraft:loot_table]:railways:blocks/track_byg_cypress_narrow - Unknown registry key in ResourceKey[minecraft:root / minecraft:item]: railways:track_byg_cypress_narrow
[01Oct2026 14:07:20.527] [Worker-Main-3/ERROR] [net.minecraft.world.level.storage.loot.LootDataType/]: Couldn't parse element ResourceKey[minecraft:root / minecraft:loot_table]:railways:blocks/track_byg_sythian - Unknown registry key in ResourceKey[minecraft:root / minecraft:item]: railways:track_byg_sythian
[01Oct2026 14:07:20.529] [Worker-Main-3/ERROR] [net.minecraft.world.level.storage.loot.LootDataType/]: Couldn't parse element ResourceKey[minecraft:root / minecraft:loot_table]:railways:blocks/track_blue_skies_maple_wide - Unknown registry key in ResourceKey[minecraft:root / minecraft:item]: railways:track_blue_skies_maple_wide
[01Oct2026 14:07:20.529] [Worker-Main-3/ERROR] [net.minecraft.world.level.storage.loot.LootDataType/]: Couldn't parse element ResourceKey[minecraft:root / minecraft:loot_table]:railways:blocks/track_biomesoplenty_redwood_wide - Unknown registry key in ResourceKey[minecraft:root / minecraft:item]: railways:track_biomesoplenty_redwood_wide
[01Oct2026 14:07:20.529] [Worker-Main-3/ERROR] [net.minecraft.world.level.storage.loot.LootDataType/]: Couldn't parse element ResourceKey[minecraft:root / minecraft:loot_table]:railways:blocks/track_biomesoplenty_fir - Unknown registry key in ResourceKey[minecraft:root / minecraft:item]: railways:track_biomesoplenty_fir
[01Oct2026 14:07:20.530] [Worker-Main-3/ERROR] [net.minecraft.world.level.storage.loot.LootDataType/]: Couldn't parse element ResourceKey[minecraft:root / minecraft:loot_table]:railways:blocks/track_natures_spirit_maple_narrow - Unknown registry key in ResourceKey[minecraft:root / minecraft:item]: railways:track_natures_spirit_maple_narrow
[01Oct2026 14:07:20.530] [Worker-Main-3/ERROR] [net.minecraft.world.level.storage.loot.LootDataType/]: Couldn't parse element ResourceKey[minecraft:root / minecraft:loot_table]:railways:blocks/track_biomesoplenty_willow_narrow - Unknown registry key in ResourceKey[minecraft:root / minecraft:item]: railways:track_biomesoplenty_willow_narrow
[01Oct2026 14:07:20.531] [Worker-Main-3/ERROR] [net.minecraft.world.level.storage.loot.LootDataType/]: Couldn't parse element ResourceKey[minecraft:root / minecraft:loot_table]:railways:blocks/track_twilightforest_timewood_narrow - Unknown registry key in ResourceKey[minecraft:root / minecraft:item]: railways:track_twilightforest_timewood_narrow
[01Oct2026 14:07:20.531] [Worker-Main-3/ERROR] [net.minecraft.world.level.storage.loot.LootDataType/]: Couldn't parse element ResourceKey[minecraft:root / minecraft:loot_table]:railways:blocks/track_quark_azalea - Unknown registry key in ResourceKey[minecraft:root / minecraft:item]: railways:track_quark_azalea
[01Oct2026 14:07:20.532] [Worker-Main-3/ERROR] [net.minecraft.world.level.storage.loot.LootDataType/]: Couldn't parse element ResourceKey[minecraft:root / minecraft:loot_table]:railways:blocks/track_twilightforest_timewood_wide - Unknown registry key in ResourceKey[minecraft:root / minecraft:item]: railways:track_twilightforest_timewood_wide
[01Oct2026 14:07:20.532] [Worker-Main-3/ERROR] [net.minecraft.world.level.storage.loot.LootDataType/]: Couldn't parse element ResourceKey[minecraft:root / minecraft:loot_table]:railways:blocks/track_tfc_birch - Unknown registry key in ResourceKey[minecraft:root / minecraft:item]: railways:track_tfc_birch
[01Oct2026 14:07:20.533] [Worker-Main-3/ERROR] [net.minecraft.world.level.storage.loot.LootDataType/]: Couldn't parse element ResourceKey[minecraft:root / minecraft:loot_table]:railways:blocks/track_byg_skyris_wide - Unknown registry key in ResourceKey[minecraft:root / minecraft:item]: railways:track_byg_skyris_wide
[01Oct2026 14:07:20.533] [Worker-Main-3/ERROR] [net.minecraft.world.level.storage.loot.LootDataType/]: Couldn't parse element ResourceKey[minecraft:root / minecraft:loot_table]:railways:blocks/track_biomesoplenty_jacaranda - Unknown registry key in ResourceKey[minecraft:root / minecraft:item]: railways:track_biomesoplenty_jacaranda
[01Oct2026 14:07:20.533] [Worker-Main-3/ERROR] [net.minecraft.world.level.storage.loot.LootDataType/]: Couldn't parse element ResourceKey[minecraft:root / minecraft:loot_table]:railways:blocks/track_twilightforest_transwood - Unknown registry key in ResourceKey[minecraft:root / minecraft:item]: railways:track_twilightforest_transwood
[01Oct2026 14:07:20.533] [Worker-Main-3/ERROR] [net.minecraft.world.level.storage.loot.LootDataType/]: Couldn't parse element ResourceKey[minecraft:root / minecraft:loot_table]:railways:blocks/track_biomesoplenty_hellbark - Unknown registry key in ResourceKey[minecraft:root / minecraft:item]: railways:track_biomesoplenty_hellbark
[01Oct2026 14:07:20.534] [Worker-Main-3/ERROR] [net.minecraft.world.level.storage.loot.LootDataType/]: Couldn't parse element ResourceKey[minecraft:root / minecraft:loot_table]:railways:blocks/track_tfc_pine_narrow - Unknown registry key in ResourceKey[minecraft:root / minecraft:item]: railways:track_tfc_pine_narrow
[01Oct2026 14:07:20.534] [Worker-Main-3/ERROR] [net.minecraft.world.level.storage.loot.LootDataType/]: Couldn't parse element ResourceKey[minecraft:root / minecraft:loot_table]:railways:blocks/track_biomesoplenty_redwood_narrow - Unknown registry key in ResourceKey[minecraft:root / minecraft:item]: railways:track_biomesoplenty_redwood_narrow
[01Oct2026 14:07:20.534] [Worker-Main-3/ERROR] [net.minecraft.world.level.storage.loot.LootDataType/]: Couldn't parse element ResourceKey[minecraft:root / minecraft:loot_table]:railways:blocks/track_create_dd_smoked_narrow - Unknown registry key in ResourceKey[minecraft:root / minecraft:item]: railways:track_create_dd_smoked_narrow
[01Oct2026 14:07:20.902] [main/INFO] [net.minecraft.world.item.crafting.RecipeManager/]: Loaded 4109 recipes
[01Oct2026 14:07:21.076] [main/INFO] [net.minecraft.advancements.AdvancementTree/]: Loaded 3670 advancements
[01Oct2026 14:07:21.085] [main/INFO] [com.stonytark.magnetization.content.gas.GasExcitationProfiles/]: Loaded 0 gas excitation fluid profile bindings
[01Oct2026 14:07:21.099] [main/WARN] [net.minecraft.core.MappedRegistry/]: Not all defined tags for registry ResourceKey[minecraft:root / minecraft:item] are present in data pack: c:ingots/aluminum
[01Oct2026 14:07:22.589] [Server thread/INFO] [net.minecraft.server.dedicated.DedicatedServer/]: Starting minecraft server version 1.21.1
[01Oct2026 14:07:22.589] [Server thread/INFO] [net.minecraft.server.dedicated.DedicatedServer/]: Loading properties
[01Oct2026 14:07:22.589] [Server thread/INFO] [net.minecraft.server.dedicated.DedicatedServer/]: Default game type: SURVIVAL
[01Oct2026 14:07:22.589] [Server thread/INFO] [net.minecraft.server.MinecraftServer/]: Generating keypair
[01Oct2026 14:07:22.644] [Server thread/INFO] [net.minecraft.server.dedicated.DedicatedServer/]: Starting Minecraft server on 127.0.0.1:54415
[01Oct2026 14:07:22.670] [Server thread/INFO] [dev.ryanhcode.sable.Sable/]: Adding UDP server channel future
[01Oct2026 14:07:22.696] [Netty Epoll Server IO #0/WARN] [io.netty.channel.AbstractChannel/]: A non-root user can't receive a broadcast packet if the socket is not bound to a wildcard address; binding to a non-wildcard address (/127.0.0.1:54415) anyway as requested.
[01Oct2026 14:07:22.696] [Netty Epoll Server IO #0/INFO] [dev.ryanhcode.sable.Sable/]: Server UDP channel active
[01Oct2026 14:07:22.697] [Server thread/INFO] [net.minecraft.server.network.ServerConnectionListener/]: Using epoll channel type
[01Oct2026 14:07:22.701] [Server thread/WARN] [net.minecraft.server.dedicated.DedicatedServer/]: **** SERVER IS RUNNING IN OFFLINE/INSECURE MODE!
[01Oct2026 14:07:22.701] [Server thread/WARN] [net.minecraft.server.dedicated.DedicatedServer/]: The server will make no attempt to authenticate usernames. Beware.
[01Oct2026 14:07:22.701] [Server thread/WARN] [net.minecraft.server.dedicated.DedicatedServer/]: While this makes the game possible to play without internet access, it also opens up the ability for hackers to connect with any username they choose.
[01Oct2026 14:07:22.701] [Server thread/WARN] [net.minecraft.server.dedicated.DedicatedServer/]: To change this, set "online-mode" to "true" in the server.properties file.
[01Oct2026 14:07:22.745] [Server thread/INFO] [terrablender/]: Initialized TerraBlender biomes for level stem minecraft:the_nether
[01Oct2026 14:07:22.747] [Server thread/INFO] [net.minecraft.server.dedicated.DedicatedServer/]: Preparing level "world"
[01Oct2026 14:07:22.764] [Server thread/INFO] [dev.ryanhcode.sable.Sable/]: Creating physics pipeline for ResourceKey[minecraft:dimension / minecraft:overworld] using RapierPhysicsPipelineProvider
[01Oct2026 14:07:22.770] [Server thread/INFO] [dev.ryanhcode.sable.Sable/]: Using game directory relative Sable Rapier native directory /home/braydon/Magnetization-API/build/validation-audit/runtime-server.SzLDwf/.sable/natives
[01Oct2026 14:07:22.873] [Server thread/ERROR] [dev.ryanhcode.sable.Sable/]: Failed to apply tag physics properties. Unknown block: copycats:copycat_catwalk
[01Oct2026 14:07:23.214] [Server thread/INFO] [dev.ryanhcode.sable.Sable/]: Creating physics pipeline for ResourceKey[minecraft:dimension / minecraft:the_nether] using RapierPhysicsPipelineProvider
[01Oct2026 14:07:23.223] [Server thread/ERROR] [dev.ryanhcode.sable.Sable/]: Failed to apply tag physics properties. Unknown block: copycats:copycat_catwalk
[01Oct2026 14:07:23.241] [Server thread/INFO] [dev.ryanhcode.sable.Sable/]: Creating physics pipeline for ResourceKey[minecraft:dimension / minecraft:the_end] using RapierPhysicsPipelineProvider
[01Oct2026 14:07:23.245] [Server thread/ERROR] [dev.ryanhcode.sable.Sable/]: Failed to apply tag physics properties. Unknown block: copycats:copycat_catwalk
[01Oct2026 14:07:23.271] [Server thread/INFO] [net.minecraft.server.MinecraftServer/]: Preparing start region for dimension minecraft:overworld
[01Oct2026 14:07:23.288] [worldgen/INFO] [net.minecraft.server.level.progress.LoggerChunkProgressListener/]: Preparing spawn area: 2%
[01Oct2026 14:07:23.391] [Server thread/INFO] [net.minecraft.server.level.progress.LoggerChunkProgressListener/]: Time elapsed: 120 ms
[01Oct2026 14:07:23.391] [Server thread/INFO] [net.minecraft.server.dedicated.DedicatedServer/]: Done (0.681s)! For help, type "help"
[01Oct2026 14:07:23.404] [LanServerPinger #1/WARN] [net.minecraft.client.server.LanServerPinger/]: LanServerPinger: Network is unreachable
[01Oct2026 14:07:23.443] [Server thread/INFO] [net.neoforged.neoforge.gametest.GameTestHooks/]: Enabled Gametest Namespaces: [magnetization]
[01Oct2026 14:07:23.504] [Server thread/INFO] [net.neoforged.neoforge.server.permission.PermissionAPI/]: Successfully initialized permission handler neoforge:default_handler
[01Oct2026 14:07:23.513] [Server thread/INFO] [magnetization/]: Stripped 1 recipe(s) producing disabled magnetization content.
[01Oct2026 14:07:23.513] [Server thread/INFO] [patchouli/]: Sending reload packet to clients
[01Oct2026 14:07:48.263] [Server thread/INFO] [net.minecraft.server.players.PlayerList/]: Validation[/127.0.0.1:37888] logged in with entity id 1 at (-2.5, -60.0, -8.5)
[01Oct2026 14:07:48.269] [Server thread/INFO] [dev.ryanhcode.sable.Sable/]: Beginning attempted authentication with player Validation
[01Oct2026 14:07:48.296] [Server thread/INFO] [net.minecraft.server.MinecraftServer/]: Validation joined the game
[01Oct2026 14:07:48.429] [Server thread/INFO] [magnetization/validation-audit/]: VALIDATION_NATIVE_CRAFT_PASS material=magnetization:raw_magnetite consumed=book+material output=1 patchouli:guide_book
[01Oct2026 14:07:48.446] [Server thread/INFO] [magnetization/validation-audit/]: VALIDATION_NATIVE_CRAFT_PASS material=minecraft:lodestone consumed=book+material output=1 patchouli:guide_book
[01Oct2026 14:07:48.447] [Server thread/INFO] [magnetization/validation-audit/]: VALIDATION_RECIPES_PASS magnetite=true iron=false lodestone=true
[01Oct2026 14:07:48.447] [Server thread/INFO] [magnetization/validation-audit/]: VALIDATION_LOGIN_PASS phase=initial uuid=70dfa897-1a6d-3a43-bf7e-1931340b2da0 manuals=1 persistedFlag=true pid=398739
[01Oct2026 14:07:48.654] [Netty Epoll Server IO #0/INFO] [dev.ryanhcode.sable.Sable/]: UDP authentication complete with /127.0.0.1:37888, UDP routing to /127.0.0.1:52906
[01Oct2026 14:07:48.768] [Server thread/INFO] [magnetization/validation-audit/]: VALIDATION_PRESENTATION_READY styles=37 modes=magnet,brake
[01Oct2026 14:09:45.646] [Server thread/INFO] [magnetization/validation-audit/]: VALIDATION_CONFIG_EDIT fieldManualIronRecipeEnabled=true
[01Oct2026 14:09:47.235] [Worker-Main-9/ERROR] [net.minecraft.world.level.storage.loot.LootDataType/]: Couldn't parse element ResourceKey[minecraft:root / minecraft:loot_table]:railways:blocks/track_byg_witch_hazel_narrow - Unknown registry key in ResourceKey[minecraft:root / minecraft:item]: railways:track_byg_witch_hazel_narrow
[01Oct2026 14:09:47.236] [Worker-Main-9/ERROR] [net.minecraft.world.level.storage.loot.LootDataType/]: Couldn't parse element ResourceKey[minecraft:root / minecraft:loot_table]:railways:blocks/track_tfc_acacia - Unknown registry key in ResourceKey[minecraft:root / minecraft:item]: railways:track_tfc_acacia
[01Oct2026 14:09:47.237] [Worker-Main-9/ERROR] [net.minecraft.world.level.storage.loot.LootDataType/]: Couldn't parse element ResourceKey[minecraft:root / minecraft:loot_table]:railways:blocks/track_biomesoplenty_mahogany_narrow - Unknown registry key in ResourceKey[minecraft:root / minecraft:item]: railways:track_biomesoplenty_mahogany_narrow
[01Oct2026 14:09:47.238] [Worker-Main-9/ERROR] [net.minecraft.world.level.storage.loot.LootDataType/]: Couldn't parse element ResourceKey[minecraft:root / minecraft:loot_table]:railways:blocks/track_natures_spirit_joshua_wide - Unknown registry key in ResourceKey[minecraft:root / minecraft:item]: railways:track_natures_spirit_joshua_wide
[01Oct2026 14:09:47.239] [Worker-Main-9/ERROR] [net.minecraft.world.level.storage.loot.LootDataType/]: Couldn't parse element ResourceKey[minecraft:root / minecraft:loot_table]:railways:blocks/track_byg_rainbow_eucalyptus_wide - Unknown registry key in ResourceKey[minecraft:root / minecraft:item]: railways:track_byg_rainbow_eucalyptus_wide
[01Oct2026 14:09:47.241] [Worker-Main-9/ERROR] [net.minecraft.world.level.storage.loot.LootDataType/]: Couldn't parse element ResourceKey[minecraft:root / minecraft:loot_table]:railways:blocks/track_byg_bulbis_narrow - Unknown registry key in ResourceKey[minecraft:root / minecraft:item]: railways:track_byg_bulbis_narrow
[01Oct2026 14:09:47.241] [Worker-Main-9/ERROR] [net.minecraft.world.level.storage.loot.LootDataType/]: Couldn't parse element ResourceKey[minecraft:root / minecraft:loot_table]:railways:blocks/track_twilightforest_sortingwood_wide - Unknown registry key in ResourceKey[minecraft:root / minecraft:item]: railways:track_twilightforest_sortingwood_wide
[01Oct2026 14:09:47.241] [Worker-Main-9/ERROR] [net.minecraft.world.level.storage.loot.LootDataType/]: Couldn't parse element ResourceKey[minecraft:root / minecraft:loot_table]:railways:blocks/track_twilightforest_darkwood - Unknown registry key in ResourceKey[minecraft:root / minecraft:item]: railways:track_twilightforest_darkwood
[01Oct2026 14:09:47.241] [Worker-Main-9/ERROR] [net.minecraft.world.level.storage.loot.LootDataType/]: Couldn't parse element ResourceKey[minecraft:root / minecraft:loot_table]:railways:blocks/track_blue_skies_starlit - Unknown registry key in ResourceKey[minecraft:root / minecraft:item]: railways:track_blue_skies_starlit
[01Oct2026 14:09:47.242] [Worker-Main-9/ERROR] [net.minecraft.world.level.storage.loot.LootDataType/]: Couldn't parse element ResourceKey[minecraft:root / minecraft:loot_table]:railways:blocks/track_byg_embur - Unknown registry key in ResourceKey[minecraft:root / minecraft:item]: railways:track_byg_embur
[01Oct2026 14:09:47.242] [Worker-Main-9/ERROR] [net.minecraft.world.level.storage.loot.LootDataType/]: Couldn't parse element ResourceKey[minecraft:root / minecraft:loot_table]:railways:blocks/track_byg_green_enchanted_wide - Unknown registry key in ResourceKey[minecraft:root / minecraft:item]: railways:track_byg_green_enchanted_wide
[01Oct2026 14:09:47.242] [Worker-Main-9/ERROR] [net.minecraft.world.level.storage.loot.LootDataType/]: Couldn't parse element ResourceKey[minecraft:root / minecraft:loot_table]:railways:blocks/track_quark_ancient_wide - Unknown registry key in ResourceKey[minecraft:root / minecraft:item]: railways:track_quark_ancient_wide
[01Oct2026 14:09:47.242] [Worker-Main-9/ERROR] [net.minecraft.world.level.storage.loot.LootDataType/]: Couldn't parse element ResourceKey[minecraft:root / minecraft:loot_table]:railways:blocks/track_byg_nightshade_narrow - Unknown registry key in ResourceKey[minecraft:root / minecraft:item]: railways:track_byg_nightshade_narrow
[01Oct2026 14:09:47.242] [Worker-Main-9/ERROR] [net.minecraft.world.level.storage.loot.LootDataType/]: Couldn't parse element ResourceKey[minecraft:root / minecraft:loot_table]:railways:blocks/track_tfc_chestnut_narrow - Unknown registry key in ResourceKey[minecraft:root / minecraft:item]: railways:track_tfc_chestnut_narrow
[01Oct2026 14:09:47.242] [Worker-Main-9/ERROR] [net.minecraft.world.level.storage.loot.LootDataType/]: Couldn't parse element ResourceKey[minecraft:root / minecraft:loot_table]:railways:blocks/track_create_dd_rose_wide - Unknown registry key in ResourceKey[minecraft:root / minecraft:item]: railways:track_create_dd_rose_wide
[01Oct2026 14:09:47.242] [Worker-Main-9/ERROR] [net.minecraft.world.level.storage.loot.LootDataType/]: Couldn't parse element ResourceKey[minecraft:root / minecraft:loot_table]:railways:blocks/track_byg_white_mangrove_narrow - Unknown registry key in ResourceKey[minecraft:root / minecraft:item]: railways:track_byg_white_mangrove_narrow
[01Oct2026 14:09:47.243] [Worker-Main-9/ERROR] [net.minecraft.world.level.storage.loot.LootDataType/]: Couldn't parse element ResourceKey[minecraft:root / minecraft:loot_table]:railways:blocks/track_byg_skyris_narrow - Unknown registry key in ResourceKey[minecraft:root / minecraft:item]: railways:track_byg_skyris_narrow
[01Oct2026 14:09:47.243] [Worker-Main-9/ERROR] [net.minecraft.world.level.storage.loot.LootDataType/]: Couldn't parse element ResourceKey[minecraft:root / minecraft:loot_table]:railways:blocks/track_byg_green_enchanted_narrow - Unknown registry key in ResourceKey[minecraft:root / minecraft:item]: railways:track_byg_green_enchanted_narrow
[01Oct2026 14:09:47.243] [Worker-Main-9/ERROR] [net.minecraft.world.level.storage.loot.LootDataType/]: Couldn't parse element ResourceKey[minecraft:root / minecraft:loot_table]:railways:blocks/track_quark_ancient_narrow - Unknown registry key in ResourceKey[minecraft:root / minecraft:item]: railways:track_quark_ancient_narrow
[01Oct2026 14:09:47.243] [Worker-Main-9/ERROR] [net.minecraft.world.level.storage.loot.LootDataType/]: Couldn't parse element ResourceKey[minecraft:root / minecraft:loot_table]:railways:blocks/track_quark_azalea_narrow - Unknown registry key in ResourceKey[minecraft:root / minecraft:item]: railways:track_quark_azalea_narrow
[01Oct2026 14:09:47.243] [Worker-Main-9/ERROR] [net.minecraft.world.level.storage.loot.LootDataType/]: Couldn't parse element ResourceKey[minecraft:root / minecraft:loot_table]:railways:blocks/track_tfc_willow_wide - Unknown registry key in ResourceKey[minecraft:root / minecraft:item]: railways:track_tfc_willow_wide
[01Oct2026 14:09:47.243] [Worker-Main-9/ERROR] [net.minecraft.world.level.storage.loot.LootDataType/]: Couldn't parse element ResourceKey[minecraft:root / minecraft:loot_table]:railways:blocks/track_tfc_chestnut - Unknown registry key in ResourceKey[minecraft:root / minecraft:item]: railways:track_tfc_chestnut
[01Oct2026 14:09:47.243] [Worker-Main-9/ERROR] [net.minecraft.world.level.storage.loot.LootDataType/]: Couldn't parse element ResourceKey[minecraft:root / minecraft:loot_table]:railways:blocks/track_blue_skies_frostbright - Unknown registry key in ResourceKey[minecraft:root / minecraft:item]: railways:track_blue_skies_frostbright
[01Oct2026 14:09:47.244] [Worker-Main-9/ERROR] [net.minecraft.world.level.storage.loot.LootDataType/]: Couldn't parse element ResourceKey[minecraft:root / minecraft:loot_table]:railways:blocks/track_byg_ether_wide - Unknown registry key in ResourceKey[minecraft:root / minecraft:item]: railways:track_byg_ether_wide
[01Oct2026 14:09:47.244] [Worker-Main-9/ERROR] [net.minecraft.world.level.storage.loot.LootDataType/]: Couldn't parse element ResourceKey[minecraft:root / minecraft:loot_table]:railways:blocks/track_byg_jacaranda_wide - Unknown registry key in ResourceKey[minecraft:root / minecraft:item]: railways:track_byg_jacaranda_wide
[01Oct2026 14:09:47.244] [Worker-Main-9/ERROR] [net.minecraft.world.level.storage.loot.LootDataType/]: Couldn't parse element ResourceKey[minecraft:root / minecraft:loot_table]:railways:blocks/track_biomesoplenty_jacaranda_wide - Unknown registry key in ResourceKey[minecraft:root / minecraft:item]: railways:track_biomesoplenty_jacaranda_wide
[01Oct2026 14:09:47.244] [Worker-Main-9/ERROR] [net.minecraft.world.level.storage.loot.LootDataType/]: Couldn't parse element ResourceKey[minecraft:root / minecraft:loot_table]:railways:blocks/track_create_dd_rose - Unknown registry key in ResourceKey[minecraft:root / minecraft:item]: railways:track_create_dd_rose
[01Oct2026 14:09:47.244] [Worker-Main-9/ERROR] [net.minecraft.world.level.storage.loot.LootDataType/]: Couldn't parse element ResourceKey[minecraft:root / minecraft:loot_table]:railways:blocks/track_natures_spirit_palo_verde_narrow - Unknown registry key in ResourceKey[minecraft:root / minecraft:item]: railways:track_natures_spirit_palo_verde_narrow
[01Oct2026 14:09:47.245] [Worker-Main-9/ERROR] [net.minecraft.world.level.storage.loot.LootDataType/]: Couldn't parse element ResourceKey[minecraft:root / minecraft:loot_table]:railways:blocks/track_byg_mahogany_narrow - Unknown registry key in ResourceKey[minecraft:root / minecraft:item]: railways:track_byg_mahogany_narrow
[01Oct2026 14:09:47.245] [Worker-Main-9/ERROR] [net.minecraft.world.level.storage.loot.LootDataType/]: Couldn't parse element ResourceKey[minecraft:root / minecraft:loot_table]:railways:blocks/track_tfc_sycamore_wide - Unknown registry key in ResourceKey[minecraft:root / minecraft:item]: railways:track_tfc_sycamore_wide
[01Oct2026 14:09:47.245] [Worker-Main-9/ERROR] [net.minecraft.world.level.storage.loot.LootDataType/]: Couldn't parse element ResourceKey[minecraft:root / minecraft:loot_table]:railways:blocks/track_tfc_acacia_narrow - Unknown registry key in ResourceKey[minecraft:root / minecraft:item]: railways:track_tfc_acacia_narrow
[01Oct2026 14:09:47.245] [Worker-Main-9/ERROR] [net.minecraft.world.level.storage.loot.LootDataType/]: Couldn't parse element ResourceKey[minecraft:root / minecraft:loot_table]:railways:blocks/track_byg_ebony - Unknown registry key in ResourceKey[minecraft:root / minecraft:item]: railways:track_byg_ebony
[01Oct2026 14:09:47.245] [Worker-Main-9/ERROR] [net.minecraft.world.level.storage.loot.LootDataType/]: Couldn't parse element ResourceKey[minecraft:root / minecraft:loot_table]:railways:blocks/track_tfc_rosewood - Unknown registry key in ResourceKey[minecraft:root / minecraft:item]: railways:track_tfc_rosewood
[01Oct2026 14:09:47.245] [Worker-Main-9/ERROR] [net.minecraft.world.level.storage.loot.LootDataType/]: Couldn't parse element ResourceKey[minecraft:root / minecraft:loot_table]:railways:blocks/track_byg_aspen_wide - Unknown registry key in ResourceKey[minecraft:root / minecraft:item]: railways:track_byg_aspen_wide
[01Oct2026 14:09:47.246] [Worker-Main-9/ERROR] [net.minecraft.world.level.storage.loot.LootDataType/]: Couldn't parse element ResourceKey[minecraft:root / minecraft:loot_table]:railways:blocks/track_create_dd_rubber_narrow - Unknown registry key in ResourceKey[minecraft:root / minecraft:item]: railways:track_create_dd_rubber_narrow
[01Oct2026 14:09:47.246] [Worker-Main-9/ERROR] [net.minecraft.world.level.storage.loot.LootDataType/]: Couldn't parse element ResourceKey[minecraft:root / minecraft:loot_table]:railways:blocks/track_tfc_hickory_narrow - Unknown registry key in ResourceKey[minecraft:root / minecraft:item]: railways:track_tfc_hickory_narrow
[01Oct2026 14:09:47.246] [Worker-Main-9/ERROR] [net.minecraft.world.level.storage.loot.LootDataType/]: Couldn't parse element ResourceKey[minecraft:root / minecraft:loot_table]:railways:blocks/track_byg_white_mangrove_wide - Unknown registry key in ResourceKey[minecraft:root / minecraft:item]: railways:track_byg_white_mangrove_wide
[01Oct2026 14:09:47.247] [Worker-Main-9/ERROR] [net.minecraft.world.level.storage.loot.LootDataType/]: Couldn't parse element ResourceKey[minecraft:root / minecraft:loot_table]:railways:blocks/track_natures_spirit_joshua_narrow - Unknown registry key in ResourceKey[minecraft:root / minecraft:item]: railways:track_natures_spirit_joshua_narrow
[01Oct2026 14:09:47.247] [Worker-Main-9/ERROR] [net.minecraft.world.level.storage.loot.LootDataType/]: Couldn't parse element ResourceKey[minecraft:root / minecraft:loot_table]:railways:blocks/track_byg_nightshade - Unknown registry key in ResourceKey[minecraft:root / minecraft:item]: railways:track_byg_nightshade
[01Oct2026 14:09:47.247] [Worker-Main-9/ERROR] [net.minecraft.world.level.storage.loot.LootDataType/]: Couldn't parse element ResourceKey[minecraft:root / minecraft:loot_table]:railways:blocks/track_byg_willow - Unknown registry key in ResourceKey[minecraft:root / minecraft:item]: railways:track_byg_willow
[01Oct2026 14:09:47.247] [Worker-Main-9/ERROR] [net.minecraft.world.level.storage.loot.LootDataType/]: Couldn't parse element ResourceKey[minecraft:root / minecraft:loot_table]:railways:blocks/track_byg_bulbis_wide - Unknown registry key in ResourceKey[minecraft:root / minecraft:item]: railways:track_byg_bulbis_wide
[01Oct2026 14:09:47.248] [Worker-Main-9/ERROR] [net.minecraft.world.level.storage.loot.LootDataType/]: Couldn't parse element ResourceKey[minecraft:root / minecraft:loot_table]:railways:blocks/track_byg_rainbow_eucalyptus_narrow - Unknown registry key in ResourceKey[minecraft:root / minecraft:item]: railways:track_byg_rainbow_eucalyptus_narrow
[01Oct2026 14:09:47.248] [Worker-Main-9/ERROR] [net.minecraft.world.level.storage.loot.LootDataType/]: Couldn't parse element ResourceKey[minecraft:root / minecraft:loot_table]:railways:blocks/track_blue_skies_lunar_wide - Unknown registry key in ResourceKey[minecraft:root / minecraft:item]: railways:track_blue_skies_lunar_wide
[01Oct2026 14:09:47.248] [Worker-Main-9/ERROR] [net.minecraft.world.level.storage.loot.LootDataType/]: Couldn't parse element ResourceKey[minecraft:root / minecraft:loot_table]:railways:blocks/track_byg_cika_narrow - Unknown registry key in ResourceKey[minecraft:root / minecraft:item]: railways:track_byg_cika_narrow
[01Oct2026 14:09:47.248] [Worker-Main-9/ERROR] [net.minecraft.world.level.storage.loot.LootDataType/]: Couldn't parse element ResourceKey[minecraft:root / minecraft:loot_table]:railways:blocks/track_blue_skies_maple - Unknown registry key in ResourceKey[minecraft:root / minecraft:item]: railways:track_blue_skies_maple
[01Oct2026 14:09:47.249] [Worker-Main-9/ERROR] [net.minecraft.world.level.storage.loot.LootDataType/]: Couldn't parse element ResourceKey[minecraft:root / minecraft:loot_table]:railways:blocks/track_twilightforest_mangrove - Unknown registry key in ResourceKey[minecraft:root / minecraft:item]: railways:track_twilightforest_mangrove
[01Oct2026 14:09:47.249] [Worker-Main-9/ERROR] [net.minecraft.world.level.storage.loot.LootDataType/]: Couldn't parse element ResourceKey[minecraft:root / minecraft:loot_table]:railways:blocks/track_natures_spirit_wisteria_wide - Unknown registry key in ResourceKey[minecraft:root / minecraft:item]: railways:track_natures_spirit_wisteria_wide
[01Oct2026 14:09:47.249] [Worker-Main-9/ERROR] [net.minecraft.world.level.storage.loot.LootDataType/]: Couldn't parse element ResourceKey[minecraft:root / minecraft:loot_table]:railways:blocks/track_biomesoplenty_mahogany_wide - Unknown registry key in ResourceKey[minecraft:root / minecraft:item]: railways:track_biomesoplenty_mahogany_wide
[01Oct2026 14:09:47.249] [Worker-Main-9/ERROR] [net.minecraft.world.level.storage.loot.LootDataType/]: Couldn't parse element ResourceKey[minecraft:root / minecraft:loot_table]:railways:blocks/track_tfc_oak - Unknown registry key in ResourceKey[minecraft:root / minecraft:item]: railways:track_tfc_oak
[01Oct2026 14:09:47.250] [Worker-Main-9/ERROR] [net.minecraft.world.level.storage.loot.LootDataType/]: Couldn't parse element ResourceKey[minecraft:root / minecraft:loot_table]:railways:blocks/track_twilightforest_transwood_wide - Unknown registry key in ResourceKey[minecraft:root / minecraft:item]: railways:track_twilightforest_transwood_wide
[01Oct2026 14:09:47.250] [Worker-Main-9/ERROR] [net.minecraft.world.level.storage.loot.LootDataType/]: Couldn't parse element ResourceKey[minecraft:root / minecraft:loot_table]:railways:blocks/track_create_dd_smoked - Unknown registry key in ResourceKey[minecraft:root / minecraft:item]: railways:track_create_dd_smoked
[01Oct2026 14:09:47.250] [Worker-Main-9/ERROR] [net.minecraft.world.level.storage.loot.LootDataType/]: Couldn't parse element ResourceKey[minecraft:root / minecraft:loot_table]:railways:blocks/track_biomesoplenty_willow - Unknown registry key in ResourceKey[minecraft:root / minecraft:item]: railways:track_biomesoplenty_willow
[01Oct2026 14:09:47.250] [Worker-Main-9/ERROR] [net.minecraft.world.level.storage.loot.LootDataType/]: Couldn't parse element ResourceKey[minecraft:root / minecraft:loot_table]:railways:blocks/track_hexcasting_edified_narrow - Unknown registry key in ResourceKey[minecraft:root / minecraft:item]: railways:track_hexcasting_edified_narrow
[01Oct2026 14:09:47.251] [Worker-Main-9/ERROR] [net.minecraft.world.level.storage.loot.LootDataType/]: Couldn't parse element ResourceKey[minecraft:root / minecraft:loot_table]:railways:blocks/track_byg_nightshade_wide - Unknown registry key in ResourceKey[minecraft:root / minecraft:item]: railways:track_byg_nightshade_wide
[01Oct2026 14:09:47.251] [Worker-Main-9/ERROR] [net.minecraft.world.level.storage.loot.LootDataType/]: Couldn't parse element ResourceKey[minecraft:root / minecraft:loot_table]:railways:blocks/track_byg_imparius - Unknown registry key in ResourceKey[minecraft:root / minecraft:item]: railways:track_byg_imparius
[01Oct2026 14:09:47.251] [Worker-Main-9/ERROR] [net.minecraft.world.level.storage.loot.LootDataType/]: Couldn't parse element ResourceKey[minecraft:root / minecraft:loot_table]:railways:blocks/track_biomesoplenty_magic_wide - Unknown registry key in ResourceKey[minecraft:root / minecraft:item]: railways:track_biomesoplenty_magic_wide
[01Oct2026 14:09:47.251] [Worker-Main-9/ERROR] [net.minecraft.world.level.storage.loot.LootDataType/]: Couldn't parse element ResourceKey[minecraft:root / minecraft:loot_table]:railways:blocks/track_tfc_blackwood_wide - Unknown registry key in ResourceKey[minecraft:root / minecraft:item]: railways:track_tfc_blackwood_wide
[01Oct2026 14:09:47.251] [Worker-Main-9/ERROR] [net.minecraft.world.level.storage.loot.LootDataType/]: Couldn't parse element ResourceKey[minecraft:root / minecraft:loot_table]:railways:blocks/track_byg_lament_narrow - Unknown registry key in ResourceKey[minecraft:root / minecraft:item]: railways:track_byg_lament_narrow
[01Oct2026 14:09:47.252] [Worker-Main-9/ERROR] [net.minecraft.world.level.storage.loot.LootDataType/]: Couldn't parse element ResourceKey[minecraft:root / minecraft:loot_table]:railways:blocks/track_twilightforest_mangrove_narrow - Unknown registry key in ResourceKey[minecraft:root / minecraft:item]: railways:track_twilightforest_mangrove_narrow
[01Oct2026 14:09:47.252] [Worker-Main-9/ERROR] [net.minecraft.world.level.storage.loot.LootDataType/]: Couldn't parse element ResourceKey[minecraft:root / minecraft:loot_table]:railways:blocks/track_byg_aspen - Unknown registry key in ResourceKey[minecraft:root / minecraft:item]: railways:track_byg_aspen
[01Oct2026 14:09:47.252] [Worker-Main-9/ERROR] [net.minecraft.world.level.storage.loot.LootDataType/]: Couldn't parse element ResourceKey[minecraft:root / minecraft:loot_table]:railways:blocks/track_byg_maple_narrow - Unknown registry key in ResourceKey[minecraft:root / minecraft:item]: railways:track_byg_maple_narrow
[01Oct2026 14:09:47.253] [Worker-Main-9/ERROR] [net.minecraft.world.level.storage.loot.LootDataType/]: Couldn't parse element ResourceKey[minecraft:root / minecraft:loot_table]:railways:blocks/track_biomesoplenty_palm - Unknown registry key in ResourceKey[minecraft:root / minecraft:item]: railways:track_biomesoplenty_palm
[01Oct2026 14:09:47.253] [Worker-Main-9/ERROR] [net.minecraft.world.level.storage.loot.LootDataType/]: Couldn't parse element ResourceKey[minecraft:root / minecraft:loot_table]:railways:blocks/track_byg_embur_wide - Unknown registry key in ResourceKey[minecraft:root / minecraft:item]: railways:track_byg_embur_wide
[01Oct2026 14:09:47.253] [Worker-Main-9/ERROR] [net.minecraft.world.level.storage.loot.LootDataType/]: Couldn't parse element ResourceKey[minecraft:root / minecraft:loot_table]:railways:blocks/track_tfc_white_cedar - Unknown registry key in ResourceKey[minecraft:root / minecraft:item]: railways:track_tfc_white_cedar
[01Oct2026 14:09:47.253] [Worker-Main-9/ERROR] [net.minecraft.world.level.storage.loot.LootDataType/]: Couldn't parse element ResourceKey[minecraft:root / minecraft:loot_table]:railways:blocks/track_tfc_sycamore - Unknown registry key in ResourceKey[minecraft:root / minecraft:item]: railways:track_tfc_sycamore
[01Oct2026 14:09:47.254] [Worker-Main-9/ERROR] [net.minecraft.world.level.storage.loot.LootDataType/]: Couldn't parse element ResourceKey[minecraft:root / minecraft:loot_table]:railways:blocks/track_twilightforest_timewood - Unknown registry key in ResourceKey[minecraft:root / minecraft:item]: railways:track_twilightforest_timewood
[01Oct2026 14:09:47.254] [Worker-Main-9/ERROR] [net.minecraft.world.level.storage.loot.LootDataType/]: Couldn't parse element ResourceKey[minecraft:root / minecraft:loot_table]:railways:blocks/track_tfc_rosewood_wide - Unknown registry key in ResourceKey[minecraft:root / minecraft:item]: railways:track_tfc_rosewood_wide
[01Oct2026 14:09:47.254] [Worker-Main-9/ERROR] [net.minecraft.world.level.storage.loot.LootDataType/]: Couldn't parse element ResourceKey[minecraft:root / minecraft:loot_table]:railways:blocks/track_natures_spirit_cypress_wide - Unknown registry key in ResourceKey[minecraft:root / minecraft:item]: railways:track_natures_spirit_cypress_wide
[01Oct2026 14:09:47.254] [Worker-Main-9/ERROR] [net.minecraft.world.level.storage.loot.LootDataType/]: Couldn't parse element ResourceKey[minecraft:root / minecraft:loot_table]:railways:blocks/track_blue_skies_dusk_narrow - Unknown registry key in ResourceKey[minecraft:root / minecraft:item]: railways:track_blue_skies_dusk_narrow
[01Oct2026 14:09:47.255] [Worker-Main-9/ERROR] [net.minecraft.world.level.storage.loot.LootDataType/]: Couldn't parse element ResourceKey[minecraft:root / minecraft:loot_table]:railways:blocks/track_natures_spirit_cypress - Unknown registry key in ResourceKey[minecraft:root / minecraft:item]: railways:track_natures_spirit_cypress
[01Oct2026 14:09:47.255] [Worker-Main-9/ERROR] [net.minecraft.world.level.storage.loot.LootDataType/]: Couldn't parse element ResourceKey[minecraft:root / minecraft:loot_table]:railways:blocks/track_tfc_birch_wide - Unknown registry key in ResourceKey[minecraft:root / minecraft:item]: railways:track_tfc_birch_wide
[01Oct2026 14:09:47.255] [Worker-Main-9/ERROR] [net.minecraft.world.level.storage.loot.LootDataType/]: Couldn't parse element ResourceKey[minecraft:root / minecraft:loot_table]:railways:blocks/track_byg_sythian_narrow - Unknown registry key in ResourceKey[minecraft:root / minecraft:item]: railways:track_byg_sythian_narrow
[01Oct2026 14:09:47.255] [Worker-Main-9/ERROR] [net.minecraft.world.level.storage.loot.LootDataType/]: Couldn't parse element ResourceKey[minecraft:root / minecraft:loot_table]:railways:blocks/track_byg_redwood_wide - Unknown registry key in ResourceKey[minecraft:root / minecraft:item]: railways:track_byg_redwood_wide
[01Oct2026 14:09:47.256] [Worker-Main-9/ERROR] [net.minecraft.world.level.storage.loot.LootDataType/]: Couldn't parse element ResourceKey[minecraft:root / minecraft:loot_table]:railways:blocks/track_create_dd_rose_narrow - Unknown registry key in ResourceKey[minecraft:root / minecraft:item]: railways:track_create_dd_rose_narrow
[01Oct2026 14:09:47.257] [Worker-Main-9/ERROR] [net.minecraft.world.level.storage.loot.LootDataType/]: Couldn't parse element ResourceKey[minecraft:root / minecraft:loot_table]:railways:blocks/track_byg_redwood_narrow - Unknown registry key in ResourceKey[minecraft:root / minecraft:item]: railways:track_byg_redwood_narrow
[01Oct2026 14:09:47.257] [Worker-Main-9/ERROR] [net.minecraft.world.level.storage.loot.LootDataType/]: Couldn't parse element ResourceKey[minecraft:root / minecraft:loot_table]:railways:blocks/track_tfc_willow_narrow - Unknown registry key in ResourceKey[minecraft:root / minecraft:item]: railways:track_tfc_willow_narrow
[01Oct2026 14:09:47.257] [Worker-Main-9/ERROR] [net.minecraft.world.level.storage.loot.LootDataType/]: Couldn't parse element ResourceKey[minecraft:root / minecraft:loot_table]:railways:blocks/track_twilightforest_minewood_wide - Unknown registry key in ResourceKey[minecraft:root / minecraft:item]: railways:track_twilightforest_minewood_wide
[01Oct2026 14:09:47.257] [Worker-Main-9/ERROR] [net.minecraft.world.level.storage.loot.LootDataType/]: Couldn't parse element ResourceKey[minecraft:root / minecraft:loot_table]:railways:blocks/track_tfc_douglas_fir - Unknown registry key in ResourceKey[minecraft:root / minecraft:item]: railways:track_tfc_douglas_fir
[01Oct2026 14:09:47.258] [Worker-Main-9/ERROR] [net.minecraft.world.level.storage.loot.LootDataType/]: Couldn't parse element ResourceKey[minecraft:root / minecraft:loot_table]:railways:blocks/track_biomesoplenty_dead_narrow - Unknown registry key in ResourceKey[minecraft:root / minecraft:item]: railways:track_biomesoplenty_dead_narrow
[01Oct2026 14:09:47.258] [Worker-Main-9/ERROR] [net.minecraft.world.level.storage.loot.LootDataType/]: Couldn't parse element ResourceKey[minecraft:root / minecraft:loot_table]:railways:blocks/track_byg_fir_narrow - Unknown registry key in ResourceKey[minecraft:root / minecraft:item]: railways:track_byg_fir_narrow
[01Oct2026 14:09:47.258] [Worker-Main-9/ERROR] [net.minecraft.world.level.storage.loot.LootDataType/]: Couldn't parse element ResourceKey[minecraft:root / minecraft:loot_table]:railways:blocks/track_byg_ebony_wide - Unknown registry key in ResourceKey[minecraft:root / minecraft:item]: railways:track_byg_ebony_wide
[01Oct2026 14:09:47.259] [Worker-Main-9/ERROR] [net.minecraft.world.level.storage.loot.LootDataType/]: Couldn't parse element ResourceKey[minecraft:root / minecraft:loot_table]:railways:blocks/track_tfc_aspen_wide - Unknown registry key in ResourceKey[minecraft:root / minecraft:item]: railways:track_tfc_aspen_wide
[01Oct2026 14:09:47.259] [Worker-Main-9/ERROR] [net.minecraft.world.level.storage.loot.LootDataType/]: Couldn't parse element ResourceKey[minecraft:root / minecraft:loot_table]:railways:blocks/track_blue_skies_dusk - Unknown registry key in ResourceKey[minecraft:root / minecraft:item]: railways:track_blue_skies_dusk
[01Oct2026 14:09:47.259] [Worker-Main-9/ERROR] [net.minecraft.world.level.storage.loot.LootDataType/]: Couldn't parse element ResourceKey[minecraft:root / minecraft:loot_table]:railways:blocks/track_natures_spirit_sugi - Unknown registry key in ResourceKey[minecraft:root / minecraft:item]: railways:track_natures_spirit_sugi
[01Oct2026 14:09:47.260] [Worker-Main-9/ERROR] [net.minecraft.world.level.storage.loot.LootDataType/]: Couldn't parse element ResourceKey[minecraft:root / minecraft:loot_table]:railways:blocks/track_twilightforest_transwood_narrow - Unknown registry key in ResourceKey[minecraft:root / minecraft:item]: railways:track_twilightforest_transwood_narrow
[01Oct2026 14:09:47.260] [Worker-Main-9/ERROR] [net.minecraft.world.level.storage.loot.LootDataType/]: Couldn't parse element ResourceKey[minecraft:root / minecraft:loot_table]:railways:blocks/track_blue_skies_maple_narrow - Unknown registry key in ResourceKey[minecraft:root / minecraft:item]: railways:track_blue_skies_maple_narrow
[01Oct2026 14:09:47.261] [Worker-Main-9/ERROR] [net.minecraft.world.level.storage.loot.LootDataType/]: Couldn't parse element ResourceKey[minecraft:root / minecraft:loot_table]:railways:blocks/track_byg_willow_wide - Unknown registry key in ResourceKey[minecraft:root / minecraft:item]: railways:track_byg_willow_wide
[01Oct2026 14:09:47.261] [Worker-Main-9/ERROR] [net.minecraft.world.level.storage.loot.LootDataType/]: Couldn't parse element ResourceKey[minecraft:root / minecraft:loot_table]:railways:blocks/track_natures_spirit_fir_wide - Unknown registry key in ResourceKey[minecraft:root / minecraft:item]: railways:track_natures_spirit_fir_wide
[01Oct2026 14:09:47.261] [Worker-Main-9/ERROR] [net.minecraft.world.level.storage.loot.LootDataType/]: Couldn't parse element ResourceKey[minecraft:root / minecraft:loot_table]:railways:blocks/track_tfc_kapok - Unknown registry key in ResourceKey[minecraft:root / minecraft:item]: railways:track_tfc_kapok
[01Oct2026 14:09:47.263] [Worker-Main-9/ERROR] [net.minecraft.world.level.storage.loot.LootDataType/]: Couldn't parse element ResourceKey[minecraft:root / minecraft:loot_table]:railways:blocks/track_tfc_oak_narrow - Unknown registry key in ResourceKey[minecraft:root / minecraft:item]: railways:track_tfc_oak_narrow
[01Oct2026 14:09:47.264] [Worker-Main-9/ERROR] [net.minecraft.world.level.storage.loot.LootDataType/]: Couldn't parse element ResourceKey[minecraft:root / minecraft:loot_table]:railways:blocks/track_twilightforest_sortingwood - Unknown registry key in ResourceKey[minecraft:root / minecraft:item]: railways:track_twilightforest_sortingwood
[01Oct2026 14:09:47.264] [Worker-Main-9/ERROR] [net.minecraft.world.level.storage.loot.LootDataType/]: Couldn't parse element ResourceKey[minecraft:root / minecraft:loot_table]:railways:blocks/track_create_dd_spirit - Unknown registry key in ResourceKey[minecraft:root / minecraft:item]: railways:track_create_dd_spirit
[01Oct2026 14:09:47.264] [Worker-Main-9/ERROR] [net.minecraft.world.level.storage.loot.LootDataType/]: Couldn't parse element ResourceKey[minecraft:root / minecraft:loot_table]:railways:blocks/track_byg_jacaranda_narrow - Unknown registry key in ResourceKey[minecraft:root / minecraft:item]: railways:track_byg_jacaranda_narrow
[01Oct2026 14:09:47.265] [Worker-Main-9/ERROR] [net.minecraft.world.level.storage.loot.LootDataType/]: Couldn't parse element ResourceKey[minecraft:root / minecraft:loot_table]:railways:blocks/track_byg_green_enchanted - Unknown registry key in ResourceKey[minecraft:root / minecraft:item]: railways:track_byg_green_enchanted
[01Oct2026 14:09:47.265] [Worker-Main-9/ERROR] [net.minecraft.world.level.storage.loot.LootDataType/]: Couldn't parse element ResourceKey[minecraft:root / minecraft:loot_table]:railways:blocks/track_byg_white_mangrove - Unknown registry key in ResourceKey[minecraft:root / minecraft:item]: railways:track_byg_white_mangrove
[01Oct2026 14:09:47.265] [Worker-Main-9/ERROR] [net.minecraft.world.level.storage.loot.LootDataType/]: Couldn't parse element ResourceKey[minecraft:root / minecraft:loot_table]:railways:blocks/track_tfc_maple - Unknown registry key in ResourceKey[minecraft:root / minecraft:item]: railways:track_tfc_maple
[01Oct2026 14:09:47.265] [Worker-Main-9/ERROR] [net.minecraft.world.level.storage.loot.LootDataType/]: Couldn't parse element ResourceKey[minecraft:root / minecraft:loot_table]:railways:blocks/track_natures_spirit_aspen - Unknown registry key in ResourceKey[minecraft:root / minecraft:item]: railways:track_natures_spirit_aspen
[01Oct2026 14:09:47.265] [Worker-Main-9/ERROR] [net.minecraft.world.level.storage.loot.LootDataType/]: Couldn't parse element ResourceKey[minecraft:root / minecraft:loot_table]:railways:blocks/track_blue_skies_frostbright_narrow - Unknown registry key in ResourceKey[minecraft:root / minecraft:item]: railways:track_blue_skies_frostbright_narrow
[01Oct2026 14:09:47.266] [Worker-Main-9/ERROR] [net.minecraft.world.level.storage.loot.LootDataType/]: Couldn't parse element ResourceKey[minecraft:root / minecraft:loot_table]:railways:blocks/track_tfc_oak_wide - Unknown registry key in ResourceKey[minecraft:root / minecraft:item]: railways:track_tfc_oak_wide
[01Oct2026 14:09:47.266] [Worker-Main-9/ERROR] [net.minecraft.world.level.storage.loot.LootDataType/]: Couldn't parse element ResourceKey[minecraft:root / minecraft:loot_table]:railways:blocks/track_tfc_blackwood - Unknown registry key in ResourceKey[minecraft:root / minecraft:item]: railways:track_tfc_blackwood
[01Oct2026 14:09:47.266] [Worker-Main-9/ERROR] [net.minecraft.world.level.storage.loot.LootDataType/]: Couldn't parse element ResourceKey[minecraft:root / minecraft:loot_table]:railways:blocks/track_byg_zelkova_narrow - Unknown registry key in ResourceKey[minecraft:root / minecraft:item]: railways:track_byg_zelkova_narrow
[01Oct2026 14:09:47.267] [Worker-Main-9/ERROR] [net.minecraft.world.level.storage.loot.LootDataType/]: Couldn't parse element ResourceKey[minecraft:root / minecraft:loot_table]:railways:blocks/track_natures_spirit_cypress_narrow - Unknown registry key in ResourceKey[minecraft:root / minecraft:item]: railways:track_natures_spirit_cypress_narrow
[01Oct2026 14:09:47.267] [Worker-Main-9/ERROR] [net.minecraft.world.level.storage.loot.LootDataType/]: Couldn't parse element ResourceKey[minecraft:root / minecraft:loot_table]:railways:blocks/track_quark_blossom_narrow - Unknown registry key in ResourceKey[minecraft:root / minecraft:item]: railways:track_quark_blossom_narrow
[01Oct2026 14:09:47.267] [Worker-Main-9/ERROR] [net.minecraft.world.level.storage.loot.LootDataType/]: Couldn't parse element ResourceKey[minecraft:root / minecraft:loot_table]:railways:blocks/track_byg_pine - Unknown registry key in ResourceKey[minecraft:root / minecraft:item]: railways:track_byg_pine
[01Oct2026 14:09:47.268] [Worker-Main-9/ERROR] [net.minecraft.world.level.storage.loot.LootDataType/]: Couldn't parse element ResourceKey[minecraft:root / minecraft:loot_table]:railways:blocks/track_biomesoplenty_umbran_narrow - Unknown registry key in ResourceKey[minecraft:root / minecraft:item]: railways:track_biomesoplenty_umbran_narrow
[01Oct2026 14:09:47.268] [Worker-Main-9/ERROR] [net.minecraft.world.level.storage.loot.LootDataType/]: Couldn't parse element ResourceKey[minecraft:root / minecraft:loot_table]:railways:blocks/track_byg_cika_wide - Unknown registry key in ResourceKey[minecraft:root / minecraft:item]: railways:track_byg_cika_wide
[01Oct2026 14:09:47.268] [Worker-Main-9/ERROR] [net.minecraft.world.level.storage.loot.LootDataType/]: Couldn't parse element ResourceKey[minecraft:root / minecraft:loot_table]:railways:blocks/track_tfc_chestnut_wide - Unknown registry key in ResourceKey[minecraft:root / minecraft:item]: railways:track_tfc_chestnut_wide
[01Oct2026 14:09:47.268] [Worker-Main-9/ERROR] [net.minecraft.world.level.storage.loot.LootDataType/]: Couldn't parse element ResourceKey[minecraft:root / minecraft:loot_table]:railways:blocks/track_natures_spirit_willow_narrow - Unknown registry key in ResourceKey[minecraft:root / minecraft:item]: railways:track_natures_spirit_willow_narrow
[01Oct2026 14:09:47.268] [Worker-Main-9/ERROR] [net.minecraft.world.level.storage.loot.LootDataType/]: Couldn't parse element ResourceKey[minecraft:root / minecraft:loot_table]:railways:blocks/track_blue_skies_bluebright - Unknown registry key in ResourceKey[minecraft:root / minecraft:item]: railways:track_blue_skies_bluebright
[01Oct2026 14:09:47.268] [Worker-Main-9/ERROR] [net.minecraft.world.level.storage.loot.LootDataType/]: Couldn't parse element ResourceKey[minecraft:root / minecraft:loot_table]:railways:blocks/track_tfc_ash_wide - Unknown registry key in ResourceKey[minecraft:root / minecraft:item]: railways:track_tfc_ash_wide
[01Oct2026 14:09:47.268] [Worker-Main-9/ERROR] [net.minecraft.world.level.storage.loot.LootDataType/]: Couldn't parse element ResourceKey[minecraft:root / minecraft:loot_table]:railways:blocks/track_blue_skies_bluebright_narrow - Unknown registry key in ResourceKey[minecraft:root / minecraft:item]: railways:track_blue_skies_bluebright_narrow
[01Oct2026 14:09:47.268] [Worker-Main-9/ERROR] [net.minecraft.world.level.storage.loot.LootDataType/]: Couldn't parse element ResourceKey[minecraft:root / minecraft:loot_table]:railways:blocks/track_biomesoplenty_mahogany - Unknown registry key in ResourceKey[minecraft:root / minecraft:item]: railways:track_biomesoplenty_mahogany
[01Oct2026 14:09:47.268] [Worker-Main-9/ERROR] [net.minecraft.world.level.storage.loot.LootDataType/]: Couldn't parse element ResourceKey[minecraft:root / minecraft:loot_table]:railways:blocks/track_natures_spirit_olive_narrow - Unknown registry key in ResourceKey[minecraft:root / minecraft:item]: railways:track_natures_spirit_olive_narrow
[01Oct2026 14:09:47.269] [Worker-Main-9/ERROR] [net.minecraft.world.level.storage.loot.LootDataType/]: Couldn't parse element ResourceKey[minecraft:root / minecraft:loot_table]:railways:blocks/track_byg_holly_narrow - Unknown registry key in ResourceKey[minecraft:root / minecraft:item]: railways:track_byg_holly_narrow
[01Oct2026 14:09:47.269] [Worker-Main-9/ERROR] [net.minecraft.world.level.storage.loot.LootDataType/]: Couldn't parse element ResourceKey[minecraft:root / minecraft:loot_table]:railways:blocks/track_biomesoplenty_magic_narrow - Unknown registry key in ResourceKey[minecraft:root / minecraft:item]: railways:track_biomesoplenty_magic_narrow
[01Oct2026 14:09:47.269] [Worker-Main-9/ERROR] [net.minecraft.world.level.storage.loot.LootDataType/]: Couldn't parse element ResourceKey[minecraft:root / minecraft:loot_table]:railways:blocks/track_tfc_ash_narrow - Unknown registry key in ResourceKey[minecraft:root / minecraft:item]: railways:track_tfc_ash_narrow
[01Oct2026 14:09:47.269] [Worker-Main-9/ERROR] [net.minecraft.world.level.storage.loot.LootDataType/]: Couldn't parse element ResourceKey[minecraft:root / minecraft:loot_table]:railways:blocks/track_biomesoplenty_hellbark_wide - Unknown registry key in ResourceKey[minecraft:root / minecraft:item]: railways:track_biomesoplenty_hellbark_wide
[01Oct2026 14:09:47.269] [Worker-Main-9/ERROR] [net.minecraft.world.level.storage.loot.LootDataType/]: Couldn't parse element ResourceKey[minecraft:root / minecraft:loot_table]:railways:blocks/track_byg_embur_narrow - Unknown registry key in ResourceKey[minecraft:root / minecraft:item]: railways:track_byg_embur_narrow
[01Oct2026 14:09:47.269] [Worker-Main-9/ERROR] [net.minecraft.world.level.storage.loot.LootDataType/]: Couldn't parse element ResourceKey[minecraft:root / minecraft:loot_table]:railways:blocks/track_byg_skyris - Unknown registry key in ResourceKey[minecraft:root / minecraft:item]: railways:track_byg_skyris
[01Oct2026 14:09:47.269] [Worker-Main-9/ERROR] [net.minecraft.world.level.storage.loot.LootDataType/]: Couldn't parse element ResourceKey[minecraft:root / minecraft:loot_table]:railways:blocks/track_tfc_birch_narrow - Unknown registry key in ResourceKey[minecraft:root / minecraft:item]: railways:track_tfc_birch_narrow
[01Oct2026 14:09:47.270] [Worker-Main-9/ERROR] [net.minecraft.world.level.storage.loot.LootDataType/]: Couldn't parse element ResourceKey[minecraft:root / minecraft:loot_table]:railways:blocks/track_tfc_mangrove_narrow - Unknown registry key in ResourceKey[minecraft:root / minecraft:item]: railways:track_tfc_mangrove_narrow
[01Oct2026 14:09:47.270] [Worker-Main-9/ERROR] [net.minecraft.world.level.storage.loot.LootDataType/]: Couldn't parse element ResourceKey[minecraft:root / minecraft:loot_table]:railways:blocks/track_natures_spirit_willow - Unknown registry key in ResourceKey[minecraft:root / minecraft:item]: railways:track_natures_spirit_willow
[01Oct2026 14:09:47.270] [Worker-Main-9/ERROR] [net.minecraft.world.level.storage.loot.LootDataType/]: Couldn't parse element ResourceKey[minecraft:root / minecraft:loot_table]:railways:blocks/track_twilightforest_twilight_oak_wide - Unknown registry key in ResourceKey[minecraft:root / minecraft:item]: railways:track_twilightforest_twilight_oak_wide
[01Oct2026 14:09:47.270] [Worker-Main-9/ERROR] [net.minecraft.world.level.storage.loot.LootDataType/]: Couldn't parse element ResourceKey[minecraft:root / minecraft:loot_table]:railways:blocks/track_byg_sythian_wide - Unknown registry key in ResourceKey[minecraft:root / minecraft:item]: railways:track_byg_sythian_wide
[01Oct2026 14:09:47.272] [Worker-Main-9/ERROR] [net.minecraft.world.level.storage.loot.LootDataType/]: Couldn't parse element ResourceKey[minecraft:root / minecraft:loot_table]:railways:blocks/track_natures_spirit_redwood - Unknown registry key in ResourceKey[minecraft:root / minecraft:item]: railways:track_natures_spirit_redwood
[01Oct2026 14:09:47.272] [Worker-Main-9/ERROR] [net.minecraft.world.level.storage.loot.LootDataType/]: Couldn't parse element ResourceKey[minecraft:root / minecraft:loot_table]:railways:blocks/track_tfc_palm_wide - Unknown registry key in ResourceKey[minecraft:root / minecraft:item]: railways:track_tfc_palm_wide
[01Oct2026 14:09:47.273] [Worker-Main-9/ERROR] [net.minecraft.world.level.storage.loot.LootDataType/]: Couldn't parse element ResourceKey[minecraft:root / minecraft:loot_table]:railways:blocks/track_byg_palm_narrow - Unknown registry key in ResourceKey[minecraft:root / minecraft:item]: railways:track_byg_palm_narrow
[01Oct2026 14:09:47.273] [Worker-Main-9/ERROR] [net.minecraft.world.level.storage.loot.LootDataType/]: Couldn't parse element ResourceKey[minecraft:root / minecraft:loot_table]:railways:blocks/track_byg_baobab_narrow - Unknown registry key in ResourceKey[minecraft:root / minecraft:item]: railways:track_byg_baobab_narrow
[01Oct2026 14:09:47.273] [Worker-Main-9/ERROR] [net.minecraft.world.level.storage.loot.LootDataType/]: Couldn't parse element ResourceKey[minecraft:root / minecraft:loot_table]:railways:blocks/track_twilightforest_canopy_narrow - Unknown registry key in ResourceKey[minecraft:root / minecraft:item]: railways:track_twilightforest_canopy_narrow
[01Oct2026 14:09:47.273] [Worker-Main-9/ERROR] [net.minecraft.world.level.storage.loot.LootDataType/]: Couldn't parse element ResourceKey[minecraft:root / minecraft:loot_table]:railways:blocks/track_twilightforest_minewood_narrow - Unknown registry key in ResourceKey[minecraft:root / minecraft:item]: railways:track_twilightforest_minewood_narrow
[01Oct2026 14:09:47.274] [Worker-Main-9/ERROR] [net.minecraft.world.level.storage.loot.LootDataType/]: Couldn't parse element ResourceKey[minecraft:root / minecraft:loot_table]:railways:blocks/track_twilightforest_twilight_oak - Unknown registry key in ResourceKey[minecraft:root / minecraft:item]: railways:track_twilightforest_twilight_oak
[01Oct2026 14:09:47.275] [Worker-Main-9/ERROR] [net.minecraft.world.level.storage.loot.LootDataType/]: Couldn't parse element ResourceKey[minecraft:root / minecraft:loot_table]:railways:blocks/track_tfc_rosewood_narrow - Unknown registry key in ResourceKey[minecraft:root / minecraft:item]: railways:track_tfc_rosewood_narrow
[01Oct2026 14:09:47.276] [Worker-Main-9/ERROR] [net.minecraft.world.level.storage.loot.LootDataType/]: Couldn't parse element ResourceKey[minecraft:root / minecraft:loot_table]:railways:blocks/track_biomesoplenty_fir_narrow - Unknown registry key in ResourceKey[minecraft:root / minecraft:item]: railways:track_biomesoplenty_fir_narrow
[01Oct2026 14:09:47.276] [Worker-Main-9/ERROR] [net.minecraft.world.level.storage.loot.LootDataType/]: Couldn't parse element ResourceKey[minecraft:root / minecraft:loot_table]:railways:blocks/track_tfc_acacia_wide - Unknown registry key in ResourceKey[minecraft:root / minecraft:item]: railways:track_tfc_acacia_wide
[01Oct2026 14:09:47.276] [Worker-Main-9/ERROR] [net.minecraft.world.level.storage.loot.LootDataType/]: Couldn't parse element ResourceKey[minecraft:root / minecraft:loot_table]:railways:blocks/track_byg_jacaranda - Unknown registry key in ResourceKey[minecraft:root / minecraft:item]: railways:track_byg_jacaranda
[01Oct2026 14:09:47.278] [Worker-Main-9/ERROR] [net.minecraft.world.level.storage.loot.LootDataType/]: Couldn't parse element ResourceKey[minecraft:root / minecraft:loot_table]:railways:blocks/track_byg_ether_narrow - Unknown registry key in ResourceKey[minecraft:root / minecraft:item]: railways:track_byg_ether_narrow
[01Oct2026 14:09:47.278] [Worker-Main-9/ERROR] [net.minecraft.world.level.storage.loot.LootDataType/]: Couldn't parse element ResourceKey[minecraft:root / minecraft:loot_table]:railways:blocks/track_natures_spirit_wisteria - Unknown registry key in ResourceKey[minecraft:root / minecraft:item]: railways:track_natures_spirit_wisteria
[01Oct2026 14:09:47.279] [Worker-Main-9/ERROR] [net.minecraft.world.level.storage.loot.LootDataType/]: Couldn't parse element ResourceKey[minecraft:root / minecraft:loot_table]:railways:blocks/track_byg_blue_enchanted_wide - Unknown registry key in ResourceKey[minecraft:root / minecraft:item]: railways:track_byg_blue_enchanted_wide
[01Oct2026 14:09:47.279] [Worker-Main-9/ERROR] [net.minecraft.world.level.storage.loot.LootDataType/]: Couldn't parse element ResourceKey[minecraft:root / minecraft:loot_table]:railways:blocks/track_natures_spirit_maple - Unknown registry key in ResourceKey[minecraft:root / minecraft:item]: railways:track_natures_spirit_maple
[01Oct2026 14:09:47.279] [Worker-Main-9/ERROR] [net.minecraft.world.level.storage.loot.LootDataType/]: Couldn't parse element ResourceKey[minecraft:root / minecraft:loot_table]:railways:blocks/track_biomesoplenty_redwood - Unknown registry key in ResourceKey[minecraft:root / minecraft:item]: railways:track_biomesoplenty_redwood
[01Oct2026 14:09:47.279] [Worker-Main-9/ERROR] [net.minecraft.world.level.storage.loot.LootDataType/]: Couldn't parse element ResourceKey[minecraft:root / minecraft:loot_table]:railways:blocks/track_create_dd_spirit_narrow - Unknown registry key in ResourceKey[minecraft:root / minecraft:item]: railways:track_create_dd_spirit_narrow
[01Oct2026 14:09:47.280] [Worker-Main-9/ERROR] [net.minecraft.world.level.storage.loot.LootDataType/]: Couldn't parse element ResourceKey[minecraft:root / minecraft:loot_table]:railways:blocks/track_quark_ancient - Unknown registry key in ResourceKey[minecraft:root / minecraft:item]: railways:track_quark_ancient
[01Oct2026 14:09:47.281] [Worker-Main-9/ERROR] [net.minecraft.world.level.storage.loot.LootDataType/]: Couldn't parse element ResourceKey[minecraft:root / minecraft:loot_table]:railways:blocks/track_tfc_hickory - Unknown registry key in ResourceKey[minecraft:root / minecraft:item]: railways:track_tfc_hickory
[01Oct2026 14:09:47.282] [Worker-Main-9/ERROR] [net.minecraft.world.level.storage.loot.LootDataType/]: Couldn't parse element ResourceKey[minecraft:root / minecraft:loot_table]:railways:blocks/track_create_dd_rubber - Unknown registry key in ResourceKey[minecraft:root / minecraft:item]: railways:track_create_dd_rubber
[01Oct2026 14:09:47.282] [Worker-Main-9/ERROR] [net.minecraft.world.level.storage.loot.LootDataType/]: Couldn't parse element ResourceKey[minecraft:root / minecraft:loot_table]:railways:blocks/track_tfc_kapok_narrow - Unknown registry key in ResourceKey[minecraft:root / minecraft:item]: railways:track_tfc_kapok_narrow
[01Oct2026 14:09:47.283] [Worker-Main-9/ERROR] [net.minecraft.world.level.storage.loot.LootDataType/]: Couldn't parse element ResourceKey[minecraft:root / minecraft:loot_table]:railways:blocks/track_byg_fir_wide - Unknown registry key in ResourceKey[minecraft:root / minecraft:item]: railways:track_byg_fir_wide
[01Oct2026 14:09:47.283] [Worker-Main-9/ERROR] [net.minecraft.world.level.storage.loot.LootDataType/]: Couldn't parse element ResourceKey[minecraft:root / minecraft:loot_table]:railways:blocks/track_blue_skies_starlit_narrow - Unknown registry key in ResourceKey[minecraft:root / minecraft:item]: railways:track_blue_skies_starlit_narrow
[01Oct2026 14:09:47.284] [Worker-Main-9/ERROR] [net.minecraft.world.level.storage.loot.LootDataType/]: Couldn't parse element ResourceKey[minecraft:root / minecraft:loot_table]:railways:blocks/track_tfc_aspen - Unknown registry key in ResourceKey[minecraft:root / minecraft:item]: railways:track_tfc_aspen
[01Oct2026 14:09:47.284] [Worker-Main-9/ERROR] [net.minecraft.world.level.storage.loot.LootDataType/]: Couldn't parse element ResourceKey[minecraft:root / minecraft:loot_table]:railways:blocks/track_byg_zelkova - Unknown registry key in ResourceKey[minecraft:root / minecraft:item]: railways:track_byg_zelkova
[01Oct2026 14:09:47.284] [Worker-Main-9/ERROR] [net.minecraft.world.level.storage.loot.LootDataType/]: Couldn't parse element ResourceKey[minecraft:root / minecraft:loot_table]:railways:blocks/track_tfc_pine - Unknown registry key in ResourceKey[minecraft:root / minecraft:item]: railways:track_tfc_pine
[01Oct2026 14:09:47.285] [Worker-Main-9/ERROR] [net.minecraft.world.level.storage.loot.LootDataType/]: Couldn't parse element ResourceKey[minecraft:root / minecraft:loot_table]:railways:blocks/track_blue_skies_bluebright_wide - Unknown registry key in ResourceKey[minecraft:root / minecraft:item]: railways:track_blue_skies_bluebright_wide
[01Oct2026 14:09:47.285] [Worker-Main-9/ERROR] [net.minecraft.world.level.storage.loot.LootDataType/]: Couldn't parse element ResourceKey[minecraft:root / minecraft:loot_table]:railways:blocks/track_byg_mahogany - Unknown registry key in ResourceKey[minecraft:root / minecraft:item]: railways:track_byg_mahogany
[01Oct2026 14:09:47.285] [Worker-Main-9/ERROR] [net.minecraft.world.level.storage.loot.LootDataType/]: Couldn't parse element ResourceKey[minecraft:root / minecraft:loot_table]:railways:blocks/track_tfc_sequoia_wide - Unknown registry key in ResourceKey[minecraft:root / minecraft:item]: railways:track_tfc_sequoia_wide
[01Oct2026 14:09:47.285] [Worker-Main-9/ERROR] [net.minecraft.world.level.storage.loot.LootDataType/]: Couldn't parse element ResourceKey[minecraft:root / minecraft:loot_table]:railways:blocks/track_tfc_hickory_wide - Unknown registry key in ResourceKey[minecraft:root / minecraft:item]: railways:track_tfc_hickory_wide
[01Oct2026 14:09:47.285] [Worker-Main-9/ERROR] [net.minecraft.world.level.storage.loot.LootDataType/]: Couldn't parse element ResourceKey[minecraft:root / minecraft:loot_table]:railways:blocks/track_tfc_spruce_wide - Unknown registry key in ResourceKey[minecraft:root / minecraft:item]: railways:track_tfc_spruce_wide
[01Oct2026 14:09:47.286] [Worker-Main-9/ERROR] [net.minecraft.world.level.storage.loot.LootDataType/]: Couldn't parse element ResourceKey[minecraft:root / minecraft:loot_table]:railways:blocks/track_byg_zelkova_wide - Unknown registry key in ResourceKey[minecraft:root / minecraft:item]: railways:track_byg_zelkova_wide
[01Oct2026 14:09:47.286] [Worker-Main-9/ERROR] [net.minecraft.world.level.storage.loot.LootDataType/]: Couldn't parse element ResourceKey[minecraft:root / minecraft:loot_table]:railways:blocks/track_biomesoplenty_umbran_wide - Unknown registry key in ResourceKey[minecraft:root / minecraft:item]: railways:track_biomesoplenty_umbran_wide
[01Oct2026 14:09:47.287] [Worker-Main-9/ERROR] [net.minecraft.world.level.storage.loot.LootDataType/]: Couldn't parse element ResourceKey[minecraft:root / minecraft:loot_table]:railways:blocks/track_twilightforest_mangrove_wide - Unknown registry key in ResourceKey[minecraft:root / minecraft:item]: railways:track_twilightforest_mangrove_wide
[01Oct2026 14:09:47.288] [Worker-Main-9/ERROR] [net.minecraft.world.level.storage.loot.LootDataType/]: Couldn't parse element ResourceKey[minecraft:root / minecraft:loot_table]:railways:blocks/track_hexcasting_edified - Unknown registry key in ResourceKey[minecraft:root / minecraft:item]: railways:track_hexcasting_edified
[01Oct2026 14:09:47.288] [Worker-Main-9/ERROR] [net.minecraft.world.level.storage.loot.LootDataType/]: Couldn't parse element ResourceKey[minecraft:root / minecraft:loot_table]:railways:blocks/track_byg_baobab_wide - Unknown registry key in ResourceKey[minecraft:root / minecraft:item]: railways:track_byg_baobab_wide
[01Oct2026 14:09:47.288] [Worker-Main-9/ERROR] [net.minecraft.world.level.storage.loot.LootDataType/]: Couldn't parse element ResourceKey[minecraft:root / minecraft:loot_table]:railways:blocks/track_tfc_spruce_narrow - Unknown registry key in ResourceKey[minecraft:root / minecraft:item]: railways:track_tfc_spruce_narrow
[01Oct2026 14:09:47.288] [Worker-Main-9/ERROR] [net.minecraft.world.level.storage.loot.LootDataType/]: Couldn't parse element ResourceKey[minecraft:root / minecraft:loot_table]:railways:blocks/track_twilightforest_darkwood_narrow - Unknown registry key in ResourceKey[minecraft:root / minecraft:item]: railways:track_twilightforest_darkwood_narrow
[01Oct2026 14:09:47.288] [Worker-Main-9/ERROR] [net.minecraft.world.level.storage.loot.LootDataType/]: Couldn't parse element ResourceKey[minecraft:root / minecraft:loot_table]:railways:blocks/track_tfc_douglas_fir_wide - Unknown registry key in ResourceKey[minecraft:root / minecraft:item]: railways:track_tfc_douglas_fir_wide
[01Oct2026 14:09:47.289] [Worker-Main-9/ERROR] [net.minecraft.world.level.storage.loot.LootDataType/]: Couldn't parse element ResourceKey[minecraft:root / minecraft:loot_table]:railways:blocks/track_natures_spirit_palo_verde_wide - Unknown registry key in ResourceKey[minecraft:root / minecraft:item]: railways:track_natures_spirit_palo_verde_wide
[01Oct2026 14:09:47.289] [Worker-Main-9/ERROR] [net.minecraft.world.level.storage.loot.LootDataType/]: Couldn't parse element ResourceKey[minecraft:root / minecraft:loot_table]:railways:blocks/track_tfc_blackwood_narrow - Unknown registry key in ResourceKey[minecraft:root / minecraft:item]: railways:track_tfc_blackwood_narrow
[01Oct2026 14:09:47.289] [Worker-Main-9/ERROR] [net.minecraft.world.level.storage.loot.LootDataType/]: Couldn't parse element ResourceKey[minecraft:root / minecraft:loot_table]:railways:blocks/track_natures_spirit_fir - Unknown registry key in ResourceKey[minecraft:root / minecraft:item]: railways:track_natures_spirit_fir
[01Oct2026 14:09:47.289] [Worker-Main-9/ERROR] [net.minecraft.world.level.storage.loot.LootDataType/]: Couldn't parse element ResourceKey[minecraft:root / minecraft:loot_table]:railways:blocks/track_natures_spirit_olive - Unknown registry key in ResourceKey[minecraft:root / minecraft:item]: railways:track_natures_spirit_olive
[01Oct2026 14:09:47.289] [Worker-Main-9/ERROR] [net.minecraft.world.level.storage.loot.LootDataType/]: Couldn't parse element ResourceKey[minecraft:root / minecraft:loot_table]:railways:blocks/track_byg_imparius_narrow - Unknown registry key in ResourceKey[minecraft:root / minecraft:item]: railways:track_byg_imparius_narrow
[01Oct2026 14:09:47.289] [Worker-Main-9/ERROR] [net.minecraft.world.level.storage.loot.LootDataType/]: Couldn't parse element ResourceKey[minecraft:root / minecraft:loot_table]:railways:blocks/track_tfc_willow - Unknown registry key in ResourceKey[minecraft:root / minecraft:item]: railways:track_tfc_willow
[01Oct2026 14:09:47.290] [Worker-Main-9/ERROR] [net.minecraft.world.level.storage.loot.LootDataType/]: Couldn't parse element ResourceKey[minecraft:root / minecraft:loot_table]:railways:blocks/track_hexcasting_edified_wide - Unknown registry key in ResourceKey[minecraft:root / minecraft:item]: railways:track_hexcasting_edified_wide
[01Oct2026 14:09:47.290] [Worker-Main-9/ERROR] [net.minecraft.world.level.storage.loot.LootDataType/]: Couldn't parse element ResourceKey[minecraft:root / minecraft:loot_table]:railways:blocks/track_byg_witch_hazel_wide - Unknown registry key in ResourceKey[minecraft:root / minecraft:item]: railways:track_byg_witch_hazel_wide
[01Oct2026 14:09:47.290] [Worker-Main-9/ERROR] [net.minecraft.world.level.storage.loot.LootDataType/]: Couldn't parse element ResourceKey[minecraft:root / minecraft:loot_table]:railways:blocks/track_byg_willow_narrow - Unknown registry key in ResourceKey[minecraft:root / minecraft:item]: railways:track_byg_willow_narrow
[01Oct2026 14:09:47.290] [Worker-Main-9/ERROR] [net.minecraft.world.level.storage.loot.LootDataType/]: Couldn't parse element ResourceKey[minecraft:root / minecraft:loot_table]:railways:blocks/track_byg_baobab - Unknown registry key in ResourceKey[minecraft:root / minecraft:item]: railways:track_byg_baobab
[01Oct2026 14:09:47.291] [Worker-Main-9/ERROR] [net.minecraft.world.level.storage.loot.LootDataType/]: Couldn't parse element ResourceKey[minecraft:root / minecraft:loot_table]:railways:blocks/track_twilightforest_canopy - Unknown registry key in ResourceKey[minecraft:root / minecraft:item]: railways:track_twilightforest_canopy
[01Oct2026 14:09:47.291] [Worker-Main-9/ERROR] [net.minecraft.world.level.storage.loot.LootDataType/]: Couldn't parse element ResourceKey[minecraft:root / minecraft:loot_table]:railways:blocks/track_natures_spirit_fir_narrow - Unknown registry key in ResourceKey[minecraft:root / minecraft:item]: railways:track_natures_spirit_fir_narrow
[01Oct2026 14:09:47.291] [Worker-Main-9/ERROR] [net.minecraft.world.level.storage.loot.LootDataType/]: Couldn't parse element ResourceKey[minecraft:root / minecraft:loot_table]:railways:blocks/track_byg_palm_wide - Unknown registry key in ResourceKey[minecraft:root / minecraft:item]: railways:track_byg_palm_wide
[01Oct2026 14:09:47.291] [Worker-Main-9/ERROR] [net.minecraft.world.level.storage.loot.LootDataType/]: Couldn't parse element ResourceKey[minecraft:root / minecraft:loot_table]:railways:blocks/track_byg_pine_wide - Unknown registry key in ResourceKey[minecraft:root / minecraft:item]: railways:track_byg_pine_wide
[01Oct2026 14:09:47.291] [Worker-Main-9/ERROR] [net.minecraft.world.level.storage.loot.LootDataType/]: Couldn't parse element ResourceKey[minecraft:root / minecraft:loot_table]:railways:blocks/track_natures_spirit_sugi_narrow - Unknown registry key in ResourceKey[minecraft:root / minecraft:item]: railways:track_natures_spirit_sugi_narrow
[01Oct2026 14:09:47.291] [Worker-Main-9/ERROR] [net.minecraft.world.level.storage.loot.LootDataType/]: Couldn't parse element ResourceKey[minecraft:root / minecraft:loot_table]:railways:blocks/track_biomesoplenty_dead - Unknown registry key in ResourceKey[minecraft:root / minecraft:item]: railways:track_biomesoplenty_dead
[01Oct2026 14:09:47.291] [Worker-Main-9/ERROR] [net.minecraft.world.level.storage.loot.LootDataType/]: Couldn't parse element ResourceKey[minecraft:root / minecraft:loot_table]:railways:blocks/track_tfc_mangrove - Unknown registry key in ResourceKey[minecraft:root / minecraft:item]: railways:track_tfc_mangrove
[01Oct2026 14:09:47.292] [Worker-Main-9/ERROR] [net.minecraft.world.level.storage.loot.LootDataType/]: Couldn't parse element ResourceKey[minecraft:root / minecraft:loot_table]:railways:blocks/track_byg_cypress_wide - Unknown registry key in ResourceKey[minecraft:root / minecraft:item]: railways:track_byg_cypress_wide
[01Oct2026 14:09:47.292] [Worker-Main-9/ERROR] [net.minecraft.world.level.storage.loot.LootDataType/]: Couldn't parse element ResourceKey[minecraft:root / minecraft:loot_table]:railways:blocks/track_tfc_palm_narrow - Unknown registry key in ResourceKey[minecraft:root / minecraft:item]: railways:track_tfc_palm_narrow
[01Oct2026 14:09:47.292] [Worker-Main-9/ERROR] [net.minecraft.world.level.storage.loot.LootDataType/]: Couldn't parse element ResourceKey[minecraft:root / minecraft:loot_table]:railways:blocks/track_tfc_kapok_wide - Unknown registry key in ResourceKey[minecraft:root / minecraft:item]: railways:track_tfc_kapok_wide
[01Oct2026 14:09:47.292] [Worker-Main-9/ERROR] [net.minecraft.world.level.storage.loot.LootDataType/]: Couldn't parse element ResourceKey[minecraft:root / minecraft:loot_table]:railways:blocks/track_byg_maple_wide - Unknown registry key in ResourceKey[minecraft:root / minecraft:item]: railways:track_byg_maple_wide
[01Oct2026 14:09:47.292] [Worker-Main-9/ERROR] [net.minecraft.world.level.storage.loot.LootDataType/]: Couldn't parse element ResourceKey[minecraft:root / minecraft:loot_table]:railways:blocks/track_biomesoplenty_fir_wide - Unknown registry key in ResourceKey[minecraft:root / minecraft:item]: railways:track_biomesoplenty_fir_wide
[01Oct2026 14:09:47.292] [Worker-Main-9/ERROR] [net.minecraft.world.level.storage.loot.LootDataType/]: Couldn't parse element ResourceKey[minecraft:root / minecraft:loot_table]:railways:blocks/track_byg_maple - Unknown registry key in ResourceKey[minecraft:root / minecraft:item]: railways:track_byg_maple
[01Oct2026 14:09:47.292] [Worker-Main-9/ERROR] [net.minecraft.world.level.storage.loot.LootDataType/]: Couldn't parse element ResourceKey[minecraft:root / minecraft:loot_table]:railways:blocks/track_byg_lament_wide - Unknown registry key in ResourceKey[minecraft:root / minecraft:item]: railways:track_byg_lament_wide
[01Oct2026 14:09:47.292] [Worker-Main-9/ERROR] [net.minecraft.world.level.storage.loot.LootDataType/]: Couldn't parse element ResourceKey[minecraft:root / minecraft:loot_table]:railways:blocks/track_byg_blue_enchanted_narrow - Unknown registry key in ResourceKey[minecraft:root / minecraft:item]: railways:track_byg_blue_enchanted_narrow
[01Oct2026 14:09:47.294] [Worker-Main-9/ERROR] [net.minecraft.world.level.storage.loot.LootDataType/]: Couldn't parse element ResourceKey[minecraft:root / minecraft:loot_table]:railways:blocks/track_byg_mahogany_wide - Unknown registry key in ResourceKey[minecraft:root / minecraft:item]: railways:track_byg_mahogany_wide
[01Oct2026 14:09:47.294] [Worker-Main-9/ERROR] [net.minecraft.world.level.storage.loot.LootDataType/]: Couldn't parse element ResourceKey[minecraft:root / minecraft:loot_table]:railways:blocks/track_natures_spirit_ghaf - Unknown registry key in ResourceKey[minecraft:root / minecraft:item]: railways:track_natures_spirit_ghaf
[01Oct2026 14:09:47.294] [Worker-Main-9/ERROR] [net.minecraft.world.level.storage.loot.LootDataType/]: Couldn't parse element ResourceKey[minecraft:root / minecraft:loot_table]:railways:blocks/track_tfc_palm - Unknown registry key in ResourceKey[minecraft:root / minecraft:item]: railways:track_tfc_palm
[01Oct2026 14:09:47.295] [Worker-Main-9/ERROR] [net.minecraft.world.level.storage.loot.LootDataType/]: Couldn't parse element ResourceKey[minecraft:root / minecraft:loot_table]:railways:blocks/track_biomesoplenty_dead_wide - Unknown registry key in ResourceKey[minecraft:root / minecraft:item]: railways:track_biomesoplenty_dead_wide
[01Oct2026 14:09:47.295] [Worker-Main-9/ERROR] [net.minecraft.world.level.storage.loot.LootDataType/]: Couldn't parse element ResourceKey[minecraft:root / minecraft:loot_table]:railways:blocks/track_byg_blue_enchanted - Unknown registry key in ResourceKey[minecraft:root / minecraft:item]: railways:track_byg_blue_enchanted
[01Oct2026 14:09:47.296] [Worker-Main-9/ERROR] [net.minecraft.world.level.storage.loot.LootDataType/]: Couldn't parse element ResourceKey[minecraft:root / minecraft:loot_table]:railways:blocks/track_natures_spirit_maple_wide - Unknown registry key in ResourceKey[minecraft:root / minecraft:item]: railways:track_natures_spirit_maple_wide
[01Oct2026 14:09:47.296] [Worker-Main-9/ERROR] [net.minecraft.world.level.storage.loot.LootDataType/]: Couldn't parse element ResourceKey[minecraft:root / minecraft:loot_table]:railways:blocks/track_tfc_white_cedar_wide - Unknown registry key in ResourceKey[minecraft:root / minecraft:item]: railways:track_tfc_white_cedar_wide
[01Oct2026 14:09:47.296] [Worker-Main-9/ERROR] [net.minecraft.world.level.storage.loot.LootDataType/]: Couldn't parse element ResourceKey[minecraft:root / minecraft:loot_table]:railways:blocks/track_byg_imparius_wide - Unknown registry key in ResourceKey[minecraft:root / minecraft:item]: railways:track_byg_imparius_wide
[01Oct2026 14:09:47.296] [Worker-Main-9/ERROR] [net.minecraft.world.level.storage.loot.LootDataType/]: Couldn't parse element ResourceKey[minecraft:root / minecraft:loot_table]:railways:blocks/track_tfc_maple_narrow - Unknown registry key in ResourceKey[minecraft:root / minecraft:item]: railways:track_tfc_maple_narrow
[01Oct2026 14:09:47.297] [Worker-Main-9/ERROR] [net.minecraft.world.level.storage.loot.LootDataType/]: Couldn't parse element ResourceKey[minecraft:root / minecraft:loot_table]:railways:blocks/track_biomesoplenty_umbran - Unknown registry key in ResourceKey[minecraft:root / minecraft:item]: railways:track_biomesoplenty_umbran
[01Oct2026 14:09:47.298] [Worker-Main-9/ERROR] [net.minecraft.world.level.storage.loot.LootDataType/]: Couldn't parse element ResourceKey[minecraft:root / minecraft:loot_table]:railways:blocks/track_byg_palm - Unknown registry key in ResourceKey[minecraft:root / minecraft:item]: railways:track_byg_palm
[01Oct2026 14:09:47.298] [Worker-Main-9/ERROR] [net.minecraft.world.level.storage.loot.LootDataType/]: Couldn't parse element ResourceKey[minecraft:root / minecraft:loot_table]:railways:blocks/track_blue_skies_dusk_wide - Unknown registry key in ResourceKey[minecraft:root / minecraft:item]: railways:track_blue_skies_dusk_wide
[01Oct2026 14:09:47.298] [Worker-Main-9/ERROR] [net.minecraft.world.level.storage.loot.LootDataType/]: Couldn't parse element ResourceKey[minecraft:root / minecraft:loot_table]:railways:blocks/track_twilightforest_minewood - Unknown registry key in ResourceKey[minecraft:root / minecraft:item]: railways:track_twilightforest_minewood
[01Oct2026 14:09:47.298] [Worker-Main-9/ERROR] [net.minecraft.world.level.storage.loot.LootDataType/]: Couldn't parse element ResourceKey[minecraft:root / minecraft:loot_table]:railways:blocks/track_blue_skies_frostbright_wide - Unknown registry key in ResourceKey[minecraft:root / minecraft:item]: railways:track_blue_skies_frostbright_wide
[01Oct2026 14:09:47.299] [Worker-Main-9/ERROR] [net.minecraft.world.level.storage.loot.LootDataType/]: Couldn't parse element ResourceKey[minecraft:root / minecraft:loot_table]:railways:blocks/track_byg_pine_narrow - Unknown registry key in ResourceKey[minecraft:root / minecraft:item]: railways:track_byg_pine_narrow
[01Oct2026 14:09:47.300] [Worker-Main-9/ERROR] [net.minecraft.world.level.storage.loot.LootDataType/]: Couldn't parse element ResourceKey[minecraft:root / minecraft:loot_table]:railways:blocks/track_natures_spirit_olive_wide - Unknown registry key in ResourceKey[minecraft:root / minecraft:item]: railways:track_natures_spirit_olive_wide
[01Oct2026 14:09:47.300] [Worker-Main-9/ERROR] [net.minecraft.world.level.storage.loot.LootDataType/]: Couldn't parse element ResourceKey[minecraft:root / minecraft:loot_table]:railways:blocks/track_natures_spirit_sugi_wide - Unknown registry key in ResourceKey[minecraft:root / minecraft:item]: railways:track_natures_spirit_sugi_wide
[01Oct2026 14:09:47.300] [Worker-Main-9/ERROR] [net.minecraft.world.level.storage.loot.LootDataType/]: Couldn't parse element ResourceKey[minecraft:root / minecraft:loot_table]:railways:blocks/track_byg_aspen_narrow - Unknown registry key in ResourceKey[minecraft:root / minecraft:item]: railways:track_byg_aspen_narrow
[01Oct2026 14:09:47.300] [Worker-Main-9/ERROR] [net.minecraft.world.level.storage.loot.LootDataType/]: Couldn't parse element ResourceKey[minecraft:root / minecraft:loot_table]:railways:blocks/track_tfc_sequoia_narrow - Unknown registry key in ResourceKey[minecraft:root / minecraft:item]: railways:track_tfc_sequoia_narrow
[01Oct2026 14:09:47.300] [Worker-Main-9/ERROR] [net.minecraft.world.level.storage.loot.LootDataType/]: Couldn't parse element ResourceKey[minecraft:root / minecraft:loot_table]:railways:blocks/track_twilightforest_sortingwood_narrow - Unknown registry key in ResourceKey[minecraft:root / minecraft:item]: railways:track_twilightforest_sortingwood_narrow
[01Oct2026 14:09:47.301] [Worker-Main-9/ERROR] [net.minecraft.world.level.storage.loot.LootDataType/]: Couldn't parse element ResourceKey[minecraft:root / minecraft:loot_table]:railways:blocks/track_tfc_spruce - Unknown registry key in ResourceKey[minecraft:root / minecraft:item]: railways:track_tfc_spruce
[01Oct2026 14:09:47.301] [Worker-Main-9/ERROR] [net.minecraft.world.level.storage.loot.LootDataType/]: Couldn't parse element ResourceKey[minecraft:root / minecraft:loot_table]:railways:blocks/track_tfc_douglas_fir_narrow - Unknown registry key in ResourceKey[minecraft:root / minecraft:item]: railways:track_tfc_douglas_fir_narrow
[01Oct2026 14:09:47.301] [Worker-Main-9/ERROR] [net.minecraft.world.level.storage.loot.LootDataType/]: Couldn't parse element ResourceKey[minecraft:root / minecraft:loot_table]:railways:blocks/track_biomesoplenty_hellbark_narrow - Unknown registry key in ResourceKey[minecraft:root / minecraft:item]: railways:track_biomesoplenty_hellbark_narrow
[01Oct2026 14:09:47.301] [Worker-Main-9/ERROR] [net.minecraft.world.level.storage.loot.LootDataType/]: Couldn't parse element ResourceKey[minecraft:root / minecraft:loot_table]:railways:blocks/track_tfc_white_cedar_narrow - Unknown registry key in ResourceKey[minecraft:root / minecraft:item]: railways:track_tfc_white_cedar_narrow
[01Oct2026 14:09:47.302] [Worker-Main-9/ERROR] [net.minecraft.world.level.storage.loot.LootDataType/]: Couldn't parse element ResourceKey[minecraft:root / minecraft:loot_table]:railways:blocks/track_byg_fir - Unknown registry key in ResourceKey[minecraft:root / minecraft:item]: railways:track_byg_fir
[01Oct2026 14:09:47.302] [Worker-Main-9/ERROR] [net.minecraft.world.level.storage.loot.LootDataType/]: Couldn't parse element ResourceKey[minecraft:root / minecraft:loot_table]:railways:blocks/track_natures_spirit_aspen_narrow - Unknown registry key in ResourceKey[minecraft:root / minecraft:item]: railways:track_natures_spirit_aspen_narrow
[01Oct2026 14:09:47.302] [Worker-Main-9/ERROR] [net.minecraft.world.level.storage.loot.LootDataType/]: Couldn't parse element ResourceKey[minecraft:root / minecraft:loot_table]:railways:blocks/track_tfc_pine_wide - Unknown registry key in ResourceKey[minecraft:root / minecraft:item]: railways:track_tfc_pine_wide
[01Oct2026 14:09:47.303] [Worker-Main-9/ERROR] [net.minecraft.world.level.storage.loot.LootDataType/]: Couldn't parse element ResourceKey[minecraft:root / minecraft:loot_table]:railways:blocks/track_byg_rainbow_eucalyptus - Unknown registry key in ResourceKey[minecraft:root / minecraft:item]: railways:track_byg_rainbow_eucalyptus
[01Oct2026 14:09:47.303] [Worker-Main-9/ERROR] [net.minecraft.world.level.storage.loot.LootDataType/]: Couldn't parse element ResourceKey[minecraft:root / minecraft:loot_table]:railways:blocks/track_twilightforest_darkwood_wide - Unknown registry key in ResourceKey[minecraft:root / minecraft:item]: railways:track_twilightforest_darkwood_wide
[01Oct2026 14:09:47.303] [Worker-Main-9/ERROR] [net.minecraft.world.level.storage.loot.LootDataType/]: Couldn't parse element ResourceKey[minecraft:root / minecraft:loot_table]:railways:blocks/track_tfc_mangrove_wide - Unknown registry key in ResourceKey[minecraft:root / minecraft:item]: railways:track_tfc_mangrove_wide
[01Oct2026 14:09:47.304] [Worker-Main-9/ERROR] [net.minecraft.world.level.storage.loot.LootDataType/]: Couldn't parse element ResourceKey[minecraft:root / minecraft:loot_table]:railways:blocks/track_tfc_ash - Unknown registry key in ResourceKey[minecraft:root / minecraft:item]: railways:track_tfc_ash
[01Oct2026 14:09:47.304] [Worker-Main-9/ERROR] [net.minecraft.world.level.storage.loot.LootDataType/]: Couldn't parse element ResourceKey[minecraft:root / minecraft:loot_table]:railways:blocks/track_byg_redwood - Unknown registry key in ResourceKey[minecraft:root / minecraft:item]: railways:track_byg_redwood
[01Oct2026 14:09:47.304] [Worker-Main-9/ERROR] [net.minecraft.world.level.storage.loot.LootDataType/]: Couldn't parse element ResourceKey[minecraft:root / minecraft:loot_table]:railways:blocks/track_create_dd_rubber_wide - Unknown registry key in ResourceKey[minecraft:root / minecraft:item]: railways:track_create_dd_rubber_wide
[01Oct2026 14:09:47.304] [Worker-Main-9/ERROR] [net.minecraft.world.level.storage.loot.LootDataType/]: Couldn't parse element ResourceKey[minecraft:root / minecraft:loot_table]:railways:blocks/track_natures_spirit_ghaf_wide - Unknown registry key in ResourceKey[minecraft:root / minecraft:item]: railways:track_natures_spirit_ghaf_wide
[01Oct2026 14:09:47.305] [Worker-Main-9/ERROR] [net.minecraft.world.level.storage.loot.LootDataType/]: Couldn't parse element ResourceKey[minecraft:root / minecraft:loot_table]:railways:blocks/track_natures_spirit_wisteria_narrow - Unknown registry key in ResourceKey[minecraft:root / minecraft:item]: railways:track_natures_spirit_wisteria_narrow
[01Oct2026 14:09:47.306] [Worker-Main-9/ERROR] [net.minecraft.world.level.storage.loot.LootDataType/]: Couldn't parse element ResourceKey[minecraft:root / minecraft:loot_table]:railways:blocks/track_natures_spirit_palo_verde - Unknown registry key in ResourceKey[minecraft:root / minecraft:item]: railways:track_natures_spirit_palo_verde
[01Oct2026 14:09:47.306] [Worker-Main-9/ERROR] [net.minecraft.world.level.storage.loot.LootDataType/]: Couldn't parse element ResourceKey[minecraft:root / minecraft:loot_table]:railways:blocks/track_tfc_sequoia - Unknown registry key in ResourceKey[minecraft:root / minecraft:item]: railways:track_tfc_sequoia
[01Oct2026 14:09:47.306] [Worker-Main-9/ERROR] [net.minecraft.world.level.storage.loot.LootDataType/]: Couldn't parse element ResourceKey[minecraft:root / minecraft:loot_table]:railways:blocks/track_byg_holly - Unknown registry key in ResourceKey[minecraft:root / minecraft:item]: railways:track_byg_holly
[01Oct2026 14:09:47.306] [Worker-Main-9/ERROR] [net.minecraft.world.level.storage.loot.LootDataType/]: Couldn't parse element ResourceKey[minecraft:root / minecraft:loot_table]:railways:blocks/track_biomesoplenty_palm_wide - Unknown registry key in ResourceKey[minecraft:root / minecraft:item]: railways:track_biomesoplenty_palm_wide
[01Oct2026 14:09:47.306] [Worker-Main-9/ERROR] [net.minecraft.world.level.storage.loot.LootDataType/]: Couldn't parse element ResourceKey[minecraft:root / minecraft:loot_table]:railways:blocks/track_tfc_maple_wide - Unknown registry key in ResourceKey[minecraft:root / minecraft:item]: railways:track_tfc_maple_wide
[01Oct2026 14:09:47.306] [Worker-Main-9/ERROR] [net.minecraft.world.level.storage.loot.LootDataType/]: Couldn't parse element ResourceKey[minecraft:root / minecraft:loot_table]:railways:blocks/track_blue_skies_lunar - Unknown registry key in ResourceKey[minecraft:root / minecraft:item]: railways:track_blue_skies_lunar
[01Oct2026 14:09:47.306] [Worker-Main-9/ERROR] [net.minecraft.world.level.storage.loot.LootDataType/]: Couldn't parse element ResourceKey[minecraft:root / minecraft:loot_table]:railways:blocks/track_natures_spirit_redwood_wide - Unknown registry key in ResourceKey[minecraft:root / minecraft:item]: railways:track_natures_spirit_redwood_wide
[01Oct2026 14:09:47.306] [Worker-Main-9/ERROR] [net.minecraft.world.level.storage.loot.LootDataType/]: Couldn't parse element ResourceKey[minecraft:root / minecraft:loot_table]:railways:blocks/track_blue_skies_lunar_narrow - Unknown registry key in ResourceKey[minecraft:root / minecraft:item]: railways:track_blue_skies_lunar_narrow
[01Oct2026 14:09:47.307] [Worker-Main-9/ERROR] [net.minecraft.world.level.storage.loot.LootDataType/]: Couldn't parse element ResourceKey[minecraft:root / minecraft:loot_table]:railways:blocks/track_byg_lament - Unknown registry key in ResourceKey[minecraft:root / minecraft:item]: railways:track_byg_lament
[01Oct2026 14:09:47.307] [Worker-Main-9/ERROR] [net.minecraft.world.level.storage.loot.LootDataType/]: Couldn't parse element ResourceKey[minecraft:root / minecraft:loot_table]:railways:blocks/track_natures_spirit_aspen_wide - Unknown registry key in ResourceKey[minecraft:root / minecraft:item]: railways:track_natures_spirit_aspen_wide
[01Oct2026 14:09:47.310] [Worker-Main-9/ERROR] [net.minecraft.world.level.storage.loot.LootDataType/]: Couldn't parse element ResourceKey[minecraft:root / minecraft:loot_table]:railways:blocks/track_tfc_sycamore_narrow - Unknown registry key in ResourceKey[minecraft:root / minecraft:item]: railways:track_tfc_sycamore_narrow
[01Oct2026 14:09:47.310] [Worker-Main-9/ERROR] [net.minecraft.world.level.storage.loot.LootDataType/]: Couldn't parse element ResourceKey[minecraft:root / minecraft:loot_table]:railways:blocks/track_byg_ebony_narrow - Unknown registry key in ResourceKey[minecraft:root / minecraft:item]: railways:track_byg_ebony_narrow
[01Oct2026 14:09:47.310] [Worker-Main-9/ERROR] [net.minecraft.world.level.storage.loot.LootDataType/]: Couldn't parse element ResourceKey[minecraft:root / minecraft:loot_table]:railways:blocks/track_byg_holly_wide - Unknown registry key in ResourceKey[minecraft:root / minecraft:item]: railways:track_byg_holly_wide
[01Oct2026 14:09:47.310] [Worker-Main-9/ERROR] [net.minecraft.world.level.storage.loot.LootDataType/]: Couldn't parse element ResourceKey[minecraft:root / minecraft:loot_table]:railways:blocks/track_tfc_aspen_narrow - Unknown registry key in ResourceKey[minecraft:root / minecraft:item]: railways:track_tfc_aspen_narrow
[01Oct2026 14:09:47.310] [Worker-Main-9/ERROR] [net.minecraft.world.level.storage.loot.LootDataType/]: Couldn't parse element ResourceKey[minecraft:root / minecraft:loot_table]:railways:blocks/track_natures_spirit_redwood_narrow - Unknown registry key in ResourceKey[minecraft:root / minecraft:item]: railways:track_natures_spirit_redwood_narrow
[01Oct2026 14:09:47.310] [Worker-Main-9/ERROR] [net.minecraft.world.level.storage.loot.LootDataType/]: Couldn't parse element ResourceKey[minecraft:root / minecraft:loot_table]:railways:blocks/track_create_dd_spirit_wide - Unknown registry key in ResourceKey[minecraft:root / minecraft:item]: railways:track_create_dd_spirit_wide
[01Oct2026 14:09:47.310] [Worker-Main-9/ERROR] [net.minecraft.world.level.storage.loot.LootDataType/]: Couldn't parse element ResourceKey[minecraft:root / minecraft:loot_table]:railways:blocks/track_create_dd_smoked_wide - Unknown registry key in ResourceKey[minecraft:root / minecraft:item]: railways:track_create_dd_smoked_wide
[01Oct2026 14:09:47.310] [Worker-Main-9/ERROR] [net.minecraft.world.level.storage.loot.LootDataType/]: Couldn't parse element ResourceKey[minecraft:root / minecraft:loot_table]:railways:blocks/track_quark_blossom_wide - Unknown registry key in ResourceKey[minecraft:root / minecraft:item]: railways:track_quark_blossom_wide
[01Oct2026 14:09:47.310] [Worker-Main-9/ERROR] [net.minecraft.world.level.storage.loot.LootDataType/]: Couldn't parse element ResourceKey[minecraft:root / minecraft:loot_table]:railways:blocks/track_biomesoplenty_magic - Unknown registry key in ResourceKey[minecraft:root / minecraft:item]: railways:track_biomesoplenty_magic
[01Oct2026 14:09:47.310] [Worker-Main-9/ERROR] [net.minecraft.world.level.storage.loot.LootDataType/]: Couldn't parse element ResourceKey[minecraft:root / minecraft:loot_table]:railways:blocks/track_twilightforest_canopy_wide - Unknown registry key in ResourceKey[minecraft:root / minecraft:item]: railways:track_twilightforest_canopy_wide
[01Oct2026 14:09:47.312] [Worker-Main-9/ERROR] [net.minecraft.world.level.storage.loot.LootDataType/]: Couldn't parse element ResourceKey[minecraft:root / minecraft:loot_table]:railways:blocks/track_byg_ether - Unknown registry key in ResourceKey[minecraft:root / minecraft:item]: railways:track_byg_ether
[01Oct2026 14:09:47.312] [Worker-Main-9/ERROR] [net.minecraft.world.level.storage.loot.LootDataType/]: Couldn't parse element ResourceKey[minecraft:root / minecraft:loot_table]:railways:blocks/track_biomesoplenty_willow_wide - Unknown registry key in ResourceKey[minecraft:root / minecraft:item]: railways:track_biomesoplenty_willow_wide
[01Oct2026 14:09:47.312] [Worker-Main-9/ERROR] [net.minecraft.world.level.storage.loot.LootDataType/]: Couldn't parse element ResourceKey[minecraft:root / minecraft:loot_table]:railways:blocks/track_blue_skies_starlit_wide - Unknown registry key in ResourceKey[minecraft:root / minecraft:item]: railways:track_blue_skies_starlit_wide
[01Oct2026 14:09:47.312] [Worker-Main-9/ERROR] [net.minecraft.world.level.storage.loot.LootDataType/]: Couldn't parse element ResourceKey[minecraft:root / minecraft:loot_table]:railways:blocks/track_natures_spirit_ghaf_narrow - Unknown registry key in ResourceKey[minecraft:root / minecraft:item]: railways:track_natures_spirit_ghaf_narrow
[01Oct2026 14:09:47.313] [Worker-Main-9/ERROR] [net.minecraft.world.level.storage.loot.LootDataType/]: Couldn't parse element ResourceKey[minecraft:root / minecraft:loot_table]:railways:blocks/track_byg_cika - Unknown registry key in ResourceKey[minecraft:root / minecraft:item]: railways:track_byg_cika
[01Oct2026 14:09:47.313] [Worker-Main-9/ERROR] [net.minecraft.world.level.storage.loot.LootDataType/]: Couldn't parse element ResourceKey[minecraft:root / minecraft:loot_table]:railways:blocks/track_biomesoplenty_palm_narrow - Unknown registry key in ResourceKey[minecraft:root / minecraft:item]: railways:track_biomesoplenty_palm_narrow
[01Oct2026 14:09:47.313] [Worker-Main-9/ERROR] [net.minecraft.world.level.storage.loot.LootDataType/]: Couldn't parse element ResourceKey[minecraft:root / minecraft:loot_table]:railways:blocks/track_byg_witch_hazel - Unknown registry key in ResourceKey[minecraft:root / minecraft:item]: railways:track_byg_witch_hazel
[01Oct2026 14:09:47.313] [Worker-Main-9/ERROR] [net.minecraft.world.level.storage.loot.LootDataType/]: Couldn't parse element ResourceKey[minecraft:root / minecraft:loot_table]:railways:blocks/track_natures_spirit_willow_wide - Unknown registry key in ResourceKey[minecraft:root / minecraft:item]: railways:track_natures_spirit_willow_wide
[01Oct2026 14:09:47.313] [Worker-Main-9/ERROR] [net.minecraft.world.level.storage.loot.LootDataType/]: Couldn't parse element ResourceKey[minecraft:root / minecraft:loot_table]:railways:blocks/track_quark_blossom - Unknown registry key in ResourceKey[minecraft:root / minecraft:item]: railways:track_quark_blossom
[01Oct2026 14:09:47.313] [Worker-Main-9/ERROR] [net.minecraft.world.level.storage.loot.LootDataType/]: Couldn't parse element ResourceKey[minecraft:root / minecraft:loot_table]:railways:blocks/track_biomesoplenty_jacaranda_narrow - Unknown registry key in ResourceKey[minecraft:root / minecraft:item]: railways:track_biomesoplenty_jacaranda_narrow
[01Oct2026 14:09:47.314] [Worker-Main-9/ERROR] [net.minecraft.world.level.storage.loot.LootDataType/]: Couldn't parse element ResourceKey[minecraft:root / minecraft:loot_table]:railways:blocks/track_quark_azalea_wide - Unknown registry key in ResourceKey[minecraft:root / minecraft:item]: railways:track_quark_azalea_wide
[01Oct2026 14:09:47.314] [Worker-Main-9/ERROR] [net.minecraft.world.level.storage.loot.LootDataType/]: Couldn't parse element ResourceKey[minecraft:root / minecraft:loot_table]:railways:blocks/track_byg_cypress - Unknown registry key in ResourceKey[minecraft:root / minecraft:item]: railways:track_byg_cypress
[01Oct2026 14:09:47.314] [Worker-Main-9/ERROR] [net.minecraft.world.level.storage.loot.LootDataType/]: Couldn't parse element ResourceKey[minecraft:root / minecraft:loot_table]:railways:blocks/track_natures_spirit_joshua - Unknown registry key in ResourceKey[minecraft:root / minecraft:item]: railways:track_natures_spirit_joshua
[01Oct2026 14:09:47.315] [Worker-Main-9/ERROR] [net.minecraft.world.level.storage.loot.LootDataType/]: Couldn't parse element ResourceKey[minecraft:root / minecraft:loot_table]:railways:blocks/track_twilightforest_twilight_oak_narrow - Unknown registry key in ResourceKey[minecraft:root / minecraft:item]: railways:track_twilightforest_twilight_oak_narrow
[01Oct2026 14:09:47.315] [Worker-Main-9/ERROR] [net.minecraft.world.level.storage.loot.LootDataType/]: Couldn't parse element ResourceKey[minecraft:root / minecraft:loot_table]:railways:blocks/track_byg_bulbis - Unknown registry key in ResourceKey[minecraft:root / minecraft:item]: railways:track_byg_bulbis
[01Oct2026 14:09:47.315] [Worker-Main-9/ERROR] [net.minecraft.world.level.storage.loot.LootDataType/]: Couldn't parse element ResourceKey[minecraft:root / minecraft:loot_table]:railways:blocks/track_byg_cypress_narrow - Unknown registry key in ResourceKey[minecraft:root / minecraft:item]: railways:track_byg_cypress_narrow
[01Oct2026 14:09:47.315] [Worker-Main-9/ERROR] [net.minecraft.world.level.storage.loot.LootDataType/]: Couldn't parse element ResourceKey[minecraft:root / minecraft:loot_table]:railways:blocks/track_byg_sythian - Unknown registry key in ResourceKey[minecraft:root / minecraft:item]: railways:track_byg_sythian
[01Oct2026 14:09:47.316] [Worker-Main-9/ERROR] [net.minecraft.world.level.storage.loot.LootDataType/]: Couldn't parse element ResourceKey[minecraft:root / minecraft:loot_table]:railways:blocks/track_blue_skies_maple_wide - Unknown registry key in ResourceKey[minecraft:root / minecraft:item]: railways:track_blue_skies_maple_wide
[01Oct2026 14:09:47.316] [Worker-Main-9/ERROR] [net.minecraft.world.level.storage.loot.LootDataType/]: Couldn't parse element ResourceKey[minecraft:root / minecraft:loot_table]:railways:blocks/track_biomesoplenty_redwood_wide - Unknown registry key in ResourceKey[minecraft:root / minecraft:item]: railways:track_biomesoplenty_redwood_wide
[01Oct2026 14:09:47.316] [Worker-Main-9/ERROR] [net.minecraft.world.level.storage.loot.LootDataType/]: Couldn't parse element ResourceKey[minecraft:root / minecraft:loot_table]:railways:blocks/track_biomesoplenty_fir - Unknown registry key in ResourceKey[minecraft:root / minecraft:item]: railways:track_biomesoplenty_fir
[01Oct2026 14:09:47.316] [Worker-Main-9/ERROR] [net.minecraft.world.level.storage.loot.LootDataType/]: Couldn't parse element ResourceKey[minecraft:root / minecraft:loot_table]:railways:blocks/track_natures_spirit_maple_narrow - Unknown registry key in ResourceKey[minecraft:root / minecraft:item]: railways:track_natures_spirit_maple_narrow
[01Oct2026 14:09:47.317] [Worker-Main-9/ERROR] [net.minecraft.world.level.storage.loot.LootDataType/]: Couldn't parse element ResourceKey[minecraft:root / minecraft:loot_table]:railways:blocks/track_biomesoplenty_willow_narrow - Unknown registry key in ResourceKey[minecraft:root / minecraft:item]: railways:track_biomesoplenty_willow_narrow
[01Oct2026 14:09:47.317] [Worker-Main-9/ERROR] [net.minecraft.world.level.storage.loot.LootDataType/]: Couldn't parse element ResourceKey[minecraft:root / minecraft:loot_table]:railways:blocks/track_twilightforest_timewood_narrow - Unknown registry key in ResourceKey[minecraft:root / minecraft:item]: railways:track_twilightforest_timewood_narrow
[01Oct2026 14:09:47.317] [Worker-Main-9/ERROR] [net.minecraft.world.level.storage.loot.LootDataType/]: Couldn't parse element ResourceKey[minecraft:root / minecraft:loot_table]:railways:blocks/track_quark_azalea - Unknown registry key in ResourceKey[minecraft:root / minecraft:item]: railways:track_quark_azalea
[01Oct2026 14:09:47.318] [Worker-Main-9/ERROR] [net.minecraft.world.level.storage.loot.LootDataType/]: Couldn't parse element ResourceKey[minecraft:root / minecraft:loot_table]:railways:blocks/track_twilightforest_timewood_wide - Unknown registry key in ResourceKey[minecraft:root / minecraft:item]: railways:track_twilightforest_timewood_wide
[01Oct2026 14:09:47.318] [Worker-Main-9/ERROR] [net.minecraft.world.level.storage.loot.LootDataType/]: Couldn't parse element ResourceKey[minecraft:root / minecraft:loot_table]:railways:blocks/track_tfc_birch - Unknown registry key in ResourceKey[minecraft:root / minecraft:item]: railways:track_tfc_birch
[01Oct2026 14:09:47.319] [Worker-Main-9/ERROR] [net.minecraft.world.level.storage.loot.LootDataType/]: Couldn't parse element ResourceKey[minecraft:root / minecraft:loot_table]:railways:blocks/track_byg_skyris_wide - Unknown registry key in ResourceKey[minecraft:root / minecraft:item]: railways:track_byg_skyris_wide
[01Oct2026 14:09:47.319] [Worker-Main-9/ERROR] [net.minecraft.world.level.storage.loot.LootDataType/]: Couldn't parse element ResourceKey[minecraft:root / minecraft:loot_table]:railways:blocks/track_biomesoplenty_jacaranda - Unknown registry key in ResourceKey[minecraft:root / minecraft:item]: railways:track_biomesoplenty_jacaranda
[01Oct2026 14:09:47.321] [Worker-Main-9/ERROR] [net.minecraft.world.level.storage.loot.LootDataType/]: Couldn't parse element ResourceKey[minecraft:root / minecraft:loot_table]:railways:blocks/track_twilightforest_transwood - Unknown registry key in ResourceKey[minecraft:root / minecraft:item]: railways:track_twilightforest_transwood
[01Oct2026 14:09:47.322] [Worker-Main-9/ERROR] [net.minecraft.world.level.storage.loot.LootDataType/]: Couldn't parse element ResourceKey[minecraft:root / minecraft:loot_table]:railways:blocks/track_biomesoplenty_hellbark - Unknown registry key in ResourceKey[minecraft:root / minecraft:item]: railways:track_biomesoplenty_hellbark
[01Oct2026 14:09:47.322] [Worker-Main-9/ERROR] [net.minecraft.world.level.storage.loot.LootDataType/]: Couldn't parse element ResourceKey[minecraft:root / minecraft:loot_table]:railways:blocks/track_tfc_pine_narrow - Unknown registry key in ResourceKey[minecraft:root / minecraft:item]: railways:track_tfc_pine_narrow
[01Oct2026 14:09:47.322] [Worker-Main-9/ERROR] [net.minecraft.world.level.storage.loot.LootDataType/]: Couldn't parse element ResourceKey[minecraft:root / minecraft:loot_table]:railways:blocks/track_biomesoplenty_redwood_narrow - Unknown registry key in ResourceKey[minecraft:root / minecraft:item]: railways:track_biomesoplenty_redwood_narrow
[01Oct2026 14:09:47.323] [Worker-Main-9/ERROR] [net.minecraft.world.level.storage.loot.LootDataType/]: Couldn't parse element ResourceKey[minecraft:root / minecraft:loot_table]:railways:blocks/track_create_dd_smoked_narrow - Unknown registry key in ResourceKey[minecraft:root / minecraft:item]: railways:track_create_dd_smoked_narrow
[01Oct2026 14:09:47.591] [Server thread/INFO] [net.minecraft.world.item.crafting.RecipeManager/]: Loaded 4110 recipes
[01Oct2026 14:09:47.707] [Server thread/INFO] [net.minecraft.advancements.AdvancementTree/]: Loaded 3670 advancements
[01Oct2026 14:09:47.711] [Server thread/INFO] [com.stonytark.magnetization.content.gas.GasExcitationProfiles/]: Loaded 0 gas excitation fluid profile bindings
[01Oct2026 14:09:47.722] [Server thread/WARN] [net.minecraft.core.MappedRegistry/]: Not all defined tags for registry ResourceKey[minecraft:root / minecraft:item] are present in data pack: c:ingots/aluminum
[01Oct2026 14:09:49.001] [Server thread/INFO] [magnetization/]: Stripped 1 recipe(s) producing disabled magnetization content.
[01Oct2026 14:09:49.047] [Server thread/INFO] [magnetization/validation-audit/]: VALIDATION_NATIVE_CRAFT_PASS material=magnetization:raw_magnetite consumed=book+material output=1 patchouli:guide_book
[01Oct2026 14:09:49.054] [Server thread/INFO] [magnetization/validation-audit/]: VALIDATION_NATIVE_CRAFT_PASS material=minecraft:iron_ingot consumed=book+material output=1 patchouli:guide_book
[01Oct2026 14:09:49.057] [Server thread/INFO] [magnetization/validation-audit/]: VALIDATION_NATIVE_CRAFT_PASS material=minecraft:lodestone consumed=book+material output=1 patchouli:guide_book
[01Oct2026 14:09:49.058] [Server thread/INFO] [magnetization/validation-audit/]: VALIDATION_RECIPES_PASS magnetite=true iron=true lodestone=true
[01Oct2026 14:09:49.060] [Server thread/INFO] [magnetization/validation-audit/]: VALIDATION_CONFIG_EDIT fieldManualMagnetiteRecipeEnabled=false
[01Oct2026 14:09:50.623] [Worker-Main-17/ERROR] [net.minecraft.world.level.storage.loot.LootDataType/]: Couldn't parse element ResourceKey[minecraft:root / minecraft:loot_table]:railways:blocks/track_byg_witch_hazel_narrow - Unknown registry key in ResourceKey[minecraft:root / minecraft:item]: railways:track_byg_witch_hazel_narrow
[01Oct2026 14:09:50.624] [Worker-Main-17/ERROR] [net.minecraft.world.level.storage.loot.LootDataType/]: Couldn't parse element ResourceKey[minecraft:root / minecraft:loot_table]:railways:blocks/track_tfc_acacia - Unknown registry key in ResourceKey[minecraft:root / minecraft:item]: railways:track_tfc_acacia
[01Oct2026 14:09:50.624] [Worker-Main-17/ERROR] [net.minecraft.world.level.storage.loot.LootDataType/]: Couldn't parse element ResourceKey[minecraft:root / minecraft:loot_table]:railways:blocks/track_biomesoplenty_mahogany_narrow - Unknown registry key in ResourceKey[minecraft:root / minecraft:item]: railways:track_biomesoplenty_mahogany_narrow
[01Oct2026 14:09:50.625] [Worker-Main-17/ERROR] [net.minecraft.world.level.storage.loot.LootDataType/]: Couldn't parse element ResourceKey[minecraft:root / minecraft:loot_table]:railways:blocks/track_natures_spirit_joshua_wide - Unknown registry key in ResourceKey[minecraft:root / minecraft:item]: railways:track_natures_spirit_joshua_wide
[01Oct2026 14:09:50.625] [Worker-Main-17/ERROR] [net.minecraft.world.level.storage.loot.LootDataType/]: Couldn't parse element ResourceKey[minecraft:root / minecraft:loot_table]:railways:blocks/track_byg_rainbow_eucalyptus_wide - Unknown registry key in ResourceKey[minecraft:root / minecraft:item]: railways:track_byg_rainbow_eucalyptus_wide
[01Oct2026 14:09:50.626] [Worker-Main-17/ERROR] [net.minecraft.world.level.storage.loot.LootDataType/]: Couldn't parse element ResourceKey[minecraft:root / minecraft:loot_table]:railways:blocks/track_byg_bulbis_narrow - Unknown registry key in ResourceKey[minecraft:root / minecraft:item]: railways:track_byg_bulbis_narrow
[01Oct2026 14:09:50.626] [Worker-Main-17/ERROR] [net.minecraft.world.level.storage.loot.LootDataType/]: Couldn't parse element ResourceKey[minecraft:root / minecraft:loot_table]:railways:blocks/track_twilightforest_sortingwood_wide - Unknown registry key in ResourceKey[minecraft:root / minecraft:item]: railways:track_twilightforest_sortingwood_wide
[01Oct2026 14:09:50.626] [Worker-Main-17/ERROR] [net.minecraft.world.level.storage.loot.LootDataType/]: Couldn't parse element ResourceKey[minecraft:root / minecraft:loot_table]:railways:blocks/track_twilightforest_darkwood - Unknown registry key in ResourceKey[minecraft:root / minecraft:item]: railways:track_twilightforest_darkwood
[01Oct2026 14:09:50.626] [Worker-Main-17/ERROR] [net.minecraft.world.level.storage.loot.LootDataType/]: Couldn't parse element ResourceKey[minecraft:root / minecraft:loot_table]:railways:blocks/track_blue_skies_starlit - Unknown registry key in ResourceKey[minecraft:root / minecraft:item]: railways:track_blue_skies_starlit
[01Oct2026 14:09:50.626] [Worker-Main-17/ERROR] [net.minecraft.world.level.storage.loot.LootDataType/]: Couldn't parse element ResourceKey[minecraft:root / minecraft:loot_table]:railways:blocks/track_byg_embur - Unknown registry key in ResourceKey[minecraft:root / minecraft:item]: railways:track_byg_embur
[01Oct2026 14:09:50.626] [Worker-Main-17/ERROR] [net.minecraft.world.level.storage.loot.LootDataType/]: Couldn't parse element ResourceKey[minecraft:root / minecraft:loot_table]:railways:blocks/track_byg_green_enchanted_wide - Unknown registry key in ResourceKey[minecraft:root / minecraft:item]: railways:track_byg_green_enchanted_wide
[01Oct2026 14:09:50.626] [Worker-Main-17/ERROR] [net.minecraft.world.level.storage.loot.LootDataType/]: Couldn't parse element ResourceKey[minecraft:root / minecraft:loot_table]:railways:blocks/track_quark_ancient_wide - Unknown registry key in ResourceKey[minecraft:root / minecraft:item]: railways:track_quark_ancient_wide
[01Oct2026 14:09:50.627] [Worker-Main-17/ERROR] [net.minecraft.world.level.storage.loot.LootDataType/]: Couldn't parse element ResourceKey[minecraft:root / minecraft:loot_table]:railways:blocks/track_byg_nightshade_narrow - Unknown registry key in ResourceKey[minecraft:root / minecraft:item]: railways:track_byg_nightshade_narrow
[01Oct2026 14:09:50.627] [Worker-Main-17/ERROR] [net.minecraft.world.level.storage.loot.LootDataType/]: Couldn't parse element ResourceKey[minecraft:root / minecraft:loot_table]:railways:blocks/track_tfc_chestnut_narrow - Unknown registry key in ResourceKey[minecraft:root / minecraft:item]: railways:track_tfc_chestnut_narrow
[01Oct2026 14:09:50.627] [Worker-Main-17/ERROR] [net.minecraft.world.level.storage.loot.LootDataType/]: Couldn't parse element ResourceKey[minecraft:root / minecraft:loot_table]:railways:blocks/track_create_dd_rose_wide - Unknown registry key in ResourceKey[minecraft:root / minecraft:item]: railways:track_create_dd_rose_wide
[01Oct2026 14:09:50.627] [Worker-Main-17/ERROR] [net.minecraft.world.level.storage.loot.LootDataType/]: Couldn't parse element ResourceKey[minecraft:root / minecraft:loot_table]:railways:blocks/track_byg_white_mangrove_narrow - Unknown registry key in ResourceKey[minecraft:root / minecraft:item]: railways:track_byg_white_mangrove_narrow
[01Oct2026 14:09:50.627] [Worker-Main-17/ERROR] [net.minecraft.world.level.storage.loot.LootDataType/]: Couldn't parse element ResourceKey[minecraft:root / minecraft:loot_table]:railways:blocks/track_byg_skyris_narrow - Unknown registry key in ResourceKey[minecraft:root / minecraft:item]: railways:track_byg_skyris_narrow
[01Oct2026 14:09:50.627] [Worker-Main-17/ERROR] [net.minecraft.world.level.storage.loot.LootDataType/]: Couldn't parse element ResourceKey[minecraft:root / minecraft:loot_table]:railways:blocks/track_byg_green_enchanted_narrow - Unknown registry key in ResourceKey[minecraft:root / minecraft:item]: railways:track_byg_green_enchanted_narrow
[01Oct2026 14:09:50.627] [Worker-Main-17/ERROR] [net.minecraft.world.level.storage.loot.LootDataType/]: Couldn't parse element ResourceKey[minecraft:root / minecraft:loot_table]:railways:blocks/track_quark_ancient_narrow - Unknown registry key in ResourceKey[minecraft:root / minecraft:item]: railways:track_quark_ancient_narrow
[01Oct2026 14:09:50.627] [Worker-Main-17/ERROR] [net.minecraft.world.level.storage.loot.LootDataType/]: Couldn't parse element ResourceKey[minecraft:root / minecraft:loot_table]:railways:blocks/track_quark_azalea_narrow - Unknown registry key in ResourceKey[minecraft:root / minecraft:item]: railways:track_quark_azalea_narrow
[01Oct2026 14:09:50.627] [Worker-Main-17/ERROR] [net.minecraft.world.level.storage.loot.LootDataType/]: Couldn't parse element ResourceKey[minecraft:root / minecraft:loot_table]:railways:blocks/track_tfc_willow_wide - Unknown registry key in ResourceKey[minecraft:root / minecraft:item]: railways:track_tfc_willow_wide
[01Oct2026 14:09:50.627] [Worker-Main-17/ERROR] [net.minecraft.world.level.storage.loot.LootDataType/]: Couldn't parse element ResourceKey[minecraft:root / minecraft:loot_table]:railways:blocks/track_tfc_chestnut - Unknown registry key in ResourceKey[minecraft:root / minecraft:item]: railways:track_tfc_chestnut
[01Oct2026 14:09:50.627] [Worker-Main-17/ERROR] [net.minecraft.world.level.storage.loot.LootDataType/]: Couldn't parse element ResourceKey[minecraft:root / minecraft:loot_table]:railways:blocks/track_blue_skies_frostbright - Unknown registry key in ResourceKey[minecraft:root / minecraft:item]: railways:track_blue_skies_frostbright
[01Oct2026 14:09:50.628] [Worker-Main-17/ERROR] [net.minecraft.world.level.storage.loot.LootDataType/]: Couldn't parse element ResourceKey[minecraft:root / minecraft:loot_table]:railways:blocks/track_byg_ether_wide - Unknown registry key in ResourceKey[minecraft:root / minecraft:item]: railways:track_byg_ether_wide
[01Oct2026 14:09:50.628] [Worker-Main-17/ERROR] [net.minecraft.world.level.storage.loot.LootDataType/]: Couldn't parse element ResourceKey[minecraft:root / minecraft:loot_table]:railways:blocks/track_byg_jacaranda_wide - Unknown registry key in ResourceKey[minecraft:root / minecraft:item]: railways:track_byg_jacaranda_wide
[01Oct2026 14:09:50.628] [Worker-Main-17/ERROR] [net.minecraft.world.level.storage.loot.LootDataType/]: Couldn't parse element ResourceKey[minecraft:root / minecraft:loot_table]:railways:blocks/track_biomesoplenty_jacaranda_wide - Unknown registry key in ResourceKey[minecraft:root / minecraft:item]: railways:track_biomesoplenty_jacaranda_wide
[01Oct2026 14:09:50.629] [Worker-Main-17/ERROR] [net.minecraft.world.level.storage.loot.LootDataType/]: Couldn't parse element ResourceKey[minecraft:root / minecraft:loot_table]:railways:blocks/track_create_dd_rose - Unknown registry key in ResourceKey[minecraft:root / minecraft:item]: railways:track_create_dd_rose
[01Oct2026 14:09:50.629] [Worker-Main-17/ERROR] [net.minecraft.world.level.storage.loot.LootDataType/]: Couldn't parse element ResourceKey[minecraft:root / minecraft:loot_table]:railways:blocks/track_natures_spirit_palo_verde_narrow - Unknown registry key in ResourceKey[minecraft:root / minecraft:item]: railways:track_natures_spirit_palo_verde_narrow
[01Oct2026 14:09:50.629] [Worker-Main-17/ERROR] [net.minecraft.world.level.storage.loot.LootDataType/]: Couldn't parse element ResourceKey[minecraft:root / minecraft:loot_table]:railways:blocks/track_byg_mahogany_narrow - Unknown registry key in ResourceKey[minecraft:root / minecraft:item]: railways:track_byg_mahogany_narrow
[01Oct2026 14:09:50.629] [Worker-Main-17/ERROR] [net.minecraft.world.level.storage.loot.LootDataType/]: Couldn't parse element ResourceKey[minecraft:root / minecraft:loot_table]:railways:blocks/track_tfc_sycamore_wide - Unknown registry key in ResourceKey[minecraft:root / minecraft:item]: railways:track_tfc_sycamore_wide
[01Oct2026 14:09:50.629] [Worker-Main-17/ERROR] [net.minecraft.world.level.storage.loot.LootDataType/]: Couldn't parse element ResourceKey[minecraft:root / minecraft:loot_table]:railways:blocks/track_tfc_acacia_narrow - Unknown registry key in ResourceKey[minecraft:root / minecraft:item]: railways:track_tfc_acacia_narrow
[01Oct2026 14:09:50.629] [Worker-Main-17/ERROR] [net.minecraft.world.level.storage.loot.LootDataType/]: Couldn't parse element ResourceKey[minecraft:root / minecraft:loot_table]:railways:blocks/track_byg_ebony - Unknown registry key in ResourceKey[minecraft:root / minecraft:item]: railways:track_byg_ebony
[01Oct2026 14:09:50.629] [Worker-Main-17/ERROR] [net.minecraft.world.level.storage.loot.LootDataType/]: Couldn't parse element ResourceKey[minecraft:root / minecraft:loot_table]:railways:blocks/track_tfc_rosewood - Unknown registry key in ResourceKey[minecraft:root / minecraft:item]: railways:track_tfc_rosewood
[01Oct2026 14:09:50.629] [Worker-Main-17/ERROR] [net.minecraft.world.level.storage.loot.LootDataType/]: Couldn't parse element ResourceKey[minecraft:root / minecraft:loot_table]:railways:blocks/track_byg_aspen_wide - Unknown registry key in ResourceKey[minecraft:root / minecraft:item]: railways:track_byg_aspen_wide
[01Oct2026 14:09:50.630] [Worker-Main-17/ERROR] [net.minecraft.world.level.storage.loot.LootDataType/]: Couldn't parse element ResourceKey[minecraft:root / minecraft:loot_table]:railways:blocks/track_create_dd_rubber_narrow - Unknown registry key in ResourceKey[minecraft:root / minecraft:item]: railways:track_create_dd_rubber_narrow
[01Oct2026 14:09:50.630] [Worker-Main-17/ERROR] [net.minecraft.world.level.storage.loot.LootDataType/]: Couldn't parse element ResourceKey[minecraft:root / minecraft:loot_table]:railways:blocks/track_tfc_hickory_narrow - Unknown registry key in ResourceKey[minecraft:root / minecraft:item]: railways:track_tfc_hickory_narrow
[01Oct2026 14:09:50.630] [Worker-Main-17/ERROR] [net.minecraft.world.level.storage.loot.LootDataType/]: Couldn't parse element ResourceKey[minecraft:root / minecraft:loot_table]:railways:blocks/track_byg_white_mangrove_wide - Unknown registry key in ResourceKey[minecraft:root / minecraft:item]: railways:track_byg_white_mangrove_wide
[01Oct2026 14:09:50.630] [Worker-Main-17/ERROR] [net.minecraft.world.level.storage.loot.LootDataType/]: Couldn't parse element ResourceKey[minecraft:root / minecraft:loot_table]:railways:blocks/track_natures_spirit_joshua_narrow - Unknown registry key in ResourceKey[minecraft:root / minecraft:item]: railways:track_natures_spirit_joshua_narrow
[01Oct2026 14:09:50.630] [Worker-Main-17/ERROR] [net.minecraft.world.level.storage.loot.LootDataType/]: Couldn't parse element ResourceKey[minecraft:root / minecraft:loot_table]:railways:blocks/track_byg_nightshade - Unknown registry key in ResourceKey[minecraft:root / minecraft:item]: railways:track_byg_nightshade
[01Oct2026 14:09:50.630] [Worker-Main-17/ERROR] [net.minecraft.world.level.storage.loot.LootDataType/]: Couldn't parse element ResourceKey[minecraft:root / minecraft:loot_table]:railways:blocks/track_byg_willow - Unknown registry key in ResourceKey[minecraft:root / minecraft:item]: railways:track_byg_willow
[01Oct2026 14:09:50.631] [Worker-Main-17/ERROR] [net.minecraft.world.level.storage.loot.LootDataType/]: Couldn't parse element ResourceKey[minecraft:root / minecraft:loot_table]:railways:blocks/track_byg_bulbis_wide - Unknown registry key in ResourceKey[minecraft:root / minecraft:item]: railways:track_byg_bulbis_wide
[01Oct2026 14:09:50.631] [Worker-Main-17/ERROR] [net.minecraft.world.level.storage.loot.LootDataType/]: Couldn't parse element ResourceKey[minecraft:root / minecraft:loot_table]:railways:blocks/track_byg_rainbow_eucalyptus_narrow - Unknown registry key in ResourceKey[minecraft:root / minecraft:item]: railways:track_byg_rainbow_eucalyptus_narrow
[01Oct2026 14:09:50.631] [Worker-Main-17/ERROR] [net.minecraft.world.level.storage.loot.LootDataType/]: Couldn't parse element ResourceKey[minecraft:root / minecraft:loot_table]:railways:blocks/track_blue_skies_lunar_wide - Unknown registry key in ResourceKey[minecraft:root / minecraft:item]: railways:track_blue_skies_lunar_wide
[01Oct2026 14:09:50.632] [Worker-Main-17/ERROR] [net.minecraft.world.level.storage.loot.LootDataType/]: Couldn't parse element ResourceKey[minecraft:root / minecraft:loot_table]:railways:blocks/track_byg_cika_narrow - Unknown registry key in ResourceKey[minecraft:root / minecraft:item]: railways:track_byg_cika_narrow
[01Oct2026 14:09:50.632] [Worker-Main-17/ERROR] [net.minecraft.world.level.storage.loot.LootDataType/]: Couldn't parse element ResourceKey[minecraft:root / minecraft:loot_table]:railways:blocks/track_blue_skies_maple - Unknown registry key in ResourceKey[minecraft:root / minecraft:item]: railways:track_blue_skies_maple
[01Oct2026 14:09:50.632] [Worker-Main-17/ERROR] [net.minecraft.world.level.storage.loot.LootDataType/]: Couldn't parse element ResourceKey[minecraft:root / minecraft:loot_table]:railways:blocks/track_twilightforest_mangrove - Unknown registry key in ResourceKey[minecraft:root / minecraft:item]: railways:track_twilightforest_mangrove
[01Oct2026 14:09:50.632] [Worker-Main-17/ERROR] [net.minecraft.world.level.storage.loot.LootDataType/]: Couldn't parse element ResourceKey[minecraft:root / minecraft:loot_table]:railways:blocks/track_natures_spirit_wisteria_wide - Unknown registry key in ResourceKey[minecraft:root / minecraft:item]: railways:track_natures_spirit_wisteria_wide
[01Oct2026 14:09:50.632] [Worker-Main-17/ERROR] [net.minecraft.world.level.storage.loot.LootDataType/]: Couldn't parse element ResourceKey[minecraft:root / minecraft:loot_table]:railways:blocks/track_biomesoplenty_mahogany_wide - Unknown registry key in ResourceKey[minecraft:root / minecraft:item]: railways:track_biomesoplenty_mahogany_wide
[01Oct2026 14:09:50.632] [Worker-Main-17/ERROR] [net.minecraft.world.level.storage.loot.LootDataType/]: Couldn't parse element ResourceKey[minecraft:root / minecraft:loot_table]:railways:blocks/track_tfc_oak - Unknown registry key in ResourceKey[minecraft:root / minecraft:item]: railways:track_tfc_oak
[01Oct2026 14:09:50.632] [Worker-Main-17/ERROR] [net.minecraft.world.level.storage.loot.LootDataType/]: Couldn't parse element ResourceKey[minecraft:root / minecraft:loot_table]:railways:blocks/track_twilightforest_transwood_wide - Unknown registry key in ResourceKey[minecraft:root / minecraft:item]: railways:track_twilightforest_transwood_wide
[01Oct2026 14:09:50.632] [Worker-Main-17/ERROR] [net.minecraft.world.level.storage.loot.LootDataType/]: Couldn't parse element ResourceKey[minecraft:root / minecraft:loot_table]:railways:blocks/track_create_dd_smoked - Unknown registry key in ResourceKey[minecraft:root / minecraft:item]: railways:track_create_dd_smoked
[01Oct2026 14:09:50.633] [Worker-Main-17/ERROR] [net.minecraft.world.level.storage.loot.LootDataType/]: Couldn't parse element ResourceKey[minecraft:root / minecraft:loot_table]:railways:blocks/track_biomesoplenty_willow - Unknown registry key in ResourceKey[minecraft:root / minecraft:item]: railways:track_biomesoplenty_willow
[01Oct2026 14:09:50.633] [Worker-Main-17/ERROR] [net.minecraft.world.level.storage.loot.LootDataType/]: Couldn't parse element ResourceKey[minecraft:root / minecraft:loot_table]:railways:blocks/track_hexcasting_edified_narrow - Unknown registry key in ResourceKey[minecraft:root / minecraft:item]: railways:track_hexcasting_edified_narrow
[01Oct2026 14:09:50.633] [Worker-Main-17/ERROR] [net.minecraft.world.level.storage.loot.LootDataType/]: Couldn't parse element ResourceKey[minecraft:root / minecraft:loot_table]:railways:blocks/track_byg_nightshade_wide - Unknown registry key in ResourceKey[minecraft:root / minecraft:item]: railways:track_byg_nightshade_wide
[01Oct2026 14:09:50.633] [Worker-Main-17/ERROR] [net.minecraft.world.level.storage.loot.LootDataType/]: Couldn't parse element ResourceKey[minecraft:root / minecraft:loot_table]:railways:blocks/track_byg_imparius - Unknown registry key in ResourceKey[minecraft:root / minecraft:item]: railways:track_byg_imparius
[01Oct2026 14:09:50.633] [Worker-Main-17/ERROR] [net.minecraft.world.level.storage.loot.LootDataType/]: Couldn't parse element ResourceKey[minecraft:root / minecraft:loot_table]:railways:blocks/track_biomesoplenty_magic_wide - Unknown registry key in ResourceKey[minecraft:root / minecraft:item]: railways:track_biomesoplenty_magic_wide
[01Oct2026 14:09:50.633] [Worker-Main-17/ERROR] [net.minecraft.world.level.storage.loot.LootDataType/]: Couldn't parse element ResourceKey[minecraft:root / minecraft:loot_table]:railways:blocks/track_tfc_blackwood_wide - Unknown registry key in ResourceKey[minecraft:root / minecraft:item]: railways:track_tfc_blackwood_wide
[01Oct2026 14:09:50.633] [Worker-Main-17/ERROR] [net.minecraft.world.level.storage.loot.LootDataType/]: Couldn't parse element ResourceKey[minecraft:root / minecraft:loot_table]:railways:blocks/track_byg_lament_narrow - Unknown registry key in ResourceKey[minecraft:root / minecraft:item]: railways:track_byg_lament_narrow
[01Oct2026 14:09:50.634] [Worker-Main-17/ERROR] [net.minecraft.world.level.storage.loot.LootDataType/]: Couldn't parse element ResourceKey[minecraft:root / minecraft:loot_table]:railways:blocks/track_twilightforest_mangrove_narrow - Unknown registry key in ResourceKey[minecraft:root / minecraft:item]: railways:track_twilightforest_mangrove_narrow
[01Oct2026 14:09:50.634] [Worker-Main-17/ERROR] [net.minecraft.world.level.storage.loot.LootDataType/]: Couldn't parse element ResourceKey[minecraft:root / minecraft:loot_table]:railways:blocks/track_byg_aspen - Unknown registry key in ResourceKey[minecraft:root / minecraft:item]: railways:track_byg_aspen
[01Oct2026 14:09:50.634] [Worker-Main-17/ERROR] [net.minecraft.world.level.storage.loot.LootDataType/]: Couldn't parse element ResourceKey[minecraft:root / minecraft:loot_table]:railways:blocks/track_byg_maple_narrow - Unknown registry key in ResourceKey[minecraft:root / minecraft:item]: railways:track_byg_maple_narrow
[01Oct2026 14:09:50.635] [Worker-Main-17/ERROR] [net.minecraft.world.level.storage.loot.LootDataType/]: Couldn't parse element ResourceKey[minecraft:root / minecraft:loot_table]:railways:blocks/track_biomesoplenty_palm - Unknown registry key in ResourceKey[minecraft:root / minecraft:item]: railways:track_biomesoplenty_palm
[01Oct2026 14:09:50.635] [Worker-Main-17/ERROR] [net.minecraft.world.level.storage.loot.LootDataType/]: Couldn't parse element ResourceKey[minecraft:root / minecraft:loot_table]:railways:blocks/track_byg_embur_wide - Unknown registry key in ResourceKey[minecraft:root / minecraft:item]: railways:track_byg_embur_wide
[01Oct2026 14:09:50.635] [Worker-Main-17/ERROR] [net.minecraft.world.level.storage.loot.LootDataType/]: Couldn't parse element ResourceKey[minecraft:root / minecraft:loot_table]:railways:blocks/track_tfc_white_cedar - Unknown registry key in ResourceKey[minecraft:root / minecraft:item]: railways:track_tfc_white_cedar
[01Oct2026 14:09:50.635] [Worker-Main-17/ERROR] [net.minecraft.world.level.storage.loot.LootDataType/]: Couldn't parse element ResourceKey[minecraft:root / minecraft:loot_table]:railways:blocks/track_tfc_sycamore - Unknown registry key in ResourceKey[minecraft:root / minecraft:item]: railways:track_tfc_sycamore
[01Oct2026 14:09:50.636] [Worker-Main-17/ERROR] [net.minecraft.world.level.storage.loot.LootDataType/]: Couldn't parse element ResourceKey[minecraft:root / minecraft:loot_table]:railways:blocks/track_twilightforest_timewood - Unknown registry key in ResourceKey[minecraft:root / minecraft:item]: railways:track_twilightforest_timewood
[01Oct2026 14:09:50.636] [Worker-Main-17/ERROR] [net.minecraft.world.level.storage.loot.LootDataType/]: Couldn't parse element ResourceKey[minecraft:root / minecraft:loot_table]:railways:blocks/track_tfc_rosewood_wide - Unknown registry key in ResourceKey[minecraft:root / minecraft:item]: railways:track_tfc_rosewood_wide
[01Oct2026 14:09:50.636] [Worker-Main-17/ERROR] [net.minecraft.world.level.storage.loot.LootDataType/]: Couldn't parse element ResourceKey[minecraft:root / minecraft:loot_table]:railways:blocks/track_natures_spirit_cypress_wide - Unknown registry key in ResourceKey[minecraft:root / minecraft:item]: railways:track_natures_spirit_cypress_wide
[01Oct2026 14:09:50.637] [Worker-Main-17/ERROR] [net.minecraft.world.level.storage.loot.LootDataType/]: Couldn't parse element ResourceKey[minecraft:root / minecraft:loot_table]:railways:blocks/track_blue_skies_dusk_narrow - Unknown registry key in ResourceKey[minecraft:root / minecraft:item]: railways:track_blue_skies_dusk_narrow
[01Oct2026 14:09:50.637] [Worker-Main-17/ERROR] [net.minecraft.world.level.storage.loot.LootDataType/]: Couldn't parse element ResourceKey[minecraft:root / minecraft:loot_table]:railways:blocks/track_natures_spirit_cypress - Unknown registry key in ResourceKey[minecraft:root / minecraft:item]: railways:track_natures_spirit_cypress
[01Oct2026 14:09:50.637] [Worker-Main-17/ERROR] [net.minecraft.world.level.storage.loot.LootDataType/]: Couldn't parse element ResourceKey[minecraft:root / minecraft:loot_table]:railways:blocks/track_tfc_birch_wide - Unknown registry key in ResourceKey[minecraft:root / minecraft:item]: railways:track_tfc_birch_wide
[01Oct2026 14:09:50.637] [Worker-Main-17/ERROR] [net.minecraft.world.level.storage.loot.LootDataType/]: Couldn't parse element ResourceKey[minecraft:root / minecraft:loot_table]:railways:blocks/track_byg_sythian_narrow - Unknown registry key in ResourceKey[minecraft:root / minecraft:item]: railways:track_byg_sythian_narrow
[01Oct2026 14:09:50.637] [Worker-Main-17/ERROR] [net.minecraft.world.level.storage.loot.LootDataType/]: Couldn't parse element ResourceKey[minecraft:root / minecraft:loot_table]:railways:blocks/track_byg_redwood_wide - Unknown registry key in ResourceKey[minecraft:root / minecraft:item]: railways:track_byg_redwood_wide
[01Oct2026 14:09:50.638] [Worker-Main-17/ERROR] [net.minecraft.world.level.storage.loot.LootDataType/]: Couldn't parse element ResourceKey[minecraft:root / minecraft:loot_table]:railways:blocks/track_create_dd_rose_narrow - Unknown registry key in ResourceKey[minecraft:root / minecraft:item]: railways:track_create_dd_rose_narrow
[01Oct2026 14:09:50.639] [Worker-Main-17/ERROR] [net.minecraft.world.level.storage.loot.LootDataType/]: Couldn't parse element ResourceKey[minecraft:root / minecraft:loot_table]:railways:blocks/track_byg_redwood_narrow - Unknown registry key in ResourceKey[minecraft:root / minecraft:item]: railways:track_byg_redwood_narrow
[01Oct2026 14:09:50.639] [Worker-Main-17/ERROR] [net.minecraft.world.level.storage.loot.LootDataType/]: Couldn't parse element ResourceKey[minecraft:root / minecraft:loot_table]:railways:blocks/track_tfc_willow_narrow - Unknown registry key in ResourceKey[minecraft:root / minecraft:item]: railways:track_tfc_willow_narrow
[01Oct2026 14:09:50.639] [Worker-Main-17/ERROR] [net.minecraft.world.level.storage.loot.LootDataType/]: Couldn't parse element ResourceKey[minecraft:root / minecraft:loot_table]:railways:blocks/track_twilightforest_minewood_wide - Unknown registry key in ResourceKey[minecraft:root / minecraft:item]: railways:track_twilightforest_minewood_wide
[01Oct2026 14:09:50.639] [Worker-Main-17/ERROR] [net.minecraft.world.level.storage.loot.LootDataType/]: Couldn't parse element ResourceKey[minecraft:root / minecraft:loot_table]:railways:blocks/track_tfc_douglas_fir - Unknown registry key in ResourceKey[minecraft:root / minecraft:item]: railways:track_tfc_douglas_fir
[01Oct2026 14:09:50.639] [Worker-Main-17/ERROR] [net.minecraft.world.level.storage.loot.LootDataType/]: Couldn't parse element ResourceKey[minecraft:root / minecraft:loot_table]:railways:blocks/track_biomesoplenty_dead_narrow - Unknown registry key in ResourceKey[minecraft:root / minecraft:item]: railways:track_biomesoplenty_dead_narrow
[01Oct2026 14:09:50.639] [Worker-Main-17/ERROR] [net.minecraft.world.level.storage.loot.LootDataType/]: Couldn't parse element ResourceKey[minecraft:root / minecraft:loot_table]:railways:blocks/track_byg_fir_narrow - Unknown registry key in ResourceKey[minecraft:root / minecraft:item]: railways:track_byg_fir_narrow
[01Oct2026 14:09:50.640] [Worker-Main-17/ERROR] [net.minecraft.world.level.storage.loot.LootDataType/]: Couldn't parse element ResourceKey[minecraft:root / minecraft:loot_table]:railways:blocks/track_byg_ebony_wide - Unknown registry key in ResourceKey[minecraft:root / minecraft:item]: railways:track_byg_ebony_wide
[01Oct2026 14:09:50.640] [Worker-Main-17/ERROR] [net.minecraft.world.level.storage.loot.LootDataType/]: Couldn't parse element ResourceKey[minecraft:root / minecraft:loot_table]:railways:blocks/track_tfc_aspen_wide - Unknown registry key in ResourceKey[minecraft:root / minecraft:item]: railways:track_tfc_aspen_wide
[01Oct2026 14:09:50.640] [Worker-Main-17/ERROR] [net.minecraft.world.level.storage.loot.LootDataType/]: Couldn't parse element ResourceKey[minecraft:root / minecraft:loot_table]:railways:blocks/track_blue_skies_dusk - Unknown registry key in ResourceKey[minecraft:root / minecraft:item]: railways:track_blue_skies_dusk
[01Oct2026 14:09:50.640] [Worker-Main-17/ERROR] [net.minecraft.world.level.storage.loot.LootDataType/]: Couldn't parse element ResourceKey[minecraft:root / minecraft:loot_table]:railways:blocks/track_natures_spirit_sugi - Unknown registry key in ResourceKey[minecraft:root / minecraft:item]: railways:track_natures_spirit_sugi
[01Oct2026 14:09:50.640] [Worker-Main-17/ERROR] [net.minecraft.world.level.storage.loot.LootDataType/]: Couldn't parse element ResourceKey[minecraft:root / minecraft:loot_table]:railways:blocks/track_twilightforest_transwood_narrow - Unknown registry key in ResourceKey[minecraft:root / minecraft:item]: railways:track_twilightforest_transwood_narrow
[01Oct2026 14:09:50.640] [Worker-Main-17/ERROR] [net.minecraft.world.level.storage.loot.LootDataType/]: Couldn't parse element ResourceKey[minecraft:root / minecraft:loot_table]:railways:blocks/track_blue_skies_maple_narrow - Unknown registry key in ResourceKey[minecraft:root / minecraft:item]: railways:track_blue_skies_maple_narrow
[01Oct2026 14:09:50.640] [Worker-Main-17/ERROR] [net.minecraft.world.level.storage.loot.LootDataType/]: Couldn't parse element ResourceKey[minecraft:root / minecraft:loot_table]:railways:blocks/track_byg_willow_wide - Unknown registry key in ResourceKey[minecraft:root / minecraft:item]: railways:track_byg_willow_wide
[01Oct2026 14:09:50.641] [Worker-Main-17/ERROR] [net.minecraft.world.level.storage.loot.LootDataType/]: Couldn't parse element ResourceKey[minecraft:root / minecraft:loot_table]:railways:blocks/track_natures_spirit_fir_wide - Unknown registry key in ResourceKey[minecraft:root / minecraft:item]: railways:track_natures_spirit_fir_wide
[01Oct2026 14:09:50.641] [Worker-Main-17/ERROR] [net.minecraft.world.level.storage.loot.LootDataType/]: Couldn't parse element ResourceKey[minecraft:root / minecraft:loot_table]:railways:blocks/track_tfc_kapok - Unknown registry key in ResourceKey[minecraft:root / minecraft:item]: railways:track_tfc_kapok
[01Oct2026 14:09:50.641] [Worker-Main-17/ERROR] [net.minecraft.world.level.storage.loot.LootDataType/]: Couldn't parse element ResourceKey[minecraft:root / minecraft:loot_table]:railways:blocks/track_tfc_oak_narrow - Unknown registry key in ResourceKey[minecraft:root / minecraft:item]: railways:track_tfc_oak_narrow
[01Oct2026 14:09:50.642] [Worker-Main-17/ERROR] [net.minecraft.world.level.storage.loot.LootDataType/]: Couldn't parse element ResourceKey[minecraft:root / minecraft:loot_table]:railways:blocks/track_twilightforest_sortingwood - Unknown registry key in ResourceKey[minecraft:root / minecraft:item]: railways:track_twilightforest_sortingwood
[01Oct2026 14:09:50.642] [Worker-Main-17/ERROR] [net.minecraft.world.level.storage.loot.LootDataType/]: Couldn't parse element ResourceKey[minecraft:root / minecraft:loot_table]:railways:blocks/track_create_dd_spirit - Unknown registry key in ResourceKey[minecraft:root / minecraft:item]: railways:track_create_dd_spirit
[01Oct2026 14:09:50.642] [Worker-Main-17/ERROR] [net.minecraft.world.level.storage.loot.LootDataType/]: Couldn't parse element ResourceKey[minecraft:root / minecraft:loot_table]:railways:blocks/track_byg_jacaranda_narrow - Unknown registry key in ResourceKey[minecraft:root / minecraft:item]: railways:track_byg_jacaranda_narrow
[01Oct2026 14:09:50.642] [Worker-Main-17/ERROR] [net.minecraft.world.level.storage.loot.LootDataType/]: Couldn't parse element ResourceKey[minecraft:root / minecraft:loot_table]:railways:blocks/track_byg_green_enchanted - Unknown registry key in ResourceKey[minecraft:root / minecraft:item]: railways:track_byg_green_enchanted
[01Oct2026 14:09:50.642] [Worker-Main-17/ERROR] [net.minecraft.world.level.storage.loot.LootDataType/]: Couldn't parse element ResourceKey[minecraft:root / minecraft:loot_table]:railways:blocks/track_byg_white_mangrove - Unknown registry key in ResourceKey[minecraft:root / minecraft:item]: railways:track_byg_white_mangrove
[01Oct2026 14:09:50.642] [Worker-Main-17/ERROR] [net.minecraft.world.level.storage.loot.LootDataType/]: Couldn't parse element ResourceKey[minecraft:root / minecraft:loot_table]:railways:blocks/track_tfc_maple - Unknown registry key in ResourceKey[minecraft:root / minecraft:item]: railways:track_tfc_maple
[01Oct2026 14:09:50.642] [Worker-Main-17/ERROR] [net.minecraft.world.level.storage.loot.LootDataType/]: Couldn't parse element ResourceKey[minecraft:root / minecraft:loot_table]:railways:blocks/track_natures_spirit_aspen - Unknown registry key in ResourceKey[minecraft:root / minecraft:item]: railways:track_natures_spirit_aspen
[01Oct2026 14:09:50.642] [Worker-Main-17/ERROR] [net.minecraft.world.level.storage.loot.LootDataType/]: Couldn't parse element ResourceKey[minecraft:root / minecraft:loot_table]:railways:blocks/track_blue_skies_frostbright_narrow - Unknown registry key in ResourceKey[minecraft:root / minecraft:item]: railways:track_blue_skies_frostbright_narrow
[01Oct2026 14:09:50.643] [Worker-Main-17/ERROR] [net.minecraft.world.level.storage.loot.LootDataType/]: Couldn't parse element ResourceKey[minecraft:root / minecraft:loot_table]:railways:blocks/track_tfc_oak_wide - Unknown registry key in ResourceKey[minecraft:root / minecraft:item]: railways:track_tfc_oak_wide
[01Oct2026 14:09:50.643] [Worker-Main-17/ERROR] [net.minecraft.world.level.storage.loot.LootDataType/]: Couldn't parse element ResourceKey[minecraft:root / minecraft:loot_table]:railways:blocks/track_tfc_blackwood - Unknown registry key in ResourceKey[minecraft:root / minecraft:item]: railways:track_tfc_blackwood
[01Oct2026 14:09:50.643] [Worker-Main-17/ERROR] [net.minecraft.world.level.storage.loot.LootDataType/]: Couldn't parse element ResourceKey[minecraft:root / minecraft:loot_table]:railways:blocks/track_byg_zelkova_narrow - Unknown registry key in ResourceKey[minecraft:root / minecraft:item]: railways:track_byg_zelkova_narrow
[01Oct2026 14:09:50.643] [Worker-Main-17/ERROR] [net.minecraft.world.level.storage.loot.LootDataType/]: Couldn't parse element ResourceKey[minecraft:root / minecraft:loot_table]:railways:blocks/track_natures_spirit_cypress_narrow - Unknown registry key in ResourceKey[minecraft:root / minecraft:item]: railways:track_natures_spirit_cypress_narrow
[01Oct2026 14:09:50.643] [Worker-Main-17/ERROR] [net.minecraft.world.level.storage.loot.LootDataType/]: Couldn't parse element ResourceKey[minecraft:root / minecraft:loot_table]:railways:blocks/track_quark_blossom_narrow - Unknown registry key in ResourceKey[minecraft:root / minecraft:item]: railways:track_quark_blossom_narrow
[01Oct2026 14:09:50.643] [Worker-Main-17/ERROR] [net.minecraft.world.level.storage.loot.LootDataType/]: Couldn't parse element ResourceKey[minecraft:root / minecraft:loot_table]:railways:blocks/track_byg_pine - Unknown registry key in ResourceKey[minecraft:root / minecraft:item]: railways:track_byg_pine
[01Oct2026 14:09:50.644] [Worker-Main-17/ERROR] [net.minecraft.world.level.storage.loot.LootDataType/]: Couldn't parse element ResourceKey[minecraft:root / minecraft:loot_table]:railways:blocks/track_biomesoplenty_umbran_narrow - Unknown registry key in ResourceKey[minecraft:root / minecraft:item]: railways:track_biomesoplenty_umbran_narrow
[01Oct2026 14:09:50.644] [Worker-Main-17/ERROR] [net.minecraft.world.level.storage.loot.LootDataType/]: Couldn't parse element ResourceKey[minecraft:root / minecraft:loot_table]:railways:blocks/track_byg_cika_wide - Unknown registry key in ResourceKey[minecraft:root / minecraft:item]: railways:track_byg_cika_wide
[01Oct2026 14:09:50.644] [Worker-Main-17/ERROR] [net.minecraft.world.level.storage.loot.LootDataType/]: Couldn't parse element ResourceKey[minecraft:root / minecraft:loot_table]:railways:blocks/track_tfc_chestnut_wide - Unknown registry key in ResourceKey[minecraft:root / minecraft:item]: railways:track_tfc_chestnut_wide
[01Oct2026 14:09:50.644] [Worker-Main-17/ERROR] [net.minecraft.world.level.storage.loot.LootDataType/]: Couldn't parse element ResourceKey[minecraft:root / minecraft:loot_table]:railways:blocks/track_natures_spirit_willow_narrow - Unknown registry key in ResourceKey[minecraft:root / minecraft:item]: railways:track_natures_spirit_willow_narrow
[01Oct2026 14:09:50.644] [Worker-Main-17/ERROR] [net.minecraft.world.level.storage.loot.LootDataType/]: Couldn't parse element ResourceKey[minecraft:root / minecraft:loot_table]:railways:blocks/track_blue_skies_bluebright - Unknown registry key in ResourceKey[minecraft:root / minecraft:item]: railways:track_blue_skies_bluebright
[01Oct2026 14:09:50.644] [Worker-Main-17/ERROR] [net.minecraft.world.level.storage.loot.LootDataType/]: Couldn't parse element ResourceKey[minecraft:root / minecraft:loot_table]:railways:blocks/track_tfc_ash_wide - Unknown registry key in ResourceKey[minecraft:root / minecraft:item]: railways:track_tfc_ash_wide
[01Oct2026 14:09:50.644] [Worker-Main-17/ERROR] [net.minecraft.world.level.storage.loot.LootDataType/]: Couldn't parse element ResourceKey[minecraft:root / minecraft:loot_table]:railways:blocks/track_blue_skies_bluebright_narrow - Unknown registry key in ResourceKey[minecraft:root / minecraft:item]: railways:track_blue_skies_bluebright_narrow
[01Oct2026 14:09:50.644] [Worker-Main-17/ERROR] [net.minecraft.world.level.storage.loot.LootDataType/]: Couldn't parse element ResourceKey[minecraft:root / minecraft:loot_table]:railways:blocks/track_biomesoplenty_mahogany - Unknown registry key in ResourceKey[minecraft:root / minecraft:item]: railways:track_biomesoplenty_mahogany
[01Oct2026 14:09:50.644] [Worker-Main-17/ERROR] [net.minecraft.world.level.storage.loot.LootDataType/]: Couldn't parse element ResourceKey[minecraft:root / minecraft:loot_table]:railways:blocks/track_natures_spirit_olive_narrow - Unknown registry key in ResourceKey[minecraft:root / minecraft:item]: railways:track_natures_spirit_olive_narrow
[01Oct2026 14:09:50.645] [Worker-Main-17/ERROR] [net.minecraft.world.level.storage.loot.LootDataType/]: Couldn't parse element ResourceKey[minecraft:root / minecraft:loot_table]:railways:blocks/track_byg_holly_narrow - Unknown registry key in ResourceKey[minecraft:root / minecraft:item]: railways:track_byg_holly_narrow
[01Oct2026 14:09:50.645] [Worker-Main-17/ERROR] [net.minecraft.world.level.storage.loot.LootDataType/]: Couldn't parse element ResourceKey[minecraft:root / minecraft:loot_table]:railways:blocks/track_biomesoplenty_magic_narrow - Unknown registry key in ResourceKey[minecraft:root / minecraft:item]: railways:track_biomesoplenty_magic_narrow
[01Oct2026 14:09:50.645] [Worker-Main-17/ERROR] [net.minecraft.world.level.storage.loot.LootDataType/]: Couldn't parse element ResourceKey[minecraft:root / minecraft:loot_table]:railways:blocks/track_tfc_ash_narrow - Unknown registry key in ResourceKey[minecraft:root / minecraft:item]: railways:track_tfc_ash_narrow
[01Oct2026 14:09:50.645] [Worker-Main-17/ERROR] [net.minecraft.world.level.storage.loot.LootDataType/]: Couldn't parse element ResourceKey[minecraft:root / minecraft:loot_table]:railways:blocks/track_biomesoplenty_hellbark_wide - Unknown registry key in ResourceKey[minecraft:root / minecraft:item]: railways:track_biomesoplenty_hellbark_wide
[01Oct2026 14:09:50.645] [Worker-Main-17/ERROR] [net.minecraft.world.level.storage.loot.LootDataType/]: Couldn't parse element ResourceKey[minecraft:root / minecraft:loot_table]:railways:blocks/track_byg_embur_narrow - Unknown registry key in ResourceKey[minecraft:root / minecraft:item]: railways:track_byg_embur_narrow
[01Oct2026 14:09:50.645] [Worker-Main-17/ERROR] [net.minecraft.world.level.storage.loot.LootDataType/]: Couldn't parse element ResourceKey[minecraft:root / minecraft:loot_table]:railways:blocks/track_byg_skyris - Unknown registry key in ResourceKey[minecraft:root / minecraft:item]: railways:track_byg_skyris
[01Oct2026 14:09:50.645] [Worker-Main-17/ERROR] [net.minecraft.world.level.storage.loot.LootDataType/]: Couldn't parse element ResourceKey[minecraft:root / minecraft:loot_table]:railways:blocks/track_tfc_birch_narrow - Unknown registry key in ResourceKey[minecraft:root / minecraft:item]: railways:track_tfc_birch_narrow
[01Oct2026 14:09:50.645] [Worker-Main-17/ERROR] [net.minecraft.world.level.storage.loot.LootDataType/]: Couldn't parse element ResourceKey[minecraft:root / minecraft:loot_table]:railways:blocks/track_tfc_mangrove_narrow - Unknown registry key in ResourceKey[minecraft:root / minecraft:item]: railways:track_tfc_mangrove_narrow
[01Oct2026 14:09:50.645] [Worker-Main-17/ERROR] [net.minecraft.world.level.storage.loot.LootDataType/]: Couldn't parse element ResourceKey[minecraft:root / minecraft:loot_table]:railways:blocks/track_natures_spirit_willow - Unknown registry key in ResourceKey[minecraft:root / minecraft:item]: railways:track_natures_spirit_willow
[01Oct2026 14:09:50.645] [Worker-Main-17/ERROR] [net.minecraft.world.level.storage.loot.LootDataType/]: Couldn't parse element ResourceKey[minecraft:root / minecraft:loot_table]:railways:blocks/track_twilightforest_twilight_oak_wide - Unknown registry key in ResourceKey[minecraft:root / minecraft:item]: railways:track_twilightforest_twilight_oak_wide
[01Oct2026 14:09:50.646] [Worker-Main-17/ERROR] [net.minecraft.world.level.storage.loot.LootDataType/]: Couldn't parse element ResourceKey[minecraft:root / minecraft:loot_table]:railways:blocks/track_byg_sythian_wide - Unknown registry key in ResourceKey[minecraft:root / minecraft:item]: railways:track_byg_sythian_wide
[01Oct2026 14:09:50.646] [Worker-Main-17/ERROR] [net.minecraft.world.level.storage.loot.LootDataType/]: Couldn't parse element ResourceKey[minecraft:root / minecraft:loot_table]:railways:blocks/track_natures_spirit_redwood - Unknown registry key in ResourceKey[minecraft:root / minecraft:item]: railways:track_natures_spirit_redwood
[01Oct2026 14:09:50.646] [Worker-Main-17/ERROR] [net.minecraft.world.level.storage.loot.LootDataType/]: Couldn't parse element ResourceKey[minecraft:root / minecraft:loot_table]:railways:blocks/track_tfc_palm_wide - Unknown registry key in ResourceKey[minecraft:root / minecraft:item]: railways:track_tfc_palm_wide
[01Oct2026 14:09:50.646] [Worker-Main-17/ERROR] [net.minecraft.world.level.storage.loot.LootDataType/]: Couldn't parse element ResourceKey[minecraft:root / minecraft:loot_table]:railways:blocks/track_byg_palm_narrow - Unknown registry key in ResourceKey[minecraft:root / minecraft:item]: railways:track_byg_palm_narrow
[01Oct2026 14:09:50.647] [Worker-Main-17/ERROR] [net.minecraft.world.level.storage.loot.LootDataType/]: Couldn't parse element ResourceKey[minecraft:root / minecraft:loot_table]:railways:blocks/track_byg_baobab_narrow - Unknown registry key in ResourceKey[minecraft:root / minecraft:item]: railways:track_byg_baobab_narrow
[01Oct2026 14:09:50.647] [Worker-Main-17/ERROR] [net.minecraft.world.level.storage.loot.LootDataType/]: Couldn't parse element ResourceKey[minecraft:root / minecraft:loot_table]:railways:blocks/track_twilightforest_canopy_narrow - Unknown registry key in ResourceKey[minecraft:root / minecraft:item]: railways:track_twilightforest_canopy_narrow
[01Oct2026 14:09:50.647] [Worker-Main-17/ERROR] [net.minecraft.world.level.storage.loot.LootDataType/]: Couldn't parse element ResourceKey[minecraft:root / minecraft:loot_table]:railways:blocks/track_twilightforest_minewood_narrow - Unknown registry key in ResourceKey[minecraft:root / minecraft:item]: railways:track_twilightforest_minewood_narrow
[01Oct2026 14:09:50.647] [Worker-Main-17/ERROR] [net.minecraft.world.level.storage.loot.LootDataType/]: Couldn't parse element ResourceKey[minecraft:root / minecraft:loot_table]:railways:blocks/track_twilightforest_twilight_oak - Unknown registry key in ResourceKey[minecraft:root / minecraft:item]: railways:track_twilightforest_twilight_oak
[01Oct2026 14:09:50.648] [Worker-Main-17/ERROR] [net.minecraft.world.level.storage.loot.LootDataType/]: Couldn't parse element ResourceKey[minecraft:root / minecraft:loot_table]:railways:blocks/track_tfc_rosewood_narrow - Unknown registry key in ResourceKey[minecraft:root / minecraft:item]: railways:track_tfc_rosewood_narrow
[01Oct2026 14:09:50.649] [Worker-Main-17/ERROR] [net.minecraft.world.level.storage.loot.LootDataType/]: Couldn't parse element ResourceKey[minecraft:root / minecraft:loot_table]:railways:blocks/track_biomesoplenty_fir_narrow - Unknown registry key in ResourceKey[minecraft:root / minecraft:item]: railways:track_biomesoplenty_fir_narrow
[01Oct2026 14:09:50.649] [Worker-Main-17/ERROR] [net.minecraft.world.level.storage.loot.LootDataType/]: Couldn't parse element ResourceKey[minecraft:root / minecraft:loot_table]:railways:blocks/track_tfc_acacia_wide - Unknown registry key in ResourceKey[minecraft:root / minecraft:item]: railways:track_tfc_acacia_wide
[01Oct2026 14:09:50.649] [Worker-Main-17/ERROR] [net.minecraft.world.level.storage.loot.LootDataType/]: Couldn't parse element ResourceKey[minecraft:root / minecraft:loot_table]:railways:blocks/track_byg_jacaranda - Unknown registry key in ResourceKey[minecraft:root / minecraft:item]: railways:track_byg_jacaranda
[01Oct2026 14:09:50.649] [Worker-Main-17/ERROR] [net.minecraft.world.level.storage.loot.LootDataType/]: Couldn't parse element ResourceKey[minecraft:root / minecraft:loot_table]:railways:blocks/track_byg_ether_narrow - Unknown registry key in ResourceKey[minecraft:root / minecraft:item]: railways:track_byg_ether_narrow
[01Oct2026 14:09:50.649] [Worker-Main-17/ERROR] [net.minecraft.world.level.storage.loot.LootDataType/]: Couldn't parse element ResourceKey[minecraft:root / minecraft:loot_table]:railways:blocks/track_natures_spirit_wisteria - Unknown registry key in ResourceKey[minecraft:root / minecraft:item]: railways:track_natures_spirit_wisteria
[01Oct2026 14:09:50.650] [Worker-Main-17/ERROR] [net.minecraft.world.level.storage.loot.LootDataType/]: Couldn't parse element ResourceKey[minecraft:root / minecraft:loot_table]:railways:blocks/track_byg_blue_enchanted_wide - Unknown registry key in ResourceKey[minecraft:root / minecraft:item]: railways:track_byg_blue_enchanted_wide
[01Oct2026 14:09:50.650] [Worker-Main-17/ERROR] [net.minecraft.world.level.storage.loot.LootDataType/]: Couldn't parse element ResourceKey[minecraft:root / minecraft:loot_table]:railways:blocks/track_natures_spirit_maple - Unknown registry key in ResourceKey[minecraft:root / minecraft:item]: railways:track_natures_spirit_maple
[01Oct2026 14:09:50.650] [Worker-Main-17/ERROR] [net.minecraft.world.level.storage.loot.LootDataType/]: Couldn't parse element ResourceKey[minecraft:root / minecraft:loot_table]:railways:blocks/track_biomesoplenty_redwood - Unknown registry key in ResourceKey[minecraft:root / minecraft:item]: railways:track_biomesoplenty_redwood
[01Oct2026 14:09:50.650] [Worker-Main-17/ERROR] [net.minecraft.world.level.storage.loot.LootDataType/]: Couldn't parse element ResourceKey[minecraft:root / minecraft:loot_table]:railways:blocks/track_create_dd_spirit_narrow - Unknown registry key in ResourceKey[minecraft:root / minecraft:item]: railways:track_create_dd_spirit_narrow
[01Oct2026 14:09:50.650] [Worker-Main-17/ERROR] [net.minecraft.world.level.storage.loot.LootDataType/]: Couldn't parse element ResourceKey[minecraft:root / minecraft:loot_table]:railways:blocks/track_quark_ancient - Unknown registry key in ResourceKey[minecraft:root / minecraft:item]: railways:track_quark_ancient
[01Oct2026 14:09:50.651] [Worker-Main-17/ERROR] [net.minecraft.world.level.storage.loot.LootDataType/]: Couldn't parse element ResourceKey[minecraft:root / minecraft:loot_table]:railways:blocks/track_tfc_hickory - Unknown registry key in ResourceKey[minecraft:root / minecraft:item]: railways:track_tfc_hickory
[01Oct2026 14:09:50.651] [Worker-Main-17/ERROR] [net.minecraft.world.level.storage.loot.LootDataType/]: Couldn't parse element ResourceKey[minecraft:root / minecraft:loot_table]:railways:blocks/track_create_dd_rubber - Unknown registry key in ResourceKey[minecraft:root / minecraft:item]: railways:track_create_dd_rubber
[01Oct2026 14:09:50.651] [Worker-Main-17/ERROR] [net.minecraft.world.level.storage.loot.LootDataType/]: Couldn't parse element ResourceKey[minecraft:root / minecraft:loot_table]:railways:blocks/track_tfc_kapok_narrow - Unknown registry key in ResourceKey[minecraft:root / minecraft:item]: railways:track_tfc_kapok_narrow
[01Oct2026 14:09:50.651] [Worker-Main-17/ERROR] [net.minecraft.world.level.storage.loot.LootDataType/]: Couldn't parse element ResourceKey[minecraft:root / minecraft:loot_table]:railways:blocks/track_byg_fir_wide - Unknown registry key in ResourceKey[minecraft:root / minecraft:item]: railways:track_byg_fir_wide
[01Oct2026 14:09:50.651] [Worker-Main-17/ERROR] [net.minecraft.world.level.storage.loot.LootDataType/]: Couldn't parse element ResourceKey[minecraft:root / minecraft:loot_table]:railways:blocks/track_blue_skies_starlit_narrow - Unknown registry key in ResourceKey[minecraft:root / minecraft:item]: railways:track_blue_skies_starlit_narrow
[01Oct2026 14:09:50.652] [Worker-Main-17/ERROR] [net.minecraft.world.level.storage.loot.LootDataType/]: Couldn't parse element ResourceKey[minecraft:root / minecraft:loot_table]:railways:blocks/track_tfc_aspen - Unknown registry key in ResourceKey[minecraft:root / minecraft:item]: railways:track_tfc_aspen
[01Oct2026 14:09:50.652] [Worker-Main-17/ERROR] [net.minecraft.world.level.storage.loot.LootDataType/]: Couldn't parse element ResourceKey[minecraft:root / minecraft:loot_table]:railways:blocks/track_byg_zelkova - Unknown registry key in ResourceKey[minecraft:root / minecraft:item]: railways:track_byg_zelkova
[01Oct2026 14:09:50.653] [Worker-Main-17/ERROR] [net.minecraft.world.level.storage.loot.LootDataType/]: Couldn't parse element ResourceKey[minecraft:root / minecraft:loot_table]:railways:blocks/track_tfc_pine - Unknown registry key in ResourceKey[minecraft:root / minecraft:item]: railways:track_tfc_pine
[01Oct2026 14:09:50.653] [Worker-Main-17/ERROR] [net.minecraft.world.level.storage.loot.LootDataType/]: Couldn't parse element ResourceKey[minecraft:root / minecraft:loot_table]:railways:blocks/track_blue_skies_bluebright_wide - Unknown registry key in ResourceKey[minecraft:root / minecraft:item]: railways:track_blue_skies_bluebright_wide
[01Oct2026 14:09:50.653] [Worker-Main-17/ERROR] [net.minecraft.world.level.storage.loot.LootDataType/]: Couldn't parse element ResourceKey[minecraft:root / minecraft:loot_table]:railways:blocks/track_byg_mahogany - Unknown registry key in ResourceKey[minecraft:root / minecraft:item]: railways:track_byg_mahogany
[01Oct2026 14:09:50.653] [Worker-Main-17/ERROR] [net.minecraft.world.level.storage.loot.LootDataType/]: Couldn't parse element ResourceKey[minecraft:root / minecraft:loot_table]:railways:blocks/track_tfc_sequoia_wide - Unknown registry key in ResourceKey[minecraft:root / minecraft:item]: railways:track_tfc_sequoia_wide
[01Oct2026 14:09:50.653] [Worker-Main-17/ERROR] [net.minecraft.world.level.storage.loot.LootDataType/]: Couldn't parse element ResourceKey[minecraft:root / minecraft:loot_table]:railways:blocks/track_tfc_hickory_wide - Unknown registry key in ResourceKey[minecraft:root / minecraft:item]: railways:track_tfc_hickory_wide
[01Oct2026 14:09:50.653] [Worker-Main-17/ERROR] [net.minecraft.world.level.storage.loot.LootDataType/]: Couldn't parse element ResourceKey[minecraft:root / minecraft:loot_table]:railways:blocks/track_tfc_spruce_wide - Unknown registry key in ResourceKey[minecraft:root / minecraft:item]: railways:track_tfc_spruce_wide
[01Oct2026 14:09:50.653] [Worker-Main-17/ERROR] [net.minecraft.world.level.storage.loot.LootDataType/]: Couldn't parse element ResourceKey[minecraft:root / minecraft:loot_table]:railways:blocks/track_byg_zelkova_wide - Unknown registry key in ResourceKey[minecraft:root / minecraft:item]: railways:track_byg_zelkova_wide
[01Oct2026 14:09:50.653] [Worker-Main-17/ERROR] [net.minecraft.world.level.storage.loot.LootDataType/]: Couldn't parse element ResourceKey[minecraft:root / minecraft:loot_table]:railways:blocks/track_biomesoplenty_umbran_wide - Unknown registry key in ResourceKey[minecraft:root / minecraft:item]: railways:track_biomesoplenty_umbran_wide
[01Oct2026 14:09:50.654] [Worker-Main-17/ERROR] [net.minecraft.world.level.storage.loot.LootDataType/]: Couldn't parse element ResourceKey[minecraft:root / minecraft:loot_table]:railways:blocks/track_twilightforest_mangrove_wide - Unknown registry key in ResourceKey[minecraft:root / minecraft:item]: railways:track_twilightforest_mangrove_wide
[01Oct2026 14:09:50.654] [Worker-Main-17/ERROR] [net.minecraft.world.level.storage.loot.LootDataType/]: Couldn't parse element ResourceKey[minecraft:root / minecraft:loot_table]:railways:blocks/track_hexcasting_edified - Unknown registry key in ResourceKey[minecraft:root / minecraft:item]: railways:track_hexcasting_edified
[01Oct2026 14:09:50.654] [Worker-Main-17/ERROR] [net.minecraft.world.level.storage.loot.LootDataType/]: Couldn't parse element ResourceKey[minecraft:root / minecraft:loot_table]:railways:blocks/track_byg_baobab_wide - Unknown registry key in ResourceKey[minecraft:root / minecraft:item]: railways:track_byg_baobab_wide
[01Oct2026 14:09:50.654] [Worker-Main-17/ERROR] [net.minecraft.world.level.storage.loot.LootDataType/]: Couldn't parse element ResourceKey[minecraft:root / minecraft:loot_table]:railways:blocks/track_tfc_spruce_narrow - Unknown registry key in ResourceKey[minecraft:root / minecraft:item]: railways:track_tfc_spruce_narrow
[01Oct2026 14:09:50.654] [Worker-Main-17/ERROR] [net.minecraft.world.level.storage.loot.LootDataType/]: Couldn't parse element ResourceKey[minecraft:root / minecraft:loot_table]:railways:blocks/track_twilightforest_darkwood_narrow - Unknown registry key in ResourceKey[minecraft:root / minecraft:item]: railways:track_twilightforest_darkwood_narrow
[01Oct2026 14:09:50.654] [Worker-Main-17/ERROR] [net.minecraft.world.level.storage.loot.LootDataType/]: Couldn't parse element ResourceKey[minecraft:root / minecraft:loot_table]:railways:blocks/track_tfc_douglas_fir_wide - Unknown registry key in ResourceKey[minecraft:root / minecraft:item]: railways:track_tfc_douglas_fir_wide
[01Oct2026 14:09:50.655] [Worker-Main-17/ERROR] [net.minecraft.world.level.storage.loot.LootDataType/]: Couldn't parse element ResourceKey[minecraft:root / minecraft:loot_table]:railways:blocks/track_natures_spirit_palo_verde_wide - Unknown registry key in ResourceKey[minecraft:root / minecraft:item]: railways:track_natures_spirit_palo_verde_wide
[01Oct2026 14:09:50.655] [Worker-Main-17/ERROR] [net.minecraft.world.level.storage.loot.LootDataType/]: Couldn't parse element ResourceKey[minecraft:root / minecraft:loot_table]:railways:blocks/track_tfc_blackwood_narrow - Unknown registry key in ResourceKey[minecraft:root / minecraft:item]: railways:track_tfc_blackwood_narrow
[01Oct2026 14:09:50.655] [Worker-Main-17/ERROR] [net.minecraft.world.level.storage.loot.LootDataType/]: Couldn't parse element ResourceKey[minecraft:root / minecraft:loot_table]:railways:blocks/track_natures_spirit_fir - Unknown registry key in ResourceKey[minecraft:root / minecraft:item]: railways:track_natures_spirit_fir
[01Oct2026 14:09:50.655] [Worker-Main-17/ERROR] [net.minecraft.world.level.storage.loot.LootDataType/]: Couldn't parse element ResourceKey[minecraft:root / minecraft:loot_table]:railways:blocks/track_natures_spirit_olive - Unknown registry key in ResourceKey[minecraft:root / minecraft:item]: railways:track_natures_spirit_olive
[01Oct2026 14:09:50.655] [Worker-Main-17/ERROR] [net.minecraft.world.level.storage.loot.LootDataType/]: Couldn't parse element ResourceKey[minecraft:root / minecraft:loot_table]:railways:blocks/track_byg_imparius_narrow - Unknown registry key in ResourceKey[minecraft:root / minecraft:item]: railways:track_byg_imparius_narrow
[01Oct2026 14:09:50.655] [Worker-Main-17/ERROR] [net.minecraft.world.level.storage.loot.LootDataType/]: Couldn't parse element ResourceKey[minecraft:root / minecraft:loot_table]:railways:blocks/track_tfc_willow - Unknown registry key in ResourceKey[minecraft:root / minecraft:item]: railways:track_tfc_willow
[01Oct2026 14:09:50.656] [Worker-Main-17/ERROR] [net.minecraft.world.level.storage.loot.LootDataType/]: Couldn't parse element ResourceKey[minecraft:root / minecraft:loot_table]:railways:blocks/track_hexcasting_edified_wide - Unknown registry key in ResourceKey[minecraft:root / minecraft:item]: railways:track_hexcasting_edified_wide
[01Oct2026 14:09:50.656] [Worker-Main-17/ERROR] [net.minecraft.world.level.storage.loot.LootDataType/]: Couldn't parse element ResourceKey[minecraft:root / minecraft:loot_table]:railways:blocks/track_byg_witch_hazel_wide - Unknown registry key in ResourceKey[minecraft:root / minecraft:item]: railways:track_byg_witch_hazel_wide
[01Oct2026 14:09:50.656] [Worker-Main-17/ERROR] [net.minecraft.world.level.storage.loot.LootDataType/]: Couldn't parse element ResourceKey[minecraft:root / minecraft:loot_table]:railways:blocks/track_byg_willow_narrow - Unknown registry key in ResourceKey[minecraft:root / minecraft:item]: railways:track_byg_willow_narrow
[01Oct2026 14:09:50.656] [Worker-Main-17/ERROR] [net.minecraft.world.level.storage.loot.LootDataType/]: Couldn't parse element ResourceKey[minecraft:root / minecraft:loot_table]:railways:blocks/track_byg_baobab - Unknown registry key in ResourceKey[minecraft:root / minecraft:item]: railways:track_byg_baobab
[01Oct2026 14:09:50.657] [Worker-Main-17/ERROR] [net.minecraft.world.level.storage.loot.LootDataType/]: Couldn't parse element ResourceKey[minecraft:root / minecraft:loot_table]:railways:blocks/track_twilightforest_canopy - Unknown registry key in ResourceKey[minecraft:root / minecraft:item]: railways:track_twilightforest_canopy
[01Oct2026 14:09:50.657] [Worker-Main-17/ERROR] [net.minecraft.world.level.storage.loot.LootDataType/]: Couldn't parse element ResourceKey[minecraft:root / minecraft:loot_table]:railways:blocks/track_natures_spirit_fir_narrow - Unknown registry key in ResourceKey[minecraft:root / minecraft:item]: railways:track_natures_spirit_fir_narrow
[01Oct2026 14:09:50.657] [Worker-Main-17/ERROR] [net.minecraft.world.level.storage.loot.LootDataType/]: Couldn't parse element ResourceKey[minecraft:root / minecraft:loot_table]:railways:blocks/track_byg_palm_wide - Unknown registry key in ResourceKey[minecraft:root / minecraft:item]: railways:track_byg_palm_wide
[01Oct2026 14:09:50.657] [Worker-Main-17/ERROR] [net.minecraft.world.level.storage.loot.LootDataType/]: Couldn't parse element ResourceKey[minecraft:root / minecraft:loot_table]:railways:blocks/track_byg_pine_wide - Unknown registry key in ResourceKey[minecraft:root / minecraft:item]: railways:track_byg_pine_wide
[01Oct2026 14:09:50.657] [Worker-Main-17/ERROR] [net.minecraft.world.level.storage.loot.LootDataType/]: Couldn't parse element ResourceKey[minecraft:root / minecraft:loot_table]:railways:blocks/track_natures_spirit_sugi_narrow - Unknown registry key in ResourceKey[minecraft:root / minecraft:item]: railways:track_natures_spirit_sugi_narrow
[01Oct2026 14:09:50.657] [Worker-Main-17/ERROR] [net.minecraft.world.level.storage.loot.LootDataType/]: Couldn't parse element ResourceKey[minecraft:root / minecraft:loot_table]:railways:blocks/track_biomesoplenty_dead - Unknown registry key in ResourceKey[minecraft:root / minecraft:item]: railways:track_biomesoplenty_dead
[01Oct2026 14:09:50.657] [Worker-Main-17/ERROR] [net.minecraft.world.level.storage.loot.LootDataType/]: Couldn't parse element ResourceKey[minecraft:root / minecraft:loot_table]:railways:blocks/track_tfc_mangrove - Unknown registry key in ResourceKey[minecraft:root / minecraft:item]: railways:track_tfc_mangrove
[01Oct2026 14:09:50.657] [Worker-Main-17/ERROR] [net.minecraft.world.level.storage.loot.LootDataType/]: Couldn't parse element ResourceKey[minecraft:root / minecraft:loot_table]:railways:blocks/track_byg_cypress_wide - Unknown registry key in ResourceKey[minecraft:root / minecraft:item]: railways:track_byg_cypress_wide
[01Oct2026 14:09:50.658] [Worker-Main-17/ERROR] [net.minecraft.world.level.storage.loot.LootDataType/]: Couldn't parse element ResourceKey[minecraft:root / minecraft:loot_table]:railways:blocks/track_tfc_palm_narrow - Unknown registry key in ResourceKey[minecraft:root / minecraft:item]: railways:track_tfc_palm_narrow
[01Oct2026 14:09:50.658] [Worker-Main-17/ERROR] [net.minecraft.world.level.storage.loot.LootDataType/]: Couldn't parse element ResourceKey[minecraft:root / minecraft:loot_table]:railways:blocks/track_tfc_kapok_wide - Unknown registry key in ResourceKey[minecraft:root / minecraft:item]: railways:track_tfc_kapok_wide
[01Oct2026 14:09:50.658] [Worker-Main-17/ERROR] [net.minecraft.world.level.storage.loot.LootDataType/]: Couldn't parse element ResourceKey[minecraft:root / minecraft:loot_table]:railways:blocks/track_byg_maple_wide - Unknown registry key in ResourceKey[minecraft:root / minecraft:item]: railways:track_byg_maple_wide
[01Oct2026 14:09:50.658] [Worker-Main-17/ERROR] [net.minecraft.world.level.storage.loot.LootDataType/]: Couldn't parse element ResourceKey[minecraft:root / minecraft:loot_table]:railways:blocks/track_biomesoplenty_fir_wide - Unknown registry key in ResourceKey[minecraft:root / minecraft:item]: railways:track_biomesoplenty_fir_wide
[01Oct2026 14:09:50.658] [Worker-Main-17/ERROR] [net.minecraft.world.level.storage.loot.LootDataType/]: Couldn't parse element ResourceKey[minecraft:root / minecraft:loot_table]:railways:blocks/track_byg_maple - Unknown registry key in ResourceKey[minecraft:root / minecraft:item]: railways:track_byg_maple
[01Oct2026 14:09:50.658] [Worker-Main-17/ERROR] [net.minecraft.world.level.storage.loot.LootDataType/]: Couldn't parse element ResourceKey[minecraft:root / minecraft:loot_table]:railways:blocks/track_byg_lament_wide - Unknown registry key in ResourceKey[minecraft:root / minecraft:item]: railways:track_byg_lament_wide
[01Oct2026 14:09:50.658] [Worker-Main-17/ERROR] [net.minecraft.world.level.storage.loot.LootDataType/]: Couldn't parse element ResourceKey[minecraft:root / minecraft:loot_table]:railways:blocks/track_byg_blue_enchanted_narrow - Unknown registry key in ResourceKey[minecraft:root / minecraft:item]: railways:track_byg_blue_enchanted_narrow
[01Oct2026 14:09:50.659] [Worker-Main-17/ERROR] [net.minecraft.world.level.storage.loot.LootDataType/]: Couldn't parse element ResourceKey[minecraft:root / minecraft:loot_table]:railways:blocks/track_byg_mahogany_wide - Unknown registry key in ResourceKey[minecraft:root / minecraft:item]: railways:track_byg_mahogany_wide
[01Oct2026 14:09:50.659] [Worker-Main-17/ERROR] [net.minecraft.world.level.storage.loot.LootDataType/]: Couldn't parse element ResourceKey[minecraft:root / minecraft:loot_table]:railways:blocks/track_natures_spirit_ghaf - Unknown registry key in ResourceKey[minecraft:root / minecraft:item]: railways:track_natures_spirit_ghaf
[01Oct2026 14:09:50.660] [Worker-Main-17/ERROR] [net.minecraft.world.level.storage.loot.LootDataType/]: Couldn't parse element ResourceKey[minecraft:root / minecraft:loot_table]:railways:blocks/track_tfc_palm - Unknown registry key in ResourceKey[minecraft:root / minecraft:item]: railways:track_tfc_palm
[01Oct2026 14:09:50.660] [Worker-Main-17/ERROR] [net.minecraft.world.level.storage.loot.LootDataType/]: Couldn't parse element ResourceKey[minecraft:root / minecraft:loot_table]:railways:blocks/track_biomesoplenty_dead_wide - Unknown registry key in ResourceKey[minecraft:root / minecraft:item]: railways:track_biomesoplenty_dead_wide
[01Oct2026 14:09:50.660] [Worker-Main-17/ERROR] [net.minecraft.world.level.storage.loot.LootDataType/]: Couldn't parse element ResourceKey[minecraft:root / minecraft:loot_table]:railways:blocks/track_byg_blue_enchanted - Unknown registry key in ResourceKey[minecraft:root / minecraft:item]: railways:track_byg_blue_enchanted
[01Oct2026 14:09:50.660] [Worker-Main-17/ERROR] [net.minecraft.world.level.storage.loot.LootDataType/]: Couldn't parse element ResourceKey[minecraft:root / minecraft:loot_table]:railways:blocks/track_natures_spirit_maple_wide - Unknown registry key in ResourceKey[minecraft:root / minecraft:item]: railways:track_natures_spirit_maple_wide
[01Oct2026 14:09:50.661] [Worker-Main-17/ERROR] [net.minecraft.world.level.storage.loot.LootDataType/]: Couldn't parse element ResourceKey[minecraft:root / minecraft:loot_table]:railways:blocks/track_tfc_white_cedar_wide - Unknown registry key in ResourceKey[minecraft:root / minecraft:item]: railways:track_tfc_white_cedar_wide
[01Oct2026 14:09:50.661] [Worker-Main-17/ERROR] [net.minecraft.world.level.storage.loot.LootDataType/]: Couldn't parse element ResourceKey[minecraft:root / minecraft:loot_table]:railways:blocks/track_byg_imparius_wide - Unknown registry key in ResourceKey[minecraft:root / minecraft:item]: railways:track_byg_imparius_wide
[01Oct2026 14:09:50.661] [Worker-Main-17/ERROR] [net.minecraft.world.level.storage.loot.LootDataType/]: Couldn't parse element ResourceKey[minecraft:root / minecraft:loot_table]:railways:blocks/track_tfc_maple_narrow - Unknown registry key in ResourceKey[minecraft:root / minecraft:item]: railways:track_tfc_maple_narrow
[01Oct2026 14:09:50.661] [Worker-Main-17/ERROR] [net.minecraft.world.level.storage.loot.LootDataType/]: Couldn't parse element ResourceKey[minecraft:root / minecraft:loot_table]:railways:blocks/track_biomesoplenty_umbran - Unknown registry key in ResourceKey[minecraft:root / minecraft:item]: railways:track_biomesoplenty_umbran
[01Oct2026 14:09:50.662] [Worker-Main-17/ERROR] [net.minecraft.world.level.storage.loot.LootDataType/]: Couldn't parse element ResourceKey[minecraft:root / minecraft:loot_table]:railways:blocks/track_byg_palm - Unknown registry key in ResourceKey[minecraft:root / minecraft:item]: railways:track_byg_palm
[01Oct2026 14:09:50.662] [Worker-Main-17/ERROR] [net.minecraft.world.level.storage.loot.LootDataType/]: Couldn't parse element ResourceKey[minecraft:root / minecraft:loot_table]:railways:blocks/track_blue_skies_dusk_wide - Unknown registry key in ResourceKey[minecraft:root / minecraft:item]: railways:track_blue_skies_dusk_wide
[01Oct2026 14:09:50.662] [Worker-Main-17/ERROR] [net.minecraft.world.level.storage.loot.LootDataType/]: Couldn't parse element ResourceKey[minecraft:root / minecraft:loot_table]:railways:blocks/track_twilightforest_minewood - Unknown registry key in ResourceKey[minecraft:root / minecraft:item]: railways:track_twilightforest_minewood
[01Oct2026 14:09:50.662] [Worker-Main-17/ERROR] [net.minecraft.world.level.storage.loot.LootDataType/]: Couldn't parse element ResourceKey[minecraft:root / minecraft:loot_table]:railways:blocks/track_blue_skies_frostbright_wide - Unknown registry key in ResourceKey[minecraft:root / minecraft:item]: railways:track_blue_skies_frostbright_wide
[01Oct2026 14:09:50.663] [Worker-Main-17/ERROR] [net.minecraft.world.level.storage.loot.LootDataType/]: Couldn't parse element ResourceKey[minecraft:root / minecraft:loot_table]:railways:blocks/track_byg_pine_narrow - Unknown registry key in ResourceKey[minecraft:root / minecraft:item]: railways:track_byg_pine_narrow
[01Oct2026 14:09:50.663] [Worker-Main-17/ERROR] [net.minecraft.world.level.storage.loot.LootDataType/]: Couldn't parse element ResourceKey[minecraft:root / minecraft:loot_table]:railways:blocks/track_natures_spirit_olive_wide - Unknown registry key in ResourceKey[minecraft:root / minecraft:item]: railways:track_natures_spirit_olive_wide
[01Oct2026 14:09:50.663] [Worker-Main-17/ERROR] [net.minecraft.world.level.storage.loot.LootDataType/]: Couldn't parse element ResourceKey[minecraft:root / minecraft:loot_table]:railways:blocks/track_natures_spirit_sugi_wide - Unknown registry key in ResourceKey[minecraft:root / minecraft:item]: railways:track_natures_spirit_sugi_wide
[01Oct2026 14:09:50.663] [Worker-Main-17/ERROR] [net.minecraft.world.level.storage.loot.LootDataType/]: Couldn't parse element ResourceKey[minecraft:root / minecraft:loot_table]:railways:blocks/track_byg_aspen_narrow - Unknown registry key in ResourceKey[minecraft:root / minecraft:item]: railways:track_byg_aspen_narrow
[01Oct2026 14:09:50.663] [Worker-Main-17/ERROR] [net.minecraft.world.level.storage.loot.LootDataType/]: Couldn't parse element ResourceKey[minecraft:root / minecraft:loot_table]:railways:blocks/track_tfc_sequoia_narrow - Unknown registry key in ResourceKey[minecraft:root / minecraft:item]: railways:track_tfc_sequoia_narrow
[01Oct2026 14:09:50.664] [Worker-Main-17/ERROR] [net.minecraft.world.level.storage.loot.LootDataType/]: Couldn't parse element ResourceKey[minecraft:root / minecraft:loot_table]:railways:blocks/track_twilightforest_sortingwood_narrow - Unknown registry key in ResourceKey[minecraft:root / minecraft:item]: railways:track_twilightforest_sortingwood_narrow
[01Oct2026 14:09:50.664] [Worker-Main-17/ERROR] [net.minecraft.world.level.storage.loot.LootDataType/]: Couldn't parse element ResourceKey[minecraft:root / minecraft:loot_table]:railways:blocks/track_tfc_spruce - Unknown registry key in ResourceKey[minecraft:root / minecraft:item]: railways:track_tfc_spruce
[01Oct2026 14:09:50.664] [Worker-Main-17/ERROR] [net.minecraft.world.level.storage.loot.LootDataType/]: Couldn't parse element ResourceKey[minecraft:root / minecraft:loot_table]:railways:blocks/track_tfc_douglas_fir_narrow - Unknown registry key in ResourceKey[minecraft:root / minecraft:item]: railways:track_tfc_douglas_fir_narrow
[01Oct2026 14:09:50.664] [Worker-Main-17/ERROR] [net.minecraft.world.level.storage.loot.LootDataType/]: Couldn't parse element ResourceKey[minecraft:root / minecraft:loot_table]:railways:blocks/track_biomesoplenty_hellbark_narrow - Unknown registry key in ResourceKey[minecraft:root / minecraft:item]: railways:track_biomesoplenty_hellbark_narrow
[01Oct2026 14:09:50.664] [Worker-Main-17/ERROR] [net.minecraft.world.level.storage.loot.LootDataType/]: Couldn't parse element ResourceKey[minecraft:root / minecraft:loot_table]:railways:blocks/track_tfc_white_cedar_narrow - Unknown registry key in ResourceKey[minecraft:root / minecraft:item]: railways:track_tfc_white_cedar_narrow
[01Oct2026 14:09:50.665] [Worker-Main-17/ERROR] [net.minecraft.world.level.storage.loot.LootDataType/]: Couldn't parse element ResourceKey[minecraft:root / minecraft:loot_table]:railways:blocks/track_byg_fir - Unknown registry key in ResourceKey[minecraft:root / minecraft:item]: railways:track_byg_fir
[01Oct2026 14:09:50.665] [Worker-Main-17/ERROR] [net.minecraft.world.level.storage.loot.LootDataType/]: Couldn't parse element ResourceKey[minecraft:root / minecraft:loot_table]:railways:blocks/track_natures_spirit_aspen_narrow - Unknown registry key in ResourceKey[minecraft:root / minecraft:item]: railways:track_natures_spirit_aspen_narrow
[01Oct2026 14:09:50.665] [Worker-Main-17/ERROR] [net.minecraft.world.level.storage.loot.LootDataType/]: Couldn't parse element ResourceKey[minecraft:root / minecraft:loot_table]:railways:blocks/track_tfc_pine_wide - Unknown registry key in ResourceKey[minecraft:root / minecraft:item]: railways:track_tfc_pine_wide
[01Oct2026 14:09:50.665] [Worker-Main-17/ERROR] [net.minecraft.world.level.storage.loot.LootDataType/]: Couldn't parse element ResourceKey[minecraft:root / minecraft:loot_table]:railways:blocks/track_byg_rainbow_eucalyptus - Unknown registry key in ResourceKey[minecraft:root / minecraft:item]: railways:track_byg_rainbow_eucalyptus
[01Oct2026 14:09:50.665] [Worker-Main-17/ERROR] [net.minecraft.world.level.storage.loot.LootDataType/]: Couldn't parse element ResourceKey[minecraft:root / minecraft:loot_table]:railways:blocks/track_twilightforest_darkwood_wide - Unknown registry key in ResourceKey[minecraft:root / minecraft:item]: railways:track_twilightforest_darkwood_wide
[01Oct2026 14:09:50.665] [Worker-Main-17/ERROR] [net.minecraft.world.level.storage.loot.LootDataType/]: Couldn't parse element ResourceKey[minecraft:root / minecraft:loot_table]:railways:blocks/track_tfc_mangrove_wide - Unknown registry key in ResourceKey[minecraft:root / minecraft:item]: railways:track_tfc_mangrove_wide
[01Oct2026 14:09:50.666] [Worker-Main-17/ERROR] [net.minecraft.world.level.storage.loot.LootDataType/]: Couldn't parse element ResourceKey[minecraft:root / minecraft:loot_table]:railways:blocks/track_tfc_ash - Unknown registry key in ResourceKey[minecraft:root / minecraft:item]: railways:track_tfc_ash
[01Oct2026 14:09:50.666] [Worker-Main-17/ERROR] [net.minecraft.world.level.storage.loot.LootDataType/]: Couldn't parse element ResourceKey[minecraft:root / minecraft:loot_table]:railways:blocks/track_byg_redwood - Unknown registry key in ResourceKey[minecraft:root / minecraft:item]: railways:track_byg_redwood
[01Oct2026 14:09:50.666] [Worker-Main-17/ERROR] [net.minecraft.world.level.storage.loot.LootDataType/]: Couldn't parse element ResourceKey[minecraft:root / minecraft:loot_table]:railways:blocks/track_create_dd_rubber_wide - Unknown registry key in ResourceKey[minecraft:root / minecraft:item]: railways:track_create_dd_rubber_wide
[01Oct2026 14:09:50.666] [Worker-Main-17/ERROR] [net.minecraft.world.level.storage.loot.LootDataType/]: Couldn't parse element ResourceKey[minecraft:root / minecraft:loot_table]:railways:blocks/track_natures_spirit_ghaf_wide - Unknown registry key in ResourceKey[minecraft:root / minecraft:item]: railways:track_natures_spirit_ghaf_wide
[01Oct2026 14:09:50.666] [Worker-Main-17/ERROR] [net.minecraft.world.level.storage.loot.LootDataType/]: Couldn't parse element ResourceKey[minecraft:root / minecraft:loot_table]:railways:blocks/track_natures_spirit_wisteria_narrow - Unknown registry key in ResourceKey[minecraft:root / minecraft:item]: railways:track_natures_spirit_wisteria_narrow
[01Oct2026 14:09:50.667] [Worker-Main-17/ERROR] [net.minecraft.world.level.storage.loot.LootDataType/]: Couldn't parse element ResourceKey[minecraft:root / minecraft:loot_table]:railways:blocks/track_natures_spirit_palo_verde - Unknown registry key in ResourceKey[minecraft:root / minecraft:item]: railways:track_natures_spirit_palo_verde
[01Oct2026 14:09:50.667] [Worker-Main-17/ERROR] [net.minecraft.world.level.storage.loot.LootDataType/]: Couldn't parse element ResourceKey[minecraft:root / minecraft:loot_table]:railways:blocks/track_tfc_sequoia - Unknown registry key in ResourceKey[minecraft:root / minecraft:item]: railways:track_tfc_sequoia
[01Oct2026 14:09:50.667] [Worker-Main-17/ERROR] [net.minecraft.world.level.storage.loot.LootDataType/]: Couldn't parse element ResourceKey[minecraft:root / minecraft:loot_table]:railways:blocks/track_byg_holly - Unknown registry key in ResourceKey[minecraft:root / minecraft:item]: railways:track_byg_holly
[01Oct2026 14:09:50.667] [Worker-Main-17/ERROR] [net.minecraft.world.level.storage.loot.LootDataType/]: Couldn't parse element ResourceKey[minecraft:root / minecraft:loot_table]:railways:blocks/track_biomesoplenty_palm_wide - Unknown registry key in ResourceKey[minecraft:root / minecraft:item]: railways:track_biomesoplenty_palm_wide
[01Oct2026 14:09:50.667] [Worker-Main-17/ERROR] [net.minecraft.world.level.storage.loot.LootDataType/]: Couldn't parse element ResourceKey[minecraft:root / minecraft:loot_table]:railways:blocks/track_tfc_maple_wide - Unknown registry key in ResourceKey[minecraft:root / minecraft:item]: railways:track_tfc_maple_wide
[01Oct2026 14:09:50.668] [Worker-Main-17/ERROR] [net.minecraft.world.level.storage.loot.LootDataType/]: Couldn't parse element ResourceKey[minecraft:root / minecraft:loot_table]:railways:blocks/track_blue_skies_lunar - Unknown registry key in ResourceKey[minecraft:root / minecraft:item]: railways:track_blue_skies_lunar
[01Oct2026 14:09:50.668] [Worker-Main-17/ERROR] [net.minecraft.world.level.storage.loot.LootDataType/]: Couldn't parse element ResourceKey[minecraft:root / minecraft:loot_table]:railways:blocks/track_natures_spirit_redwood_wide - Unknown registry key in ResourceKey[minecraft:root / minecraft:item]: railways:track_natures_spirit_redwood_wide
[01Oct2026 14:09:50.668] [Worker-Main-17/ERROR] [net.minecraft.world.level.storage.loot.LootDataType/]: Couldn't parse element ResourceKey[minecraft:root / minecraft:loot_table]:railways:blocks/track_blue_skies_lunar_narrow - Unknown registry key in ResourceKey[minecraft:root / minecraft:item]: railways:track_blue_skies_lunar_narrow
[01Oct2026 14:09:50.668] [Worker-Main-17/ERROR] [net.minecraft.world.level.storage.loot.LootDataType/]: Couldn't parse element ResourceKey[minecraft:root / minecraft:loot_table]:railways:blocks/track_byg_lament - Unknown registry key in ResourceKey[minecraft:root / minecraft:item]: railways:track_byg_lament
[01Oct2026 14:09:50.668] [Worker-Main-17/ERROR] [net.minecraft.world.level.storage.loot.LootDataType/]: Couldn't parse element ResourceKey[minecraft:root / minecraft:loot_table]:railways:blocks/track_natures_spirit_aspen_wide - Unknown registry key in ResourceKey[minecraft:root / minecraft:item]: railways:track_natures_spirit_aspen_wide
[01Oct2026 14:09:50.668] [Worker-Main-17/ERROR] [net.minecraft.world.level.storage.loot.LootDataType/]: Couldn't parse element ResourceKey[minecraft:root / minecraft:loot_table]:railways:blocks/track_tfc_sycamore_narrow - Unknown registry key in ResourceKey[minecraft:root / minecraft:item]: railways:track_tfc_sycamore_narrow
[01Oct2026 14:09:50.668] [Worker-Main-17/ERROR] [net.minecraft.world.level.storage.loot.LootDataType/]: Couldn't parse element ResourceKey[minecraft:root / minecraft:loot_table]:railways:blocks/track_byg_ebony_narrow - Unknown registry key in ResourceKey[minecraft:root / minecraft:item]: railways:track_byg_ebony_narrow
[01Oct2026 14:09:50.668] [Worker-Main-17/ERROR] [net.minecraft.world.level.storage.loot.LootDataType/]: Couldn't parse element ResourceKey[minecraft:root / minecraft:loot_table]:railways:blocks/track_byg_holly_wide - Unknown registry key in ResourceKey[minecraft:root / minecraft:item]: railways:track_byg_holly_wide
[01Oct2026 14:09:50.668] [Worker-Main-17/ERROR] [net.minecraft.world.level.storage.loot.LootDataType/]: Couldn't parse element ResourceKey[minecraft:root / minecraft:loot_table]:railways:blocks/track_tfc_aspen_narrow - Unknown registry key in ResourceKey[minecraft:root / minecraft:item]: railways:track_tfc_aspen_narrow
[01Oct2026 14:09:50.669] [Worker-Main-17/ERROR] [net.minecraft.world.level.storage.loot.LootDataType/]: Couldn't parse element ResourceKey[minecraft:root / minecraft:loot_table]:railways:blocks/track_natures_spirit_redwood_narrow - Unknown registry key in ResourceKey[minecraft:root / minecraft:item]: railways:track_natures_spirit_redwood_narrow
[01Oct2026 14:09:50.669] [Worker-Main-17/ERROR] [net.minecraft.world.level.storage.loot.LootDataType/]: Couldn't parse element ResourceKey[minecraft:root / minecraft:loot_table]:railways:blocks/track_create_dd_spirit_wide - Unknown registry key in ResourceKey[minecraft:root / minecraft:item]: railways:track_create_dd_spirit_wide
[01Oct2026 14:09:50.669] [Worker-Main-17/ERROR] [net.minecraft.world.level.storage.loot.LootDataType/]: Couldn't parse element ResourceKey[minecraft:root / minecraft:loot_table]:railways:blocks/track_create_dd_smoked_wide - Unknown registry key in ResourceKey[minecraft:root / minecraft:item]: railways:track_create_dd_smoked_wide
[01Oct2026 14:09:50.669] [Worker-Main-17/ERROR] [net.minecraft.world.level.storage.loot.LootDataType/]: Couldn't parse element ResourceKey[minecraft:root / minecraft:loot_table]:railways:blocks/track_quark_blossom_wide - Unknown registry key in ResourceKey[minecraft:root / minecraft:item]: railways:track_quark_blossom_wide
[01Oct2026 14:09:50.669] [Worker-Main-17/ERROR] [net.minecraft.world.level.storage.loot.LootDataType/]: Couldn't parse element ResourceKey[minecraft:root / minecraft:loot_table]:railways:blocks/track_biomesoplenty_magic - Unknown registry key in ResourceKey[minecraft:root / minecraft:item]: railways:track_biomesoplenty_magic
[01Oct2026 14:09:50.669] [Worker-Main-17/ERROR] [net.minecraft.world.level.storage.loot.LootDataType/]: Couldn't parse element ResourceKey[minecraft:root / minecraft:loot_table]:railways:blocks/track_twilightforest_canopy_wide - Unknown registry key in ResourceKey[minecraft:root / minecraft:item]: railways:track_twilightforest_canopy_wide
[01Oct2026 14:09:50.669] [Worker-Main-17/ERROR] [net.minecraft.world.level.storage.loot.LootDataType/]: Couldn't parse element ResourceKey[minecraft:root / minecraft:loot_table]:railways:blocks/track_byg_ether - Unknown registry key in ResourceKey[minecraft:root / minecraft:item]: railways:track_byg_ether
[01Oct2026 14:09:50.669] [Worker-Main-17/ERROR] [net.minecraft.world.level.storage.loot.LootDataType/]: Couldn't parse element ResourceKey[minecraft:root / minecraft:loot_table]:railways:blocks/track_biomesoplenty_willow_wide - Unknown registry key in ResourceKey[minecraft:root / minecraft:item]: railways:track_biomesoplenty_willow_wide
[01Oct2026 14:09:50.669] [Worker-Main-17/ERROR] [net.minecraft.world.level.storage.loot.LootDataType/]: Couldn't parse element ResourceKey[minecraft:root / minecraft:loot_table]:railways:blocks/track_blue_skies_starlit_wide - Unknown registry key in ResourceKey[minecraft:root / minecraft:item]: railways:track_blue_skies_starlit_wide
[01Oct2026 14:09:50.669] [Worker-Main-17/ERROR] [net.minecraft.world.level.storage.loot.LootDataType/]: Couldn't parse element ResourceKey[minecraft:root / minecraft:loot_table]:railways:blocks/track_natures_spirit_ghaf_narrow - Unknown registry key in ResourceKey[minecraft:root / minecraft:item]: railways:track_natures_spirit_ghaf_narrow
[01Oct2026 14:09:50.670] [Worker-Main-17/ERROR] [net.minecraft.world.level.storage.loot.LootDataType/]: Couldn't parse element ResourceKey[minecraft:root / minecraft:loot_table]:railways:blocks/track_byg_cika - Unknown registry key in ResourceKey[minecraft:root / minecraft:item]: railways:track_byg_cika
[01Oct2026 14:09:50.670] [Worker-Main-17/ERROR] [net.minecraft.world.level.storage.loot.LootDataType/]: Couldn't parse element ResourceKey[minecraft:root / minecraft:loot_table]:railways:blocks/track_biomesoplenty_palm_narrow - Unknown registry key in ResourceKey[minecraft:root / minecraft:item]: railways:track_biomesoplenty_palm_narrow
[01Oct2026 14:09:50.670] [Worker-Main-17/ERROR] [net.minecraft.world.level.storage.loot.LootDataType/]: Couldn't parse element ResourceKey[minecraft:root / minecraft:loot_table]:railways:blocks/track_byg_witch_hazel - Unknown registry key in ResourceKey[minecraft:root / minecraft:item]: railways:track_byg_witch_hazel
[01Oct2026 14:09:50.670] [Worker-Main-17/ERROR] [net.minecraft.world.level.storage.loot.LootDataType/]: Couldn't parse element ResourceKey[minecraft:root / minecraft:loot_table]:railways:blocks/track_natures_spirit_willow_wide - Unknown registry key in ResourceKey[minecraft:root / minecraft:item]: railways:track_natures_spirit_willow_wide
[01Oct2026 14:09:50.670] [Worker-Main-17/ERROR] [net.minecraft.world.level.storage.loot.LootDataType/]: Couldn't parse element ResourceKey[minecraft:root / minecraft:loot_table]:railways:blocks/track_quark_blossom - Unknown registry key in ResourceKey[minecraft:root / minecraft:item]: railways:track_quark_blossom
[01Oct2026 14:09:50.670] [Worker-Main-17/ERROR] [net.minecraft.world.level.storage.loot.LootDataType/]: Couldn't parse element ResourceKey[minecraft:root / minecraft:loot_table]:railways:blocks/track_biomesoplenty_jacaranda_narrow - Unknown registry key in ResourceKey[minecraft:root / minecraft:item]: railways:track_biomesoplenty_jacaranda_narrow
[01Oct2026 14:09:50.670] [Worker-Main-17/ERROR] [net.minecraft.world.level.storage.loot.LootDataType/]: Couldn't parse element ResourceKey[minecraft:root / minecraft:loot_table]:railways:blocks/track_quark_azalea_wide - Unknown registry key in ResourceKey[minecraft:root / minecraft:item]: railways:track_quark_azalea_wide
[01Oct2026 14:09:50.670] [Worker-Main-17/ERROR] [net.minecraft.world.level.storage.loot.LootDataType/]: Couldn't parse element ResourceKey[minecraft:root / minecraft:loot_table]:railways:blocks/track_byg_cypress - Unknown registry key in ResourceKey[minecraft:root / minecraft:item]: railways:track_byg_cypress
[01Oct2026 14:09:50.671] [Worker-Main-17/ERROR] [net.minecraft.world.level.storage.loot.LootDataType/]: Couldn't parse element ResourceKey[minecraft:root / minecraft:loot_table]:railways:blocks/track_natures_spirit_joshua - Unknown registry key in ResourceKey[minecraft:root / minecraft:item]: railways:track_natures_spirit_joshua
[01Oct2026 14:09:50.671] [Worker-Main-17/ERROR] [net.minecraft.world.level.storage.loot.LootDataType/]: Couldn't parse element ResourceKey[minecraft:root / minecraft:loot_table]:railways:blocks/track_twilightforest_twilight_oak_narrow - Unknown registry key in ResourceKey[minecraft:root / minecraft:item]: railways:track_twilightforest_twilight_oak_narrow
[01Oct2026 14:09:50.671] [Worker-Main-17/ERROR] [net.minecraft.world.level.storage.loot.LootDataType/]: Couldn't parse element ResourceKey[minecraft:root / minecraft:loot_table]:railways:blocks/track_byg_bulbis - Unknown registry key in ResourceKey[minecraft:root / minecraft:item]: railways:track_byg_bulbis
[01Oct2026 14:09:50.671] [Worker-Main-17/ERROR] [net.minecraft.world.level.storage.loot.LootDataType/]: Couldn't parse element ResourceKey[minecraft:root / minecraft:loot_table]:railways:blocks/track_byg_cypress_narrow - Unknown registry key in ResourceKey[minecraft:root / minecraft:item]: railways:track_byg_cypress_narrow
[01Oct2026 14:09:50.671] [Worker-Main-17/ERROR] [net.minecraft.world.level.storage.loot.LootDataType/]: Couldn't parse element ResourceKey[minecraft:root / minecraft:loot_table]:railways:blocks/track_byg_sythian - Unknown registry key in ResourceKey[minecraft:root / minecraft:item]: railways:track_byg_sythian
[01Oct2026 14:09:50.672] [Worker-Main-17/ERROR] [net.minecraft.world.level.storage.loot.LootDataType/]: Couldn't parse element ResourceKey[minecraft:root / minecraft:loot_table]:railways:blocks/track_blue_skies_maple_wide - Unknown registry key in ResourceKey[minecraft:root / minecraft:item]: railways:track_blue_skies_maple_wide
[01Oct2026 14:09:50.672] [Worker-Main-17/ERROR] [net.minecraft.world.level.storage.loot.LootDataType/]: Couldn't parse element ResourceKey[minecraft:root / minecraft:loot_table]:railways:blocks/track_biomesoplenty_redwood_wide - Unknown registry key in ResourceKey[minecraft:root / minecraft:item]: railways:track_biomesoplenty_redwood_wide
[01Oct2026 14:09:50.672] [Worker-Main-17/ERROR] [net.minecraft.world.level.storage.loot.LootDataType/]: Couldn't parse element ResourceKey[minecraft:root / minecraft:loot_table]:railways:blocks/track_biomesoplenty_fir - Unknown registry key in ResourceKey[minecraft:root / minecraft:item]: railways:track_biomesoplenty_fir
[01Oct2026 14:09:50.672] [Worker-Main-17/ERROR] [net.minecraft.world.level.storage.loot.LootDataType/]: Couldn't parse element ResourceKey[minecraft:root / minecraft:loot_table]:railways:blocks/track_natures_spirit_maple_narrow - Unknown registry key in ResourceKey[minecraft:root / minecraft:item]: railways:track_natures_spirit_maple_narrow
[01Oct2026 14:09:50.672] [Worker-Main-17/ERROR] [net.minecraft.world.level.storage.loot.LootDataType/]: Couldn't parse element ResourceKey[minecraft:root / minecraft:loot_table]:railways:blocks/track_biomesoplenty_willow_narrow - Unknown registry key in ResourceKey[minecraft:root / minecraft:item]: railways:track_biomesoplenty_willow_narrow
[01Oct2026 14:09:50.673] [Worker-Main-17/ERROR] [net.minecraft.world.level.storage.loot.LootDataType/]: Couldn't parse element ResourceKey[minecraft:root / minecraft:loot_table]:railways:blocks/track_twilightforest_timewood_narrow - Unknown registry key in ResourceKey[minecraft:root / minecraft:item]: railways:track_twilightforest_timewood_narrow
[01Oct2026 14:09:50.673] [Worker-Main-17/ERROR] [net.minecraft.world.level.storage.loot.LootDataType/]: Couldn't parse element ResourceKey[minecraft:root / minecraft:loot_table]:railways:blocks/track_quark_azalea - Unknown registry key in ResourceKey[minecraft:root / minecraft:item]: railways:track_quark_azalea
[01Oct2026 14:09:50.673] [Worker-Main-17/ERROR] [net.minecraft.world.level.storage.loot.LootDataType/]: Couldn't parse element ResourceKey[minecraft:root / minecraft:loot_table]:railways:blocks/track_twilightforest_timewood_wide - Unknown registry key in ResourceKey[minecraft:root / minecraft:item]: railways:track_twilightforest_timewood_wide
[01Oct2026 14:09:50.674] [Worker-Main-17/ERROR] [net.minecraft.world.level.storage.loot.LootDataType/]: Couldn't parse element ResourceKey[minecraft:root / minecraft:loot_table]:railways:blocks/track_tfc_birch - Unknown registry key in ResourceKey[minecraft:root / minecraft:item]: railways:track_tfc_birch
[01Oct2026 14:09:50.674] [Worker-Main-17/ERROR] [net.minecraft.world.level.storage.loot.LootDataType/]: Couldn't parse element ResourceKey[minecraft:root / minecraft:loot_table]:railways:blocks/track_byg_skyris_wide - Unknown registry key in ResourceKey[minecraft:root / minecraft:item]: railways:track_byg_skyris_wide
[01Oct2026 14:09:50.674] [Worker-Main-17/ERROR] [net.minecraft.world.level.storage.loot.LootDataType/]: Couldn't parse element ResourceKey[minecraft:root / minecraft:loot_table]:railways:blocks/track_biomesoplenty_jacaranda - Unknown registry key in ResourceKey[minecraft:root / minecraft:item]: railways:track_biomesoplenty_jacaranda
[01Oct2026 14:09:50.675] [Worker-Main-17/ERROR] [net.minecraft.world.level.storage.loot.LootDataType/]: Couldn't parse element ResourceKey[minecraft:root / minecraft:loot_table]:railways:blocks/track_twilightforest_transwood - Unknown registry key in ResourceKey[minecraft:root / minecraft:item]: railways:track_twilightforest_transwood
[01Oct2026 14:09:50.675] [Worker-Main-17/ERROR] [net.minecraft.world.level.storage.loot.LootDataType/]: Couldn't parse element ResourceKey[minecraft:root / minecraft:loot_table]:railways:blocks/track_biomesoplenty_hellbark - Unknown registry key in ResourceKey[minecraft:root / minecraft:item]: railways:track_biomesoplenty_hellbark
[01Oct2026 14:09:50.675] [Worker-Main-17/ERROR] [net.minecraft.world.level.storage.loot.LootDataType/]: Couldn't parse element ResourceKey[minecraft:root / minecraft:loot_table]:railways:blocks/track_tfc_pine_narrow - Unknown registry key in ResourceKey[minecraft:root / minecraft:item]: railways:track_tfc_pine_narrow
[01Oct2026 14:09:50.676] [Worker-Main-17/ERROR] [net.minecraft.world.level.storage.loot.LootDataType/]: Couldn't parse element ResourceKey[minecraft:root / minecraft:loot_table]:railways:blocks/track_biomesoplenty_redwood_narrow - Unknown registry key in ResourceKey[minecraft:root / minecraft:item]: railways:track_biomesoplenty_redwood_narrow
[01Oct2026 14:09:50.676] [Worker-Main-17/ERROR] [net.minecraft.world.level.storage.loot.LootDataType/]: Couldn't parse element ResourceKey[minecraft:root / minecraft:loot_table]:railways:blocks/track_create_dd_smoked_narrow - Unknown registry key in ResourceKey[minecraft:root / minecraft:item]: railways:track_create_dd_smoked_narrow
[01Oct2026 14:09:50.883] [Server thread/INFO] [net.minecraft.world.item.crafting.RecipeManager/]: Loaded 4109 recipes
[01Oct2026 14:09:50.960] [Server thread/INFO] [net.minecraft.advancements.AdvancementTree/]: Loaded 3670 advancements
[01Oct2026 14:09:50.961] [Server thread/INFO] [com.stonytark.magnetization.content.gas.GasExcitationProfiles/]: Loaded 0 gas excitation fluid profile bindings
[01Oct2026 14:09:50.966] [Server thread/WARN] [net.minecraft.core.MappedRegistry/]: Not all defined tags for registry ResourceKey[minecraft:root / minecraft:item] are present in data pack: c:ingots/aluminum
[01Oct2026 14:09:52.141] [Server thread/INFO] [magnetization/]: Stripped 1 recipe(s) producing disabled magnetization content.
[01Oct2026 14:09:52.163] [Server thread/INFO] [magnetization/validation-audit/]: VALIDATION_NATIVE_CRAFT_PASS material=minecraft:iron_ingot consumed=book+material output=1 patchouli:guide_book
[01Oct2026 14:09:52.166] [Server thread/INFO] [magnetization/validation-audit/]: VALIDATION_NATIVE_CRAFT_PASS material=minecraft:lodestone consumed=book+material output=1 patchouli:guide_book
[01Oct2026 14:09:52.166] [Server thread/INFO] [magnetization/validation-audit/]: VALIDATION_RECIPES_PASS magnetite=false iron=true lodestone=true
[01Oct2026 14:09:52.168] [Server thread/INFO] [magnetization/validation-audit/]: VALIDATION_CONFIG_EDIT fieldManualLodestoneRecipeEnabled=false
[01Oct2026 14:09:53.772] [Worker-Main-24/ERROR] [net.minecraft.world.level.storage.loot.LootDataType/]: Couldn't parse element ResourceKey[minecraft:root / minecraft:loot_table]:railways:blocks/track_byg_witch_hazel_narrow - Unknown registry key in ResourceKey[minecraft:root / minecraft:item]: railways:track_byg_witch_hazel_narrow
[01Oct2026 14:09:53.773] [Worker-Main-24/ERROR] [net.minecraft.world.level.storage.loot.LootDataType/]: Couldn't parse element ResourceKey[minecraft:root / minecraft:loot_table]:railways:blocks/track_tfc_acacia - Unknown registry key in ResourceKey[minecraft:root / minecraft:item]: railways:track_tfc_acacia
[01Oct2026 14:09:53.774] [Worker-Main-24/ERROR] [net.minecraft.world.level.storage.loot.LootDataType/]: Couldn't parse element ResourceKey[minecraft:root / minecraft:loot_table]:railways:blocks/track_biomesoplenty_mahogany_narrow - Unknown registry key in ResourceKey[minecraft:root / minecraft:item]: railways:track_biomesoplenty_mahogany_narrow
[01Oct2026 14:09:53.774] [Worker-Main-24/ERROR] [net.minecraft.world.level.storage.loot.LootDataType/]: Couldn't parse element ResourceKey[minecraft:root / minecraft:loot_table]:railways:blocks/track_natures_spirit_joshua_wide - Unknown registry key in ResourceKey[minecraft:root / minecraft:item]: railways:track_natures_spirit_joshua_wide
[01Oct2026 14:09:53.776] [Worker-Main-24/ERROR] [net.minecraft.world.level.storage.loot.LootDataType/]: Couldn't parse element ResourceKey[minecraft:root / minecraft:loot_table]:railways:blocks/track_byg_rainbow_eucalyptus_wide - Unknown registry key in ResourceKey[minecraft:root / minecraft:item]: railways:track_byg_rainbow_eucalyptus_wide
[01Oct2026 14:09:53.776] [Worker-Main-24/ERROR] [net.minecraft.world.level.storage.loot.LootDataType/]: Couldn't parse element ResourceKey[minecraft:root / minecraft:loot_table]:railways:blocks/track_byg_bulbis_narrow - Unknown registry key in ResourceKey[minecraft:root / minecraft:item]: railways:track_byg_bulbis_narrow
[01Oct2026 14:09:53.776] [Worker-Main-24/ERROR] [net.minecraft.world.level.storage.loot.LootDataType/]: Couldn't parse element ResourceKey[minecraft:root / minecraft:loot_table]:railways:blocks/track_twilightforest_sortingwood_wide - Unknown registry key in ResourceKey[minecraft:root / minecraft:item]: railways:track_twilightforest_sortingwood_wide
[01Oct2026 14:09:53.776] [Worker-Main-24/ERROR] [net.minecraft.world.level.storage.loot.LootDataType/]: Couldn't parse element ResourceKey[minecraft:root / minecraft:loot_table]:railways:blocks/track_twilightforest_darkwood - Unknown registry key in ResourceKey[minecraft:root / minecraft:item]: railways:track_twilightforest_darkwood
[01Oct2026 14:09:53.776] [Worker-Main-24/ERROR] [net.minecraft.world.level.storage.loot.LootDataType/]: Couldn't parse element ResourceKey[minecraft:root / minecraft:loot_table]:railways:blocks/track_blue_skies_starlit - Unknown registry key in ResourceKey[minecraft:root / minecraft:item]: railways:track_blue_skies_starlit
[01Oct2026 14:09:53.777] [Worker-Main-24/ERROR] [net.minecraft.world.level.storage.loot.LootDataType/]: Couldn't parse element ResourceKey[minecraft:root / minecraft:loot_table]:railways:blocks/track_byg_embur - Unknown registry key in ResourceKey[minecraft:root / minecraft:item]: railways:track_byg_embur
[01Oct2026 14:09:53.777] [Worker-Main-24/ERROR] [net.minecraft.world.level.storage.loot.LootDataType/]: Couldn't parse element ResourceKey[minecraft:root / minecraft:loot_table]:railways:blocks/track_byg_green_enchanted_wide - Unknown registry key in ResourceKey[minecraft:root / minecraft:item]: railways:track_byg_green_enchanted_wide
[01Oct2026 14:09:53.777] [Worker-Main-24/ERROR] [net.minecraft.world.level.storage.loot.LootDataType/]: Couldn't parse element ResourceKey[minecraft:root / minecraft:loot_table]:railways:blocks/track_quark_ancient_wide - Unknown registry key in ResourceKey[minecraft:root / minecraft:item]: railways:track_quark_ancient_wide
[01Oct2026 14:09:53.777] [Worker-Main-24/ERROR] [net.minecraft.world.level.storage.loot.LootDataType/]: Couldn't parse element ResourceKey[minecraft:root / minecraft:loot_table]:railways:blocks/track_byg_nightshade_narrow - Unknown registry key in ResourceKey[minecraft:root / minecraft:item]: railways:track_byg_nightshade_narrow
[01Oct2026 14:09:53.777] [Worker-Main-24/ERROR] [net.minecraft.world.level.storage.loot.LootDataType/]: Couldn't parse element ResourceKey[minecraft:root / minecraft:loot_table]:railways:blocks/track_tfc_chestnut_narrow - Unknown registry key in ResourceKey[minecraft:root / minecraft:item]: railways:track_tfc_chestnut_narrow
[01Oct2026 14:09:53.777] [Worker-Main-24/ERROR] [net.minecraft.world.level.storage.loot.LootDataType/]: Couldn't parse element ResourceKey[minecraft:root / minecraft:loot_table]:railways:blocks/track_create_dd_rose_wide - Unknown registry key in ResourceKey[minecraft:root / minecraft:item]: railways:track_create_dd_rose_wide
[01Oct2026 14:09:53.777] [Worker-Main-24/ERROR] [net.minecraft.world.level.storage.loot.LootDataType/]: Couldn't parse element ResourceKey[minecraft:root / minecraft:loot_table]:railways:blocks/track_byg_white_mangrove_narrow - Unknown registry key in ResourceKey[minecraft:root / minecraft:item]: railways:track_byg_white_mangrove_narrow
[01Oct2026 14:09:53.777] [Worker-Main-24/ERROR] [net.minecraft.world.level.storage.loot.LootDataType/]: Couldn't parse element ResourceKey[minecraft:root / minecraft:loot_table]:railways:blocks/track_byg_skyris_narrow - Unknown registry key in ResourceKey[minecraft:root / minecraft:item]: railways:track_byg_skyris_narrow
[01Oct2026 14:09:53.778] [Worker-Main-24/ERROR] [net.minecraft.world.level.storage.loot.LootDataType/]: Couldn't parse element ResourceKey[minecraft:root / minecraft:loot_table]:railways:blocks/track_byg_green_enchanted_narrow - Unknown registry key in ResourceKey[minecraft:root / minecraft:item]: railways:track_byg_green_enchanted_narrow
[01Oct2026 14:09:53.778] [Worker-Main-24/ERROR] [net.minecraft.world.level.storage.loot.LootDataType/]: Couldn't parse element ResourceKey[minecraft:root / minecraft:loot_table]:railways:blocks/track_quark_ancient_narrow - Unknown registry key in ResourceKey[minecraft:root / minecraft:item]: railways:track_quark_ancient_narrow
[01Oct2026 14:09:53.778] [Worker-Main-24/ERROR] [net.minecraft.world.level.storage.loot.LootDataType/]: Couldn't parse element ResourceKey[minecraft:root / minecraft:loot_table]:railways:blocks/track_quark_azalea_narrow - Unknown registry key in ResourceKey[minecraft:root / minecraft:item]: railways:track_quark_azalea_narrow
[01Oct2026 14:09:53.778] [Worker-Main-24/ERROR] [net.minecraft.world.level.storage.loot.LootDataType/]: Couldn't parse element ResourceKey[minecraft:root / minecraft:loot_table]:railways:blocks/track_tfc_willow_wide - Unknown registry key in ResourceKey[minecraft:root / minecraft:item]: railways:track_tfc_willow_wide
[01Oct2026 14:09:53.778] [Worker-Main-24/ERROR] [net.minecraft.world.level.storage.loot.LootDataType/]: Couldn't parse element ResourceKey[minecraft:root / minecraft:loot_table]:railways:blocks/track_tfc_chestnut - Unknown registry key in ResourceKey[minecraft:root / minecraft:item]: railways:track_tfc_chestnut
[01Oct2026 14:09:53.778] [Worker-Main-24/ERROR] [net.minecraft.world.level.storage.loot.LootDataType/]: Couldn't parse element ResourceKey[minecraft:root / minecraft:loot_table]:railways:blocks/track_blue_skies_frostbright - Unknown registry key in ResourceKey[minecraft:root / minecraft:item]: railways:track_blue_skies_frostbright
[01Oct2026 14:09:53.779] [Worker-Main-24/ERROR] [net.minecraft.world.level.storage.loot.LootDataType/]: Couldn't parse element ResourceKey[minecraft:root / minecraft:loot_table]:railways:blocks/track_byg_ether_wide - Unknown registry key in ResourceKey[minecraft:root / minecraft:item]: railways:track_byg_ether_wide
[01Oct2026 14:09:53.779] [Worker-Main-24/ERROR] [net.minecraft.world.level.storage.loot.LootDataType/]: Couldn't parse element ResourceKey[minecraft:root / minecraft:loot_table]:railways:blocks/track_byg_jacaranda_wide - Unknown registry key in ResourceKey[minecraft:root / minecraft:item]: railways:track_byg_jacaranda_wide
[01Oct2026 14:09:53.779] [Worker-Main-24/ERROR] [net.minecraft.world.level.storage.loot.LootDataType/]: Couldn't parse element ResourceKey[minecraft:root / minecraft:loot_table]:railways:blocks/track_biomesoplenty_jacaranda_wide - Unknown registry key in ResourceKey[minecraft:root / minecraft:item]: railways:track_biomesoplenty_jacaranda_wide
[01Oct2026 14:09:53.779] [Worker-Main-24/ERROR] [net.minecraft.world.level.storage.loot.LootDataType/]: Couldn't parse element ResourceKey[minecraft:root / minecraft:loot_table]:railways:blocks/track_create_dd_rose - Unknown registry key in ResourceKey[minecraft:root / minecraft:item]: railways:track_create_dd_rose
[01Oct2026 14:09:53.779] [Worker-Main-24/ERROR] [net.minecraft.world.level.storage.loot.LootDataType/]: Couldn't parse element ResourceKey[minecraft:root / minecraft:loot_table]:railways:blocks/track_natures_spirit_palo_verde_narrow - Unknown registry key in ResourceKey[minecraft:root / minecraft:item]: railways:track_natures_spirit_palo_verde_narrow
[01Oct2026 14:09:53.779] [Worker-Main-24/ERROR] [net.minecraft.world.level.storage.loot.LootDataType/]: Couldn't parse element ResourceKey[minecraft:root / minecraft:loot_table]:railways:blocks/track_byg_mahogany_narrow - Unknown registry key in ResourceKey[minecraft:root / minecraft:item]: railways:track_byg_mahogany_narrow
[01Oct2026 14:09:53.779] [Worker-Main-24/ERROR] [net.minecraft.world.level.storage.loot.LootDataType/]: Couldn't parse element ResourceKey[minecraft:root / minecraft:loot_table]:railways:blocks/track_tfc_sycamore_wide - Unknown registry key in ResourceKey[minecraft:root / minecraft:item]: railways:track_tfc_sycamore_wide
[01Oct2026 14:09:53.780] [Worker-Main-24/ERROR] [net.minecraft.world.level.storage.loot.LootDataType/]: Couldn't parse element ResourceKey[minecraft:root / minecraft:loot_table]:railways:blocks/track_tfc_acacia_narrow - Unknown registry key in ResourceKey[minecraft:root / minecraft:item]: railways:track_tfc_acacia_narrow
[01Oct2026 14:09:53.780] [Worker-Main-24/ERROR] [net.minecraft.world.level.storage.loot.LootDataType/]: Couldn't parse element ResourceKey[minecraft:root / minecraft:loot_table]:railways:blocks/track_byg_ebony - Unknown registry key in ResourceKey[minecraft:root / minecraft:item]: railways:track_byg_ebony
[01Oct2026 14:09:53.780] [Worker-Main-24/ERROR] [net.minecraft.world.level.storage.loot.LootDataType/]: Couldn't parse element ResourceKey[minecraft:root / minecraft:loot_table]:railways:blocks/track_tfc_rosewood - Unknown registry key in ResourceKey[minecraft:root / minecraft:item]: railways:track_tfc_rosewood
[01Oct2026 14:09:53.780] [Worker-Main-24/ERROR] [net.minecraft.world.level.storage.loot.LootDataType/]: Couldn't parse element ResourceKey[minecraft:root / minecraft:loot_table]:railways:blocks/track_byg_aspen_wide - Unknown registry key in ResourceKey[minecraft:root / minecraft:item]: railways:track_byg_aspen_wide
[01Oct2026 14:09:53.780] [Worker-Main-24/ERROR] [net.minecraft.world.level.storage.loot.LootDataType/]: Couldn't parse element ResourceKey[minecraft:root / minecraft:loot_table]:railways:blocks/track_create_dd_rubber_narrow - Unknown registry key in ResourceKey[minecraft:root / minecraft:item]: railways:track_create_dd_rubber_narrow
[01Oct2026 14:09:53.781] [Worker-Main-24/ERROR] [net.minecraft.world.level.storage.loot.LootDataType/]: Couldn't parse element ResourceKey[minecraft:root / minecraft:loot_table]:railways:blocks/track_tfc_hickory_narrow - Unknown registry key in ResourceKey[minecraft:root / minecraft:item]: railways:track_tfc_hickory_narrow
[01Oct2026 14:09:53.781] [Worker-Main-24/ERROR] [net.minecraft.world.level.storage.loot.LootDataType/]: Couldn't parse element ResourceKey[minecraft:root / minecraft:loot_table]:railways:blocks/track_byg_white_mangrove_wide - Unknown registry key in ResourceKey[minecraft:root / minecraft:item]: railways:track_byg_white_mangrove_wide
[01Oct2026 14:09:53.781] [Worker-Main-24/ERROR] [net.minecraft.world.level.storage.loot.LootDataType/]: Couldn't parse element ResourceKey[minecraft:root / minecraft:loot_table]:railways:blocks/track_natures_spirit_joshua_narrow - Unknown registry key in ResourceKey[minecraft:root / minecraft:item]: railways:track_natures_spirit_joshua_narrow
[01Oct2026 14:09:53.781] [Worker-Main-24/ERROR] [net.minecraft.world.level.storage.loot.LootDataType/]: Couldn't parse element ResourceKey[minecraft:root / minecraft:loot_table]:railways:blocks/track_byg_nightshade - Unknown registry key in ResourceKey[minecraft:root / minecraft:item]: railways:track_byg_nightshade
[01Oct2026 14:09:53.782] [Worker-Main-24/ERROR] [net.minecraft.world.level.storage.loot.LootDataType/]: Couldn't parse element ResourceKey[minecraft:root / minecraft:loot_table]:railways:blocks/track_byg_willow - Unknown registry key in ResourceKey[minecraft:root / minecraft:item]: railways:track_byg_willow
[01Oct2026 14:09:53.782] [Worker-Main-24/ERROR] [net.minecraft.world.level.storage.loot.LootDataType/]: Couldn't parse element ResourceKey[minecraft:root / minecraft:loot_table]:railways:blocks/track_byg_bulbis_wide - Unknown registry key in ResourceKey[minecraft:root / minecraft:item]: railways:track_byg_bulbis_wide
[01Oct2026 14:09:53.783] [Worker-Main-24/ERROR] [net.minecraft.world.level.storage.loot.LootDataType/]: Couldn't parse element ResourceKey[minecraft:root / minecraft:loot_table]:railways:blocks/track_byg_rainbow_eucalyptus_narrow - Unknown registry key in ResourceKey[minecraft:root / minecraft:item]: railways:track_byg_rainbow_eucalyptus_narrow
[01Oct2026 14:09:53.783] [Worker-Main-24/ERROR] [net.minecraft.world.level.storage.loot.LootDataType/]: Couldn't parse element ResourceKey[minecraft:root / minecraft:loot_table]:railways:blocks/track_blue_skies_lunar_wide - Unknown registry key in ResourceKey[minecraft:root / minecraft:item]: railways:track_blue_skies_lunar_wide
[01Oct2026 14:09:53.784] [Worker-Main-24/ERROR] [net.minecraft.world.level.storage.loot.LootDataType/]: Couldn't parse element ResourceKey[minecraft:root / minecraft:loot_table]:railways:blocks/track_byg_cika_narrow - Unknown registry key in ResourceKey[minecraft:root / minecraft:item]: railways:track_byg_cika_narrow
[01Oct2026 14:09:53.784] [Worker-Main-24/ERROR] [net.minecraft.world.level.storage.loot.LootDataType/]: Couldn't parse element ResourceKey[minecraft:root / minecraft:loot_table]:railways:blocks/track_blue_skies_maple - Unknown registry key in ResourceKey[minecraft:root / minecraft:item]: railways:track_blue_skies_maple
[01Oct2026 14:09:53.784] [Worker-Main-24/ERROR] [net.minecraft.world.level.storage.loot.LootDataType/]: Couldn't parse element ResourceKey[minecraft:root / minecraft:loot_table]:railways:blocks/track_twilightforest_mangrove - Unknown registry key in ResourceKey[minecraft:root / minecraft:item]: railways:track_twilightforest_mangrove
[01Oct2026 14:09:53.784] [Worker-Main-24/ERROR] [net.minecraft.world.level.storage.loot.LootDataType/]: Couldn't parse element ResourceKey[minecraft:root / minecraft:loot_table]:railways:blocks/track_natures_spirit_wisteria_wide - Unknown registry key in ResourceKey[minecraft:root / minecraft:item]: railways:track_natures_spirit_wisteria_wide
[01Oct2026 14:09:53.784] [Worker-Main-24/ERROR] [net.minecraft.world.level.storage.loot.LootDataType/]: Couldn't parse element ResourceKey[minecraft:root / minecraft:loot_table]:railways:blocks/track_biomesoplenty_mahogany_wide - Unknown registry key in ResourceKey[minecraft:root / minecraft:item]: railways:track_biomesoplenty_mahogany_wide
[01Oct2026 14:09:53.784] [Worker-Main-24/ERROR] [net.minecraft.world.level.storage.loot.LootDataType/]: Couldn't parse element ResourceKey[minecraft:root / minecraft:loot_table]:railways:blocks/track_tfc_oak - Unknown registry key in ResourceKey[minecraft:root / minecraft:item]: railways:track_tfc_oak
[01Oct2026 14:09:53.785] [Worker-Main-24/ERROR] [net.minecraft.world.level.storage.loot.LootDataType/]: Couldn't parse element ResourceKey[minecraft:root / minecraft:loot_table]:railways:blocks/track_twilightforest_transwood_wide - Unknown registry key in ResourceKey[minecraft:root / minecraft:item]: railways:track_twilightforest_transwood_wide
[01Oct2026 14:09:53.785] [Worker-Main-24/ERROR] [net.minecraft.world.level.storage.loot.LootDataType/]: Couldn't parse element ResourceKey[minecraft:root / minecraft:loot_table]:railways:blocks/track_create_dd_smoked - Unknown registry key in ResourceKey[minecraft:root / minecraft:item]: railways:track_create_dd_smoked
[01Oct2026 14:09:53.785] [Worker-Main-24/ERROR] [net.minecraft.world.level.storage.loot.LootDataType/]: Couldn't parse element ResourceKey[minecraft:root / minecraft:loot_table]:railways:blocks/track_biomesoplenty_willow - Unknown registry key in ResourceKey[minecraft:root / minecraft:item]: railways:track_biomesoplenty_willow
[01Oct2026 14:09:53.785] [Worker-Main-24/ERROR] [net.minecraft.world.level.storage.loot.LootDataType/]: Couldn't parse element ResourceKey[minecraft:root / minecraft:loot_table]:railways:blocks/track_hexcasting_edified_narrow - Unknown registry key in ResourceKey[minecraft:root / minecraft:item]: railways:track_hexcasting_edified_narrow
[01Oct2026 14:09:53.785] [Worker-Main-24/ERROR] [net.minecraft.world.level.storage.loot.LootDataType/]: Couldn't parse element ResourceKey[minecraft:root / minecraft:loot_table]:railways:blocks/track_byg_nightshade_wide - Unknown registry key in ResourceKey[minecraft:root / minecraft:item]: railways:track_byg_nightshade_wide
[01Oct2026 14:09:53.785] [Worker-Main-24/ERROR] [net.minecraft.world.level.storage.loot.LootDataType/]: Couldn't parse element ResourceKey[minecraft:root / minecraft:loot_table]:railways:blocks/track_byg_imparius - Unknown registry key in ResourceKey[minecraft:root / minecraft:item]: railways:track_byg_imparius
[01Oct2026 14:09:53.785] [Worker-Main-24/ERROR] [net.minecraft.world.level.storage.loot.LootDataType/]: Couldn't parse element ResourceKey[minecraft:root / minecraft:loot_table]:railways:blocks/track_biomesoplenty_magic_wide - Unknown registry key in ResourceKey[minecraft:root / minecraft:item]: railways:track_biomesoplenty_magic_wide
[01Oct2026 14:09:53.785] [Worker-Main-24/ERROR] [net.minecraft.world.level.storage.loot.LootDataType/]: Couldn't parse element ResourceKey[minecraft:root / minecraft:loot_table]:railways:blocks/track_tfc_blackwood_wide - Unknown registry key in ResourceKey[minecraft:root / minecraft:item]: railways:track_tfc_blackwood_wide
[01Oct2026 14:09:53.786] [Worker-Main-24/ERROR] [net.minecraft.world.level.storage.loot.LootDataType/]: Couldn't parse element ResourceKey[minecraft:root / minecraft:loot_table]:railways:blocks/track_byg_lament_narrow - Unknown registry key in ResourceKey[minecraft:root / minecraft:item]: railways:track_byg_lament_narrow
[01Oct2026 14:09:53.786] [Worker-Main-24/ERROR] [net.minecraft.world.level.storage.loot.LootDataType/]: Couldn't parse element ResourceKey[minecraft:root / minecraft:loot_table]:railways:blocks/track_twilightforest_mangrove_narrow - Unknown registry key in ResourceKey[minecraft:root / minecraft:item]: railways:track_twilightforest_mangrove_narrow
[01Oct2026 14:09:53.786] [Worker-Main-24/ERROR] [net.minecraft.world.level.storage.loot.LootDataType/]: Couldn't parse element ResourceKey[minecraft:root / minecraft:loot_table]:railways:blocks/track_byg_aspen - Unknown registry key in ResourceKey[minecraft:root / minecraft:item]: railways:track_byg_aspen
[01Oct2026 14:09:53.786] [Worker-Main-24/ERROR] [net.minecraft.world.level.storage.loot.LootDataType/]: Couldn't parse element ResourceKey[minecraft:root / minecraft:loot_table]:railways:blocks/track_byg_maple_narrow - Unknown registry key in ResourceKey[minecraft:root / minecraft:item]: railways:track_byg_maple_narrow
[01Oct2026 14:09:53.786] [Worker-Main-24/ERROR] [net.minecraft.world.level.storage.loot.LootDataType/]: Couldn't parse element ResourceKey[minecraft:root / minecraft:loot_table]:railways:blocks/track_biomesoplenty_palm - Unknown registry key in ResourceKey[minecraft:root / minecraft:item]: railways:track_biomesoplenty_palm
[01Oct2026 14:09:53.787] [Worker-Main-24/ERROR] [net.minecraft.world.level.storage.loot.LootDataType/]: Couldn't parse element ResourceKey[minecraft:root / minecraft:loot_table]:railways:blocks/track_byg_embur_wide - Unknown registry key in ResourceKey[minecraft:root / minecraft:item]: railways:track_byg_embur_wide
[01Oct2026 14:09:53.787] [Worker-Main-24/ERROR] [net.minecraft.world.level.storage.loot.LootDataType/]: Couldn't parse element ResourceKey[minecraft:root / minecraft:loot_table]:railways:blocks/track_tfc_white_cedar - Unknown registry key in ResourceKey[minecraft:root / minecraft:item]: railways:track_tfc_white_cedar
[01Oct2026 14:09:53.787] [Worker-Main-24/ERROR] [net.minecraft.world.level.storage.loot.LootDataType/]: Couldn't parse element ResourceKey[minecraft:root / minecraft:loot_table]:railways:blocks/track_tfc_sycamore - Unknown registry key in ResourceKey[minecraft:root / minecraft:item]: railways:track_tfc_sycamore
[01Oct2026 14:09:53.787] [Worker-Main-24/ERROR] [net.minecraft.world.level.storage.loot.LootDataType/]: Couldn't parse element ResourceKey[minecraft:root / minecraft:loot_table]:railways:blocks/track_twilightforest_timewood - Unknown registry key in ResourceKey[minecraft:root / minecraft:item]: railways:track_twilightforest_timewood
[01Oct2026 14:09:53.787] [Worker-Main-24/ERROR] [net.minecraft.world.level.storage.loot.LootDataType/]: Couldn't parse element ResourceKey[minecraft:root / minecraft:loot_table]:railways:blocks/track_tfc_rosewood_wide - Unknown registry key in ResourceKey[minecraft:root / minecraft:item]: railways:track_tfc_rosewood_wide
[01Oct2026 14:09:53.787] [Worker-Main-24/ERROR] [net.minecraft.world.level.storage.loot.LootDataType/]: Couldn't parse element ResourceKey[minecraft:root / minecraft:loot_table]:railways:blocks/track_natures_spirit_cypress_wide - Unknown registry key in ResourceKey[minecraft:root / minecraft:item]: railways:track_natures_spirit_cypress_wide
[01Oct2026 14:09:53.788] [Worker-Main-24/ERROR] [net.minecraft.world.level.storage.loot.LootDataType/]: Couldn't parse element ResourceKey[minecraft:root / minecraft:loot_table]:railways:blocks/track_blue_skies_dusk_narrow - Unknown registry key in ResourceKey[minecraft:root / minecraft:item]: railways:track_blue_skies_dusk_narrow
[01Oct2026 14:09:53.788] [Worker-Main-24/ERROR] [net.minecraft.world.level.storage.loot.LootDataType/]: Couldn't parse element ResourceKey[minecraft:root / minecraft:loot_table]:railways:blocks/track_natures_spirit_cypress - Unknown registry key in ResourceKey[minecraft:root / minecraft:item]: railways:track_natures_spirit_cypress
[01Oct2026 14:09:53.788] [Worker-Main-24/ERROR] [net.minecraft.world.level.storage.loot.LootDataType/]: Couldn't parse element ResourceKey[minecraft:root / minecraft:loot_table]:railways:blocks/track_tfc_birch_wide - Unknown registry key in ResourceKey[minecraft:root / minecraft:item]: railways:track_tfc_birch_wide
[01Oct2026 14:09:53.788] [Worker-Main-24/ERROR] [net.minecraft.world.level.storage.loot.LootDataType/]: Couldn't parse element ResourceKey[minecraft:root / minecraft:loot_table]:railways:blocks/track_byg_sythian_narrow - Unknown registry key in ResourceKey[minecraft:root / minecraft:item]: railways:track_byg_sythian_narrow
[01Oct2026 14:09:53.788] [Worker-Main-24/ERROR] [net.minecraft.world.level.storage.loot.LootDataType/]: Couldn't parse element ResourceKey[minecraft:root / minecraft:loot_table]:railways:blocks/track_byg_redwood_wide - Unknown registry key in ResourceKey[minecraft:root / minecraft:item]: railways:track_byg_redwood_wide
[01Oct2026 14:09:53.788] [Worker-Main-24/ERROR] [net.minecraft.world.level.storage.loot.LootDataType/]: Couldn't parse element ResourceKey[minecraft:root / minecraft:loot_table]:railways:blocks/track_create_dd_rose_narrow - Unknown registry key in ResourceKey[minecraft:root / minecraft:item]: railways:track_create_dd_rose_narrow
[01Oct2026 14:09:53.789] [Worker-Main-24/ERROR] [net.minecraft.world.level.storage.loot.LootDataType/]: Couldn't parse element ResourceKey[minecraft:root / minecraft:loot_table]:railways:blocks/track_byg_redwood_narrow - Unknown registry key in ResourceKey[minecraft:root / minecraft:item]: railways:track_byg_redwood_narrow
[01Oct2026 14:09:53.789] [Worker-Main-24/ERROR] [net.minecraft.world.level.storage.loot.LootDataType/]: Couldn't parse element ResourceKey[minecraft:root / minecraft:loot_table]:railways:blocks/track_tfc_willow_narrow - Unknown registry key in ResourceKey[minecraft:root / minecraft:item]: railways:track_tfc_willow_narrow
[01Oct2026 14:09:53.789] [Worker-Main-24/ERROR] [net.minecraft.world.level.storage.loot.LootDataType/]: Couldn't parse element ResourceKey[minecraft:root / minecraft:loot_table]:railways:blocks/track_twilightforest_minewood_wide - Unknown registry key in ResourceKey[minecraft:root / minecraft:item]: railways:track_twilightforest_minewood_wide
[01Oct2026 14:09:53.789] [Worker-Main-24/ERROR] [net.minecraft.world.level.storage.loot.LootDataType/]: Couldn't parse element ResourceKey[minecraft:root / minecraft:loot_table]:railways:blocks/track_tfc_douglas_fir - Unknown registry key in ResourceKey[minecraft:root / minecraft:item]: railways:track_tfc_douglas_fir
[01Oct2026 14:09:53.789] [Worker-Main-24/ERROR] [net.minecraft.world.level.storage.loot.LootDataType/]: Couldn't parse element ResourceKey[minecraft:root / minecraft:loot_table]:railways:blocks/track_biomesoplenty_dead_narrow - Unknown registry key in ResourceKey[minecraft:root / minecraft:item]: railways:track_biomesoplenty_dead_narrow
[01Oct2026 14:09:53.790] [Worker-Main-24/ERROR] [net.minecraft.world.level.storage.loot.LootDataType/]: Couldn't parse element ResourceKey[minecraft:root / minecraft:loot_table]:railways:blocks/track_byg_fir_narrow - Unknown registry key in ResourceKey[minecraft:root / minecraft:item]: railways:track_byg_fir_narrow
[01Oct2026 14:09:53.790] [Worker-Main-24/ERROR] [net.minecraft.world.level.storage.loot.LootDataType/]: Couldn't parse element ResourceKey[minecraft:root / minecraft:loot_table]:railways:blocks/track_byg_ebony_wide - Unknown registry key in ResourceKey[minecraft:root / minecraft:item]: railways:track_byg_ebony_wide
[01Oct2026 14:09:53.790] [Worker-Main-24/ERROR] [net.minecraft.world.level.storage.loot.LootDataType/]: Couldn't parse element ResourceKey[minecraft:root / minecraft:loot_table]:railways:blocks/track_tfc_aspen_wide - Unknown registry key in ResourceKey[minecraft:root / minecraft:item]: railways:track_tfc_aspen_wide
[01Oct2026 14:09:53.790] [Worker-Main-24/ERROR] [net.minecraft.world.level.storage.loot.LootDataType/]: Couldn't parse element ResourceKey[minecraft:root / minecraft:loot_table]:railways:blocks/track_blue_skies_dusk - Unknown registry key in ResourceKey[minecraft:root / minecraft:item]: railways:track_blue_skies_dusk
[01Oct2026 14:09:53.790] [Worker-Main-24/ERROR] [net.minecraft.world.level.storage.loot.LootDataType/]: Couldn't parse element ResourceKey[minecraft:root / minecraft:loot_table]:railways:blocks/track_natures_spirit_sugi - Unknown registry key in ResourceKey[minecraft:root / minecraft:item]: railways:track_natures_spirit_sugi
[01Oct2026 14:09:53.790] [Worker-Main-24/ERROR] [net.minecraft.world.level.storage.loot.LootDataType/]: Couldn't parse element ResourceKey[minecraft:root / minecraft:loot_table]:railways:blocks/track_twilightforest_transwood_narrow - Unknown registry key in ResourceKey[minecraft:root / minecraft:item]: railways:track_twilightforest_transwood_narrow
[01Oct2026 14:09:53.790] [Worker-Main-24/ERROR] [net.minecraft.world.level.storage.loot.LootDataType/]: Couldn't parse element ResourceKey[minecraft:root / minecraft:loot_table]:railways:blocks/track_blue_skies_maple_narrow - Unknown registry key in ResourceKey[minecraft:root / minecraft:item]: railways:track_blue_skies_maple_narrow
[01Oct2026 14:09:53.791] [Worker-Main-24/ERROR] [net.minecraft.world.level.storage.loot.LootDataType/]: Couldn't parse element ResourceKey[minecraft:root / minecraft:loot_table]:railways:blocks/track_byg_willow_wide - Unknown registry key in ResourceKey[minecraft:root / minecraft:item]: railways:track_byg_willow_wide
[01Oct2026 14:09:53.791] [Worker-Main-24/ERROR] [net.minecraft.world.level.storage.loot.LootDataType/]: Couldn't parse element ResourceKey[minecraft:root / minecraft:loot_table]:railways:blocks/track_natures_spirit_fir_wide - Unknown registry key in ResourceKey[minecraft:root / minecraft:item]: railways:track_natures_spirit_fir_wide
[01Oct2026 14:09:53.791] [Worker-Main-24/ERROR] [net.minecraft.world.level.storage.loot.LootDataType/]: Couldn't parse element ResourceKey[minecraft:root / minecraft:loot_table]:railways:blocks/track_tfc_kapok - Unknown registry key in ResourceKey[minecraft:root / minecraft:item]: railways:track_tfc_kapok
[01Oct2026 14:09:53.791] [Worker-Main-24/ERROR] [net.minecraft.world.level.storage.loot.LootDataType/]: Couldn't parse element ResourceKey[minecraft:root / minecraft:loot_table]:railways:blocks/track_tfc_oak_narrow - Unknown registry key in ResourceKey[minecraft:root / minecraft:item]: railways:track_tfc_oak_narrow
[01Oct2026 14:09:53.792] [Worker-Main-24/ERROR] [net.minecraft.world.level.storage.loot.LootDataType/]: Couldn't parse element ResourceKey[minecraft:root / minecraft:loot_table]:railways:blocks/track_twilightforest_sortingwood - Unknown registry key in ResourceKey[minecraft:root / minecraft:item]: railways:track_twilightforest_sortingwood
[01Oct2026 14:09:53.792] [Worker-Main-24/ERROR] [net.minecraft.world.level.storage.loot.LootDataType/]: Couldn't parse element ResourceKey[minecraft:root / minecraft:loot_table]:railways:blocks/track_create_dd_spirit - Unknown registry key in ResourceKey[minecraft:root / minecraft:item]: railways:track_create_dd_spirit
[01Oct2026 14:09:53.792] [Worker-Main-24/ERROR] [net.minecraft.world.level.storage.loot.LootDataType/]: Couldn't parse element ResourceKey[minecraft:root / minecraft:loot_table]:railways:blocks/track_byg_jacaranda_narrow - Unknown registry key in ResourceKey[minecraft:root / minecraft:item]: railways:track_byg_jacaranda_narrow
[01Oct2026 14:09:53.792] [Worker-Main-24/ERROR] [net.minecraft.world.level.storage.loot.LootDataType/]: Couldn't parse element ResourceKey[minecraft:root / minecraft:loot_table]:railways:blocks/track_byg_green_enchanted - Unknown registry key in ResourceKey[minecraft:root / minecraft:item]: railways:track_byg_green_enchanted
[01Oct2026 14:09:53.792] [Worker-Main-24/ERROR] [net.minecraft.world.level.storage.loot.LootDataType/]: Couldn't parse element ResourceKey[minecraft:root / minecraft:loot_table]:railways:blocks/track_byg_white_mangrove - Unknown registry key in ResourceKey[minecraft:root / minecraft:item]: railways:track_byg_white_mangrove
[01Oct2026 14:09:53.792] [Worker-Main-24/ERROR] [net.minecraft.world.level.storage.loot.LootDataType/]: Couldn't parse element ResourceKey[minecraft:root / minecraft:loot_table]:railways:blocks/track_tfc_maple - Unknown registry key in ResourceKey[minecraft:root / minecraft:item]: railways:track_tfc_maple
[01Oct2026 14:09:53.792] [Worker-Main-24/ERROR] [net.minecraft.world.level.storage.loot.LootDataType/]: Couldn't parse element ResourceKey[minecraft:root / minecraft:loot_table]:railways:blocks/track_natures_spirit_aspen - Unknown registry key in ResourceKey[minecraft:root / minecraft:item]: railways:track_natures_spirit_aspen
[01Oct2026 14:09:53.792] [Worker-Main-24/ERROR] [net.minecraft.world.level.storage.loot.LootDataType/]: Couldn't parse element ResourceKey[minecraft:root / minecraft:loot_table]:railways:blocks/track_blue_skies_frostbright_narrow - Unknown registry key in ResourceKey[minecraft:root / minecraft:item]: railways:track_blue_skies_frostbright_narrow
[01Oct2026 14:09:53.792] [Worker-Main-24/ERROR] [net.minecraft.world.level.storage.loot.LootDataType/]: Couldn't parse element ResourceKey[minecraft:root / minecraft:loot_table]:railways:blocks/track_tfc_oak_wide - Unknown registry key in ResourceKey[minecraft:root / minecraft:item]: railways:track_tfc_oak_wide
[01Oct2026 14:09:53.792] [Worker-Main-24/ERROR] [net.minecraft.world.level.storage.loot.LootDataType/]: Couldn't parse element ResourceKey[minecraft:root / minecraft:loot_table]:railways:blocks/track_tfc_blackwood - Unknown registry key in ResourceKey[minecraft:root / minecraft:item]: railways:track_tfc_blackwood
[01Oct2026 14:09:53.793] [Worker-Main-24/ERROR] [net.minecraft.world.level.storage.loot.LootDataType/]: Couldn't parse element ResourceKey[minecraft:root / minecraft:loot_table]:railways:blocks/track_byg_zelkova_narrow - Unknown registry key in ResourceKey[minecraft:root / minecraft:item]: railways:track_byg_zelkova_narrow
[01Oct2026 14:09:53.793] [Worker-Main-24/ERROR] [net.minecraft.world.level.storage.loot.LootDataType/]: Couldn't parse element ResourceKey[minecraft:root / minecraft:loot_table]:railways:blocks/track_natures_spirit_cypress_narrow - Unknown registry key in ResourceKey[minecraft:root / minecraft:item]: railways:track_natures_spirit_cypress_narrow
[01Oct2026 14:09:53.793] [Worker-Main-24/ERROR] [net.minecraft.world.level.storage.loot.LootDataType/]: Couldn't parse element ResourceKey[minecraft:root / minecraft:loot_table]:railways:blocks/track_quark_blossom_narrow - Unknown registry key in ResourceKey[minecraft:root / minecraft:item]: railways:track_quark_blossom_narrow
[01Oct2026 14:09:53.793] [Worker-Main-24/ERROR] [net.minecraft.world.level.storage.loot.LootDataType/]: Couldn't parse element ResourceKey[minecraft:root / minecraft:loot_table]:railways:blocks/track_byg_pine - Unknown registry key in ResourceKey[minecraft:root / minecraft:item]: railways:track_byg_pine
[01Oct2026 14:09:53.793] [Worker-Main-24/ERROR] [net.minecraft.world.level.storage.loot.LootDataType/]: Couldn't parse element ResourceKey[minecraft:root / minecraft:loot_table]:railways:blocks/track_biomesoplenty_umbran_narrow - Unknown registry key in ResourceKey[minecraft:root / minecraft:item]: railways:track_biomesoplenty_umbran_narrow
[01Oct2026 14:09:53.793] [Worker-Main-24/ERROR] [net.minecraft.world.level.storage.loot.LootDataType/]: Couldn't parse element ResourceKey[minecraft:root / minecraft:loot_table]:railways:blocks/track_byg_cika_wide - Unknown registry key in ResourceKey[minecraft:root / minecraft:item]: railways:track_byg_cika_wide
[01Oct2026 14:09:53.793] [Worker-Main-24/ERROR] [net.minecraft.world.level.storage.loot.LootDataType/]: Couldn't parse element ResourceKey[minecraft:root / minecraft:loot_table]:railways:blocks/track_tfc_chestnut_wide - Unknown registry key in ResourceKey[minecraft:root / minecraft:item]: railways:track_tfc_chestnut_wide
[01Oct2026 14:09:53.793] [Worker-Main-24/ERROR] [net.minecraft.world.level.storage.loot.LootDataType/]: Couldn't parse element ResourceKey[minecraft:root / minecraft:loot_table]:railways:blocks/track_natures_spirit_willow_narrow - Unknown registry key in ResourceKey[minecraft:root / minecraft:item]: railways:track_natures_spirit_willow_narrow
[01Oct2026 14:09:53.793] [Worker-Main-24/ERROR] [net.minecraft.world.level.storage.loot.LootDataType/]: Couldn't parse element ResourceKey[minecraft:root / minecraft:loot_table]:railways:blocks/track_blue_skies_bluebright - Unknown registry key in ResourceKey[minecraft:root / minecraft:item]: railways:track_blue_skies_bluebright
[01Oct2026 14:09:53.793] [Worker-Main-24/ERROR] [net.minecraft.world.level.storage.loot.LootDataType/]: Couldn't parse element ResourceKey[minecraft:root / minecraft:loot_table]:railways:blocks/track_tfc_ash_wide - Unknown registry key in ResourceKey[minecraft:root / minecraft:item]: railways:track_tfc_ash_wide
[01Oct2026 14:09:53.793] [Worker-Main-24/ERROR] [net.minecraft.world.level.storage.loot.LootDataType/]: Couldn't parse element ResourceKey[minecraft:root / minecraft:loot_table]:railways:blocks/track_blue_skies_bluebright_narrow - Unknown registry key in ResourceKey[minecraft:root / minecraft:item]: railways:track_blue_skies_bluebright_narrow
[01Oct2026 14:09:53.794] [Worker-Main-24/ERROR] [net.minecraft.world.level.storage.loot.LootDataType/]: Couldn't parse element ResourceKey[minecraft:root / minecraft:loot_table]:railways:blocks/track_biomesoplenty_mahogany - Unknown registry key in ResourceKey[minecraft:root / minecraft:item]: railways:track_biomesoplenty_mahogany
[01Oct2026 14:09:53.796] [Worker-Main-24/ERROR] [net.minecraft.world.level.storage.loot.LootDataType/]: Couldn't parse element ResourceKey[minecraft:root / minecraft:loot_table]:railways:blocks/track_natures_spirit_olive_narrow - Unknown registry key in ResourceKey[minecraft:root / minecraft:item]: railways:track_natures_spirit_olive_narrow
[01Oct2026 14:09:53.796] [Worker-Main-24/ERROR] [net.minecraft.world.level.storage.loot.LootDataType/]: Couldn't parse element ResourceKey[minecraft:root / minecraft:loot_table]:railways:blocks/track_byg_holly_narrow - Unknown registry key in ResourceKey[minecraft:root / minecraft:item]: railways:track_byg_holly_narrow
[01Oct2026 14:09:53.797] [Worker-Main-24/ERROR] [net.minecraft.world.level.storage.loot.LootDataType/]: Couldn't parse element ResourceKey[minecraft:root / minecraft:loot_table]:railways:blocks/track_biomesoplenty_magic_narrow - Unknown registry key in ResourceKey[minecraft:root / minecraft:item]: railways:track_biomesoplenty_magic_narrow
[01Oct2026 14:09:53.797] [Worker-Main-24/ERROR] [net.minecraft.world.level.storage.loot.LootDataType/]: Couldn't parse element ResourceKey[minecraft:root / minecraft:loot_table]:railways:blocks/track_tfc_ash_narrow - Unknown registry key in ResourceKey[minecraft:root / minecraft:item]: railways:track_tfc_ash_narrow
[01Oct2026 14:09:53.797] [Worker-Main-24/ERROR] [net.minecraft.world.level.storage.loot.LootDataType/]: Couldn't parse element ResourceKey[minecraft:root / minecraft:loot_table]:railways:blocks/track_biomesoplenty_hellbark_wide - Unknown registry key in ResourceKey[minecraft:root / minecraft:item]: railways:track_biomesoplenty_hellbark_wide
[01Oct2026 14:09:53.797] [Worker-Main-24/ERROR] [net.minecraft.world.level.storage.loot.LootDataType/]: Couldn't parse element ResourceKey[minecraft:root / minecraft:loot_table]:railways:blocks/track_byg_embur_narrow - Unknown registry key in ResourceKey[minecraft:root / minecraft:item]: railways:track_byg_embur_narrow
[01Oct2026 14:09:53.799] [Worker-Main-24/ERROR] [net.minecraft.world.level.storage.loot.LootDataType/]: Couldn't parse element ResourceKey[minecraft:root / minecraft:loot_table]:railways:blocks/track_byg_skyris - Unknown registry key in ResourceKey[minecraft:root / minecraft:item]: railways:track_byg_skyris
[01Oct2026 14:09:53.799] [Worker-Main-24/ERROR] [net.minecraft.world.level.storage.loot.LootDataType/]: Couldn't parse element ResourceKey[minecraft:root / minecraft:loot_table]:railways:blocks/track_tfc_birch_narrow - Unknown registry key in ResourceKey[minecraft:root / minecraft:item]: railways:track_tfc_birch_narrow
[01Oct2026 14:09:53.801] [Worker-Main-24/ERROR] [net.minecraft.world.level.storage.loot.LootDataType/]: Couldn't parse element ResourceKey[minecraft:root / minecraft:loot_table]:railways:blocks/track_tfc_mangrove_narrow - Unknown registry key in ResourceKey[minecraft:root / minecraft:item]: railways:track_tfc_mangrove_narrow
[01Oct2026 14:09:53.801] [Worker-Main-24/ERROR] [net.minecraft.world.level.storage.loot.LootDataType/]: Couldn't parse element ResourceKey[minecraft:root / minecraft:loot_table]:railways:blocks/track_natures_spirit_willow - Unknown registry key in ResourceKey[minecraft:root / minecraft:item]: railways:track_natures_spirit_willow
[01Oct2026 14:09:53.801] [Worker-Main-24/ERROR] [net.minecraft.world.level.storage.loot.LootDataType/]: Couldn't parse element ResourceKey[minecraft:root / minecraft:loot_table]:railways:blocks/track_twilightforest_twilight_oak_wide - Unknown registry key in ResourceKey[minecraft:root / minecraft:item]: railways:track_twilightforest_twilight_oak_wide
[01Oct2026 14:09:53.801] [Worker-Main-24/ERROR] [net.minecraft.world.level.storage.loot.LootDataType/]: Couldn't parse element ResourceKey[minecraft:root / minecraft:loot_table]:railways:blocks/track_byg_sythian_wide - Unknown registry key in ResourceKey[minecraft:root / minecraft:item]: railways:track_byg_sythian_wide
[01Oct2026 14:09:53.802] [Worker-Main-24/ERROR] [net.minecraft.world.level.storage.loot.LootDataType/]: Couldn't parse element ResourceKey[minecraft:root / minecraft:loot_table]:railways:blocks/track_natures_spirit_redwood - Unknown registry key in ResourceKey[minecraft:root / minecraft:item]: railways:track_natures_spirit_redwood
[01Oct2026 14:09:53.802] [Worker-Main-24/ERROR] [net.minecraft.world.level.storage.loot.LootDataType/]: Couldn't parse element ResourceKey[minecraft:root / minecraft:loot_table]:railways:blocks/track_tfc_palm_wide - Unknown registry key in ResourceKey[minecraft:root / minecraft:item]: railways:track_tfc_palm_wide
[01Oct2026 14:09:53.802] [Worker-Main-24/ERROR] [net.minecraft.world.level.storage.loot.LootDataType/]: Couldn't parse element ResourceKey[minecraft:root / minecraft:loot_table]:railways:blocks/track_byg_palm_narrow - Unknown registry key in ResourceKey[minecraft:root / minecraft:item]: railways:track_byg_palm_narrow
[01Oct2026 14:09:53.805] [Worker-Main-24/ERROR] [net.minecraft.world.level.storage.loot.LootDataType/]: Couldn't parse element ResourceKey[minecraft:root / minecraft:loot_table]:railways:blocks/track_byg_baobab_narrow - Unknown registry key in ResourceKey[minecraft:root / minecraft:item]: railways:track_byg_baobab_narrow
[01Oct2026 14:09:53.805] [Worker-Main-24/ERROR] [net.minecraft.world.level.storage.loot.LootDataType/]: Couldn't parse element ResourceKey[minecraft:root / minecraft:loot_table]:railways:blocks/track_twilightforest_canopy_narrow - Unknown registry key in ResourceKey[minecraft:root / minecraft:item]: railways:track_twilightforest_canopy_narrow
[01Oct2026 14:09:53.805] [Worker-Main-24/ERROR] [net.minecraft.world.level.storage.loot.LootDataType/]: Couldn't parse element ResourceKey[minecraft:root / minecraft:loot_table]:railways:blocks/track_twilightforest_minewood_narrow - Unknown registry key in ResourceKey[minecraft:root / minecraft:item]: railways:track_twilightforest_minewood_narrow
[01Oct2026 14:09:53.805] [Worker-Main-24/ERROR] [net.minecraft.world.level.storage.loot.LootDataType/]: Couldn't parse element ResourceKey[minecraft:root / minecraft:loot_table]:railways:blocks/track_twilightforest_twilight_oak - Unknown registry key in ResourceKey[minecraft:root / minecraft:item]: railways:track_twilightforest_twilight_oak
[01Oct2026 14:09:53.806] [Worker-Main-24/ERROR] [net.minecraft.world.level.storage.loot.LootDataType/]: Couldn't parse element ResourceKey[minecraft:root / minecraft:loot_table]:railways:blocks/track_tfc_rosewood_narrow - Unknown registry key in ResourceKey[minecraft:root / minecraft:item]: railways:track_tfc_rosewood_narrow
[01Oct2026 14:09:53.809] [Worker-Main-24/ERROR] [net.minecraft.world.level.storage.loot.LootDataType/]: Couldn't parse element ResourceKey[minecraft:root / minecraft:loot_table]:railways:blocks/track_biomesoplenty_fir_narrow - Unknown registry key in ResourceKey[minecraft:root / minecraft:item]: railways:track_biomesoplenty_fir_narrow
[01Oct2026 14:09:53.809] [Worker-Main-24/ERROR] [net.minecraft.world.level.storage.loot.LootDataType/]: Couldn't parse element ResourceKey[minecraft:root / minecraft:loot_table]:railways:blocks/track_tfc_acacia_wide - Unknown registry key in ResourceKey[minecraft:root / minecraft:item]: railways:track_tfc_acacia_wide
[01Oct2026 14:09:53.809] [Worker-Main-24/ERROR] [net.minecraft.world.level.storage.loot.LootDataType/]: Couldn't parse element ResourceKey[minecraft:root / minecraft:loot_table]:railways:blocks/track_byg_jacaranda - Unknown registry key in ResourceKey[minecraft:root / minecraft:item]: railways:track_byg_jacaranda
[01Oct2026 14:09:53.810] [Worker-Main-24/ERROR] [net.minecraft.world.level.storage.loot.LootDataType/]: Couldn't parse element ResourceKey[minecraft:root / minecraft:loot_table]:railways:blocks/track_byg_ether_narrow - Unknown registry key in ResourceKey[minecraft:root / minecraft:item]: railways:track_byg_ether_narrow
[01Oct2026 14:09:53.810] [Worker-Main-24/ERROR] [net.minecraft.world.level.storage.loot.LootDataType/]: Couldn't parse element ResourceKey[minecraft:root / minecraft:loot_table]:railways:blocks/track_natures_spirit_wisteria - Unknown registry key in ResourceKey[minecraft:root / minecraft:item]: railways:track_natures_spirit_wisteria
[01Oct2026 14:09:53.810] [Worker-Main-24/ERROR] [net.minecraft.world.level.storage.loot.LootDataType/]: Couldn't parse element ResourceKey[minecraft:root / minecraft:loot_table]:railways:blocks/track_byg_blue_enchanted_wide - Unknown registry key in ResourceKey[minecraft:root / minecraft:item]: railways:track_byg_blue_enchanted_wide
[01Oct2026 14:09:53.810] [Worker-Main-24/ERROR] [net.minecraft.world.level.storage.loot.LootDataType/]: Couldn't parse element ResourceKey[minecraft:root / minecraft:loot_table]:railways:blocks/track_natures_spirit_maple - Unknown registry key in ResourceKey[minecraft:root / minecraft:item]: railways:track_natures_spirit_maple
[01Oct2026 14:09:53.810] [Worker-Main-24/ERROR] [net.minecraft.world.level.storage.loot.LootDataType/]: Couldn't parse element ResourceKey[minecraft:root / minecraft:loot_table]:railways:blocks/track_biomesoplenty_redwood - Unknown registry key in ResourceKey[minecraft:root / minecraft:item]: railways:track_biomesoplenty_redwood
[01Oct2026 14:09:53.811] [Worker-Main-24/ERROR] [net.minecraft.world.level.storage.loot.LootDataType/]: Couldn't parse element ResourceKey[minecraft:root / minecraft:loot_table]:railways:blocks/track_create_dd_spirit_narrow - Unknown registry key in ResourceKey[minecraft:root / minecraft:item]: railways:track_create_dd_spirit_narrow
[01Oct2026 14:09:53.812] [Worker-Main-24/ERROR] [net.minecraft.world.level.storage.loot.LootDataType/]: Couldn't parse element ResourceKey[minecraft:root / minecraft:loot_table]:railways:blocks/track_quark_ancient - Unknown registry key in ResourceKey[minecraft:root / minecraft:item]: railways:track_quark_ancient
[01Oct2026 14:09:53.812] [Worker-Main-24/ERROR] [net.minecraft.world.level.storage.loot.LootDataType/]: Couldn't parse element ResourceKey[minecraft:root / minecraft:loot_table]:railways:blocks/track_tfc_hickory - Unknown registry key in ResourceKey[minecraft:root / minecraft:item]: railways:track_tfc_hickory
[01Oct2026 14:09:53.813] [Worker-Main-24/ERROR] [net.minecraft.world.level.storage.loot.LootDataType/]: Couldn't parse element ResourceKey[minecraft:root / minecraft:loot_table]:railways:blocks/track_create_dd_rubber - Unknown registry key in ResourceKey[minecraft:root / minecraft:item]: railways:track_create_dd_rubber
[01Oct2026 14:09:53.813] [Worker-Main-24/ERROR] [net.minecraft.world.level.storage.loot.LootDataType/]: Couldn't parse element ResourceKey[minecraft:root / minecraft:loot_table]:railways:blocks/track_tfc_kapok_narrow - Unknown registry key in ResourceKey[minecraft:root / minecraft:item]: railways:track_tfc_kapok_narrow
[01Oct2026 14:09:53.813] [Worker-Main-24/ERROR] [net.minecraft.world.level.storage.loot.LootDataType/]: Couldn't parse element ResourceKey[minecraft:root / minecraft:loot_table]:railways:blocks/track_byg_fir_wide - Unknown registry key in ResourceKey[minecraft:root / minecraft:item]: railways:track_byg_fir_wide
[01Oct2026 14:09:53.813] [Worker-Main-24/ERROR] [net.minecraft.world.level.storage.loot.LootDataType/]: Couldn't parse element ResourceKey[minecraft:root / minecraft:loot_table]:railways:blocks/track_blue_skies_starlit_narrow - Unknown registry key in ResourceKey[minecraft:root / minecraft:item]: railways:track_blue_skies_starlit_narrow
[01Oct2026 14:09:53.814] [Worker-Main-24/ERROR] [net.minecraft.world.level.storage.loot.LootDataType/]: Couldn't parse element ResourceKey[minecraft:root / minecraft:loot_table]:railways:blocks/track_tfc_aspen - Unknown registry key in ResourceKey[minecraft:root / minecraft:item]: railways:track_tfc_aspen
[01Oct2026 14:09:53.814] [Worker-Main-24/ERROR] [net.minecraft.world.level.storage.loot.LootDataType/]: Couldn't parse element ResourceKey[minecraft:root / minecraft:loot_table]:railways:blocks/track_byg_zelkova - Unknown registry key in ResourceKey[minecraft:root / minecraft:item]: railways:track_byg_zelkova
[01Oct2026 14:09:53.814] [Worker-Main-24/ERROR] [net.minecraft.world.level.storage.loot.LootDataType/]: Couldn't parse element ResourceKey[minecraft:root / minecraft:loot_table]:railways:blocks/track_tfc_pine - Unknown registry key in ResourceKey[minecraft:root / minecraft:item]: railways:track_tfc_pine
[01Oct2026 14:09:53.814] [Worker-Main-24/ERROR] [net.minecraft.world.level.storage.loot.LootDataType/]: Couldn't parse element ResourceKey[minecraft:root / minecraft:loot_table]:railways:blocks/track_blue_skies_bluebright_wide - Unknown registry key in ResourceKey[minecraft:root / minecraft:item]: railways:track_blue_skies_bluebright_wide
[01Oct2026 14:09:53.816] [Worker-Main-24/ERROR] [net.minecraft.world.level.storage.loot.LootDataType/]: Couldn't parse element ResourceKey[minecraft:root / minecraft:loot_table]:railways:blocks/track_byg_mahogany - Unknown registry key in ResourceKey[minecraft:root / minecraft:item]: railways:track_byg_mahogany
[01Oct2026 14:09:53.816] [Worker-Main-24/ERROR] [net.minecraft.world.level.storage.loot.LootDataType/]: Couldn't parse element ResourceKey[minecraft:root / minecraft:loot_table]:railways:blocks/track_tfc_sequoia_wide - Unknown registry key in ResourceKey[minecraft:root / minecraft:item]: railways:track_tfc_sequoia_wide
[01Oct2026 14:09:53.816] [Worker-Main-24/ERROR] [net.minecraft.world.level.storage.loot.LootDataType/]: Couldn't parse element ResourceKey[minecraft:root / minecraft:loot_table]:railways:blocks/track_tfc_hickory_wide - Unknown registry key in ResourceKey[minecraft:root / minecraft:item]: railways:track_tfc_hickory_wide
[01Oct2026 14:09:53.817] [Worker-Main-24/ERROR] [net.minecraft.world.level.storage.loot.LootDataType/]: Couldn't parse element ResourceKey[minecraft:root / minecraft:loot_table]:railways:blocks/track_tfc_spruce_wide - Unknown registry key in ResourceKey[minecraft:root / minecraft:item]: railways:track_tfc_spruce_wide
[01Oct2026 14:09:53.817] [Worker-Main-24/ERROR] [net.minecraft.world.level.storage.loot.LootDataType/]: Couldn't parse element ResourceKey[minecraft:root / minecraft:loot_table]:railways:blocks/track_byg_zelkova_wide - Unknown registry key in ResourceKey[minecraft:root / minecraft:item]: railways:track_byg_zelkova_wide
[01Oct2026 14:09:53.817] [Worker-Main-24/ERROR] [net.minecraft.world.level.storage.loot.LootDataType/]: Couldn't parse element ResourceKey[minecraft:root / minecraft:loot_table]:railways:blocks/track_biomesoplenty_umbran_wide - Unknown registry key in ResourceKey[minecraft:root / minecraft:item]: railways:track_biomesoplenty_umbran_wide
[01Oct2026 14:09:53.819] [Worker-Main-24/ERROR] [net.minecraft.world.level.storage.loot.LootDataType/]: Couldn't parse element ResourceKey[minecraft:root / minecraft:loot_table]:railways:blocks/track_twilightforest_mangrove_wide - Unknown registry key in ResourceKey[minecraft:root / minecraft:item]: railways:track_twilightforest_mangrove_wide
[01Oct2026 14:09:53.820] [Worker-Main-24/ERROR] [net.minecraft.world.level.storage.loot.LootDataType/]: Couldn't parse element ResourceKey[minecraft:root / minecraft:loot_table]:railways:blocks/track_hexcasting_edified - Unknown registry key in ResourceKey[minecraft:root / minecraft:item]: railways:track_hexcasting_edified
[01Oct2026 14:09:53.820] [Worker-Main-24/ERROR] [net.minecraft.world.level.storage.loot.LootDataType/]: Couldn't parse element ResourceKey[minecraft:root / minecraft:loot_table]:railways:blocks/track_byg_baobab_wide - Unknown registry key in ResourceKey[minecraft:root / minecraft:item]: railways:track_byg_baobab_wide
[01Oct2026 14:09:53.820] [Worker-Main-24/ERROR] [net.minecraft.world.level.storage.loot.LootDataType/]: Couldn't parse element ResourceKey[minecraft:root / minecraft:loot_table]:railways:blocks/track_tfc_spruce_narrow - Unknown registry key in ResourceKey[minecraft:root / minecraft:item]: railways:track_tfc_spruce_narrow
[01Oct2026 14:09:53.821] [Worker-Main-24/ERROR] [net.minecraft.world.level.storage.loot.LootDataType/]: Couldn't parse element ResourceKey[minecraft:root / minecraft:loot_table]:railways:blocks/track_twilightforest_darkwood_narrow - Unknown registry key in ResourceKey[minecraft:root / minecraft:item]: railways:track_twilightforest_darkwood_narrow
[01Oct2026 14:09:53.821] [Worker-Main-24/ERROR] [net.minecraft.world.level.storage.loot.LootDataType/]: Couldn't parse element ResourceKey[minecraft:root / minecraft:loot_table]:railways:blocks/track_tfc_douglas_fir_wide - Unknown registry key in ResourceKey[minecraft:root / minecraft:item]: railways:track_tfc_douglas_fir_wide
[01Oct2026 14:09:53.822] [Worker-Main-24/ERROR] [net.minecraft.world.level.storage.loot.LootDataType/]: Couldn't parse element ResourceKey[minecraft:root / minecraft:loot_table]:railways:blocks/track_natures_spirit_palo_verde_wide - Unknown registry key in ResourceKey[minecraft:root / minecraft:item]: railways:track_natures_spirit_palo_verde_wide
[01Oct2026 14:09:53.823] [Worker-Main-24/ERROR] [net.minecraft.world.level.storage.loot.LootDataType/]: Couldn't parse element ResourceKey[minecraft:root / minecraft:loot_table]:railways:blocks/track_tfc_blackwood_narrow - Unknown registry key in ResourceKey[minecraft:root / minecraft:item]: railways:track_tfc_blackwood_narrow
[01Oct2026 14:09:53.823] [Worker-Main-24/ERROR] [net.minecraft.world.level.storage.loot.LootDataType/]: Couldn't parse element ResourceKey[minecraft:root / minecraft:loot_table]:railways:blocks/track_natures_spirit_fir - Unknown registry key in ResourceKey[minecraft:root / minecraft:item]: railways:track_natures_spirit_fir
[01Oct2026 14:09:53.823] [Worker-Main-24/ERROR] [net.minecraft.world.level.storage.loot.LootDataType/]: Couldn't parse element ResourceKey[minecraft:root / minecraft:loot_table]:railways:blocks/track_natures_spirit_olive - Unknown registry key in ResourceKey[minecraft:root / minecraft:item]: railways:track_natures_spirit_olive
[01Oct2026 14:09:53.823] [Worker-Main-24/ERROR] [net.minecraft.world.level.storage.loot.LootDataType/]: Couldn't parse element ResourceKey[minecraft:root / minecraft:loot_table]:railways:blocks/track_byg_imparius_narrow - Unknown registry key in ResourceKey[minecraft:root / minecraft:item]: railways:track_byg_imparius_narrow
[01Oct2026 14:09:53.823] [Worker-Main-24/ERROR] [net.minecraft.world.level.storage.loot.LootDataType/]: Couldn't parse element ResourceKey[minecraft:root / minecraft:loot_table]:railways:blocks/track_tfc_willow - Unknown registry key in ResourceKey[minecraft:root / minecraft:item]: railways:track_tfc_willow
[01Oct2026 14:09:53.823] [Worker-Main-24/ERROR] [net.minecraft.world.level.storage.loot.LootDataType/]: Couldn't parse element ResourceKey[minecraft:root / minecraft:loot_table]:railways:blocks/track_hexcasting_edified_wide - Unknown registry key in ResourceKey[minecraft:root / minecraft:item]: railways:track_hexcasting_edified_wide
[01Oct2026 14:09:53.823] [Worker-Main-24/ERROR] [net.minecraft.world.level.storage.loot.LootDataType/]: Couldn't parse element ResourceKey[minecraft:root / minecraft:loot_table]:railways:blocks/track_byg_witch_hazel_wide - Unknown registry key in ResourceKey[minecraft:root / minecraft:item]: railways:track_byg_witch_hazel_wide
[01Oct2026 14:09:53.823] [Worker-Main-24/ERROR] [net.minecraft.world.level.storage.loot.LootDataType/]: Couldn't parse element ResourceKey[minecraft:root / minecraft:loot_table]:railways:blocks/track_byg_willow_narrow - Unknown registry key in ResourceKey[minecraft:root / minecraft:item]: railways:track_byg_willow_narrow
[01Oct2026 14:09:53.823] [Worker-Main-24/ERROR] [net.minecraft.world.level.storage.loot.LootDataType/]: Couldn't parse element ResourceKey[minecraft:root / minecraft:loot_table]:railways:blocks/track_byg_baobab - Unknown registry key in ResourceKey[minecraft:root / minecraft:item]: railways:track_byg_baobab
[01Oct2026 14:09:53.824] [Worker-Main-24/ERROR] [net.minecraft.world.level.storage.loot.LootDataType/]: Couldn't parse element ResourceKey[minecraft:root / minecraft:loot_table]:railways:blocks/track_twilightforest_canopy - Unknown registry key in ResourceKey[minecraft:root / minecraft:item]: railways:track_twilightforest_canopy
[01Oct2026 14:09:53.824] [Worker-Main-24/ERROR] [net.minecraft.world.level.storage.loot.LootDataType/]: Couldn't parse element ResourceKey[minecraft:root / minecraft:loot_table]:railways:blocks/track_natures_spirit_fir_narrow - Unknown registry key in ResourceKey[minecraft:root / minecraft:item]: railways:track_natures_spirit_fir_narrow
[01Oct2026 14:09:53.824] [Worker-Main-24/ERROR] [net.minecraft.world.level.storage.loot.LootDataType/]: Couldn't parse element ResourceKey[minecraft:root / minecraft:loot_table]:railways:blocks/track_byg_palm_wide - Unknown registry key in ResourceKey[minecraft:root / minecraft:item]: railways:track_byg_palm_wide
[01Oct2026 14:09:53.824] [Worker-Main-24/ERROR] [net.minecraft.world.level.storage.loot.LootDataType/]: Couldn't parse element ResourceKey[minecraft:root / minecraft:loot_table]:railways:blocks/track_byg_pine_wide - Unknown registry key in ResourceKey[minecraft:root / minecraft:item]: railways:track_byg_pine_wide
[01Oct2026 14:09:53.825] [Worker-Main-24/ERROR] [net.minecraft.world.level.storage.loot.LootDataType/]: Couldn't parse element ResourceKey[minecraft:root / minecraft:loot_table]:railways:blocks/track_natures_spirit_sugi_narrow - Unknown registry key in ResourceKey[minecraft:root / minecraft:item]: railways:track_natures_spirit_sugi_narrow
[01Oct2026 14:09:53.825] [Worker-Main-24/ERROR] [net.minecraft.world.level.storage.loot.LootDataType/]: Couldn't parse element ResourceKey[minecraft:root / minecraft:loot_table]:railways:blocks/track_biomesoplenty_dead - Unknown registry key in ResourceKey[minecraft:root / minecraft:item]: railways:track_biomesoplenty_dead
[01Oct2026 14:09:53.825] [Worker-Main-24/ERROR] [net.minecraft.world.level.storage.loot.LootDataType/]: Couldn't parse element ResourceKey[minecraft:root / minecraft:loot_table]:railways:blocks/track_tfc_mangrove - Unknown registry key in ResourceKey[minecraft:root / minecraft:item]: railways:track_tfc_mangrove
[01Oct2026 14:09:53.825] [Worker-Main-24/ERROR] [net.minecraft.world.level.storage.loot.LootDataType/]: Couldn't parse element ResourceKey[minecraft:root / minecraft:loot_table]:railways:blocks/track_byg_cypress_wide - Unknown registry key in ResourceKey[minecraft:root / minecraft:item]: railways:track_byg_cypress_wide
[01Oct2026 14:09:53.825] [Worker-Main-24/ERROR] [net.minecraft.world.level.storage.loot.LootDataType/]: Couldn't parse element ResourceKey[minecraft:root / minecraft:loot_table]:railways:blocks/track_tfc_palm_narrow - Unknown registry key in ResourceKey[minecraft:root / minecraft:item]: railways:track_tfc_palm_narrow
[01Oct2026 14:09:53.825] [Worker-Main-24/ERROR] [net.minecraft.world.level.storage.loot.LootDataType/]: Couldn't parse element ResourceKey[minecraft:root / minecraft:loot_table]:railways:blocks/track_tfc_kapok_wide - Unknown registry key in ResourceKey[minecraft:root / minecraft:item]: railways:track_tfc_kapok_wide
[01Oct2026 14:09:53.826] [Worker-Main-24/ERROR] [net.minecraft.world.level.storage.loot.LootDataType/]: Couldn't parse element ResourceKey[minecraft:root / minecraft:loot_table]:railways:blocks/track_byg_maple_wide - Unknown registry key in ResourceKey[minecraft:root / minecraft:item]: railways:track_byg_maple_wide
[01Oct2026 14:09:53.826] [Worker-Main-24/ERROR] [net.minecraft.world.level.storage.loot.LootDataType/]: Couldn't parse element ResourceKey[minecraft:root / minecraft:loot_table]:railways:blocks/track_biomesoplenty_fir_wide - Unknown registry key in ResourceKey[minecraft:root / minecraft:item]: railways:track_biomesoplenty_fir_wide
[01Oct2026 14:09:53.826] [Worker-Main-24/ERROR] [net.minecraft.world.level.storage.loot.LootDataType/]: Couldn't parse element ResourceKey[minecraft:root / minecraft:loot_table]:railways:blocks/track_byg_maple - Unknown registry key in ResourceKey[minecraft:root / minecraft:item]: railways:track_byg_maple
[01Oct2026 14:09:53.826] [Worker-Main-24/ERROR] [net.minecraft.world.level.storage.loot.LootDataType/]: Couldn't parse element ResourceKey[minecraft:root / minecraft:loot_table]:railways:blocks/track_byg_lament_wide - Unknown registry key in ResourceKey[minecraft:root / minecraft:item]: railways:track_byg_lament_wide
[01Oct2026 14:09:53.826] [Worker-Main-24/ERROR] [net.minecraft.world.level.storage.loot.LootDataType/]: Couldn't parse element ResourceKey[minecraft:root / minecraft:loot_table]:railways:blocks/track_byg_blue_enchanted_narrow - Unknown registry key in ResourceKey[minecraft:root / minecraft:item]: railways:track_byg_blue_enchanted_narrow
[01Oct2026 14:09:53.827] [Worker-Main-24/ERROR] [net.minecraft.world.level.storage.loot.LootDataType/]: Couldn't parse element ResourceKey[minecraft:root / minecraft:loot_table]:railways:blocks/track_byg_mahogany_wide - Unknown registry key in ResourceKey[minecraft:root / minecraft:item]: railways:track_byg_mahogany_wide
[01Oct2026 14:09:53.827] [Worker-Main-24/ERROR] [net.minecraft.world.level.storage.loot.LootDataType/]: Couldn't parse element ResourceKey[minecraft:root / minecraft:loot_table]:railways:blocks/track_natures_spirit_ghaf - Unknown registry key in ResourceKey[minecraft:root / minecraft:item]: railways:track_natures_spirit_ghaf
[01Oct2026 14:09:53.828] [Worker-Main-24/ERROR] [net.minecraft.world.level.storage.loot.LootDataType/]: Couldn't parse element ResourceKey[minecraft:root / minecraft:loot_table]:railways:blocks/track_tfc_palm - Unknown registry key in ResourceKey[minecraft:root / minecraft:item]: railways:track_tfc_palm
[01Oct2026 14:09:53.828] [Worker-Main-24/ERROR] [net.minecraft.world.level.storage.loot.LootDataType/]: Couldn't parse element ResourceKey[minecraft:root / minecraft:loot_table]:railways:blocks/track_biomesoplenty_dead_wide - Unknown registry key in ResourceKey[minecraft:root / minecraft:item]: railways:track_biomesoplenty_dead_wide
[01Oct2026 14:09:53.829] [Worker-Main-24/ERROR] [net.minecraft.world.level.storage.loot.LootDataType/]: Couldn't parse element ResourceKey[minecraft:root / minecraft:loot_table]:railways:blocks/track_byg_blue_enchanted - Unknown registry key in ResourceKey[minecraft:root / minecraft:item]: railways:track_byg_blue_enchanted
[01Oct2026 14:09:53.829] [Worker-Main-24/ERROR] [net.minecraft.world.level.storage.loot.LootDataType/]: Couldn't parse element ResourceKey[minecraft:root / minecraft:loot_table]:railways:blocks/track_natures_spirit_maple_wide - Unknown registry key in ResourceKey[minecraft:root / minecraft:item]: railways:track_natures_spirit_maple_wide
[01Oct2026 14:09:53.829] [Worker-Main-24/ERROR] [net.minecraft.world.level.storage.loot.LootDataType/]: Couldn't parse element ResourceKey[minecraft:root / minecraft:loot_table]:railways:blocks/track_tfc_white_cedar_wide - Unknown registry key in ResourceKey[minecraft:root / minecraft:item]: railways:track_tfc_white_cedar_wide
[01Oct2026 14:09:53.829] [Worker-Main-24/ERROR] [net.minecraft.world.level.storage.loot.LootDataType/]: Couldn't parse element ResourceKey[minecraft:root / minecraft:loot_table]:railways:blocks/track_byg_imparius_wide - Unknown registry key in ResourceKey[minecraft:root / minecraft:item]: railways:track_byg_imparius_wide
[01Oct2026 14:09:53.830] [Worker-Main-24/ERROR] [net.minecraft.world.level.storage.loot.LootDataType/]: Couldn't parse element ResourceKey[minecraft:root / minecraft:loot_table]:railways:blocks/track_tfc_maple_narrow - Unknown registry key in ResourceKey[minecraft:root / minecraft:item]: railways:track_tfc_maple_narrow
[01Oct2026 14:09:53.830] [Worker-Main-24/ERROR] [net.minecraft.world.level.storage.loot.LootDataType/]: Couldn't parse element ResourceKey[minecraft:root / minecraft:loot_table]:railways:blocks/track_biomesoplenty_umbran - Unknown registry key in ResourceKey[minecraft:root / minecraft:item]: railways:track_biomesoplenty_umbran
[01Oct2026 14:09:53.830] [Worker-Main-24/ERROR] [net.minecraft.world.level.storage.loot.LootDataType/]: Couldn't parse element ResourceKey[minecraft:root / minecraft:loot_table]:railways:blocks/track_byg_palm - Unknown registry key in ResourceKey[minecraft:root / minecraft:item]: railways:track_byg_palm
[01Oct2026 14:09:53.831] [Worker-Main-24/ERROR] [net.minecraft.world.level.storage.loot.LootDataType/]: Couldn't parse element ResourceKey[minecraft:root / minecraft:loot_table]:railways:blocks/track_blue_skies_dusk_wide - Unknown registry key in ResourceKey[minecraft:root / minecraft:item]: railways:track_blue_skies_dusk_wide
[01Oct2026 14:09:53.831] [Worker-Main-24/ERROR] [net.minecraft.world.level.storage.loot.LootDataType/]: Couldn't parse element ResourceKey[minecraft:root / minecraft:loot_table]:railways:blocks/track_twilightforest_minewood - Unknown registry key in ResourceKey[minecraft:root / minecraft:item]: railways:track_twilightforest_minewood
[01Oct2026 14:09:53.831] [Worker-Main-24/ERROR] [net.minecraft.world.level.storage.loot.LootDataType/]: Couldn't parse element ResourceKey[minecraft:root / minecraft:loot_table]:railways:blocks/track_blue_skies_frostbright_wide - Unknown registry key in ResourceKey[minecraft:root / minecraft:item]: railways:track_blue_skies_frostbright_wide
[01Oct2026 14:09:53.833] [Worker-Main-24/ERROR] [net.minecraft.world.level.storage.loot.LootDataType/]: Couldn't parse element ResourceKey[minecraft:root / minecraft:loot_table]:railways:blocks/track_byg_pine_narrow - Unknown registry key in ResourceKey[minecraft:root / minecraft:item]: railways:track_byg_pine_narrow
[01Oct2026 14:09:53.833] [Worker-Main-24/ERROR] [net.minecraft.world.level.storage.loot.LootDataType/]: Couldn't parse element ResourceKey[minecraft:root / minecraft:loot_table]:railways:blocks/track_natures_spirit_olive_wide - Unknown registry key in ResourceKey[minecraft:root / minecraft:item]: railways:track_natures_spirit_olive_wide
[01Oct2026 14:09:53.833] [Worker-Main-24/ERROR] [net.minecraft.world.level.storage.loot.LootDataType/]: Couldn't parse element ResourceKey[minecraft:root / minecraft:loot_table]:railways:blocks/track_natures_spirit_sugi_wide - Unknown registry key in ResourceKey[minecraft:root / minecraft:item]: railways:track_natures_spirit_sugi_wide
[01Oct2026 14:09:53.834] [Worker-Main-24/ERROR] [net.minecraft.world.level.storage.loot.LootDataType/]: Couldn't parse element ResourceKey[minecraft:root / minecraft:loot_table]:railways:blocks/track_byg_aspen_narrow - Unknown registry key in ResourceKey[minecraft:root / minecraft:item]: railways:track_byg_aspen_narrow
[01Oct2026 14:09:53.834] [Worker-Main-24/ERROR] [net.minecraft.world.level.storage.loot.LootDataType/]: Couldn't parse element ResourceKey[minecraft:root / minecraft:loot_table]:railways:blocks/track_tfc_sequoia_narrow - Unknown registry key in ResourceKey[minecraft:root / minecraft:item]: railways:track_tfc_sequoia_narrow
[01Oct2026 14:09:53.834] [Worker-Main-24/ERROR] [net.minecraft.world.level.storage.loot.LootDataType/]: Couldn't parse element ResourceKey[minecraft:root / minecraft:loot_table]:railways:blocks/track_twilightforest_sortingwood_narrow - Unknown registry key in ResourceKey[minecraft:root / minecraft:item]: railways:track_twilightforest_sortingwood_narrow
[01Oct2026 14:09:53.834] [Worker-Main-24/ERROR] [net.minecraft.world.level.storage.loot.LootDataType/]: Couldn't parse element ResourceKey[minecraft:root / minecraft:loot_table]:railways:blocks/track_tfc_spruce - Unknown registry key in ResourceKey[minecraft:root / minecraft:item]: railways:track_tfc_spruce
[01Oct2026 14:09:53.834] [Worker-Main-24/ERROR] [net.minecraft.world.level.storage.loot.LootDataType/]: Couldn't parse element ResourceKey[minecraft:root / minecraft:loot_table]:railways:blocks/track_tfc_douglas_fir_narrow - Unknown registry key in ResourceKey[minecraft:root / minecraft:item]: railways:track_tfc_douglas_fir_narrow
[01Oct2026 14:09:53.834] [Worker-Main-24/ERROR] [net.minecraft.world.level.storage.loot.LootDataType/]: Couldn't parse element ResourceKey[minecraft:root / minecraft:loot_table]:railways:blocks/track_biomesoplenty_hellbark_narrow - Unknown registry key in ResourceKey[minecraft:root / minecraft:item]: railways:track_biomesoplenty_hellbark_narrow
[01Oct2026 14:09:53.834] [Worker-Main-24/ERROR] [net.minecraft.world.level.storage.loot.LootDataType/]: Couldn't parse element ResourceKey[minecraft:root / minecraft:loot_table]:railways:blocks/track_tfc_white_cedar_narrow - Unknown registry key in ResourceKey[minecraft:root / minecraft:item]: railways:track_tfc_white_cedar_narrow
[01Oct2026 14:09:53.835] [Worker-Main-24/ERROR] [net.minecraft.world.level.storage.loot.LootDataType/]: Couldn't parse element ResourceKey[minecraft:root / minecraft:loot_table]:railways:blocks/track_byg_fir - Unknown registry key in ResourceKey[minecraft:root / minecraft:item]: railways:track_byg_fir
[01Oct2026 14:09:53.835] [Worker-Main-24/ERROR] [net.minecraft.world.level.storage.loot.LootDataType/]: Couldn't parse element ResourceKey[minecraft:root / minecraft:loot_table]:railways:blocks/track_natures_spirit_aspen_narrow - Unknown registry key in ResourceKey[minecraft:root / minecraft:item]: railways:track_natures_spirit_aspen_narrow
[01Oct2026 14:09:53.837] [Worker-Main-24/ERROR] [net.minecraft.world.level.storage.loot.LootDataType/]: Couldn't parse element ResourceKey[minecraft:root / minecraft:loot_table]:railways:blocks/track_tfc_pine_wide - Unknown registry key in ResourceKey[minecraft:root / minecraft:item]: railways:track_tfc_pine_wide
[01Oct2026 14:09:53.837] [Worker-Main-24/ERROR] [net.minecraft.world.level.storage.loot.LootDataType/]: Couldn't parse element ResourceKey[minecraft:root / minecraft:loot_table]:railways:blocks/track_byg_rainbow_eucalyptus - Unknown registry key in ResourceKey[minecraft:root / minecraft:item]: railways:track_byg_rainbow_eucalyptus
[01Oct2026 14:09:53.837] [Worker-Main-24/ERROR] [net.minecraft.world.level.storage.loot.LootDataType/]: Couldn't parse element ResourceKey[minecraft:root / minecraft:loot_table]:railways:blocks/track_twilightforest_darkwood_wide - Unknown registry key in ResourceKey[minecraft:root / minecraft:item]: railways:track_twilightforest_darkwood_wide
[01Oct2026 14:09:53.838] [Worker-Main-24/ERROR] [net.minecraft.world.level.storage.loot.LootDataType/]: Couldn't parse element ResourceKey[minecraft:root / minecraft:loot_table]:railways:blocks/track_tfc_mangrove_wide - Unknown registry key in ResourceKey[minecraft:root / minecraft:item]: railways:track_tfc_mangrove_wide
[01Oct2026 14:09:53.838] [Worker-Main-24/ERROR] [net.minecraft.world.level.storage.loot.LootDataType/]: Couldn't parse element ResourceKey[minecraft:root / minecraft:loot_table]:railways:blocks/track_tfc_ash - Unknown registry key in ResourceKey[minecraft:root / minecraft:item]: railways:track_tfc_ash
[01Oct2026 14:09:53.838] [Worker-Main-24/ERROR] [net.minecraft.world.level.storage.loot.LootDataType/]: Couldn't parse element ResourceKey[minecraft:root / minecraft:loot_table]:railways:blocks/track_byg_redwood - Unknown registry key in ResourceKey[minecraft:root / minecraft:item]: railways:track_byg_redwood
[01Oct2026 14:09:53.838] [Worker-Main-24/ERROR] [net.minecraft.world.level.storage.loot.LootDataType/]: Couldn't parse element ResourceKey[minecraft:root / minecraft:loot_table]:railways:blocks/track_create_dd_rubber_wide - Unknown registry key in ResourceKey[minecraft:root / minecraft:item]: railways:track_create_dd_rubber_wide
[01Oct2026 14:09:53.838] [Worker-Main-24/ERROR] [net.minecraft.world.level.storage.loot.LootDataType/]: Couldn't parse element ResourceKey[minecraft:root / minecraft:loot_table]:railways:blocks/track_natures_spirit_ghaf_wide - Unknown registry key in ResourceKey[minecraft:root / minecraft:item]: railways:track_natures_spirit_ghaf_wide
[01Oct2026 14:09:53.839] [Worker-Main-24/ERROR] [net.minecraft.world.level.storage.loot.LootDataType/]: Couldn't parse element ResourceKey[minecraft:root / minecraft:loot_table]:railways:blocks/track_natures_spirit_wisteria_narrow - Unknown registry key in ResourceKey[minecraft:root / minecraft:item]: railways:track_natures_spirit_wisteria_narrow
[01Oct2026 14:09:53.840] [Worker-Main-24/ERROR] [net.minecraft.world.level.storage.loot.LootDataType/]: Couldn't parse element ResourceKey[minecraft:root / minecraft:loot_table]:railways:blocks/track_natures_spirit_palo_verde - Unknown registry key in ResourceKey[minecraft:root / minecraft:item]: railways:track_natures_spirit_palo_verde
[01Oct2026 14:09:53.840] [Worker-Main-24/ERROR] [net.minecraft.world.level.storage.loot.LootDataType/]: Couldn't parse element ResourceKey[minecraft:root / minecraft:loot_table]:railways:blocks/track_tfc_sequoia - Unknown registry key in ResourceKey[minecraft:root / minecraft:item]: railways:track_tfc_sequoia
[01Oct2026 14:09:53.840] [Worker-Main-24/ERROR] [net.minecraft.world.level.storage.loot.LootDataType/]: Couldn't parse element ResourceKey[minecraft:root / minecraft:loot_table]:railways:blocks/track_byg_holly - Unknown registry key in ResourceKey[minecraft:root / minecraft:item]: railways:track_byg_holly
[01Oct2026 14:09:53.840] [Worker-Main-24/ERROR] [net.minecraft.world.level.storage.loot.LootDataType/]: Couldn't parse element ResourceKey[minecraft:root / minecraft:loot_table]:railways:blocks/track_biomesoplenty_palm_wide - Unknown registry key in ResourceKey[minecraft:root / minecraft:item]: railways:track_biomesoplenty_palm_wide
[01Oct2026 14:09:53.840] [Worker-Main-24/ERROR] [net.minecraft.world.level.storage.loot.LootDataType/]: Couldn't parse element ResourceKey[minecraft:root / minecraft:loot_table]:railways:blocks/track_tfc_maple_wide - Unknown registry key in ResourceKey[minecraft:root / minecraft:item]: railways:track_tfc_maple_wide
[01Oct2026 14:09:53.840] [Worker-Main-24/ERROR] [net.minecraft.world.level.storage.loot.LootDataType/]: Couldn't parse element ResourceKey[minecraft:root / minecraft:loot_table]:railways:blocks/track_blue_skies_lunar - Unknown registry key in ResourceKey[minecraft:root / minecraft:item]: railways:track_blue_skies_lunar
[01Oct2026 14:09:53.840] [Worker-Main-24/ERROR] [net.minecraft.world.level.storage.loot.LootDataType/]: Couldn't parse element ResourceKey[minecraft:root / minecraft:loot_table]:railways:blocks/track_natures_spirit_redwood_wide - Unknown registry key in ResourceKey[minecraft:root / minecraft:item]: railways:track_natures_spirit_redwood_wide
[01Oct2026 14:09:53.841] [Worker-Main-24/ERROR] [net.minecraft.world.level.storage.loot.LootDataType/]: Couldn't parse element ResourceKey[minecraft:root / minecraft:loot_table]:railways:blocks/track_blue_skies_lunar_narrow - Unknown registry key in ResourceKey[minecraft:root / minecraft:item]: railways:track_blue_skies_lunar_narrow
[01Oct2026 14:09:53.841] [Worker-Main-24/ERROR] [net.minecraft.world.level.storage.loot.LootDataType/]: Couldn't parse element ResourceKey[minecraft:root / minecraft:loot_table]:railways:blocks/track_byg_lament - Unknown registry key in ResourceKey[minecraft:root / minecraft:item]: railways:track_byg_lament
[01Oct2026 14:09:53.841] [Worker-Main-24/ERROR] [net.minecraft.world.level.storage.loot.LootDataType/]: Couldn't parse element ResourceKey[minecraft:root / minecraft:loot_table]:railways:blocks/track_natures_spirit_aspen_wide - Unknown registry key in ResourceKey[minecraft:root / minecraft:item]: railways:track_natures_spirit_aspen_wide
[01Oct2026 14:09:53.841] [Worker-Main-24/ERROR] [net.minecraft.world.level.storage.loot.LootDataType/]: Couldn't parse element ResourceKey[minecraft:root / minecraft:loot_table]:railways:blocks/track_tfc_sycamore_narrow - Unknown registry key in ResourceKey[minecraft:root / minecraft:item]: railways:track_tfc_sycamore_narrow
[01Oct2026 14:09:53.841] [Worker-Main-24/ERROR] [net.minecraft.world.level.storage.loot.LootDataType/]: Couldn't parse element ResourceKey[minecraft:root / minecraft:loot_table]:railways:blocks/track_byg_ebony_narrow - Unknown registry key in ResourceKey[minecraft:root / minecraft:item]: railways:track_byg_ebony_narrow
[01Oct2026 14:09:53.841] [Worker-Main-24/ERROR] [net.minecraft.world.level.storage.loot.LootDataType/]: Couldn't parse element ResourceKey[minecraft:root / minecraft:loot_table]:railways:blocks/track_byg_holly_wide - Unknown registry key in ResourceKey[minecraft:root / minecraft:item]: railways:track_byg_holly_wide
[01Oct2026 14:09:53.841] [Worker-Main-24/ERROR] [net.minecraft.world.level.storage.loot.LootDataType/]: Couldn't parse element ResourceKey[minecraft:root / minecraft:loot_table]:railways:blocks/track_tfc_aspen_narrow - Unknown registry key in ResourceKey[minecraft:root / minecraft:item]: railways:track_tfc_aspen_narrow
[01Oct2026 14:09:53.841] [Worker-Main-24/ERROR] [net.minecraft.world.level.storage.loot.LootDataType/]: Couldn't parse element ResourceKey[minecraft:root / minecraft:loot_table]:railways:blocks/track_natures_spirit_redwood_narrow - Unknown registry key in ResourceKey[minecraft:root / minecraft:item]: railways:track_natures_spirit_redwood_narrow
[01Oct2026 14:09:53.842] [Worker-Main-24/ERROR] [net.minecraft.world.level.storage.loot.LootDataType/]: Couldn't parse element ResourceKey[minecraft:root / minecraft:loot_table]:railways:blocks/track_create_dd_spirit_wide - Unknown registry key in ResourceKey[minecraft:root / minecraft:item]: railways:track_create_dd_spirit_wide
[01Oct2026 14:09:53.842] [Worker-Main-24/ERROR] [net.minecraft.world.level.storage.loot.LootDataType/]: Couldn't parse element ResourceKey[minecraft:root / minecraft:loot_table]:railways:blocks/track_create_dd_smoked_wide - Unknown registry key in ResourceKey[minecraft:root / minecraft:item]: railways:track_create_dd_smoked_wide
[01Oct2026 14:09:53.842] [Worker-Main-24/ERROR] [net.minecraft.world.level.storage.loot.LootDataType/]: Couldn't parse element ResourceKey[minecraft:root / minecraft:loot_table]:railways:blocks/track_quark_blossom_wide - Unknown registry key in ResourceKey[minecraft:root / minecraft:item]: railways:track_quark_blossom_wide
[01Oct2026 14:09:53.842] [Worker-Main-24/ERROR] [net.minecraft.world.level.storage.loot.LootDataType/]: Couldn't parse element ResourceKey[minecraft:root / minecraft:loot_table]:railways:blocks/track_biomesoplenty_magic - Unknown registry key in ResourceKey[minecraft:root / minecraft:item]: railways:track_biomesoplenty_magic
[01Oct2026 14:09:53.842] [Worker-Main-24/ERROR] [net.minecraft.world.level.storage.loot.LootDataType/]: Couldn't parse element ResourceKey[minecraft:root / minecraft:loot_table]:railways:blocks/track_twilightforest_canopy_wide - Unknown registry key in ResourceKey[minecraft:root / minecraft:item]: railways:track_twilightforest_canopy_wide
[01Oct2026 14:09:53.842] [Worker-Main-24/ERROR] [net.minecraft.world.level.storage.loot.LootDataType/]: Couldn't parse element ResourceKey[minecraft:root / minecraft:loot_table]:railways:blocks/track_byg_ether - Unknown registry key in ResourceKey[minecraft:root / minecraft:item]: railways:track_byg_ether
[01Oct2026 14:09:53.843] [Worker-Main-24/ERROR] [net.minecraft.world.level.storage.loot.LootDataType/]: Couldn't parse element ResourceKey[minecraft:root / minecraft:loot_table]:railways:blocks/track_biomesoplenty_willow_wide - Unknown registry key in ResourceKey[minecraft:root / minecraft:item]: railways:track_biomesoplenty_willow_wide
[01Oct2026 14:09:53.843] [Worker-Main-24/ERROR] [net.minecraft.world.level.storage.loot.LootDataType/]: Couldn't parse element ResourceKey[minecraft:root / minecraft:loot_table]:railways:blocks/track_blue_skies_starlit_wide - Unknown registry key in ResourceKey[minecraft:root / minecraft:item]: railways:track_blue_skies_starlit_wide
[01Oct2026 14:09:53.843] [Worker-Main-24/ERROR] [net.minecraft.world.level.storage.loot.LootDataType/]: Couldn't parse element ResourceKey[minecraft:root / minecraft:loot_table]:railways:blocks/track_natures_spirit_ghaf_narrow - Unknown registry key in ResourceKey[minecraft:root / minecraft:item]: railways:track_natures_spirit_ghaf_narrow
[01Oct2026 14:09:53.843] [Worker-Main-24/ERROR] [net.minecraft.world.level.storage.loot.LootDataType/]: Couldn't parse element ResourceKey[minecraft:root / minecraft:loot_table]:railways:blocks/track_byg_cika - Unknown registry key in ResourceKey[minecraft:root / minecraft:item]: railways:track_byg_cika
[01Oct2026 14:09:53.843] [Worker-Main-24/ERROR] [net.minecraft.world.level.storage.loot.LootDataType/]: Couldn't parse element ResourceKey[minecraft:root / minecraft:loot_table]:railways:blocks/track_biomesoplenty_palm_narrow - Unknown registry key in ResourceKey[minecraft:root / minecraft:item]: railways:track_biomesoplenty_palm_narrow
[01Oct2026 14:09:53.844] [Worker-Main-24/ERROR] [net.minecraft.world.level.storage.loot.LootDataType/]: Couldn't parse element ResourceKey[minecraft:root / minecraft:loot_table]:railways:blocks/track_byg_witch_hazel - Unknown registry key in ResourceKey[minecraft:root / minecraft:item]: railways:track_byg_witch_hazel
[01Oct2026 14:09:53.844] [Worker-Main-24/ERROR] [net.minecraft.world.level.storage.loot.LootDataType/]: Couldn't parse element ResourceKey[minecraft:root / minecraft:loot_table]:railways:blocks/track_natures_spirit_willow_wide - Unknown registry key in ResourceKey[minecraft:root / minecraft:item]: railways:track_natures_spirit_willow_wide
[01Oct2026 14:09:53.844] [Worker-Main-24/ERROR] [net.minecraft.world.level.storage.loot.LootDataType/]: Couldn't parse element ResourceKey[minecraft:root / minecraft:loot_table]:railways:blocks/track_quark_blossom - Unknown registry key in ResourceKey[minecraft:root / minecraft:item]: railways:track_quark_blossom
[01Oct2026 14:09:53.844] [Worker-Main-24/ERROR] [net.minecraft.world.level.storage.loot.LootDataType/]: Couldn't parse element ResourceKey[minecraft:root / minecraft:loot_table]:railways:blocks/track_biomesoplenty_jacaranda_narrow - Unknown registry key in ResourceKey[minecraft:root / minecraft:item]: railways:track_biomesoplenty_jacaranda_narrow
[01Oct2026 14:09:53.844] [Worker-Main-24/ERROR] [net.minecraft.world.level.storage.loot.LootDataType/]: Couldn't parse element ResourceKey[minecraft:root / minecraft:loot_table]:railways:blocks/track_quark_azalea_wide - Unknown registry key in ResourceKey[minecraft:root / minecraft:item]: railways:track_quark_azalea_wide
[01Oct2026 14:09:53.844] [Worker-Main-24/ERROR] [net.minecraft.world.level.storage.loot.LootDataType/]: Couldn't parse element ResourceKey[minecraft:root / minecraft:loot_table]:railways:blocks/track_byg_cypress - Unknown registry key in ResourceKey[minecraft:root / minecraft:item]: railways:track_byg_cypress
[01Oct2026 14:09:53.845] [Worker-Main-24/ERROR] [net.minecraft.world.level.storage.loot.LootDataType/]: Couldn't parse element ResourceKey[minecraft:root / minecraft:loot_table]:railways:blocks/track_natures_spirit_joshua - Unknown registry key in ResourceKey[minecraft:root / minecraft:item]: railways:track_natures_spirit_joshua
[01Oct2026 14:09:53.845] [Worker-Main-24/ERROR] [net.minecraft.world.level.storage.loot.LootDataType/]: Couldn't parse element ResourceKey[minecraft:root / minecraft:loot_table]:railways:blocks/track_twilightforest_twilight_oak_narrow - Unknown registry key in ResourceKey[minecraft:root / minecraft:item]: railways:track_twilightforest_twilight_oak_narrow
[01Oct2026 14:09:53.845] [Worker-Main-24/ERROR] [net.minecraft.world.level.storage.loot.LootDataType/]: Couldn't parse element ResourceKey[minecraft:root / minecraft:loot_table]:railways:blocks/track_byg_bulbis - Unknown registry key in ResourceKey[minecraft:root / minecraft:item]: railways:track_byg_bulbis
[01Oct2026 14:09:53.845] [Worker-Main-24/ERROR] [net.minecraft.world.level.storage.loot.LootDataType/]: Couldn't parse element ResourceKey[minecraft:root / minecraft:loot_table]:railways:blocks/track_byg_cypress_narrow - Unknown registry key in ResourceKey[minecraft:root / minecraft:item]: railways:track_byg_cypress_narrow
[01Oct2026 14:09:53.846] [Worker-Main-24/ERROR] [net.minecraft.world.level.storage.loot.LootDataType/]: Couldn't parse element ResourceKey[minecraft:root / minecraft:loot_table]:railways:blocks/track_byg_sythian - Unknown registry key in ResourceKey[minecraft:root / minecraft:item]: railways:track_byg_sythian
[01Oct2026 14:09:53.846] [Worker-Main-24/ERROR] [net.minecraft.world.level.storage.loot.LootDataType/]: Couldn't parse element ResourceKey[minecraft:root / minecraft:loot_table]:railways:blocks/track_blue_skies_maple_wide - Unknown registry key in ResourceKey[minecraft:root / minecraft:item]: railways:track_blue_skies_maple_wide
[01Oct2026 14:09:53.846] [Worker-Main-24/ERROR] [net.minecraft.world.level.storage.loot.LootDataType/]: Couldn't parse element ResourceKey[minecraft:root / minecraft:loot_table]:railways:blocks/track_biomesoplenty_redwood_wide - Unknown registry key in ResourceKey[minecraft:root / minecraft:item]: railways:track_biomesoplenty_redwood_wide
[01Oct2026 14:09:53.846] [Worker-Main-24/ERROR] [net.minecraft.world.level.storage.loot.LootDataType/]: Couldn't parse element ResourceKey[minecraft:root / minecraft:loot_table]:railways:blocks/track_biomesoplenty_fir - Unknown registry key in ResourceKey[minecraft:root / minecraft:item]: railways:track_biomesoplenty_fir
[01Oct2026 14:09:53.846] [Worker-Main-24/ERROR] [net.minecraft.world.level.storage.loot.LootDataType/]: Couldn't parse element ResourceKey[minecraft:root / minecraft:loot_table]:railways:blocks/track_natures_spirit_maple_narrow - Unknown registry key in ResourceKey[minecraft:root / minecraft:item]: railways:track_natures_spirit_maple_narrow
[01Oct2026 14:09:53.847] [Worker-Main-24/ERROR] [net.minecraft.world.level.storage.loot.LootDataType/]: Couldn't parse element ResourceKey[minecraft:root / minecraft:loot_table]:railways:blocks/track_biomesoplenty_willow_narrow - Unknown registry key in ResourceKey[minecraft:root / minecraft:item]: railways:track_biomesoplenty_willow_narrow
[01Oct2026 14:09:53.847] [Worker-Main-24/ERROR] [net.minecraft.world.level.storage.loot.LootDataType/]: Couldn't parse element ResourceKey[minecraft:root / minecraft:loot_table]:railways:blocks/track_twilightforest_timewood_narrow - Unknown registry key in ResourceKey[minecraft:root / minecraft:item]: railways:track_twilightforest_timewood_narrow
[01Oct2026 14:09:53.847] [Worker-Main-24/ERROR] [net.minecraft.world.level.storage.loot.LootDataType/]: Couldn't parse element ResourceKey[minecraft:root / minecraft:loot_table]:railways:blocks/track_quark_azalea - Unknown registry key in ResourceKey[minecraft:root / minecraft:item]: railways:track_quark_azalea
[01Oct2026 14:09:53.847] [Worker-Main-24/ERROR] [net.minecraft.world.level.storage.loot.LootDataType/]: Couldn't parse element ResourceKey[minecraft:root / minecraft:loot_table]:railways:blocks/track_twilightforest_timewood_wide - Unknown registry key in ResourceKey[minecraft:root / minecraft:item]: railways:track_twilightforest_timewood_wide
[01Oct2026 14:09:53.848] [Worker-Main-24/ERROR] [net.minecraft.world.level.storage.loot.LootDataType/]: Couldn't parse element ResourceKey[minecraft:root / minecraft:loot_table]:railways:blocks/track_tfc_birch - Unknown registry key in ResourceKey[minecraft:root / minecraft:item]: railways:track_tfc_birch
[01Oct2026 14:09:53.848] [Worker-Main-24/ERROR] [net.minecraft.world.level.storage.loot.LootDataType/]: Couldn't parse element ResourceKey[minecraft:root / minecraft:loot_table]:railways:blocks/track_byg_skyris_wide - Unknown registry key in ResourceKey[minecraft:root / minecraft:item]: railways:track_byg_skyris_wide
[01Oct2026 14:09:53.848] [Worker-Main-24/ERROR] [net.minecraft.world.level.storage.loot.LootDataType/]: Couldn't parse element ResourceKey[minecraft:root / minecraft:loot_table]:railways:blocks/track_biomesoplenty_jacaranda - Unknown registry key in ResourceKey[minecraft:root / minecraft:item]: railways:track_biomesoplenty_jacaranda
[01Oct2026 14:09:53.848] [Worker-Main-24/ERROR] [net.minecraft.world.level.storage.loot.LootDataType/]: Couldn't parse element ResourceKey[minecraft:root / minecraft:loot_table]:railways:blocks/track_twilightforest_transwood - Unknown registry key in ResourceKey[minecraft:root / minecraft:item]: railways:track_twilightforest_transwood
[01Oct2026 14:09:53.848] [Worker-Main-24/ERROR] [net.minecraft.world.level.storage.loot.LootDataType/]: Couldn't parse element ResourceKey[minecraft:root / minecraft:loot_table]:railways:blocks/track_biomesoplenty_hellbark - Unknown registry key in ResourceKey[minecraft:root / minecraft:item]: railways:track_biomesoplenty_hellbark
[01Oct2026 14:09:53.849] [Worker-Main-24/ERROR] [net.minecraft.world.level.storage.loot.LootDataType/]: Couldn't parse element ResourceKey[minecraft:root / minecraft:loot_table]:railways:blocks/track_tfc_pine_narrow - Unknown registry key in ResourceKey[minecraft:root / minecraft:item]: railways:track_tfc_pine_narrow
[01Oct2026 14:09:53.849] [Worker-Main-24/ERROR] [net.minecraft.world.level.storage.loot.LootDataType/]: Couldn't parse element ResourceKey[minecraft:root / minecraft:loot_table]:railways:blocks/track_biomesoplenty_redwood_narrow - Unknown registry key in ResourceKey[minecraft:root / minecraft:item]: railways:track_biomesoplenty_redwood_narrow
[01Oct2026 14:09:53.849] [Worker-Main-24/ERROR] [net.minecraft.world.level.storage.loot.LootDataType/]: Couldn't parse element ResourceKey[minecraft:root / minecraft:loot_table]:railways:blocks/track_create_dd_smoked_narrow - Unknown registry key in ResourceKey[minecraft:root / minecraft:item]: railways:track_create_dd_smoked_narrow
[01Oct2026 14:09:54.088] [Server thread/INFO] [net.minecraft.world.item.crafting.RecipeManager/]: Loaded 4108 recipes
[01Oct2026 14:09:54.159] [Server thread/INFO] [net.minecraft.advancements.AdvancementTree/]: Loaded 3670 advancements
[01Oct2026 14:09:54.161] [Server thread/INFO] [com.stonytark.magnetization.content.gas.GasExcitationProfiles/]: Loaded 0 gas excitation fluid profile bindings
[01Oct2026 14:09:54.168] [Server thread/WARN] [net.minecraft.core.MappedRegistry/]: Not all defined tags for registry ResourceKey[minecraft:root / minecraft:item] are present in data pack: c:ingots/aluminum
[01Oct2026 14:09:55.279] [Server thread/INFO] [magnetization/]: Stripped 1 recipe(s) producing disabled magnetization content.
[01Oct2026 14:09:55.302] [Server thread/INFO] [magnetization/validation-audit/]: VALIDATION_NATIVE_CRAFT_PASS material=minecraft:iron_ingot consumed=book+material output=1 patchouli:guide_book
[01Oct2026 14:09:55.303] [Server thread/INFO] [magnetization/validation-audit/]: VALIDATION_RECIPES_PASS magnetite=false iron=true lodestone=false
[01Oct2026 14:09:55.305] [Server thread/INFO] [magnetization/validation-audit/]: VALIDATION_CONFIG_EDIT patchouliCompatEnabled=false
[01Oct2026 14:09:56.898] [Worker-Main-15/ERROR] [net.minecraft.world.level.storage.loot.LootDataType/]: Couldn't parse element ResourceKey[minecraft:root / minecraft:loot_table]:railways:blocks/track_byg_witch_hazel_narrow - Unknown registry key in ResourceKey[minecraft:root / minecraft:item]: railways:track_byg_witch_hazel_narrow
[01Oct2026 14:09:56.899] [Worker-Main-15/ERROR] [net.minecraft.world.level.storage.loot.LootDataType/]: Couldn't parse element ResourceKey[minecraft:root / minecraft:loot_table]:railways:blocks/track_tfc_acacia - Unknown registry key in ResourceKey[minecraft:root / minecraft:item]: railways:track_tfc_acacia
[01Oct2026 14:09:56.900] [Worker-Main-15/ERROR] [net.minecraft.world.level.storage.loot.LootDataType/]: Couldn't parse element ResourceKey[minecraft:root / minecraft:loot_table]:railways:blocks/track_biomesoplenty_mahogany_narrow - Unknown registry key in ResourceKey[minecraft:root / minecraft:item]: railways:track_biomesoplenty_mahogany_narrow
[01Oct2026 14:09:56.900] [Worker-Main-15/ERROR] [net.minecraft.world.level.storage.loot.LootDataType/]: Couldn't parse element ResourceKey[minecraft:root / minecraft:loot_table]:railways:blocks/track_natures_spirit_joshua_wide - Unknown registry key in ResourceKey[minecraft:root / minecraft:item]: railways:track_natures_spirit_joshua_wide
[01Oct2026 14:09:56.900] [Worker-Main-15/ERROR] [net.minecraft.world.level.storage.loot.LootDataType/]: Couldn't parse element ResourceKey[minecraft:root / minecraft:loot_table]:railways:blocks/track_byg_rainbow_eucalyptus_wide - Unknown registry key in ResourceKey[minecraft:root / minecraft:item]: railways:track_byg_rainbow_eucalyptus_wide
[01Oct2026 14:09:56.900] [Worker-Main-15/ERROR] [net.minecraft.world.level.storage.loot.LootDataType/]: Couldn't parse element ResourceKey[minecraft:root / minecraft:loot_table]:railways:blocks/track_byg_bulbis_narrow - Unknown registry key in ResourceKey[minecraft:root / minecraft:item]: railways:track_byg_bulbis_narrow
[01Oct2026 14:09:56.901] [Worker-Main-15/ERROR] [net.minecraft.world.level.storage.loot.LootDataType/]: Couldn't parse element ResourceKey[minecraft:root / minecraft:loot_table]:railways:blocks/track_twilightforest_sortingwood_wide - Unknown registry key in ResourceKey[minecraft:root / minecraft:item]: railways:track_twilightforest_sortingwood_wide
[01Oct2026 14:09:56.901] [Worker-Main-15/ERROR] [net.minecraft.world.level.storage.loot.LootDataType/]: Couldn't parse element ResourceKey[minecraft:root / minecraft:loot_table]:railways:blocks/track_twilightforest_darkwood - Unknown registry key in ResourceKey[minecraft:root / minecraft:item]: railways:track_twilightforest_darkwood
[01Oct2026 14:09:56.901] [Worker-Main-15/ERROR] [net.minecraft.world.level.storage.loot.LootDataType/]: Couldn't parse element ResourceKey[minecraft:root / minecraft:loot_table]:railways:blocks/track_blue_skies_starlit - Unknown registry key in ResourceKey[minecraft:root / minecraft:item]: railways:track_blue_skies_starlit
[01Oct2026 14:09:56.901] [Worker-Main-15/ERROR] [net.minecraft.world.level.storage.loot.LootDataType/]: Couldn't parse element ResourceKey[minecraft:root / minecraft:loot_table]:railways:blocks/track_byg_embur - Unknown registry key in ResourceKey[minecraft:root / minecraft:item]: railways:track_byg_embur
[01Oct2026 14:09:56.901] [Worker-Main-15/ERROR] [net.minecraft.world.level.storage.loot.LootDataType/]: Couldn't parse element ResourceKey[minecraft:root / minecraft:loot_table]:railways:blocks/track_byg_green_enchanted_wide - Unknown registry key in ResourceKey[minecraft:root / minecraft:item]: railways:track_byg_green_enchanted_wide
[01Oct2026 14:09:56.901] [Worker-Main-15/ERROR] [net.minecraft.world.level.storage.loot.LootDataType/]: Couldn't parse element ResourceKey[minecraft:root / minecraft:loot_table]:railways:blocks/track_quark_ancient_wide - Unknown registry key in ResourceKey[minecraft:root / minecraft:item]: railways:track_quark_ancient_wide
[01Oct2026 14:09:56.901] [Worker-Main-15/ERROR] [net.minecraft.world.level.storage.loot.LootDataType/]: Couldn't parse element ResourceKey[minecraft:root / minecraft:loot_table]:railways:blocks/track_byg_nightshade_narrow - Unknown registry key in ResourceKey[minecraft:root / minecraft:item]: railways:track_byg_nightshade_narrow
[01Oct2026 14:09:56.902] [Worker-Main-15/ERROR] [net.minecraft.world.level.storage.loot.LootDataType/]: Couldn't parse element ResourceKey[minecraft:root / minecraft:loot_table]:railways:blocks/track_tfc_chestnut_narrow - Unknown registry key in ResourceKey[minecraft:root / minecraft:item]: railways:track_tfc_chestnut_narrow
[01Oct2026 14:09:56.902] [Worker-Main-15/ERROR] [net.minecraft.world.level.storage.loot.LootDataType/]: Couldn't parse element ResourceKey[minecraft:root / minecraft:loot_table]:railways:blocks/track_create_dd_rose_wide - Unknown registry key in ResourceKey[minecraft:root / minecraft:item]: railways:track_create_dd_rose_wide
[01Oct2026 14:09:56.902] [Worker-Main-15/ERROR] [net.minecraft.world.level.storage.loot.LootDataType/]: Couldn't parse element ResourceKey[minecraft:root / minecraft:loot_table]:railways:blocks/track_byg_white_mangrove_narrow - Unknown registry key in ResourceKey[minecraft:root / minecraft:item]: railways:track_byg_white_mangrove_narrow
[01Oct2026 14:09:56.902] [Worker-Main-15/ERROR] [net.minecraft.world.level.storage.loot.LootDataType/]: Couldn't parse element ResourceKey[minecraft:root / minecraft:loot_table]:railways:blocks/track_byg_skyris_narrow - Unknown registry key in ResourceKey[minecraft:root / minecraft:item]: railways:track_byg_skyris_narrow
[01Oct2026 14:09:56.902] [Worker-Main-15/ERROR] [net.minecraft.world.level.storage.loot.LootDataType/]: Couldn't parse element ResourceKey[minecraft:root / minecraft:loot_table]:railways:blocks/track_byg_green_enchanted_narrow - Unknown registry key in ResourceKey[minecraft:root / minecraft:item]: railways:track_byg_green_enchanted_narrow
[01Oct2026 14:09:56.902] [Worker-Main-15/ERROR] [net.minecraft.world.level.storage.loot.LootDataType/]: Couldn't parse element ResourceKey[minecraft:root / minecraft:loot_table]:railways:blocks/track_quark_ancient_narrow - Unknown registry key in ResourceKey[minecraft:root / minecraft:item]: railways:track_quark_ancient_narrow
[01Oct2026 14:09:56.902] [Worker-Main-15/ERROR] [net.minecraft.world.level.storage.loot.LootDataType/]: Couldn't parse element ResourceKey[minecraft:root / minecraft:loot_table]:railways:blocks/track_quark_azalea_narrow - Unknown registry key in ResourceKey[minecraft:root / minecraft:item]: railways:track_quark_azalea_narrow
[01Oct2026 14:09:56.902] [Worker-Main-15/ERROR] [net.minecraft.world.level.storage.loot.LootDataType/]: Couldn't parse element ResourceKey[minecraft:root / minecraft:loot_table]:railways:blocks/track_tfc_willow_wide - Unknown registry key in ResourceKey[minecraft:root / minecraft:item]: railways:track_tfc_willow_wide
[01Oct2026 14:09:56.902] [Worker-Main-15/ERROR] [net.minecraft.world.level.storage.loot.LootDataType/]: Couldn't parse element ResourceKey[minecraft:root / minecraft:loot_table]:railways:blocks/track_tfc_chestnut - Unknown registry key in ResourceKey[minecraft:root / minecraft:item]: railways:track_tfc_chestnut
[01Oct2026 14:09:56.902] [Worker-Main-15/ERROR] [net.minecraft.world.level.storage.loot.LootDataType/]: Couldn't parse element ResourceKey[minecraft:root / minecraft:loot_table]:railways:blocks/track_blue_skies_frostbright - Unknown registry key in ResourceKey[minecraft:root / minecraft:item]: railways:track_blue_skies_frostbright
[01Oct2026 14:09:56.903] [Worker-Main-15/ERROR] [net.minecraft.world.level.storage.loot.LootDataType/]: Couldn't parse element ResourceKey[minecraft:root / minecraft:loot_table]:railways:blocks/track_byg_ether_wide - Unknown registry key in ResourceKey[minecraft:root / minecraft:item]: railways:track_byg_ether_wide
[01Oct2026 14:09:56.903] [Worker-Main-15/ERROR] [net.minecraft.world.level.storage.loot.LootDataType/]: Couldn't parse element ResourceKey[minecraft:root / minecraft:loot_table]:railways:blocks/track_byg_jacaranda_wide - Unknown registry key in ResourceKey[minecraft:root / minecraft:item]: railways:track_byg_jacaranda_wide
[01Oct2026 14:09:56.903] [Worker-Main-15/ERROR] [net.minecraft.world.level.storage.loot.LootDataType/]: Couldn't parse element ResourceKey[minecraft:root / minecraft:loot_table]:railways:blocks/track_biomesoplenty_jacaranda_wide - Unknown registry key in ResourceKey[minecraft:root / minecraft:item]: railways:track_biomesoplenty_jacaranda_wide
[01Oct2026 14:09:56.903] [Worker-Main-15/ERROR] [net.minecraft.world.level.storage.loot.LootDataType/]: Couldn't parse element ResourceKey[minecraft:root / minecraft:loot_table]:railways:blocks/track_create_dd_rose - Unknown registry key in ResourceKey[minecraft:root / minecraft:item]: railways:track_create_dd_rose
[01Oct2026 14:09:56.903] [Worker-Main-15/ERROR] [net.minecraft.world.level.storage.loot.LootDataType/]: Couldn't parse element ResourceKey[minecraft:root / minecraft:loot_table]:railways:blocks/track_natures_spirit_palo_verde_narrow - Unknown registry key in ResourceKey[minecraft:root / minecraft:item]: railways:track_natures_spirit_palo_verde_narrow
[01Oct2026 14:09:56.903] [Worker-Main-15/ERROR] [net.minecraft.world.level.storage.loot.LootDataType/]: Couldn't parse element ResourceKey[minecraft:root / minecraft:loot_table]:railways:blocks/track_byg_mahogany_narrow - Unknown registry key in ResourceKey[minecraft:root / minecraft:item]: railways:track_byg_mahogany_narrow
[01Oct2026 14:09:56.903] [Worker-Main-15/ERROR] [net.minecraft.world.level.storage.loot.LootDataType/]: Couldn't parse element ResourceKey[minecraft:root / minecraft:loot_table]:railways:blocks/track_tfc_sycamore_wide - Unknown registry key in ResourceKey[minecraft:root / minecraft:item]: railways:track_tfc_sycamore_wide
[01Oct2026 14:09:56.904] [Worker-Main-15/ERROR] [net.minecraft.world.level.storage.loot.LootDataType/]: Couldn't parse element ResourceKey[minecraft:root / minecraft:loot_table]:railways:blocks/track_tfc_acacia_narrow - Unknown registry key in ResourceKey[minecraft:root / minecraft:item]: railways:track_tfc_acacia_narrow
[01Oct2026 14:09:56.904] [Worker-Main-15/ERROR] [net.minecraft.world.level.storage.loot.LootDataType/]: Couldn't parse element ResourceKey[minecraft:root / minecraft:loot_table]:railways:blocks/track_byg_ebony - Unknown registry key in ResourceKey[minecraft:root / minecraft:item]: railways:track_byg_ebony
[01Oct2026 14:09:56.904] [Worker-Main-15/ERROR] [net.minecraft.world.level.storage.loot.LootDataType/]: Couldn't parse element ResourceKey[minecraft:root / minecraft:loot_table]:railways:blocks/track_tfc_rosewood - Unknown registry key in ResourceKey[minecraft:root / minecraft:item]: railways:track_tfc_rosewood
[01Oct2026 14:09:56.904] [Worker-Main-15/ERROR] [net.minecraft.world.level.storage.loot.LootDataType/]: Couldn't parse element ResourceKey[minecraft:root / minecraft:loot_table]:railways:blocks/track_byg_aspen_wide - Unknown registry key in ResourceKey[minecraft:root / minecraft:item]: railways:track_byg_aspen_wide
[01Oct2026 14:09:56.904] [Worker-Main-15/ERROR] [net.minecraft.world.level.storage.loot.LootDataType/]: Couldn't parse element ResourceKey[minecraft:root / minecraft:loot_table]:railways:blocks/track_create_dd_rubber_narrow - Unknown registry key in ResourceKey[minecraft:root / minecraft:item]: railways:track_create_dd_rubber_narrow
[01Oct2026 14:09:56.904] [Worker-Main-15/ERROR] [net.minecraft.world.level.storage.loot.LootDataType/]: Couldn't parse element ResourceKey[minecraft:root / minecraft:loot_table]:railways:blocks/track_tfc_hickory_narrow - Unknown registry key in ResourceKey[minecraft:root / minecraft:item]: railways:track_tfc_hickory_narrow
[01Oct2026 14:09:56.904] [Worker-Main-15/ERROR] [net.minecraft.world.level.storage.loot.LootDataType/]: Couldn't parse element ResourceKey[minecraft:root / minecraft:loot_table]:railways:blocks/track_byg_white_mangrove_wide - Unknown registry key in ResourceKey[minecraft:root / minecraft:item]: railways:track_byg_white_mangrove_wide
[01Oct2026 14:09:56.904] [Worker-Main-15/ERROR] [net.minecraft.world.level.storage.loot.LootDataType/]: Couldn't parse element ResourceKey[minecraft:root / minecraft:loot_table]:railways:blocks/track_natures_spirit_joshua_narrow - Unknown registry key in ResourceKey[minecraft:root / minecraft:item]: railways:track_natures_spirit_joshua_narrow
[01Oct2026 14:09:56.904] [Worker-Main-15/ERROR] [net.minecraft.world.level.storage.loot.LootDataType/]: Couldn't parse element ResourceKey[minecraft:root / minecraft:loot_table]:railways:blocks/track_byg_nightshade - Unknown registry key in ResourceKey[minecraft:root / minecraft:item]: railways:track_byg_nightshade
[01Oct2026 14:09:56.905] [Worker-Main-15/ERROR] [net.minecraft.world.level.storage.loot.LootDataType/]: Couldn't parse element ResourceKey[minecraft:root / minecraft:loot_table]:railways:blocks/track_byg_willow - Unknown registry key in ResourceKey[minecraft:root / minecraft:item]: railways:track_byg_willow
[01Oct2026 14:09:56.905] [Worker-Main-15/ERROR] [net.minecraft.world.level.storage.loot.LootDataType/]: Couldn't parse element ResourceKey[minecraft:root / minecraft:loot_table]:railways:blocks/track_byg_bulbis_wide - Unknown registry key in ResourceKey[minecraft:root / minecraft:item]: railways:track_byg_bulbis_wide
[01Oct2026 14:09:56.905] [Worker-Main-15/ERROR] [net.minecraft.world.level.storage.loot.LootDataType/]: Couldn't parse element ResourceKey[minecraft:root / minecraft:loot_table]:railways:blocks/track_byg_rainbow_eucalyptus_narrow - Unknown registry key in ResourceKey[minecraft:root / minecraft:item]: railways:track_byg_rainbow_eucalyptus_narrow
[01Oct2026 14:09:56.905] [Worker-Main-15/ERROR] [net.minecraft.world.level.storage.loot.LootDataType/]: Couldn't parse element ResourceKey[minecraft:root / minecraft:loot_table]:railways:blocks/track_blue_skies_lunar_wide - Unknown registry key in ResourceKey[minecraft:root / minecraft:item]: railways:track_blue_skies_lunar_wide
[01Oct2026 14:09:56.906] [Worker-Main-15/ERROR] [net.minecraft.world.level.storage.loot.LootDataType/]: Couldn't parse element ResourceKey[minecraft:root / minecraft:loot_table]:railways:blocks/track_byg_cika_narrow - Unknown registry key in ResourceKey[minecraft:root / minecraft:item]: railways:track_byg_cika_narrow
[01Oct2026 14:09:56.906] [Worker-Main-15/ERROR] [net.minecraft.world.level.storage.loot.LootDataType/]: Couldn't parse element ResourceKey[minecraft:root / minecraft:loot_table]:railways:blocks/track_blue_skies_maple - Unknown registry key in ResourceKey[minecraft:root / minecraft:item]: railways:track_blue_skies_maple
[01Oct2026 14:09:56.906] [Worker-Main-15/ERROR] [net.minecraft.world.level.storage.loot.LootDataType/]: Couldn't parse element ResourceKey[minecraft:root / minecraft:loot_table]:railways:blocks/track_twilightforest_mangrove - Unknown registry key in ResourceKey[minecraft:root / minecraft:item]: railways:track_twilightforest_mangrove
[01Oct2026 14:09:56.906] [Worker-Main-15/ERROR] [net.minecraft.world.level.storage.loot.LootDataType/]: Couldn't parse element ResourceKey[minecraft:root / minecraft:loot_table]:railways:blocks/track_natures_spirit_wisteria_wide - Unknown registry key in ResourceKey[minecraft:root / minecraft:item]: railways:track_natures_spirit_wisteria_wide
[01Oct2026 14:09:56.906] [Worker-Main-15/ERROR] [net.minecraft.world.level.storage.loot.LootDataType/]: Couldn't parse element ResourceKey[minecraft:root / minecraft:loot_table]:railways:blocks/track_biomesoplenty_mahogany_wide - Unknown registry key in ResourceKey[minecraft:root / minecraft:item]: railways:track_biomesoplenty_mahogany_wide
[01Oct2026 14:09:56.907] [Worker-Main-15/ERROR] [net.minecraft.world.level.storage.loot.LootDataType/]: Couldn't parse element ResourceKey[minecraft:root / minecraft:loot_table]:railways:blocks/track_tfc_oak - Unknown registry key in ResourceKey[minecraft:root / minecraft:item]: railways:track_tfc_oak
[01Oct2026 14:09:56.907] [Worker-Main-15/ERROR] [net.minecraft.world.level.storage.loot.LootDataType/]: Couldn't parse element ResourceKey[minecraft:root / minecraft:loot_table]:railways:blocks/track_twilightforest_transwood_wide - Unknown registry key in ResourceKey[minecraft:root / minecraft:item]: railways:track_twilightforest_transwood_wide
[01Oct2026 14:09:56.907] [Worker-Main-15/ERROR] [net.minecraft.world.level.storage.loot.LootDataType/]: Couldn't parse element ResourceKey[minecraft:root / minecraft:loot_table]:railways:blocks/track_create_dd_smoked - Unknown registry key in ResourceKey[minecraft:root / minecraft:item]: railways:track_create_dd_smoked
[01Oct2026 14:09:56.907] [Worker-Main-15/ERROR] [net.minecraft.world.level.storage.loot.LootDataType/]: Couldn't parse element ResourceKey[minecraft:root / minecraft:loot_table]:railways:blocks/track_biomesoplenty_willow - Unknown registry key in ResourceKey[minecraft:root / minecraft:item]: railways:track_biomesoplenty_willow
[01Oct2026 14:09:56.907] [Worker-Main-15/ERROR] [net.minecraft.world.level.storage.loot.LootDataType/]: Couldn't parse element ResourceKey[minecraft:root / minecraft:loot_table]:railways:blocks/track_hexcasting_edified_narrow - Unknown registry key in ResourceKey[minecraft:root / minecraft:item]: railways:track_hexcasting_edified_narrow
[01Oct2026 14:09:56.907] [Worker-Main-15/ERROR] [net.minecraft.world.level.storage.loot.LootDataType/]: Couldn't parse element ResourceKey[minecraft:root / minecraft:loot_table]:railways:blocks/track_byg_nightshade_wide - Unknown registry key in ResourceKey[minecraft:root / minecraft:item]: railways:track_byg_nightshade_wide
[01Oct2026 14:09:56.907] [Worker-Main-15/ERROR] [net.minecraft.world.level.storage.loot.LootDataType/]: Couldn't parse element ResourceKey[minecraft:root / minecraft:loot_table]:railways:blocks/track_byg_imparius - Unknown registry key in ResourceKey[minecraft:root / minecraft:item]: railways:track_byg_imparius
[01Oct2026 14:09:56.908] [Worker-Main-15/ERROR] [net.minecraft.world.level.storage.loot.LootDataType/]: Couldn't parse element ResourceKey[minecraft:root / minecraft:loot_table]:railways:blocks/track_biomesoplenty_magic_wide - Unknown registry key in ResourceKey[minecraft:root / minecraft:item]: railways:track_biomesoplenty_magic_wide
[01Oct2026 14:09:56.908] [Worker-Main-15/ERROR] [net.minecraft.world.level.storage.loot.LootDataType/]: Couldn't parse element ResourceKey[minecraft:root / minecraft:loot_table]:railways:blocks/track_tfc_blackwood_wide - Unknown registry key in ResourceKey[minecraft:root / minecraft:item]: railways:track_tfc_blackwood_wide
[01Oct2026 14:09:56.908] [Worker-Main-15/ERROR] [net.minecraft.world.level.storage.loot.LootDataType/]: Couldn't parse element ResourceKey[minecraft:root / minecraft:loot_table]:railways:blocks/track_byg_lament_narrow - Unknown registry key in ResourceKey[minecraft:root / minecraft:item]: railways:track_byg_lament_narrow
[01Oct2026 14:09:56.908] [Worker-Main-15/ERROR] [net.minecraft.world.level.storage.loot.LootDataType/]: Couldn't parse element ResourceKey[minecraft:root / minecraft:loot_table]:railways:blocks/track_twilightforest_mangrove_narrow - Unknown registry key in ResourceKey[minecraft:root / minecraft:item]: railways:track_twilightforest_mangrove_narrow
[01Oct2026 14:09:56.909] [Worker-Main-15/ERROR] [net.minecraft.world.level.storage.loot.LootDataType/]: Couldn't parse element ResourceKey[minecraft:root / minecraft:loot_table]:railways:blocks/track_byg_aspen - Unknown registry key in ResourceKey[minecraft:root / minecraft:item]: railways:track_byg_aspen
[01Oct2026 14:09:56.909] [Worker-Main-15/ERROR] [net.minecraft.world.level.storage.loot.LootDataType/]: Couldn't parse element ResourceKey[minecraft:root / minecraft:loot_table]:railways:blocks/track_byg_maple_narrow - Unknown registry key in ResourceKey[minecraft:root / minecraft:item]: railways:track_byg_maple_narrow
[01Oct2026 14:09:56.909] [Worker-Main-15/ERROR] [net.minecraft.world.level.storage.loot.LootDataType/]: Couldn't parse element ResourceKey[minecraft:root / minecraft:loot_table]:railways:blocks/track_biomesoplenty_palm - Unknown registry key in ResourceKey[minecraft:root / minecraft:item]: railways:track_biomesoplenty_palm
[01Oct2026 14:09:56.909] [Worker-Main-15/ERROR] [net.minecraft.world.level.storage.loot.LootDataType/]: Couldn't parse element ResourceKey[minecraft:root / minecraft:loot_table]:railways:blocks/track_byg_embur_wide - Unknown registry key in ResourceKey[minecraft:root / minecraft:item]: railways:track_byg_embur_wide
[01Oct2026 14:09:56.910] [Worker-Main-15/ERROR] [net.minecraft.world.level.storage.loot.LootDataType/]: Couldn't parse element ResourceKey[minecraft:root / minecraft:loot_table]:railways:blocks/track_tfc_white_cedar - Unknown registry key in ResourceKey[minecraft:root / minecraft:item]: railways:track_tfc_white_cedar
[01Oct2026 14:09:56.910] [Worker-Main-15/ERROR] [net.minecraft.world.level.storage.loot.LootDataType/]: Couldn't parse element ResourceKey[minecraft:root / minecraft:loot_table]:railways:blocks/track_tfc_sycamore - Unknown registry key in ResourceKey[minecraft:root / minecraft:item]: railways:track_tfc_sycamore
[01Oct2026 14:09:56.910] [Worker-Main-15/ERROR] [net.minecraft.world.level.storage.loot.LootDataType/]: Couldn't parse element ResourceKey[minecraft:root / minecraft:loot_table]:railways:blocks/track_twilightforest_timewood - Unknown registry key in ResourceKey[minecraft:root / minecraft:item]: railways:track_twilightforest_timewood
[01Oct2026 14:09:56.910] [Worker-Main-15/ERROR] [net.minecraft.world.level.storage.loot.LootDataType/]: Couldn't parse element ResourceKey[minecraft:root / minecraft:loot_table]:railways:blocks/track_tfc_rosewood_wide - Unknown registry key in ResourceKey[minecraft:root / minecraft:item]: railways:track_tfc_rosewood_wide
[01Oct2026 14:09:56.911] [Worker-Main-15/ERROR] [net.minecraft.world.level.storage.loot.LootDataType/]: Couldn't parse element ResourceKey[minecraft:root / minecraft:loot_table]:railways:blocks/track_natures_spirit_cypress_wide - Unknown registry key in ResourceKey[minecraft:root / minecraft:item]: railways:track_natures_spirit_cypress_wide
[01Oct2026 14:09:56.911] [Worker-Main-15/ERROR] [net.minecraft.world.level.storage.loot.LootDataType/]: Couldn't parse element ResourceKey[minecraft:root / minecraft:loot_table]:railways:blocks/track_blue_skies_dusk_narrow - Unknown registry key in ResourceKey[minecraft:root / minecraft:item]: railways:track_blue_skies_dusk_narrow
[01Oct2026 14:09:56.911] [Worker-Main-15/ERROR] [net.minecraft.world.level.storage.loot.LootDataType/]: Couldn't parse element ResourceKey[minecraft:root / minecraft:loot_table]:railways:blocks/track_natures_spirit_cypress - Unknown registry key in ResourceKey[minecraft:root / minecraft:item]: railways:track_natures_spirit_cypress
[01Oct2026 14:09:56.911] [Worker-Main-15/ERROR] [net.minecraft.world.level.storage.loot.LootDataType/]: Couldn't parse element ResourceKey[minecraft:root / minecraft:loot_table]:railways:blocks/track_tfc_birch_wide - Unknown registry key in ResourceKey[minecraft:root / minecraft:item]: railways:track_tfc_birch_wide
[01Oct2026 14:09:56.911] [Worker-Main-15/ERROR] [net.minecraft.world.level.storage.loot.LootDataType/]: Couldn't parse element ResourceKey[minecraft:root / minecraft:loot_table]:railways:blocks/track_byg_sythian_narrow - Unknown registry key in ResourceKey[minecraft:root / minecraft:item]: railways:track_byg_sythian_narrow
[01Oct2026 14:09:56.911] [Worker-Main-15/ERROR] [net.minecraft.world.level.storage.loot.LootDataType/]: Couldn't parse element ResourceKey[minecraft:root / minecraft:loot_table]:railways:blocks/track_byg_redwood_wide - Unknown registry key in ResourceKey[minecraft:root / minecraft:item]: railways:track_byg_redwood_wide
[01Oct2026 14:09:56.912] [Worker-Main-15/ERROR] [net.minecraft.world.level.storage.loot.LootDataType/]: Couldn't parse element ResourceKey[minecraft:root / minecraft:loot_table]:railways:blocks/track_create_dd_rose_narrow - Unknown registry key in ResourceKey[minecraft:root / minecraft:item]: railways:track_create_dd_rose_narrow
[01Oct2026 14:09:56.913] [Worker-Main-15/ERROR] [net.minecraft.world.level.storage.loot.LootDataType/]: Couldn't parse element ResourceKey[minecraft:root / minecraft:loot_table]:railways:blocks/track_byg_redwood_narrow - Unknown registry key in ResourceKey[minecraft:root / minecraft:item]: railways:track_byg_redwood_narrow
[01Oct2026 14:09:56.913] [Worker-Main-15/ERROR] [net.minecraft.world.level.storage.loot.LootDataType/]: Couldn't parse element ResourceKey[minecraft:root / minecraft:loot_table]:railways:blocks/track_tfc_willow_narrow - Unknown registry key in ResourceKey[minecraft:root / minecraft:item]: railways:track_tfc_willow_narrow
[01Oct2026 14:09:56.913] [Worker-Main-15/ERROR] [net.minecraft.world.level.storage.loot.LootDataType/]: Couldn't parse element ResourceKey[minecraft:root / minecraft:loot_table]:railways:blocks/track_twilightforest_minewood_wide - Unknown registry key in ResourceKey[minecraft:root / minecraft:item]: railways:track_twilightforest_minewood_wide
[01Oct2026 14:09:56.913] [Worker-Main-15/ERROR] [net.minecraft.world.level.storage.loot.LootDataType/]: Couldn't parse element ResourceKey[minecraft:root / minecraft:loot_table]:railways:blocks/track_tfc_douglas_fir - Unknown registry key in ResourceKey[minecraft:root / minecraft:item]: railways:track_tfc_douglas_fir
[01Oct2026 14:09:56.914] [Worker-Main-15/ERROR] [net.minecraft.world.level.storage.loot.LootDataType/]: Couldn't parse element ResourceKey[minecraft:root / minecraft:loot_table]:railways:blocks/track_biomesoplenty_dead_narrow - Unknown registry key in ResourceKey[minecraft:root / minecraft:item]: railways:track_biomesoplenty_dead_narrow
[01Oct2026 14:09:56.915] [Worker-Main-15/ERROR] [net.minecraft.world.level.storage.loot.LootDataType/]: Couldn't parse element ResourceKey[minecraft:root / minecraft:loot_table]:railways:blocks/track_byg_fir_narrow - Unknown registry key in ResourceKey[minecraft:root / minecraft:item]: railways:track_byg_fir_narrow
[01Oct2026 14:09:56.915] [Worker-Main-15/ERROR] [net.minecraft.world.level.storage.loot.LootDataType/]: Couldn't parse element ResourceKey[minecraft:root / minecraft:loot_table]:railways:blocks/track_byg_ebony_wide - Unknown registry key in ResourceKey[minecraft:root / minecraft:item]: railways:track_byg_ebony_wide
[01Oct2026 14:09:56.915] [Worker-Main-15/ERROR] [net.minecraft.world.level.storage.loot.LootDataType/]: Couldn't parse element ResourceKey[minecraft:root / minecraft:loot_table]:railways:blocks/track_tfc_aspen_wide - Unknown registry key in ResourceKey[minecraft:root / minecraft:item]: railways:track_tfc_aspen_wide
[01Oct2026 14:09:56.915] [Worker-Main-15/ERROR] [net.minecraft.world.level.storage.loot.LootDataType/]: Couldn't parse element ResourceKey[minecraft:root / minecraft:loot_table]:railways:blocks/track_blue_skies_dusk - Unknown registry key in ResourceKey[minecraft:root / minecraft:item]: railways:track_blue_skies_dusk
[01Oct2026 14:09:56.915] [Worker-Main-15/ERROR] [net.minecraft.world.level.storage.loot.LootDataType/]: Couldn't parse element ResourceKey[minecraft:root / minecraft:loot_table]:railways:blocks/track_natures_spirit_sugi - Unknown registry key in ResourceKey[minecraft:root / minecraft:item]: railways:track_natures_spirit_sugi
[01Oct2026 14:09:56.916] [Worker-Main-15/ERROR] [net.minecraft.world.level.storage.loot.LootDataType/]: Couldn't parse element ResourceKey[minecraft:root / minecraft:loot_table]:railways:blocks/track_twilightforest_transwood_narrow - Unknown registry key in ResourceKey[minecraft:root / minecraft:item]: railways:track_twilightforest_transwood_narrow
[01Oct2026 14:09:56.916] [Worker-Main-15/ERROR] [net.minecraft.world.level.storage.loot.LootDataType/]: Couldn't parse element ResourceKey[minecraft:root / minecraft:loot_table]:railways:blocks/track_blue_skies_maple_narrow - Unknown registry key in ResourceKey[minecraft:root / minecraft:item]: railways:track_blue_skies_maple_narrow
[01Oct2026 14:09:56.916] [Worker-Main-15/ERROR] [net.minecraft.world.level.storage.loot.LootDataType/]: Couldn't parse element ResourceKey[minecraft:root / minecraft:loot_table]:railways:blocks/track_byg_willow_wide - Unknown registry key in ResourceKey[minecraft:root / minecraft:item]: railways:track_byg_willow_wide
[01Oct2026 14:09:56.916] [Worker-Main-15/ERROR] [net.minecraft.world.level.storage.loot.LootDataType/]: Couldn't parse element ResourceKey[minecraft:root / minecraft:loot_table]:railways:blocks/track_natures_spirit_fir_wide - Unknown registry key in ResourceKey[minecraft:root / minecraft:item]: railways:track_natures_spirit_fir_wide
[01Oct2026 14:09:56.916] [Worker-Main-15/ERROR] [net.minecraft.world.level.storage.loot.LootDataType/]: Couldn't parse element ResourceKey[minecraft:root / minecraft:loot_table]:railways:blocks/track_tfc_kapok - Unknown registry key in ResourceKey[minecraft:root / minecraft:item]: railways:track_tfc_kapok
[01Oct2026 14:09:56.916] [Worker-Main-15/ERROR] [net.minecraft.world.level.storage.loot.LootDataType/]: Couldn't parse element ResourceKey[minecraft:root / minecraft:loot_table]:railways:blocks/track_tfc_oak_narrow - Unknown registry key in ResourceKey[minecraft:root / minecraft:item]: railways:track_tfc_oak_narrow
[01Oct2026 14:09:56.917] [Worker-Main-15/ERROR] [net.minecraft.world.level.storage.loot.LootDataType/]: Couldn't parse element ResourceKey[minecraft:root / minecraft:loot_table]:railways:blocks/track_twilightforest_sortingwood - Unknown registry key in ResourceKey[minecraft:root / minecraft:item]: railways:track_twilightforest_sortingwood
[01Oct2026 14:09:56.917] [Worker-Main-15/ERROR] [net.minecraft.world.level.storage.loot.LootDataType/]: Couldn't parse element ResourceKey[minecraft:root / minecraft:loot_table]:railways:blocks/track_create_dd_spirit - Unknown registry key in ResourceKey[minecraft:root / minecraft:item]: railways:track_create_dd_spirit
[01Oct2026 14:09:56.917] [Worker-Main-15/ERROR] [net.minecraft.world.level.storage.loot.LootDataType/]: Couldn't parse element ResourceKey[minecraft:root / minecraft:loot_table]:railways:blocks/track_byg_jacaranda_narrow - Unknown registry key in ResourceKey[minecraft:root / minecraft:item]: railways:track_byg_jacaranda_narrow
[01Oct2026 14:09:56.917] [Worker-Main-15/ERROR] [net.minecraft.world.level.storage.loot.LootDataType/]: Couldn't parse element ResourceKey[minecraft:root / minecraft:loot_table]:railways:blocks/track_byg_green_enchanted - Unknown registry key in ResourceKey[minecraft:root / minecraft:item]: railways:track_byg_green_enchanted
[01Oct2026 14:09:56.918] [Worker-Main-15/ERROR] [net.minecraft.world.level.storage.loot.LootDataType/]: Couldn't parse element ResourceKey[minecraft:root / minecraft:loot_table]:railways:blocks/track_byg_white_mangrove - Unknown registry key in ResourceKey[minecraft:root / minecraft:item]: railways:track_byg_white_mangrove
[01Oct2026 14:09:56.918] [Worker-Main-15/ERROR] [net.minecraft.world.level.storage.loot.LootDataType/]: Couldn't parse element ResourceKey[minecraft:root / minecraft:loot_table]:railways:blocks/track_tfc_maple - Unknown registry key in ResourceKey[minecraft:root / minecraft:item]: railways:track_tfc_maple
[01Oct2026 14:09:56.918] [Worker-Main-15/ERROR] [net.minecraft.world.level.storage.loot.LootDataType/]: Couldn't parse element ResourceKey[minecraft:root / minecraft:loot_table]:railways:blocks/track_natures_spirit_aspen - Unknown registry key in ResourceKey[minecraft:root / minecraft:item]: railways:track_natures_spirit_aspen
[01Oct2026 14:09:56.918] [Worker-Main-15/ERROR] [net.minecraft.world.level.storage.loot.LootDataType/]: Couldn't parse element ResourceKey[minecraft:root / minecraft:loot_table]:railways:blocks/track_blue_skies_frostbright_narrow - Unknown registry key in ResourceKey[minecraft:root / minecraft:item]: railways:track_blue_skies_frostbright_narrow
[01Oct2026 14:09:56.918] [Worker-Main-15/ERROR] [net.minecraft.world.level.storage.loot.LootDataType/]: Couldn't parse element ResourceKey[minecraft:root / minecraft:loot_table]:railways:blocks/track_tfc_oak_wide - Unknown registry key in ResourceKey[minecraft:root / minecraft:item]: railways:track_tfc_oak_wide
[01Oct2026 14:09:56.918] [Worker-Main-15/ERROR] [net.minecraft.world.level.storage.loot.LootDataType/]: Couldn't parse element ResourceKey[minecraft:root / minecraft:loot_table]:railways:blocks/track_tfc_blackwood - Unknown registry key in ResourceKey[minecraft:root / minecraft:item]: railways:track_tfc_blackwood
[01Oct2026 14:09:56.918] [Worker-Main-15/ERROR] [net.minecraft.world.level.storage.loot.LootDataType/]: Couldn't parse element ResourceKey[minecraft:root / minecraft:loot_table]:railways:blocks/track_byg_zelkova_narrow - Unknown registry key in ResourceKey[minecraft:root / minecraft:item]: railways:track_byg_zelkova_narrow
[01Oct2026 14:09:56.918] [Worker-Main-15/ERROR] [net.minecraft.world.level.storage.loot.LootDataType/]: Couldn't parse element ResourceKey[minecraft:root / minecraft:loot_table]:railways:blocks/track_natures_spirit_cypress_narrow - Unknown registry key in ResourceKey[minecraft:root / minecraft:item]: railways:track_natures_spirit_cypress_narrow
[01Oct2026 14:09:56.918] [Worker-Main-15/ERROR] [net.minecraft.world.level.storage.loot.LootDataType/]: Couldn't parse element ResourceKey[minecraft:root / minecraft:loot_table]:railways:blocks/track_quark_blossom_narrow - Unknown registry key in ResourceKey[minecraft:root / minecraft:item]: railways:track_quark_blossom_narrow
[01Oct2026 14:09:56.919] [Worker-Main-15/ERROR] [net.minecraft.world.level.storage.loot.LootDataType/]: Couldn't parse element ResourceKey[minecraft:root / minecraft:loot_table]:railways:blocks/track_byg_pine - Unknown registry key in ResourceKey[minecraft:root / minecraft:item]: railways:track_byg_pine
[01Oct2026 14:09:56.919] [Worker-Main-15/ERROR] [net.minecraft.world.level.storage.loot.LootDataType/]: Couldn't parse element ResourceKey[minecraft:root / minecraft:loot_table]:railways:blocks/track_biomesoplenty_umbran_narrow - Unknown registry key in ResourceKey[minecraft:root / minecraft:item]: railways:track_biomesoplenty_umbran_narrow
[01Oct2026 14:09:56.919] [Worker-Main-15/ERROR] [net.minecraft.world.level.storage.loot.LootDataType/]: Couldn't parse element ResourceKey[minecraft:root / minecraft:loot_table]:railways:blocks/track_byg_cika_wide - Unknown registry key in ResourceKey[minecraft:root / minecraft:item]: railways:track_byg_cika_wide
[01Oct2026 14:09:56.919] [Worker-Main-15/ERROR] [net.minecraft.world.level.storage.loot.LootDataType/]: Couldn't parse element ResourceKey[minecraft:root / minecraft:loot_table]:railways:blocks/track_tfc_chestnut_wide - Unknown registry key in ResourceKey[minecraft:root / minecraft:item]: railways:track_tfc_chestnut_wide
[01Oct2026 14:09:56.919] [Worker-Main-15/ERROR] [net.minecraft.world.level.storage.loot.LootDataType/]: Couldn't parse element ResourceKey[minecraft:root / minecraft:loot_table]:railways:blocks/track_natures_spirit_willow_narrow - Unknown registry key in ResourceKey[minecraft:root / minecraft:item]: railways:track_natures_spirit_willow_narrow
[01Oct2026 14:09:56.919] [Worker-Main-15/ERROR] [net.minecraft.world.level.storage.loot.LootDataType/]: Couldn't parse element ResourceKey[minecraft:root / minecraft:loot_table]:railways:blocks/track_blue_skies_bluebright - Unknown registry key in ResourceKey[minecraft:root / minecraft:item]: railways:track_blue_skies_bluebright
[01Oct2026 14:09:56.919] [Worker-Main-15/ERROR] [net.minecraft.world.level.storage.loot.LootDataType/]: Couldn't parse element ResourceKey[minecraft:root / minecraft:loot_table]:railways:blocks/track_tfc_ash_wide - Unknown registry key in ResourceKey[minecraft:root / minecraft:item]: railways:track_tfc_ash_wide
[01Oct2026 14:09:56.920] [Worker-Main-15/ERROR] [net.minecraft.world.level.storage.loot.LootDataType/]: Couldn't parse element ResourceKey[minecraft:root / minecraft:loot_table]:railways:blocks/track_blue_skies_bluebright_narrow - Unknown registry key in ResourceKey[minecraft:root / minecraft:item]: railways:track_blue_skies_bluebright_narrow
[01Oct2026 14:09:56.920] [Worker-Main-15/ERROR] [net.minecraft.world.level.storage.loot.LootDataType/]: Couldn't parse element ResourceKey[minecraft:root / minecraft:loot_table]:railways:blocks/track_biomesoplenty_mahogany - Unknown registry key in ResourceKey[minecraft:root / minecraft:item]: railways:track_biomesoplenty_mahogany
[01Oct2026 14:09:56.920] [Worker-Main-15/ERROR] [net.minecraft.world.level.storage.loot.LootDataType/]: Couldn't parse element ResourceKey[minecraft:root / minecraft:loot_table]:railways:blocks/track_natures_spirit_olive_narrow - Unknown registry key in ResourceKey[minecraft:root / minecraft:item]: railways:track_natures_spirit_olive_narrow
[01Oct2026 14:09:56.920] [Worker-Main-15/ERROR] [net.minecraft.world.level.storage.loot.LootDataType/]: Couldn't parse element ResourceKey[minecraft:root / minecraft:loot_table]:railways:blocks/track_byg_holly_narrow - Unknown registry key in ResourceKey[minecraft:root / minecraft:item]: railways:track_byg_holly_narrow
[01Oct2026 14:09:56.920] [Worker-Main-15/ERROR] [net.minecraft.world.level.storage.loot.LootDataType/]: Couldn't parse element ResourceKey[minecraft:root / minecraft:loot_table]:railways:blocks/track_biomesoplenty_magic_narrow - Unknown registry key in ResourceKey[minecraft:root / minecraft:item]: railways:track_biomesoplenty_magic_narrow
[01Oct2026 14:09:56.921] [Worker-Main-15/ERROR] [net.minecraft.world.level.storage.loot.LootDataType/]: Couldn't parse element ResourceKey[minecraft:root / minecraft:loot_table]:railways:blocks/track_tfc_ash_narrow - Unknown registry key in ResourceKey[minecraft:root / minecraft:item]: railways:track_tfc_ash_narrow
[01Oct2026 14:09:56.921] [Worker-Main-15/ERROR] [net.minecraft.world.level.storage.loot.LootDataType/]: Couldn't parse element ResourceKey[minecraft:root / minecraft:loot_table]:railways:blocks/track_biomesoplenty_hellbark_wide - Unknown registry key in ResourceKey[minecraft:root / minecraft:item]: railways:track_biomesoplenty_hellbark_wide
[01Oct2026 14:09:56.921] [Worker-Main-15/ERROR] [net.minecraft.world.level.storage.loot.LootDataType/]: Couldn't parse element ResourceKey[minecraft:root / minecraft:loot_table]:railways:blocks/track_byg_embur_narrow - Unknown registry key in ResourceKey[minecraft:root / minecraft:item]: railways:track_byg_embur_narrow
[01Oct2026 14:09:56.921] [Worker-Main-15/ERROR] [net.minecraft.world.level.storage.loot.LootDataType/]: Couldn't parse element ResourceKey[minecraft:root / minecraft:loot_table]:railways:blocks/track_byg_skyris - Unknown registry key in ResourceKey[minecraft:root / minecraft:item]: railways:track_byg_skyris
[01Oct2026 14:09:56.921] [Worker-Main-15/ERROR] [net.minecraft.world.level.storage.loot.LootDataType/]: Couldn't parse element ResourceKey[minecraft:root / minecraft:loot_table]:railways:blocks/track_tfc_birch_narrow - Unknown registry key in ResourceKey[minecraft:root / minecraft:item]: railways:track_tfc_birch_narrow
[01Oct2026 14:09:56.922] [Worker-Main-15/ERROR] [net.minecraft.world.level.storage.loot.LootDataType/]: Couldn't parse element ResourceKey[minecraft:root / minecraft:loot_table]:railways:blocks/track_tfc_mangrove_narrow - Unknown registry key in ResourceKey[minecraft:root / minecraft:item]: railways:track_tfc_mangrove_narrow
[01Oct2026 14:09:56.922] [Worker-Main-15/ERROR] [net.minecraft.world.level.storage.loot.LootDataType/]: Couldn't parse element ResourceKey[minecraft:root / minecraft:loot_table]:railways:blocks/track_natures_spirit_willow - Unknown registry key in ResourceKey[minecraft:root / minecraft:item]: railways:track_natures_spirit_willow
[01Oct2026 14:09:56.922] [Worker-Main-15/ERROR] [net.minecraft.world.level.storage.loot.LootDataType/]: Couldn't parse element ResourceKey[minecraft:root / minecraft:loot_table]:railways:blocks/track_twilightforest_twilight_oak_wide - Unknown registry key in ResourceKey[minecraft:root / minecraft:item]: railways:track_twilightforest_twilight_oak_wide
[01Oct2026 14:09:56.922] [Worker-Main-15/ERROR] [net.minecraft.world.level.storage.loot.LootDataType/]: Couldn't parse element ResourceKey[minecraft:root / minecraft:loot_table]:railways:blocks/track_byg_sythian_wide - Unknown registry key in ResourceKey[minecraft:root / minecraft:item]: railways:track_byg_sythian_wide
[01Oct2026 14:09:56.923] [Worker-Main-15/ERROR] [net.minecraft.world.level.storage.loot.LootDataType/]: Couldn't parse element ResourceKey[minecraft:root / minecraft:loot_table]:railways:blocks/track_natures_spirit_redwood - Unknown registry key in ResourceKey[minecraft:root / minecraft:item]: railways:track_natures_spirit_redwood
[01Oct2026 14:09:56.923] [Worker-Main-15/ERROR] [net.minecraft.world.level.storage.loot.LootDataType/]: Couldn't parse element ResourceKey[minecraft:root / minecraft:loot_table]:railways:blocks/track_tfc_palm_wide - Unknown registry key in ResourceKey[minecraft:root / minecraft:item]: railways:track_tfc_palm_wide
[01Oct2026 14:09:56.923] [Worker-Main-15/ERROR] [net.minecraft.world.level.storage.loot.LootDataType/]: Couldn't parse element ResourceKey[minecraft:root / minecraft:loot_table]:railways:blocks/track_byg_palm_narrow - Unknown registry key in ResourceKey[minecraft:root / minecraft:item]: railways:track_byg_palm_narrow
[01Oct2026 14:09:56.923] [Worker-Main-15/ERROR] [net.minecraft.world.level.storage.loot.LootDataType/]: Couldn't parse element ResourceKey[minecraft:root / minecraft:loot_table]:railways:blocks/track_byg_baobab_narrow - Unknown registry key in ResourceKey[minecraft:root / minecraft:item]: railways:track_byg_baobab_narrow
[01Oct2026 14:09:56.923] [Worker-Main-15/ERROR] [net.minecraft.world.level.storage.loot.LootDataType/]: Couldn't parse element ResourceKey[minecraft:root / minecraft:loot_table]:railways:blocks/track_twilightforest_canopy_narrow - Unknown registry key in ResourceKey[minecraft:root / minecraft:item]: railways:track_twilightforest_canopy_narrow
[01Oct2026 14:09:56.924] [Worker-Main-15/ERROR] [net.minecraft.world.level.storage.loot.LootDataType/]: Couldn't parse element ResourceKey[minecraft:root / minecraft:loot_table]:railways:blocks/track_twilightforest_minewood_narrow - Unknown registry key in ResourceKey[minecraft:root / minecraft:item]: railways:track_twilightforest_minewood_narrow
[01Oct2026 14:09:56.924] [Worker-Main-15/ERROR] [net.minecraft.world.level.storage.loot.LootDataType/]: Couldn't parse element ResourceKey[minecraft:root / minecraft:loot_table]:railways:blocks/track_twilightforest_twilight_oak - Unknown registry key in ResourceKey[minecraft:root / minecraft:item]: railways:track_twilightforest_twilight_oak
[01Oct2026 14:09:56.924] [Worker-Main-15/ERROR] [net.minecraft.world.level.storage.loot.LootDataType/]: Couldn't parse element ResourceKey[minecraft:root / minecraft:loot_table]:railways:blocks/track_tfc_rosewood_narrow - Unknown registry key in ResourceKey[minecraft:root / minecraft:item]: railways:track_tfc_rosewood_narrow
[01Oct2026 14:09:56.927] [Worker-Main-15/ERROR] [net.minecraft.world.level.storage.loot.LootDataType/]: Couldn't parse element ResourceKey[minecraft:root / minecraft:loot_table]:railways:blocks/track_biomesoplenty_fir_narrow - Unknown registry key in ResourceKey[minecraft:root / minecraft:item]: railways:track_biomesoplenty_fir_narrow
[01Oct2026 14:09:56.927] [Worker-Main-15/ERROR] [net.minecraft.world.level.storage.loot.LootDataType/]: Couldn't parse element ResourceKey[minecraft:root / minecraft:loot_table]:railways:blocks/track_tfc_acacia_wide - Unknown registry key in ResourceKey[minecraft:root / minecraft:item]: railways:track_tfc_acacia_wide
[01Oct2026 14:09:56.927] [Worker-Main-15/ERROR] [net.minecraft.world.level.storage.loot.LootDataType/]: Couldn't parse element ResourceKey[minecraft:root / minecraft:loot_table]:railways:blocks/track_byg_jacaranda - Unknown registry key in ResourceKey[minecraft:root / minecraft:item]: railways:track_byg_jacaranda
[01Oct2026 14:09:56.928] [Worker-Main-15/ERROR] [net.minecraft.world.level.storage.loot.LootDataType/]: Couldn't parse element ResourceKey[minecraft:root / minecraft:loot_table]:railways:blocks/track_byg_ether_narrow - Unknown registry key in ResourceKey[minecraft:root / minecraft:item]: railways:track_byg_ether_narrow
[01Oct2026 14:09:56.928] [Worker-Main-15/ERROR] [net.minecraft.world.level.storage.loot.LootDataType/]: Couldn't parse element ResourceKey[minecraft:root / minecraft:loot_table]:railways:blocks/track_natures_spirit_wisteria - Unknown registry key in ResourceKey[minecraft:root / minecraft:item]: railways:track_natures_spirit_wisteria
[01Oct2026 14:09:56.928] [Worker-Main-15/ERROR] [net.minecraft.world.level.storage.loot.LootDataType/]: Couldn't parse element ResourceKey[minecraft:root / minecraft:loot_table]:railways:blocks/track_byg_blue_enchanted_wide - Unknown registry key in ResourceKey[minecraft:root / minecraft:item]: railways:track_byg_blue_enchanted_wide
[01Oct2026 14:09:56.928] [Worker-Main-15/ERROR] [net.minecraft.world.level.storage.loot.LootDataType/]: Couldn't parse element ResourceKey[minecraft:root / minecraft:loot_table]:railways:blocks/track_natures_spirit_maple - Unknown registry key in ResourceKey[minecraft:root / minecraft:item]: railways:track_natures_spirit_maple
[01Oct2026 14:09:56.928] [Worker-Main-15/ERROR] [net.minecraft.world.level.storage.loot.LootDataType/]: Couldn't parse element ResourceKey[minecraft:root / minecraft:loot_table]:railways:blocks/track_biomesoplenty_redwood - Unknown registry key in ResourceKey[minecraft:root / minecraft:item]: railways:track_biomesoplenty_redwood
[01Oct2026 14:09:56.928] [Worker-Main-15/ERROR] [net.minecraft.world.level.storage.loot.LootDataType/]: Couldn't parse element ResourceKey[minecraft:root / minecraft:loot_table]:railways:blocks/track_create_dd_spirit_narrow - Unknown registry key in ResourceKey[minecraft:root / minecraft:item]: railways:track_create_dd_spirit_narrow
[01Oct2026 14:09:56.929] [Worker-Main-15/ERROR] [net.minecraft.world.level.storage.loot.LootDataType/]: Couldn't parse element ResourceKey[minecraft:root / minecraft:loot_table]:railways:blocks/track_quark_ancient - Unknown registry key in ResourceKey[minecraft:root / minecraft:item]: railways:track_quark_ancient
[01Oct2026 14:09:56.929] [Worker-Main-15/ERROR] [net.minecraft.world.level.storage.loot.LootDataType/]: Couldn't parse element ResourceKey[minecraft:root / minecraft:loot_table]:railways:blocks/track_tfc_hickory - Unknown registry key in ResourceKey[minecraft:root / minecraft:item]: railways:track_tfc_hickory
[01Oct2026 14:09:56.930] [Worker-Main-15/ERROR] [net.minecraft.world.level.storage.loot.LootDataType/]: Couldn't parse element ResourceKey[minecraft:root / minecraft:loot_table]:railways:blocks/track_create_dd_rubber - Unknown registry key in ResourceKey[minecraft:root / minecraft:item]: railways:track_create_dd_rubber
[01Oct2026 14:09:56.930] [Worker-Main-15/ERROR] [net.minecraft.world.level.storage.loot.LootDataType/]: Couldn't parse element ResourceKey[minecraft:root / minecraft:loot_table]:railways:blocks/track_tfc_kapok_narrow - Unknown registry key in ResourceKey[minecraft:root / minecraft:item]: railways:track_tfc_kapok_narrow
[01Oct2026 14:09:56.930] [Worker-Main-15/ERROR] [net.minecraft.world.level.storage.loot.LootDataType/]: Couldn't parse element ResourceKey[minecraft:root / minecraft:loot_table]:railways:blocks/track_byg_fir_wide - Unknown registry key in ResourceKey[minecraft:root / minecraft:item]: railways:track_byg_fir_wide
[01Oct2026 14:09:56.930] [Worker-Main-15/ERROR] [net.minecraft.world.level.storage.loot.LootDataType/]: Couldn't parse element ResourceKey[minecraft:root / minecraft:loot_table]:railways:blocks/track_blue_skies_starlit_narrow - Unknown registry key in ResourceKey[minecraft:root / minecraft:item]: railways:track_blue_skies_starlit_narrow
[01Oct2026 14:09:56.931] [Worker-Main-15/ERROR] [net.minecraft.world.level.storage.loot.LootDataType/]: Couldn't parse element ResourceKey[minecraft:root / minecraft:loot_table]:railways:blocks/track_tfc_aspen - Unknown registry key in ResourceKey[minecraft:root / minecraft:item]: railways:track_tfc_aspen
[01Oct2026 14:09:56.931] [Worker-Main-15/ERROR] [net.minecraft.world.level.storage.loot.LootDataType/]: Couldn't parse element ResourceKey[minecraft:root / minecraft:loot_table]:railways:blocks/track_byg_zelkova - Unknown registry key in ResourceKey[minecraft:root / minecraft:item]: railways:track_byg_zelkova
[01Oct2026 14:09:56.931] [Worker-Main-15/ERROR] [net.minecraft.world.level.storage.loot.LootDataType/]: Couldn't parse element ResourceKey[minecraft:root / minecraft:loot_table]:railways:blocks/track_tfc_pine - Unknown registry key in ResourceKey[minecraft:root / minecraft:item]: railways:track_tfc_pine
[01Oct2026 14:09:56.931] [Worker-Main-15/ERROR] [net.minecraft.world.level.storage.loot.LootDataType/]: Couldn't parse element ResourceKey[minecraft:root / minecraft:loot_table]:railways:blocks/track_blue_skies_bluebright_wide - Unknown registry key in ResourceKey[minecraft:root / minecraft:item]: railways:track_blue_skies_bluebright_wide
[01Oct2026 14:09:56.931] [Worker-Main-15/ERROR] [net.minecraft.world.level.storage.loot.LootDataType/]: Couldn't parse element ResourceKey[minecraft:root / minecraft:loot_table]:railways:blocks/track_byg_mahogany - Unknown registry key in ResourceKey[minecraft:root / minecraft:item]: railways:track_byg_mahogany
[01Oct2026 14:09:56.931] [Worker-Main-15/ERROR] [net.minecraft.world.level.storage.loot.LootDataType/]: Couldn't parse element ResourceKey[minecraft:root / minecraft:loot_table]:railways:blocks/track_tfc_sequoia_wide - Unknown registry key in ResourceKey[minecraft:root / minecraft:item]: railways:track_tfc_sequoia_wide
[01Oct2026 14:09:56.932] [Worker-Main-15/ERROR] [net.minecraft.world.level.storage.loot.LootDataType/]: Couldn't parse element ResourceKey[minecraft:root / minecraft:loot_table]:railways:blocks/track_tfc_hickory_wide - Unknown registry key in ResourceKey[minecraft:root / minecraft:item]: railways:track_tfc_hickory_wide
[01Oct2026 14:09:56.932] [Worker-Main-15/ERROR] [net.minecraft.world.level.storage.loot.LootDataType/]: Couldn't parse element ResourceKey[minecraft:root / minecraft:loot_table]:railways:blocks/track_tfc_spruce_wide - Unknown registry key in ResourceKey[minecraft:root / minecraft:item]: railways:track_tfc_spruce_wide
[01Oct2026 14:09:56.932] [Worker-Main-15/ERROR] [net.minecraft.world.level.storage.loot.LootDataType/]: Couldn't parse element ResourceKey[minecraft:root / minecraft:loot_table]:railways:blocks/track_byg_zelkova_wide - Unknown registry key in ResourceKey[minecraft:root / minecraft:item]: railways:track_byg_zelkova_wide
[01Oct2026 14:09:56.932] [Worker-Main-15/ERROR] [net.minecraft.world.level.storage.loot.LootDataType/]: Couldn't parse element ResourceKey[minecraft:root / minecraft:loot_table]:railways:blocks/track_biomesoplenty_umbran_wide - Unknown registry key in ResourceKey[minecraft:root / minecraft:item]: railways:track_biomesoplenty_umbran_wide
[01Oct2026 14:09:56.932] [Worker-Main-15/ERROR] [net.minecraft.world.level.storage.loot.LootDataType/]: Couldn't parse element ResourceKey[minecraft:root / minecraft:loot_table]:railways:blocks/track_twilightforest_mangrove_wide - Unknown registry key in ResourceKey[minecraft:root / minecraft:item]: railways:track_twilightforest_mangrove_wide
[01Oct2026 14:09:56.933] [Worker-Main-15/ERROR] [net.minecraft.world.level.storage.loot.LootDataType/]: Couldn't parse element ResourceKey[minecraft:root / minecraft:loot_table]:railways:blocks/track_hexcasting_edified - Unknown registry key in ResourceKey[minecraft:root / minecraft:item]: railways:track_hexcasting_edified
[01Oct2026 14:09:56.933] [Worker-Main-15/ERROR] [net.minecraft.world.level.storage.loot.LootDataType/]: Couldn't parse element ResourceKey[minecraft:root / minecraft:loot_table]:railways:blocks/track_byg_baobab_wide - Unknown registry key in ResourceKey[minecraft:root / minecraft:item]: railways:track_byg_baobab_wide
[01Oct2026 14:09:56.933] [Worker-Main-15/ERROR] [net.minecraft.world.level.storage.loot.LootDataType/]: Couldn't parse element ResourceKey[minecraft:root / minecraft:loot_table]:railways:blocks/track_tfc_spruce_narrow - Unknown registry key in ResourceKey[minecraft:root / minecraft:item]: railways:track_tfc_spruce_narrow
[01Oct2026 14:09:56.933] [Worker-Main-15/ERROR] [net.minecraft.world.level.storage.loot.LootDataType/]: Couldn't parse element ResourceKey[minecraft:root / minecraft:loot_table]:railways:blocks/track_twilightforest_darkwood_narrow - Unknown registry key in ResourceKey[minecraft:root / minecraft:item]: railways:track_twilightforest_darkwood_narrow
[01Oct2026 14:09:56.933] [Worker-Main-15/ERROR] [net.minecraft.world.level.storage.loot.LootDataType/]: Couldn't parse element ResourceKey[minecraft:root / minecraft:loot_table]:railways:blocks/track_tfc_douglas_fir_wide - Unknown registry key in ResourceKey[minecraft:root / minecraft:item]: railways:track_tfc_douglas_fir_wide
[01Oct2026 14:09:56.933] [Worker-Main-15/ERROR] [net.minecraft.world.level.storage.loot.LootDataType/]: Couldn't parse element ResourceKey[minecraft:root / minecraft:loot_table]:railways:blocks/track_natures_spirit_palo_verde_wide - Unknown registry key in ResourceKey[minecraft:root / minecraft:item]: railways:track_natures_spirit_palo_verde_wide
[01Oct2026 14:09:56.934] [Worker-Main-15/ERROR] [net.minecraft.world.level.storage.loot.LootDataType/]: Couldn't parse element ResourceKey[minecraft:root / minecraft:loot_table]:railways:blocks/track_tfc_blackwood_narrow - Unknown registry key in ResourceKey[minecraft:root / minecraft:item]: railways:track_tfc_blackwood_narrow
[01Oct2026 14:09:56.934] [Worker-Main-15/ERROR] [net.minecraft.world.level.storage.loot.LootDataType/]: Couldn't parse element ResourceKey[minecraft:root / minecraft:loot_table]:railways:blocks/track_natures_spirit_fir - Unknown registry key in ResourceKey[minecraft:root / minecraft:item]: railways:track_natures_spirit_fir
[01Oct2026 14:09:56.934] [Worker-Main-15/ERROR] [net.minecraft.world.level.storage.loot.LootDataType/]: Couldn't parse element ResourceKey[minecraft:root / minecraft:loot_table]:railways:blocks/track_natures_spirit_olive - Unknown registry key in ResourceKey[minecraft:root / minecraft:item]: railways:track_natures_spirit_olive
[01Oct2026 14:09:56.934] [Worker-Main-15/ERROR] [net.minecraft.world.level.storage.loot.LootDataType/]: Couldn't parse element ResourceKey[minecraft:root / minecraft:loot_table]:railways:blocks/track_byg_imparius_narrow - Unknown registry key in ResourceKey[minecraft:root / minecraft:item]: railways:track_byg_imparius_narrow
[01Oct2026 14:09:56.934] [Worker-Main-15/ERROR] [net.minecraft.world.level.storage.loot.LootDataType/]: Couldn't parse element ResourceKey[minecraft:root / minecraft:loot_table]:railways:blocks/track_tfc_willow - Unknown registry key in ResourceKey[minecraft:root / minecraft:item]: railways:track_tfc_willow
[01Oct2026 14:09:56.934] [Worker-Main-15/ERROR] [net.minecraft.world.level.storage.loot.LootDataType/]: Couldn't parse element ResourceKey[minecraft:root / minecraft:loot_table]:railways:blocks/track_hexcasting_edified_wide - Unknown registry key in ResourceKey[minecraft:root / minecraft:item]: railways:track_hexcasting_edified_wide
[01Oct2026 14:09:56.934] [Worker-Main-15/ERROR] [net.minecraft.world.level.storage.loot.LootDataType/]: Couldn't parse element ResourceKey[minecraft:root / minecraft:loot_table]:railways:blocks/track_byg_witch_hazel_wide - Unknown registry key in ResourceKey[minecraft:root / minecraft:item]: railways:track_byg_witch_hazel_wide
[01Oct2026 14:09:56.934] [Worker-Main-15/ERROR] [net.minecraft.world.level.storage.loot.LootDataType/]: Couldn't parse element ResourceKey[minecraft:root / minecraft:loot_table]:railways:blocks/track_byg_willow_narrow - Unknown registry key in ResourceKey[minecraft:root / minecraft:item]: railways:track_byg_willow_narrow
[01Oct2026 14:09:56.934] [Worker-Main-15/ERROR] [net.minecraft.world.level.storage.loot.LootDataType/]: Couldn't parse element ResourceKey[minecraft:root / minecraft:loot_table]:railways:blocks/track_byg_baobab - Unknown registry key in ResourceKey[minecraft:root / minecraft:item]: railways:track_byg_baobab
[01Oct2026 14:09:56.935] [Worker-Main-15/ERROR] [net.minecraft.world.level.storage.loot.LootDataType/]: Couldn't parse element ResourceKey[minecraft:root / minecraft:loot_table]:railways:blocks/track_twilightforest_canopy - Unknown registry key in ResourceKey[minecraft:root / minecraft:item]: railways:track_twilightforest_canopy
[01Oct2026 14:09:56.935] [Worker-Main-15/ERROR] [net.minecraft.world.level.storage.loot.LootDataType/]: Couldn't parse element ResourceKey[minecraft:root / minecraft:loot_table]:railways:blocks/track_natures_spirit_fir_narrow - Unknown registry key in ResourceKey[minecraft:root / minecraft:item]: railways:track_natures_spirit_fir_narrow
[01Oct2026 14:09:56.935] [Worker-Main-15/ERROR] [net.minecraft.world.level.storage.loot.LootDataType/]: Couldn't parse element ResourceKey[minecraft:root / minecraft:loot_table]:railways:blocks/track_byg_palm_wide - Unknown registry key in ResourceKey[minecraft:root / minecraft:item]: railways:track_byg_palm_wide
[01Oct2026 14:09:56.935] [Worker-Main-15/ERROR] [net.minecraft.world.level.storage.loot.LootDataType/]: Couldn't parse element ResourceKey[minecraft:root / minecraft:loot_table]:railways:blocks/track_byg_pine_wide - Unknown registry key in ResourceKey[minecraft:root / minecraft:item]: railways:track_byg_pine_wide
[01Oct2026 14:09:56.935] [Worker-Main-15/ERROR] [net.minecraft.world.level.storage.loot.LootDataType/]: Couldn't parse element ResourceKey[minecraft:root / minecraft:loot_table]:railways:blocks/track_natures_spirit_sugi_narrow - Unknown registry key in ResourceKey[minecraft:root / minecraft:item]: railways:track_natures_spirit_sugi_narrow
[01Oct2026 14:09:56.935] [Worker-Main-15/ERROR] [net.minecraft.world.level.storage.loot.LootDataType/]: Couldn't parse element ResourceKey[minecraft:root / minecraft:loot_table]:railways:blocks/track_biomesoplenty_dead - Unknown registry key in ResourceKey[minecraft:root / minecraft:item]: railways:track_biomesoplenty_dead
[01Oct2026 14:09:56.935] [Worker-Main-15/ERROR] [net.minecraft.world.level.storage.loot.LootDataType/]: Couldn't parse element ResourceKey[minecraft:root / minecraft:loot_table]:railways:blocks/track_tfc_mangrove - Unknown registry key in ResourceKey[minecraft:root / minecraft:item]: railways:track_tfc_mangrove
[01Oct2026 14:09:56.935] [Worker-Main-15/ERROR] [net.minecraft.world.level.storage.loot.LootDataType/]: Couldn't parse element ResourceKey[minecraft:root / minecraft:loot_table]:railways:blocks/track_byg_cypress_wide - Unknown registry key in ResourceKey[minecraft:root / minecraft:item]: railways:track_byg_cypress_wide
[01Oct2026 14:09:56.935] [Worker-Main-15/ERROR] [net.minecraft.world.level.storage.loot.LootDataType/]: Couldn't parse element ResourceKey[minecraft:root / minecraft:loot_table]:railways:blocks/track_tfc_palm_narrow - Unknown registry key in ResourceKey[minecraft:root / minecraft:item]: railways:track_tfc_palm_narrow
[01Oct2026 14:09:56.935] [Worker-Main-15/ERROR] [net.minecraft.world.level.storage.loot.LootDataType/]: Couldn't parse element ResourceKey[minecraft:root / minecraft:loot_table]:railways:blocks/track_tfc_kapok_wide - Unknown registry key in ResourceKey[minecraft:root / minecraft:item]: railways:track_tfc_kapok_wide
[01Oct2026 14:09:56.935] [Worker-Main-15/ERROR] [net.minecraft.world.level.storage.loot.LootDataType/]: Couldn't parse element ResourceKey[minecraft:root / minecraft:loot_table]:railways:blocks/track_byg_maple_wide - Unknown registry key in ResourceKey[minecraft:root / minecraft:item]: railways:track_byg_maple_wide
[01Oct2026 14:09:56.935] [Worker-Main-15/ERROR] [net.minecraft.world.level.storage.loot.LootDataType/]: Couldn't parse element ResourceKey[minecraft:root / minecraft:loot_table]:railways:blocks/track_biomesoplenty_fir_wide - Unknown registry key in ResourceKey[minecraft:root / minecraft:item]: railways:track_biomesoplenty_fir_wide
[01Oct2026 14:09:56.935] [Worker-Main-15/ERROR] [net.minecraft.world.level.storage.loot.LootDataType/]: Couldn't parse element ResourceKey[minecraft:root / minecraft:loot_table]:railways:blocks/track_byg_maple - Unknown registry key in ResourceKey[minecraft:root / minecraft:item]: railways:track_byg_maple
[01Oct2026 14:09:56.936] [Worker-Main-15/ERROR] [net.minecraft.world.level.storage.loot.LootDataType/]: Couldn't parse element ResourceKey[minecraft:root / minecraft:loot_table]:railways:blocks/track_byg_lament_wide - Unknown registry key in ResourceKey[minecraft:root / minecraft:item]: railways:track_byg_lament_wide
[01Oct2026 14:09:56.936] [Worker-Main-15/ERROR] [net.minecraft.world.level.storage.loot.LootDataType/]: Couldn't parse element ResourceKey[minecraft:root / minecraft:loot_table]:railways:blocks/track_byg_blue_enchanted_narrow - Unknown registry key in ResourceKey[minecraft:root / minecraft:item]: railways:track_byg_blue_enchanted_narrow
[01Oct2026 14:09:56.936] [Worker-Main-15/ERROR] [net.minecraft.world.level.storage.loot.LootDataType/]: Couldn't parse element ResourceKey[minecraft:root / minecraft:loot_table]:railways:blocks/track_byg_mahogany_wide - Unknown registry key in ResourceKey[minecraft:root / minecraft:item]: railways:track_byg_mahogany_wide
[01Oct2026 14:09:56.937] [Worker-Main-15/ERROR] [net.minecraft.world.level.storage.loot.LootDataType/]: Couldn't parse element ResourceKey[minecraft:root / minecraft:loot_table]:railways:blocks/track_natures_spirit_ghaf - Unknown registry key in ResourceKey[minecraft:root / minecraft:item]: railways:track_natures_spirit_ghaf
[01Oct2026 14:09:56.937] [Worker-Main-15/ERROR] [net.minecraft.world.level.storage.loot.LootDataType/]: Couldn't parse element ResourceKey[minecraft:root / minecraft:loot_table]:railways:blocks/track_tfc_palm - Unknown registry key in ResourceKey[minecraft:root / minecraft:item]: railways:track_tfc_palm
[01Oct2026 14:09:56.937] [Worker-Main-15/ERROR] [net.minecraft.world.level.storage.loot.LootDataType/]: Couldn't parse element ResourceKey[minecraft:root / minecraft:loot_table]:railways:blocks/track_biomesoplenty_dead_wide - Unknown registry key in ResourceKey[minecraft:root / minecraft:item]: railways:track_biomesoplenty_dead_wide
[01Oct2026 14:09:56.937] [Worker-Main-15/ERROR] [net.minecraft.world.level.storage.loot.LootDataType/]: Couldn't parse element ResourceKey[minecraft:root / minecraft:loot_table]:railways:blocks/track_byg_blue_enchanted - Unknown registry key in ResourceKey[minecraft:root / minecraft:item]: railways:track_byg_blue_enchanted
[01Oct2026 14:09:56.937] [Worker-Main-15/ERROR] [net.minecraft.world.level.storage.loot.LootDataType/]: Couldn't parse element ResourceKey[minecraft:root / minecraft:loot_table]:railways:blocks/track_natures_spirit_maple_wide - Unknown registry key in ResourceKey[minecraft:root / minecraft:item]: railways:track_natures_spirit_maple_wide
[01Oct2026 14:09:56.938] [Worker-Main-15/ERROR] [net.minecraft.world.level.storage.loot.LootDataType/]: Couldn't parse element ResourceKey[minecraft:root / minecraft:loot_table]:railways:blocks/track_tfc_white_cedar_wide - Unknown registry key in ResourceKey[minecraft:root / minecraft:item]: railways:track_tfc_white_cedar_wide
[01Oct2026 14:09:56.938] [Worker-Main-15/ERROR] [net.minecraft.world.level.storage.loot.LootDataType/]: Couldn't parse element ResourceKey[minecraft:root / minecraft:loot_table]:railways:blocks/track_byg_imparius_wide - Unknown registry key in ResourceKey[minecraft:root / minecraft:item]: railways:track_byg_imparius_wide
[01Oct2026 14:09:56.938] [Worker-Main-15/ERROR] [net.minecraft.world.level.storage.loot.LootDataType/]: Couldn't parse element ResourceKey[minecraft:root / minecraft:loot_table]:railways:blocks/track_tfc_maple_narrow - Unknown registry key in ResourceKey[minecraft:root / minecraft:item]: railways:track_tfc_maple_narrow
[01Oct2026 14:09:56.938] [Worker-Main-15/ERROR] [net.minecraft.world.level.storage.loot.LootDataType/]: Couldn't parse element ResourceKey[minecraft:root / minecraft:loot_table]:railways:blocks/track_biomesoplenty_umbran - Unknown registry key in ResourceKey[minecraft:root / minecraft:item]: railways:track_biomesoplenty_umbran
[01Oct2026 14:09:56.939] [Worker-Main-15/ERROR] [net.minecraft.world.level.storage.loot.LootDataType/]: Couldn't parse element ResourceKey[minecraft:root / minecraft:loot_table]:railways:blocks/track_byg_palm - Unknown registry key in ResourceKey[minecraft:root / minecraft:item]: railways:track_byg_palm
[01Oct2026 14:09:56.939] [Worker-Main-15/ERROR] [net.minecraft.world.level.storage.loot.LootDataType/]: Couldn't parse element ResourceKey[minecraft:root / minecraft:loot_table]:railways:blocks/track_blue_skies_dusk_wide - Unknown registry key in ResourceKey[minecraft:root / minecraft:item]: railways:track_blue_skies_dusk_wide
[01Oct2026 14:09:56.939] [Worker-Main-15/ERROR] [net.minecraft.world.level.storage.loot.LootDataType/]: Couldn't parse element ResourceKey[minecraft:root / minecraft:loot_table]:railways:blocks/track_twilightforest_minewood - Unknown registry key in ResourceKey[minecraft:root / minecraft:item]: railways:track_twilightforest_minewood
[01Oct2026 14:09:56.939] [Worker-Main-15/ERROR] [net.minecraft.world.level.storage.loot.LootDataType/]: Couldn't parse element ResourceKey[minecraft:root / minecraft:loot_table]:railways:blocks/track_blue_skies_frostbright_wide - Unknown registry key in ResourceKey[minecraft:root / minecraft:item]: railways:track_blue_skies_frostbright_wide
[01Oct2026 14:09:56.942] [Worker-Main-15/ERROR] [net.minecraft.world.level.storage.loot.LootDataType/]: Couldn't parse element ResourceKey[minecraft:root / minecraft:loot_table]:railways:blocks/track_byg_pine_narrow - Unknown registry key in ResourceKey[minecraft:root / minecraft:item]: railways:track_byg_pine_narrow
[01Oct2026 14:09:56.942] [Worker-Main-15/ERROR] [net.minecraft.world.level.storage.loot.LootDataType/]: Couldn't parse element ResourceKey[minecraft:root / minecraft:loot_table]:railways:blocks/track_natures_spirit_olive_wide - Unknown registry key in ResourceKey[minecraft:root / minecraft:item]: railways:track_natures_spirit_olive_wide
[01Oct2026 14:09:56.942] [Worker-Main-15/ERROR] [net.minecraft.world.level.storage.loot.LootDataType/]: Couldn't parse element ResourceKey[minecraft:root / minecraft:loot_table]:railways:blocks/track_natures_spirit_sugi_wide - Unknown registry key in ResourceKey[minecraft:root / minecraft:item]: railways:track_natures_spirit_sugi_wide
[01Oct2026 14:09:56.942] [Worker-Main-15/ERROR] [net.minecraft.world.level.storage.loot.LootDataType/]: Couldn't parse element ResourceKey[minecraft:root / minecraft:loot_table]:railways:blocks/track_byg_aspen_narrow - Unknown registry key in ResourceKey[minecraft:root / minecraft:item]: railways:track_byg_aspen_narrow
[01Oct2026 14:09:56.947] [Worker-Main-15/ERROR] [net.minecraft.world.level.storage.loot.LootDataType/]: Couldn't parse element ResourceKey[minecraft:root / minecraft:loot_table]:railways:blocks/track_tfc_sequoia_narrow - Unknown registry key in ResourceKey[minecraft:root / minecraft:item]: railways:track_tfc_sequoia_narrow
[01Oct2026 14:09:56.948] [Worker-Main-15/ERROR] [net.minecraft.world.level.storage.loot.LootDataType/]: Couldn't parse element ResourceKey[minecraft:root / minecraft:loot_table]:railways:blocks/track_twilightforest_sortingwood_narrow - Unknown registry key in ResourceKey[minecraft:root / minecraft:item]: railways:track_twilightforest_sortingwood_narrow
[01Oct2026 14:09:56.948] [Worker-Main-15/ERROR] [net.minecraft.world.level.storage.loot.LootDataType/]: Couldn't parse element ResourceKey[minecraft:root / minecraft:loot_table]:railways:blocks/track_tfc_spruce - Unknown registry key in ResourceKey[minecraft:root / minecraft:item]: railways:track_tfc_spruce
[01Oct2026 14:09:56.948] [Worker-Main-15/ERROR] [net.minecraft.world.level.storage.loot.LootDataType/]: Couldn't parse element ResourceKey[minecraft:root / minecraft:loot_table]:railways:blocks/track_tfc_douglas_fir_narrow - Unknown registry key in ResourceKey[minecraft:root / minecraft:item]: railways:track_tfc_douglas_fir_narrow
[01Oct2026 14:09:56.948] [Worker-Main-15/ERROR] [net.minecraft.world.level.storage.loot.LootDataType/]: Couldn't parse element ResourceKey[minecraft:root / minecraft:loot_table]:railways:blocks/track_biomesoplenty_hellbark_narrow - Unknown registry key in ResourceKey[minecraft:root / minecraft:item]: railways:track_biomesoplenty_hellbark_narrow
[01Oct2026 14:09:56.948] [Worker-Main-15/ERROR] [net.minecraft.world.level.storage.loot.LootDataType/]: Couldn't parse element ResourceKey[minecraft:root / minecraft:loot_table]:railways:blocks/track_tfc_white_cedar_narrow - Unknown registry key in ResourceKey[minecraft:root / minecraft:item]: railways:track_tfc_white_cedar_narrow
[01Oct2026 14:09:56.949] [Worker-Main-15/ERROR] [net.minecraft.world.level.storage.loot.LootDataType/]: Couldn't parse element ResourceKey[minecraft:root / minecraft:loot_table]:railways:blocks/track_byg_fir - Unknown registry key in ResourceKey[minecraft:root / minecraft:item]: railways:track_byg_fir
[01Oct2026 14:09:56.949] [Worker-Main-15/ERROR] [net.minecraft.world.level.storage.loot.LootDataType/]: Couldn't parse element ResourceKey[minecraft:root / minecraft:loot_table]:railways:blocks/track_natures_spirit_aspen_narrow - Unknown registry key in ResourceKey[minecraft:root / minecraft:item]: railways:track_natures_spirit_aspen_narrow
[01Oct2026 14:09:56.949] [Worker-Main-15/ERROR] [net.minecraft.world.level.storage.loot.LootDataType/]: Couldn't parse element ResourceKey[minecraft:root / minecraft:loot_table]:railways:blocks/track_tfc_pine_wide - Unknown registry key in ResourceKey[minecraft:root / minecraft:item]: railways:track_tfc_pine_wide
[01Oct2026 14:09:56.949] [Worker-Main-15/ERROR] [net.minecraft.world.level.storage.loot.LootDataType/]: Couldn't parse element ResourceKey[minecraft:root / minecraft:loot_table]:railways:blocks/track_byg_rainbow_eucalyptus - Unknown registry key in ResourceKey[minecraft:root / minecraft:item]: railways:track_byg_rainbow_eucalyptus
[01Oct2026 14:09:56.949] [Worker-Main-15/ERROR] [net.minecraft.world.level.storage.loot.LootDataType/]: Couldn't parse element ResourceKey[minecraft:root / minecraft:loot_table]:railways:blocks/track_twilightforest_darkwood_wide - Unknown registry key in ResourceKey[minecraft:root / minecraft:item]: railways:track_twilightforest_darkwood_wide
[01Oct2026 14:09:56.950] [Worker-Main-15/ERROR] [net.minecraft.world.level.storage.loot.LootDataType/]: Couldn't parse element ResourceKey[minecraft:root / minecraft:loot_table]:railways:blocks/track_tfc_mangrove_wide - Unknown registry key in ResourceKey[minecraft:root / minecraft:item]: railways:track_tfc_mangrove_wide
[01Oct2026 14:09:56.950] [Worker-Main-15/ERROR] [net.minecraft.world.level.storage.loot.LootDataType/]: Couldn't parse element ResourceKey[minecraft:root / minecraft:loot_table]:railways:blocks/track_tfc_ash - Unknown registry key in ResourceKey[minecraft:root / minecraft:item]: railways:track_tfc_ash
[01Oct2026 14:09:56.950] [Worker-Main-15/ERROR] [net.minecraft.world.level.storage.loot.LootDataType/]: Couldn't parse element ResourceKey[minecraft:root / minecraft:loot_table]:railways:blocks/track_byg_redwood - Unknown registry key in ResourceKey[minecraft:root / minecraft:item]: railways:track_byg_redwood
[01Oct2026 14:09:56.950] [Worker-Main-15/ERROR] [net.minecraft.world.level.storage.loot.LootDataType/]: Couldn't parse element ResourceKey[minecraft:root / minecraft:loot_table]:railways:blocks/track_create_dd_rubber_wide - Unknown registry key in ResourceKey[minecraft:root / minecraft:item]: railways:track_create_dd_rubber_wide
[01Oct2026 14:09:56.950] [Worker-Main-15/ERROR] [net.minecraft.world.level.storage.loot.LootDataType/]: Couldn't parse element ResourceKey[minecraft:root / minecraft:loot_table]:railways:blocks/track_natures_spirit_ghaf_wide - Unknown registry key in ResourceKey[minecraft:root / minecraft:item]: railways:track_natures_spirit_ghaf_wide
[01Oct2026 14:09:56.950] [Worker-Main-15/ERROR] [net.minecraft.world.level.storage.loot.LootDataType/]: Couldn't parse element ResourceKey[minecraft:root / minecraft:loot_table]:railways:blocks/track_natures_spirit_wisteria_narrow - Unknown registry key in ResourceKey[minecraft:root / minecraft:item]: railways:track_natures_spirit_wisteria_narrow
[01Oct2026 14:09:56.952] [Worker-Main-15/ERROR] [net.minecraft.world.level.storage.loot.LootDataType/]: Couldn't parse element ResourceKey[minecraft:root / minecraft:loot_table]:railways:blocks/track_natures_spirit_palo_verde - Unknown registry key in ResourceKey[minecraft:root / minecraft:item]: railways:track_natures_spirit_palo_verde
[01Oct2026 14:09:56.952] [Worker-Main-15/ERROR] [net.minecraft.world.level.storage.loot.LootDataType/]: Couldn't parse element ResourceKey[minecraft:root / minecraft:loot_table]:railways:blocks/track_tfc_sequoia - Unknown registry key in ResourceKey[minecraft:root / minecraft:item]: railways:track_tfc_sequoia
[01Oct2026 14:09:56.952] [Worker-Main-15/ERROR] [net.minecraft.world.level.storage.loot.LootDataType/]: Couldn't parse element ResourceKey[minecraft:root / minecraft:loot_table]:railways:blocks/track_byg_holly - Unknown registry key in ResourceKey[minecraft:root / minecraft:item]: railways:track_byg_holly
[01Oct2026 14:09:56.952] [Worker-Main-15/ERROR] [net.minecraft.world.level.storage.loot.LootDataType/]: Couldn't parse element ResourceKey[minecraft:root / minecraft:loot_table]:railways:blocks/track_biomesoplenty_palm_wide - Unknown registry key in ResourceKey[minecraft:root / minecraft:item]: railways:track_biomesoplenty_palm_wide
[01Oct2026 14:09:56.952] [Worker-Main-15/ERROR] [net.minecraft.world.level.storage.loot.LootDataType/]: Couldn't parse element ResourceKey[minecraft:root / minecraft:loot_table]:railways:blocks/track_tfc_maple_wide - Unknown registry key in ResourceKey[minecraft:root / minecraft:item]: railways:track_tfc_maple_wide
[01Oct2026 14:09:56.952] [Worker-Main-15/ERROR] [net.minecraft.world.level.storage.loot.LootDataType/]: Couldn't parse element ResourceKey[minecraft:root / minecraft:loot_table]:railways:blocks/track_blue_skies_lunar - Unknown registry key in ResourceKey[minecraft:root / minecraft:item]: railways:track_blue_skies_lunar
[01Oct2026 14:09:56.952] [Worker-Main-15/ERROR] [net.minecraft.world.level.storage.loot.LootDataType/]: Couldn't parse element ResourceKey[minecraft:root / minecraft:loot_table]:railways:blocks/track_natures_spirit_redwood_wide - Unknown registry key in ResourceKey[minecraft:root / minecraft:item]: railways:track_natures_spirit_redwood_wide
[01Oct2026 14:09:56.952] [Worker-Main-15/ERROR] [net.minecraft.world.level.storage.loot.LootDataType/]: Couldn't parse element ResourceKey[minecraft:root / minecraft:loot_table]:railways:blocks/track_blue_skies_lunar_narrow - Unknown registry key in ResourceKey[minecraft:root / minecraft:item]: railways:track_blue_skies_lunar_narrow
[01Oct2026 14:09:56.953] [Worker-Main-15/ERROR] [net.minecraft.world.level.storage.loot.LootDataType/]: Couldn't parse element ResourceKey[minecraft:root / minecraft:loot_table]:railways:blocks/track_byg_lament - Unknown registry key in ResourceKey[minecraft:root / minecraft:item]: railways:track_byg_lament
[01Oct2026 14:09:56.953] [Worker-Main-15/ERROR] [net.minecraft.world.level.storage.loot.LootDataType/]: Couldn't parse element ResourceKey[minecraft:root / minecraft:loot_table]:railways:blocks/track_natures_spirit_aspen_wide - Unknown registry key in ResourceKey[minecraft:root / minecraft:item]: railways:track_natures_spirit_aspen_wide
[01Oct2026 14:09:56.953] [Worker-Main-15/ERROR] [net.minecraft.world.level.storage.loot.LootDataType/]: Couldn't parse element ResourceKey[minecraft:root / minecraft:loot_table]:railways:blocks/track_tfc_sycamore_narrow - Unknown registry key in ResourceKey[minecraft:root / minecraft:item]: railways:track_tfc_sycamore_narrow
[01Oct2026 14:09:56.953] [Worker-Main-15/ERROR] [net.minecraft.world.level.storage.loot.LootDataType/]: Couldn't parse element ResourceKey[minecraft:root / minecraft:loot_table]:railways:blocks/track_byg_ebony_narrow - Unknown registry key in ResourceKey[minecraft:root / minecraft:item]: railways:track_byg_ebony_narrow
[01Oct2026 14:09:56.953] [Worker-Main-15/ERROR] [net.minecraft.world.level.storage.loot.LootDataType/]: Couldn't parse element ResourceKey[minecraft:root / minecraft:loot_table]:railways:blocks/track_byg_holly_wide - Unknown registry key in ResourceKey[minecraft:root / minecraft:item]: railways:track_byg_holly_wide
[01Oct2026 14:09:56.953] [Worker-Main-15/ERROR] [net.minecraft.world.level.storage.loot.LootDataType/]: Couldn't parse element ResourceKey[minecraft:root / minecraft:loot_table]:railways:blocks/track_tfc_aspen_narrow - Unknown registry key in ResourceKey[minecraft:root / minecraft:item]: railways:track_tfc_aspen_narrow
[01Oct2026 14:09:56.953] [Worker-Main-15/ERROR] [net.minecraft.world.level.storage.loot.LootDataType/]: Couldn't parse element ResourceKey[minecraft:root / minecraft:loot_table]:railways:blocks/track_natures_spirit_redwood_narrow - Unknown registry key in ResourceKey[minecraft:root / minecraft:item]: railways:track_natures_spirit_redwood_narrow
[01Oct2026 14:09:56.953] [Worker-Main-15/ERROR] [net.minecraft.world.level.storage.loot.LootDataType/]: Couldn't parse element ResourceKey[minecraft:root / minecraft:loot_table]:railways:blocks/track_create_dd_spirit_wide - Unknown registry key in ResourceKey[minecraft:root / minecraft:item]: railways:track_create_dd_spirit_wide
[01Oct2026 14:09:56.954] [Worker-Main-15/ERROR] [net.minecraft.world.level.storage.loot.LootDataType/]: Couldn't parse element ResourceKey[minecraft:root / minecraft:loot_table]:railways:blocks/track_create_dd_smoked_wide - Unknown registry key in ResourceKey[minecraft:root / minecraft:item]: railways:track_create_dd_smoked_wide
[01Oct2026 14:09:56.954] [Worker-Main-15/ERROR] [net.minecraft.world.level.storage.loot.LootDataType/]: Couldn't parse element ResourceKey[minecraft:root / minecraft:loot_table]:railways:blocks/track_quark_blossom_wide - Unknown registry key in ResourceKey[minecraft:root / minecraft:item]: railways:track_quark_blossom_wide
[01Oct2026 14:09:56.954] [Worker-Main-15/ERROR] [net.minecraft.world.level.storage.loot.LootDataType/]: Couldn't parse element ResourceKey[minecraft:root / minecraft:loot_table]:railways:blocks/track_biomesoplenty_magic - Unknown registry key in ResourceKey[minecraft:root / minecraft:item]: railways:track_biomesoplenty_magic
[01Oct2026 14:09:56.954] [Worker-Main-15/ERROR] [net.minecraft.world.level.storage.loot.LootDataType/]: Couldn't parse element ResourceKey[minecraft:root / minecraft:loot_table]:railways:blocks/track_twilightforest_canopy_wide - Unknown registry key in ResourceKey[minecraft:root / minecraft:item]: railways:track_twilightforest_canopy_wide
[01Oct2026 14:09:56.954] [Worker-Main-15/ERROR] [net.minecraft.world.level.storage.loot.LootDataType/]: Couldn't parse element ResourceKey[minecraft:root / minecraft:loot_table]:railways:blocks/track_byg_ether - Unknown registry key in ResourceKey[minecraft:root / minecraft:item]: railways:track_byg_ether
[01Oct2026 14:09:56.954] [Worker-Main-15/ERROR] [net.minecraft.world.level.storage.loot.LootDataType/]: Couldn't parse element ResourceKey[minecraft:root / minecraft:loot_table]:railways:blocks/track_biomesoplenty_willow_wide - Unknown registry key in ResourceKey[minecraft:root / minecraft:item]: railways:track_biomesoplenty_willow_wide
[01Oct2026 14:09:56.954] [Worker-Main-15/ERROR] [net.minecraft.world.level.storage.loot.LootDataType/]: Couldn't parse element ResourceKey[minecraft:root / minecraft:loot_table]:railways:blocks/track_blue_skies_starlit_wide - Unknown registry key in ResourceKey[minecraft:root / minecraft:item]: railways:track_blue_skies_starlit_wide
[01Oct2026 14:09:56.954] [Worker-Main-15/ERROR] [net.minecraft.world.level.storage.loot.LootDataType/]: Couldn't parse element ResourceKey[minecraft:root / minecraft:loot_table]:railways:blocks/track_natures_spirit_ghaf_narrow - Unknown registry key in ResourceKey[minecraft:root / minecraft:item]: railways:track_natures_spirit_ghaf_narrow
[01Oct2026 14:09:56.954] [Worker-Main-15/ERROR] [net.minecraft.world.level.storage.loot.LootDataType/]: Couldn't parse element ResourceKey[minecraft:root / minecraft:loot_table]:railways:blocks/track_byg_cika - Unknown registry key in ResourceKey[minecraft:root / minecraft:item]: railways:track_byg_cika
[01Oct2026 14:09:56.954] [Worker-Main-15/ERROR] [net.minecraft.world.level.storage.loot.LootDataType/]: Couldn't parse element ResourceKey[minecraft:root / minecraft:loot_table]:railways:blocks/track_biomesoplenty_palm_narrow - Unknown registry key in ResourceKey[minecraft:root / minecraft:item]: railways:track_biomesoplenty_palm_narrow
[01Oct2026 14:09:56.955] [Worker-Main-15/ERROR] [net.minecraft.world.level.storage.loot.LootDataType/]: Couldn't parse element ResourceKey[minecraft:root / minecraft:loot_table]:railways:blocks/track_byg_witch_hazel - Unknown registry key in ResourceKey[minecraft:root / minecraft:item]: railways:track_byg_witch_hazel
[01Oct2026 14:09:56.955] [Worker-Main-15/ERROR] [net.minecraft.world.level.storage.loot.LootDataType/]: Couldn't parse element ResourceKey[minecraft:root / minecraft:loot_table]:railways:blocks/track_natures_spirit_willow_wide - Unknown registry key in ResourceKey[minecraft:root / minecraft:item]: railways:track_natures_spirit_willow_wide
[01Oct2026 14:09:56.955] [Worker-Main-15/ERROR] [net.minecraft.world.level.storage.loot.LootDataType/]: Couldn't parse element ResourceKey[minecraft:root / minecraft:loot_table]:railways:blocks/track_quark_blossom - Unknown registry key in ResourceKey[minecraft:root / minecraft:item]: railways:track_quark_blossom
[01Oct2026 14:09:56.955] [Worker-Main-15/ERROR] [net.minecraft.world.level.storage.loot.LootDataType/]: Couldn't parse element ResourceKey[minecraft:root / minecraft:loot_table]:railways:blocks/track_biomesoplenty_jacaranda_narrow - Unknown registry key in ResourceKey[minecraft:root / minecraft:item]: railways:track_biomesoplenty_jacaranda_narrow
[01Oct2026 14:09:56.955] [Worker-Main-15/ERROR] [net.minecraft.world.level.storage.loot.LootDataType/]: Couldn't parse element ResourceKey[minecraft:root / minecraft:loot_table]:railways:blocks/track_quark_azalea_wide - Unknown registry key in ResourceKey[minecraft:root / minecraft:item]: railways:track_quark_azalea_wide
[01Oct2026 14:09:56.955] [Worker-Main-15/ERROR] [net.minecraft.world.level.storage.loot.LootDataType/]: Couldn't parse element ResourceKey[minecraft:root / minecraft:loot_table]:railways:blocks/track_byg_cypress - Unknown registry key in ResourceKey[minecraft:root / minecraft:item]: railways:track_byg_cypress
[01Oct2026 14:09:56.956] [Worker-Main-15/ERROR] [net.minecraft.world.level.storage.loot.LootDataType/]: Couldn't parse element ResourceKey[minecraft:root / minecraft:loot_table]:railways:blocks/track_natures_spirit_joshua - Unknown registry key in ResourceKey[minecraft:root / minecraft:item]: railways:track_natures_spirit_joshua
[01Oct2026 14:09:56.956] [Worker-Main-15/ERROR] [net.minecraft.world.level.storage.loot.LootDataType/]: Couldn't parse element ResourceKey[minecraft:root / minecraft:loot_table]:railways:blocks/track_twilightforest_twilight_oak_narrow - Unknown registry key in ResourceKey[minecraft:root / minecraft:item]: railways:track_twilightforest_twilight_oak_narrow
[01Oct2026 14:09:56.956] [Worker-Main-15/ERROR] [net.minecraft.world.level.storage.loot.LootDataType/]: Couldn't parse element ResourceKey[minecraft:root / minecraft:loot_table]:railways:blocks/track_byg_bulbis - Unknown registry key in ResourceKey[minecraft:root / minecraft:item]: railways:track_byg_bulbis
[01Oct2026 14:09:56.956] [Worker-Main-15/ERROR] [net.minecraft.world.level.storage.loot.LootDataType/]: Couldn't parse element ResourceKey[minecraft:root / minecraft:loot_table]:railways:blocks/track_byg_cypress_narrow - Unknown registry key in ResourceKey[minecraft:root / minecraft:item]: railways:track_byg_cypress_narrow
[01Oct2026 14:09:56.956] [Worker-Main-15/ERROR] [net.minecraft.world.level.storage.loot.LootDataType/]: Couldn't parse element ResourceKey[minecraft:root / minecraft:loot_table]:railways:blocks/track_byg_sythian - Unknown registry key in ResourceKey[minecraft:root / minecraft:item]: railways:track_byg_sythian
[01Oct2026 14:09:56.956] [Worker-Main-15/ERROR] [net.minecraft.world.level.storage.loot.LootDataType/]: Couldn't parse element ResourceKey[minecraft:root / minecraft:loot_table]:railways:blocks/track_blue_skies_maple_wide - Unknown registry key in ResourceKey[minecraft:root / minecraft:item]: railways:track_blue_skies_maple_wide
[01Oct2026 14:09:56.956] [Worker-Main-15/ERROR] [net.minecraft.world.level.storage.loot.LootDataType/]: Couldn't parse element ResourceKey[minecraft:root / minecraft:loot_table]:railways:blocks/track_biomesoplenty_redwood_wide - Unknown registry key in ResourceKey[minecraft:root / minecraft:item]: railways:track_biomesoplenty_redwood_wide
[01Oct2026 14:09:56.957] [Worker-Main-15/ERROR] [net.minecraft.world.level.storage.loot.LootDataType/]: Couldn't parse element ResourceKey[minecraft:root / minecraft:loot_table]:railways:blocks/track_biomesoplenty_fir - Unknown registry key in ResourceKey[minecraft:root / minecraft:item]: railways:track_biomesoplenty_fir
[01Oct2026 14:09:56.957] [Worker-Main-15/ERROR] [net.minecraft.world.level.storage.loot.LootDataType/]: Couldn't parse element ResourceKey[minecraft:root / minecraft:loot_table]:railways:blocks/track_natures_spirit_maple_narrow - Unknown registry key in ResourceKey[minecraft:root / minecraft:item]: railways:track_natures_spirit_maple_narrow
[01Oct2026 14:09:56.957] [Worker-Main-15/ERROR] [net.minecraft.world.level.storage.loot.LootDataType/]: Couldn't parse element ResourceKey[minecraft:root / minecraft:loot_table]:railways:blocks/track_biomesoplenty_willow_narrow - Unknown registry key in ResourceKey[minecraft:root / minecraft:item]: railways:track_biomesoplenty_willow_narrow
[01Oct2026 14:09:56.957] [Worker-Main-15/ERROR] [net.minecraft.world.level.storage.loot.LootDataType/]: Couldn't parse element ResourceKey[minecraft:root / minecraft:loot_table]:railways:blocks/track_twilightforest_timewood_narrow - Unknown registry key in ResourceKey[minecraft:root / minecraft:item]: railways:track_twilightforest_timewood_narrow
[01Oct2026 14:09:56.957] [Worker-Main-15/ERROR] [net.minecraft.world.level.storage.loot.LootDataType/]: Couldn't parse element ResourceKey[minecraft:root / minecraft:loot_table]:railways:blocks/track_quark_azalea - Unknown registry key in ResourceKey[minecraft:root / minecraft:item]: railways:track_quark_azalea
[01Oct2026 14:09:56.957] [Worker-Main-15/ERROR] [net.minecraft.world.level.storage.loot.LootDataType/]: Couldn't parse element ResourceKey[minecraft:root / minecraft:loot_table]:railways:blocks/track_twilightforest_timewood_wide - Unknown registry key in ResourceKey[minecraft:root / minecraft:item]: railways:track_twilightforest_timewood_wide
[01Oct2026 14:09:56.958] [Worker-Main-15/ERROR] [net.minecraft.world.level.storage.loot.LootDataType/]: Couldn't parse element ResourceKey[minecraft:root / minecraft:loot_table]:railways:blocks/track_tfc_birch - Unknown registry key in ResourceKey[minecraft:root / minecraft:item]: railways:track_tfc_birch
[01Oct2026 14:09:56.958] [Worker-Main-15/ERROR] [net.minecraft.world.level.storage.loot.LootDataType/]: Couldn't parse element ResourceKey[minecraft:root / minecraft:loot_table]:railways:blocks/track_byg_skyris_wide - Unknown registry key in ResourceKey[minecraft:root / minecraft:item]: railways:track_byg_skyris_wide
[01Oct2026 14:09:56.958] [Worker-Main-15/ERROR] [net.minecraft.world.level.storage.loot.LootDataType/]: Couldn't parse element ResourceKey[minecraft:root / minecraft:loot_table]:railways:blocks/track_biomesoplenty_jacaranda - Unknown registry key in ResourceKey[minecraft:root / minecraft:item]: railways:track_biomesoplenty_jacaranda
[01Oct2026 14:09:56.958] [Worker-Main-15/ERROR] [net.minecraft.world.level.storage.loot.LootDataType/]: Couldn't parse element ResourceKey[minecraft:root / minecraft:loot_table]:railways:blocks/track_twilightforest_transwood - Unknown registry key in ResourceKey[minecraft:root / minecraft:item]: railways:track_twilightforest_transwood
[01Oct2026 14:09:56.958] [Worker-Main-15/ERROR] [net.minecraft.world.level.storage.loot.LootDataType/]: Couldn't parse element ResourceKey[minecraft:root / minecraft:loot_table]:railways:blocks/track_biomesoplenty_hellbark - Unknown registry key in ResourceKey[minecraft:root / minecraft:item]: railways:track_biomesoplenty_hellbark
[01Oct2026 14:09:56.959] [Worker-Main-15/ERROR] [net.minecraft.world.level.storage.loot.LootDataType/]: Couldn't parse element ResourceKey[minecraft:root / minecraft:loot_table]:railways:blocks/track_tfc_pine_narrow - Unknown registry key in ResourceKey[minecraft:root / minecraft:item]: railways:track_tfc_pine_narrow
[01Oct2026 14:09:56.959] [Worker-Main-15/ERROR] [net.minecraft.world.level.storage.loot.LootDataType/]: Couldn't parse element ResourceKey[minecraft:root / minecraft:loot_table]:railways:blocks/track_biomesoplenty_redwood_narrow - Unknown registry key in ResourceKey[minecraft:root / minecraft:item]: railways:track_biomesoplenty_redwood_narrow
[01Oct2026 14:09:56.959] [Worker-Main-15/ERROR] [net.minecraft.world.level.storage.loot.LootDataType/]: Couldn't parse element ResourceKey[minecraft:root / minecraft:loot_table]:railways:blocks/track_create_dd_smoked_narrow - Unknown registry key in ResourceKey[minecraft:root / minecraft:item]: railways:track_create_dd_smoked_narrow
[01Oct2026 14:09:57.133] [Server thread/INFO] [net.minecraft.world.item.crafting.RecipeManager/]: Loaded 4107 recipes
[01Oct2026 14:09:57.244] [Server thread/INFO] [net.minecraft.advancements.AdvancementTree/]: Loaded 3670 advancements
[01Oct2026 14:09:57.247] [Server thread/INFO] [com.stonytark.magnetization.content.gas.GasExcitationProfiles/]: Loaded 0 gas excitation fluid profile bindings
[01Oct2026 14:09:57.256] [Server thread/WARN] [net.minecraft.core.MappedRegistry/]: Not all defined tags for registry ResourceKey[minecraft:root / minecraft:item] are present in data pack: c:ingots/aluminum
[01Oct2026 14:09:58.417] [Server thread/INFO] [magnetization/]: Stripped 1 recipe(s) producing disabled magnetization content.
[01Oct2026 14:09:58.437] [Server thread/INFO] [magnetization/validation-audit/]: VALIDATION_RECIPES_PASS magnetite=false iron=false lodestone=false
[01Oct2026 14:09:59.528] [Server thread/INFO] [magnetization/validation-audit/]: VALIDATION_CONFIG_EDIT patchouliCompatEnabled=true
[01Oct2026 14:09:59.531] [Server thread/INFO] [magnetization/validation-audit/]: VALIDATION_CONFIG_EDIT fieldManualMagnetiteRecipeEnabled=true
[01Oct2026 14:09:59.533] [Server thread/INFO] [magnetization/validation-audit/]: VALIDATION_CONFIG_EDIT fieldManualLodestoneRecipeEnabled=true
[01Oct2026 14:09:59.535] [Server thread/INFO] [magnetization/validation-audit/]: VALIDATION_CONFIG_EDIT fieldManualIronRecipeEnabled=false
[01Oct2026 14:10:01.124] [Worker-Main-4/ERROR] [net.minecraft.world.level.storage.loot.LootDataType/]: Couldn't parse element ResourceKey[minecraft:root / minecraft:loot_table]:railways:blocks/track_byg_witch_hazel_narrow - Unknown registry key in ResourceKey[minecraft:root / minecraft:item]: railways:track_byg_witch_hazel_narrow
[01Oct2026 14:10:01.125] [Worker-Main-4/ERROR] [net.minecraft.world.level.storage.loot.LootDataType/]: Couldn't parse element ResourceKey[minecraft:root / minecraft:loot_table]:railways:blocks/track_tfc_acacia - Unknown registry key in ResourceKey[minecraft:root / minecraft:item]: railways:track_tfc_acacia
[01Oct2026 14:10:01.125] [Worker-Main-4/ERROR] [net.minecraft.world.level.storage.loot.LootDataType/]: Couldn't parse element ResourceKey[minecraft:root / minecraft:loot_table]:railways:blocks/track_biomesoplenty_mahogany_narrow - Unknown registry key in ResourceKey[minecraft:root / minecraft:item]: railways:track_biomesoplenty_mahogany_narrow
[01Oct2026 14:10:01.125] [Worker-Main-4/ERROR] [net.minecraft.world.level.storage.loot.LootDataType/]: Couldn't parse element ResourceKey[minecraft:root / minecraft:loot_table]:railways:blocks/track_natures_spirit_joshua_wide - Unknown registry key in ResourceKey[minecraft:root / minecraft:item]: railways:track_natures_spirit_joshua_wide
[01Oct2026 14:10:01.126] [Worker-Main-4/ERROR] [net.minecraft.world.level.storage.loot.LootDataType/]: Couldn't parse element ResourceKey[minecraft:root / minecraft:loot_table]:railways:blocks/track_byg_rainbow_eucalyptus_wide - Unknown registry key in ResourceKey[minecraft:root / minecraft:item]: railways:track_byg_rainbow_eucalyptus_wide
[01Oct2026 14:10:01.126] [Worker-Main-4/ERROR] [net.minecraft.world.level.storage.loot.LootDataType/]: Couldn't parse element ResourceKey[minecraft:root / minecraft:loot_table]:railways:blocks/track_byg_bulbis_narrow - Unknown registry key in ResourceKey[minecraft:root / minecraft:item]: railways:track_byg_bulbis_narrow
[01Oct2026 14:10:01.126] [Worker-Main-4/ERROR] [net.minecraft.world.level.storage.loot.LootDataType/]: Couldn't parse element ResourceKey[minecraft:root / minecraft:loot_table]:railways:blocks/track_twilightforest_sortingwood_wide - Unknown registry key in ResourceKey[minecraft:root / minecraft:item]: railways:track_twilightforest_sortingwood_wide
[01Oct2026 14:10:01.126] [Worker-Main-4/ERROR] [net.minecraft.world.level.storage.loot.LootDataType/]: Couldn't parse element ResourceKey[minecraft:root / minecraft:loot_table]:railways:blocks/track_twilightforest_darkwood - Unknown registry key in ResourceKey[minecraft:root / minecraft:item]: railways:track_twilightforest_darkwood
[01Oct2026 14:10:01.127] [Worker-Main-4/ERROR] [net.minecraft.world.level.storage.loot.LootDataType/]: Couldn't parse element ResourceKey[minecraft:root / minecraft:loot_table]:railways:blocks/track_blue_skies_starlit - Unknown registry key in ResourceKey[minecraft:root / minecraft:item]: railways:track_blue_skies_starlit
[01Oct2026 14:10:01.127] [Worker-Main-4/ERROR] [net.minecraft.world.level.storage.loot.LootDataType/]: Couldn't parse element ResourceKey[minecraft:root / minecraft:loot_table]:railways:blocks/track_byg_embur - Unknown registry key in ResourceKey[minecraft:root / minecraft:item]: railways:track_byg_embur
[01Oct2026 14:10:01.127] [Worker-Main-4/ERROR] [net.minecraft.world.level.storage.loot.LootDataType/]: Couldn't parse element ResourceKey[minecraft:root / minecraft:loot_table]:railways:blocks/track_byg_green_enchanted_wide - Unknown registry key in ResourceKey[minecraft:root / minecraft:item]: railways:track_byg_green_enchanted_wide
[01Oct2026 14:10:01.127] [Worker-Main-4/ERROR] [net.minecraft.world.level.storage.loot.LootDataType/]: Couldn't parse element ResourceKey[minecraft:root / minecraft:loot_table]:railways:blocks/track_quark_ancient_wide - Unknown registry key in ResourceKey[minecraft:root / minecraft:item]: railways:track_quark_ancient_wide
[01Oct2026 14:10:01.127] [Worker-Main-4/ERROR] [net.minecraft.world.level.storage.loot.LootDataType/]: Couldn't parse element ResourceKey[minecraft:root / minecraft:loot_table]:railways:blocks/track_byg_nightshade_narrow - Unknown registry key in ResourceKey[minecraft:root / minecraft:item]: railways:track_byg_nightshade_narrow
[01Oct2026 14:10:01.127] [Worker-Main-4/ERROR] [net.minecraft.world.level.storage.loot.LootDataType/]: Couldn't parse element ResourceKey[minecraft:root / minecraft:loot_table]:railways:blocks/track_tfc_chestnut_narrow - Unknown registry key in ResourceKey[minecraft:root / minecraft:item]: railways:track_tfc_chestnut_narrow
[01Oct2026 14:10:01.127] [Worker-Main-4/ERROR] [net.minecraft.world.level.storage.loot.LootDataType/]: Couldn't parse element ResourceKey[minecraft:root / minecraft:loot_table]:railways:blocks/track_create_dd_rose_wide - Unknown registry key in ResourceKey[minecraft:root / minecraft:item]: railways:track_create_dd_rose_wide
[01Oct2026 14:10:01.127] [Worker-Main-4/ERROR] [net.minecraft.world.level.storage.loot.LootDataType/]: Couldn't parse element ResourceKey[minecraft:root / minecraft:loot_table]:railways:blocks/track_byg_white_mangrove_narrow - Unknown registry key in ResourceKey[minecraft:root / minecraft:item]: railways:track_byg_white_mangrove_narrow
[01Oct2026 14:10:01.127] [Worker-Main-4/ERROR] [net.minecraft.world.level.storage.loot.LootDataType/]: Couldn't parse element ResourceKey[minecraft:root / minecraft:loot_table]:railways:blocks/track_byg_skyris_narrow - Unknown registry key in ResourceKey[minecraft:root / minecraft:item]: railways:track_byg_skyris_narrow
[01Oct2026 14:10:01.128] [Worker-Main-4/ERROR] [net.minecraft.world.level.storage.loot.LootDataType/]: Couldn't parse element ResourceKey[minecraft:root / minecraft:loot_table]:railways:blocks/track_byg_green_enchanted_narrow - Unknown registry key in ResourceKey[minecraft:root / minecraft:item]: railways:track_byg_green_enchanted_narrow
[01Oct2026 14:10:01.128] [Worker-Main-4/ERROR] [net.minecraft.world.level.storage.loot.LootDataType/]: Couldn't parse element ResourceKey[minecraft:root / minecraft:loot_table]:railways:blocks/track_quark_ancient_narrow - Unknown registry key in ResourceKey[minecraft:root / minecraft:item]: railways:track_quark_ancient_narrow
[01Oct2026 14:10:01.128] [Worker-Main-4/ERROR] [net.minecraft.world.level.storage.loot.LootDataType/]: Couldn't parse element ResourceKey[minecraft:root / minecraft:loot_table]:railways:blocks/track_quark_azalea_narrow - Unknown registry key in ResourceKey[minecraft:root / minecraft:item]: railways:track_quark_azalea_narrow
[01Oct2026 14:10:01.129] [Worker-Main-4/ERROR] [net.minecraft.world.level.storage.loot.LootDataType/]: Couldn't parse element ResourceKey[minecraft:root / minecraft:loot_table]:railways:blocks/track_tfc_willow_wide - Unknown registry key in ResourceKey[minecraft:root / minecraft:item]: railways:track_tfc_willow_wide
[01Oct2026 14:10:01.130] [Worker-Main-4/ERROR] [net.minecraft.world.level.storage.loot.LootDataType/]: Couldn't parse element ResourceKey[minecraft:root / minecraft:loot_table]:railways:blocks/track_tfc_chestnut - Unknown registry key in ResourceKey[minecraft:root / minecraft:item]: railways:track_tfc_chestnut
[01Oct2026 14:10:01.130] [Worker-Main-4/ERROR] [net.minecraft.world.level.storage.loot.LootDataType/]: Couldn't parse element ResourceKey[minecraft:root / minecraft:loot_table]:railways:blocks/track_blue_skies_frostbright - Unknown registry key in ResourceKey[minecraft:root / minecraft:item]: railways:track_blue_skies_frostbright
[01Oct2026 14:10:01.130] [Worker-Main-4/ERROR] [net.minecraft.world.level.storage.loot.LootDataType/]: Couldn't parse element ResourceKey[minecraft:root / minecraft:loot_table]:railways:blocks/track_byg_ether_wide - Unknown registry key in ResourceKey[minecraft:root / minecraft:item]: railways:track_byg_ether_wide
[01Oct2026 14:10:01.130] [Worker-Main-4/ERROR] [net.minecraft.world.level.storage.loot.LootDataType/]: Couldn't parse element ResourceKey[minecraft:root / minecraft:loot_table]:railways:blocks/track_byg_jacaranda_wide - Unknown registry key in ResourceKey[minecraft:root / minecraft:item]: railways:track_byg_jacaranda_wide
[01Oct2026 14:10:01.131] [Worker-Main-4/ERROR] [net.minecraft.world.level.storage.loot.LootDataType/]: Couldn't parse element ResourceKey[minecraft:root / minecraft:loot_table]:railways:blocks/track_biomesoplenty_jacaranda_wide - Unknown registry key in ResourceKey[minecraft:root / minecraft:item]: railways:track_biomesoplenty_jacaranda_wide
[01Oct2026 14:10:01.131] [Worker-Main-4/ERROR] [net.minecraft.world.level.storage.loot.LootDataType/]: Couldn't parse element ResourceKey[minecraft:root / minecraft:loot_table]:railways:blocks/track_create_dd_rose - Unknown registry key in ResourceKey[minecraft:root / minecraft:item]: railways:track_create_dd_rose
[01Oct2026 14:10:01.131] [Worker-Main-4/ERROR] [net.minecraft.world.level.storage.loot.LootDataType/]: Couldn't parse element ResourceKey[minecraft:root / minecraft:loot_table]:railways:blocks/track_natures_spirit_palo_verde_narrow - Unknown registry key in ResourceKey[minecraft:root / minecraft:item]: railways:track_natures_spirit_palo_verde_narrow
[01Oct2026 14:10:01.131] [Worker-Main-4/ERROR] [net.minecraft.world.level.storage.loot.LootDataType/]: Couldn't parse element ResourceKey[minecraft:root / minecraft:loot_table]:railways:blocks/track_byg_mahogany_narrow - Unknown registry key in ResourceKey[minecraft:root / minecraft:item]: railways:track_byg_mahogany_narrow
[01Oct2026 14:10:01.131] [Worker-Main-4/ERROR] [net.minecraft.world.level.storage.loot.LootDataType/]: Couldn't parse element ResourceKey[minecraft:root / minecraft:loot_table]:railways:blocks/track_tfc_sycamore_wide - Unknown registry key in ResourceKey[minecraft:root / minecraft:item]: railways:track_tfc_sycamore_wide
[01Oct2026 14:10:01.131] [Worker-Main-4/ERROR] [net.minecraft.world.level.storage.loot.LootDataType/]: Couldn't parse element ResourceKey[minecraft:root / minecraft:loot_table]:railways:blocks/track_tfc_acacia_narrow - Unknown registry key in ResourceKey[minecraft:root / minecraft:item]: railways:track_tfc_acacia_narrow
[01Oct2026 14:10:01.131] [Worker-Main-4/ERROR] [net.minecraft.world.level.storage.loot.LootDataType/]: Couldn't parse element ResourceKey[minecraft:root / minecraft:loot_table]:railways:blocks/track_byg_ebony - Unknown registry key in ResourceKey[minecraft:root / minecraft:item]: railways:track_byg_ebony
[01Oct2026 14:10:01.131] [Worker-Main-4/ERROR] [net.minecraft.world.level.storage.loot.LootDataType/]: Couldn't parse element ResourceKey[minecraft:root / minecraft:loot_table]:railways:blocks/track_tfc_rosewood - Unknown registry key in ResourceKey[minecraft:root / minecraft:item]: railways:track_tfc_rosewood
[01Oct2026 14:10:01.131] [Worker-Main-4/ERROR] [net.minecraft.world.level.storage.loot.LootDataType/]: Couldn't parse element ResourceKey[minecraft:root / minecraft:loot_table]:railways:blocks/track_byg_aspen_wide - Unknown registry key in ResourceKey[minecraft:root / minecraft:item]: railways:track_byg_aspen_wide
[01Oct2026 14:10:01.132] [Worker-Main-4/ERROR] [net.minecraft.world.level.storage.loot.LootDataType/]: Couldn't parse element ResourceKey[minecraft:root / minecraft:loot_table]:railways:blocks/track_create_dd_rubber_narrow - Unknown registry key in ResourceKey[minecraft:root / minecraft:item]: railways:track_create_dd_rubber_narrow
[01Oct2026 14:10:01.132] [Worker-Main-4/ERROR] [net.minecraft.world.level.storage.loot.LootDataType/]: Couldn't parse element ResourceKey[minecraft:root / minecraft:loot_table]:railways:blocks/track_tfc_hickory_narrow - Unknown registry key in ResourceKey[minecraft:root / minecraft:item]: railways:track_tfc_hickory_narrow
[01Oct2026 14:10:01.132] [Worker-Main-4/ERROR] [net.minecraft.world.level.storage.loot.LootDataType/]: Couldn't parse element ResourceKey[minecraft:root / minecraft:loot_table]:railways:blocks/track_byg_white_mangrove_wide - Unknown registry key in ResourceKey[minecraft:root / minecraft:item]: railways:track_byg_white_mangrove_wide
[01Oct2026 14:10:01.132] [Worker-Main-4/ERROR] [net.minecraft.world.level.storage.loot.LootDataType/]: Couldn't parse element ResourceKey[minecraft:root / minecraft:loot_table]:railways:blocks/track_natures_spirit_joshua_narrow - Unknown registry key in ResourceKey[minecraft:root / minecraft:item]: railways:track_natures_spirit_joshua_narrow
[01Oct2026 14:10:01.132] [Worker-Main-4/ERROR] [net.minecraft.world.level.storage.loot.LootDataType/]: Couldn't parse element ResourceKey[minecraft:root / minecraft:loot_table]:railways:blocks/track_byg_nightshade - Unknown registry key in ResourceKey[minecraft:root / minecraft:item]: railways:track_byg_nightshade
[01Oct2026 14:10:01.132] [Worker-Main-4/ERROR] [net.minecraft.world.level.storage.loot.LootDataType/]: Couldn't parse element ResourceKey[minecraft:root / minecraft:loot_table]:railways:blocks/track_byg_willow - Unknown registry key in ResourceKey[minecraft:root / minecraft:item]: railways:track_byg_willow
[01Oct2026 14:10:01.132] [Worker-Main-4/ERROR] [net.minecraft.world.level.storage.loot.LootDataType/]: Couldn't parse element ResourceKey[minecraft:root / minecraft:loot_table]:railways:blocks/track_byg_bulbis_wide - Unknown registry key in ResourceKey[minecraft:root / minecraft:item]: railways:track_byg_bulbis_wide
[01Oct2026 14:10:01.133] [Worker-Main-4/ERROR] [net.minecraft.world.level.storage.loot.LootDataType/]: Couldn't parse element ResourceKey[minecraft:root / minecraft:loot_table]:railways:blocks/track_byg_rainbow_eucalyptus_narrow - Unknown registry key in ResourceKey[minecraft:root / minecraft:item]: railways:track_byg_rainbow_eucalyptus_narrow
[01Oct2026 14:10:01.133] [Worker-Main-4/ERROR] [net.minecraft.world.level.storage.loot.LootDataType/]: Couldn't parse element ResourceKey[minecraft:root / minecraft:loot_table]:railways:blocks/track_blue_skies_lunar_wide - Unknown registry key in ResourceKey[minecraft:root / minecraft:item]: railways:track_blue_skies_lunar_wide
[01Oct2026 14:10:01.133] [Worker-Main-4/ERROR] [net.minecraft.world.level.storage.loot.LootDataType/]: Couldn't parse element ResourceKey[minecraft:root / minecraft:loot_table]:railways:blocks/track_byg_cika_narrow - Unknown registry key in ResourceKey[minecraft:root / minecraft:item]: railways:track_byg_cika_narrow
[01Oct2026 14:10:01.133] [Worker-Main-4/ERROR] [net.minecraft.world.level.storage.loot.LootDataType/]: Couldn't parse element ResourceKey[minecraft:root / minecraft:loot_table]:railways:blocks/track_blue_skies_maple - Unknown registry key in ResourceKey[minecraft:root / minecraft:item]: railways:track_blue_skies_maple
[01Oct2026 14:10:01.134] [Worker-Main-4/ERROR] [net.minecraft.world.level.storage.loot.LootDataType/]: Couldn't parse element ResourceKey[minecraft:root / minecraft:loot_table]:railways:blocks/track_twilightforest_mangrove - Unknown registry key in ResourceKey[minecraft:root / minecraft:item]: railways:track_twilightforest_mangrove
[01Oct2026 14:10:01.134] [Worker-Main-4/ERROR] [net.minecraft.world.level.storage.loot.LootDataType/]: Couldn't parse element ResourceKey[minecraft:root / minecraft:loot_table]:railways:blocks/track_natures_spirit_wisteria_wide - Unknown registry key in ResourceKey[minecraft:root / minecraft:item]: railways:track_natures_spirit_wisteria_wide
[01Oct2026 14:10:01.134] [Worker-Main-4/ERROR] [net.minecraft.world.level.storage.loot.LootDataType/]: Couldn't parse element ResourceKey[minecraft:root / minecraft:loot_table]:railways:blocks/track_biomesoplenty_mahogany_wide - Unknown registry key in ResourceKey[minecraft:root / minecraft:item]: railways:track_biomesoplenty_mahogany_wide
[01Oct2026 14:10:01.134] [Worker-Main-4/ERROR] [net.minecraft.world.level.storage.loot.LootDataType/]: Couldn't parse element ResourceKey[minecraft:root / minecraft:loot_table]:railways:blocks/track_tfc_oak - Unknown registry key in ResourceKey[minecraft:root / minecraft:item]: railways:track_tfc_oak
[01Oct2026 14:10:01.134] [Worker-Main-4/ERROR] [net.minecraft.world.level.storage.loot.LootDataType/]: Couldn't parse element ResourceKey[minecraft:root / minecraft:loot_table]:railways:blocks/track_twilightforest_transwood_wide - Unknown registry key in ResourceKey[minecraft:root / minecraft:item]: railways:track_twilightforest_transwood_wide
[01Oct2026 14:10:01.134] [Worker-Main-4/ERROR] [net.minecraft.world.level.storage.loot.LootDataType/]: Couldn't parse element ResourceKey[minecraft:root / minecraft:loot_table]:railways:blocks/track_create_dd_smoked - Unknown registry key in ResourceKey[minecraft:root / minecraft:item]: railways:track_create_dd_smoked
[01Oct2026 14:10:01.134] [Worker-Main-4/ERROR] [net.minecraft.world.level.storage.loot.LootDataType/]: Couldn't parse element ResourceKey[minecraft:root / minecraft:loot_table]:railways:blocks/track_biomesoplenty_willow - Unknown registry key in ResourceKey[minecraft:root / minecraft:item]: railways:track_biomesoplenty_willow
[01Oct2026 14:10:01.134] [Worker-Main-4/ERROR] [net.minecraft.world.level.storage.loot.LootDataType/]: Couldn't parse element ResourceKey[minecraft:root / minecraft:loot_table]:railways:blocks/track_hexcasting_edified_narrow - Unknown registry key in ResourceKey[minecraft:root / minecraft:item]: railways:track_hexcasting_edified_narrow
[01Oct2026 14:10:01.134] [Worker-Main-4/ERROR] [net.minecraft.world.level.storage.loot.LootDataType/]: Couldn't parse element ResourceKey[minecraft:root / minecraft:loot_table]:railways:blocks/track_byg_nightshade_wide - Unknown registry key in ResourceKey[minecraft:root / minecraft:item]: railways:track_byg_nightshade_wide
[01Oct2026 14:10:01.134] [Worker-Main-4/ERROR] [net.minecraft.world.level.storage.loot.LootDataType/]: Couldn't parse element ResourceKey[minecraft:root / minecraft:loot_table]:railways:blocks/track_byg_imparius - Unknown registry key in ResourceKey[minecraft:root / minecraft:item]: railways:track_byg_imparius
[01Oct2026 14:10:01.134] [Worker-Main-4/ERROR] [net.minecraft.world.level.storage.loot.LootDataType/]: Couldn't parse element ResourceKey[minecraft:root / minecraft:loot_table]:railways:blocks/track_biomesoplenty_magic_wide - Unknown registry key in ResourceKey[minecraft:root / minecraft:item]: railways:track_biomesoplenty_magic_wide
[01Oct2026 14:10:01.134] [Worker-Main-4/ERROR] [net.minecraft.world.level.storage.loot.LootDataType/]: Couldn't parse element ResourceKey[minecraft:root / minecraft:loot_table]:railways:blocks/track_tfc_blackwood_wide - Unknown registry key in ResourceKey[minecraft:root / minecraft:item]: railways:track_tfc_blackwood_wide
[01Oct2026 14:10:01.135] [Worker-Main-4/ERROR] [net.minecraft.world.level.storage.loot.LootDataType/]: Couldn't parse element ResourceKey[minecraft:root / minecraft:loot_table]:railways:blocks/track_byg_lament_narrow - Unknown registry key in ResourceKey[minecraft:root / minecraft:item]: railways:track_byg_lament_narrow
[01Oct2026 14:10:01.135] [Worker-Main-4/ERROR] [net.minecraft.world.level.storage.loot.LootDataType/]: Couldn't parse element ResourceKey[minecraft:root / minecraft:loot_table]:railways:blocks/track_twilightforest_mangrove_narrow - Unknown registry key in ResourceKey[minecraft:root / minecraft:item]: railways:track_twilightforest_mangrove_narrow
[01Oct2026 14:10:01.135] [Worker-Main-4/ERROR] [net.minecraft.world.level.storage.loot.LootDataType/]: Couldn't parse element ResourceKey[minecraft:root / minecraft:loot_table]:railways:blocks/track_byg_aspen - Unknown registry key in ResourceKey[minecraft:root / minecraft:item]: railways:track_byg_aspen
[01Oct2026 14:10:01.135] [Worker-Main-4/ERROR] [net.minecraft.world.level.storage.loot.LootDataType/]: Couldn't parse element ResourceKey[minecraft:root / minecraft:loot_table]:railways:blocks/track_byg_maple_narrow - Unknown registry key in ResourceKey[minecraft:root / minecraft:item]: railways:track_byg_maple_narrow
[01Oct2026 14:10:01.135] [Worker-Main-4/ERROR] [net.minecraft.world.level.storage.loot.LootDataType/]: Couldn't parse element ResourceKey[minecraft:root / minecraft:loot_table]:railways:blocks/track_biomesoplenty_palm - Unknown registry key in ResourceKey[minecraft:root / minecraft:item]: railways:track_biomesoplenty_palm
[01Oct2026 14:10:01.135] [Worker-Main-4/ERROR] [net.minecraft.world.level.storage.loot.LootDataType/]: Couldn't parse element ResourceKey[minecraft:root / minecraft:loot_table]:railways:blocks/track_byg_embur_wide - Unknown registry key in ResourceKey[minecraft:root / minecraft:item]: railways:track_byg_embur_wide
[01Oct2026 14:10:01.136] [Worker-Main-4/ERROR] [net.minecraft.world.level.storage.loot.LootDataType/]: Couldn't parse element ResourceKey[minecraft:root / minecraft:loot_table]:railways:blocks/track_tfc_white_cedar - Unknown registry key in ResourceKey[minecraft:root / minecraft:item]: railways:track_tfc_white_cedar
[01Oct2026 14:10:01.136] [Worker-Main-4/ERROR] [net.minecraft.world.level.storage.loot.LootDataType/]: Couldn't parse element ResourceKey[minecraft:root / minecraft:loot_table]:railways:blocks/track_tfc_sycamore - Unknown registry key in ResourceKey[minecraft:root / minecraft:item]: railways:track_tfc_sycamore
[01Oct2026 14:10:01.136] [Worker-Main-4/ERROR] [net.minecraft.world.level.storage.loot.LootDataType/]: Couldn't parse element ResourceKey[minecraft:root / minecraft:loot_table]:railways:blocks/track_twilightforest_timewood - Unknown registry key in ResourceKey[minecraft:root / minecraft:item]: railways:track_twilightforest_timewood
[01Oct2026 14:10:01.136] [Worker-Main-4/ERROR] [net.minecraft.world.level.storage.loot.LootDataType/]: Couldn't parse element ResourceKey[minecraft:root / minecraft:loot_table]:railways:blocks/track_tfc_rosewood_wide - Unknown registry key in ResourceKey[minecraft:root / minecraft:item]: railways:track_tfc_rosewood_wide
[01Oct2026 14:10:01.136] [Worker-Main-4/ERROR] [net.minecraft.world.level.storage.loot.LootDataType/]: Couldn't parse element ResourceKey[minecraft:root / minecraft:loot_table]:railways:blocks/track_natures_spirit_cypress_wide - Unknown registry key in ResourceKey[minecraft:root / minecraft:item]: railways:track_natures_spirit_cypress_wide
[01Oct2026 14:10:01.136] [Worker-Main-4/ERROR] [net.minecraft.world.level.storage.loot.LootDataType/]: Couldn't parse element ResourceKey[minecraft:root / minecraft:loot_table]:railways:blocks/track_blue_skies_dusk_narrow - Unknown registry key in ResourceKey[minecraft:root / minecraft:item]: railways:track_blue_skies_dusk_narrow
[01Oct2026 14:10:01.137] [Worker-Main-4/ERROR] [net.minecraft.world.level.storage.loot.LootDataType/]: Couldn't parse element ResourceKey[minecraft:root / minecraft:loot_table]:railways:blocks/track_natures_spirit_cypress - Unknown registry key in ResourceKey[minecraft:root / minecraft:item]: railways:track_natures_spirit_cypress
[01Oct2026 14:10:01.137] [Worker-Main-4/ERROR] [net.minecraft.world.level.storage.loot.LootDataType/]: Couldn't parse element ResourceKey[minecraft:root / minecraft:loot_table]:railways:blocks/track_tfc_birch_wide - Unknown registry key in ResourceKey[minecraft:root / minecraft:item]: railways:track_tfc_birch_wide
[01Oct2026 14:10:01.137] [Worker-Main-4/ERROR] [net.minecraft.world.level.storage.loot.LootDataType/]: Couldn't parse element ResourceKey[minecraft:root / minecraft:loot_table]:railways:blocks/track_byg_sythian_narrow - Unknown registry key in ResourceKey[minecraft:root / minecraft:item]: railways:track_byg_sythian_narrow
[01Oct2026 14:10:01.137] [Worker-Main-4/ERROR] [net.minecraft.world.level.storage.loot.LootDataType/]: Couldn't parse element ResourceKey[minecraft:root / minecraft:loot_table]:railways:blocks/track_byg_redwood_wide - Unknown registry key in ResourceKey[minecraft:root / minecraft:item]: railways:track_byg_redwood_wide
[01Oct2026 14:10:01.137] [Worker-Main-4/ERROR] [net.minecraft.world.level.storage.loot.LootDataType/]: Couldn't parse element ResourceKey[minecraft:root / minecraft:loot_table]:railways:blocks/track_create_dd_rose_narrow - Unknown registry key in ResourceKey[minecraft:root / minecraft:item]: railways:track_create_dd_rose_narrow
[01Oct2026 14:10:01.138] [Worker-Main-4/ERROR] [net.minecraft.world.level.storage.loot.LootDataType/]: Couldn't parse element ResourceKey[minecraft:root / minecraft:loot_table]:railways:blocks/track_byg_redwood_narrow - Unknown registry key in ResourceKey[minecraft:root / minecraft:item]: railways:track_byg_redwood_narrow
[01Oct2026 14:10:01.138] [Worker-Main-4/ERROR] [net.minecraft.world.level.storage.loot.LootDataType/]: Couldn't parse element ResourceKey[minecraft:root / minecraft:loot_table]:railways:blocks/track_tfc_willow_narrow - Unknown registry key in ResourceKey[minecraft:root / minecraft:item]: railways:track_tfc_willow_narrow
[01Oct2026 14:10:01.138] [Worker-Main-4/ERROR] [net.minecraft.world.level.storage.loot.LootDataType/]: Couldn't parse element ResourceKey[minecraft:root / minecraft:loot_table]:railways:blocks/track_twilightforest_minewood_wide - Unknown registry key in ResourceKey[minecraft:root / minecraft:item]: railways:track_twilightforest_minewood_wide
[01Oct2026 14:10:01.138] [Worker-Main-4/ERROR] [net.minecraft.world.level.storage.loot.LootDataType/]: Couldn't parse element ResourceKey[minecraft:root / minecraft:loot_table]:railways:blocks/track_tfc_douglas_fir - Unknown registry key in ResourceKey[minecraft:root / minecraft:item]: railways:track_tfc_douglas_fir
[01Oct2026 14:10:01.138] [Worker-Main-4/ERROR] [net.minecraft.world.level.storage.loot.LootDataType/]: Couldn't parse element ResourceKey[minecraft:root / minecraft:loot_table]:railways:blocks/track_biomesoplenty_dead_narrow - Unknown registry key in ResourceKey[minecraft:root / minecraft:item]: railways:track_biomesoplenty_dead_narrow
[01Oct2026 14:10:01.138] [Worker-Main-4/ERROR] [net.minecraft.world.level.storage.loot.LootDataType/]: Couldn't parse element ResourceKey[minecraft:root / minecraft:loot_table]:railways:blocks/track_byg_fir_narrow - Unknown registry key in ResourceKey[minecraft:root / minecraft:item]: railways:track_byg_fir_narrow
[01Oct2026 14:10:01.139] [Worker-Main-4/ERROR] [net.minecraft.world.level.storage.loot.LootDataType/]: Couldn't parse element ResourceKey[minecraft:root / minecraft:loot_table]:railways:blocks/track_byg_ebony_wide - Unknown registry key in ResourceKey[minecraft:root / minecraft:item]: railways:track_byg_ebony_wide
[01Oct2026 14:10:01.139] [Worker-Main-4/ERROR] [net.minecraft.world.level.storage.loot.LootDataType/]: Couldn't parse element ResourceKey[minecraft:root / minecraft:loot_table]:railways:blocks/track_tfc_aspen_wide - Unknown registry key in ResourceKey[minecraft:root / minecraft:item]: railways:track_tfc_aspen_wide
[01Oct2026 14:10:01.139] [Worker-Main-4/ERROR] [net.minecraft.world.level.storage.loot.LootDataType/]: Couldn't parse element ResourceKey[minecraft:root / minecraft:loot_table]:railways:blocks/track_blue_skies_dusk - Unknown registry key in ResourceKey[minecraft:root / minecraft:item]: railways:track_blue_skies_dusk
[01Oct2026 14:10:01.139] [Worker-Main-4/ERROR] [net.minecraft.world.level.storage.loot.LootDataType/]: Couldn't parse element ResourceKey[minecraft:root / minecraft:loot_table]:railways:blocks/track_natures_spirit_sugi - Unknown registry key in ResourceKey[minecraft:root / minecraft:item]: railways:track_natures_spirit_sugi
[01Oct2026 14:10:01.141] [Worker-Main-4/ERROR] [net.minecraft.world.level.storage.loot.LootDataType/]: Couldn't parse element ResourceKey[minecraft:root / minecraft:loot_table]:railways:blocks/track_twilightforest_transwood_narrow - Unknown registry key in ResourceKey[minecraft:root / minecraft:item]: railways:track_twilightforest_transwood_narrow
[01Oct2026 14:10:01.141] [Worker-Main-4/ERROR] [net.minecraft.world.level.storage.loot.LootDataType/]: Couldn't parse element ResourceKey[minecraft:root / minecraft:loot_table]:railways:blocks/track_blue_skies_maple_narrow - Unknown registry key in ResourceKey[minecraft:root / minecraft:item]: railways:track_blue_skies_maple_narrow
[01Oct2026 14:10:01.142] [Worker-Main-4/ERROR] [net.minecraft.world.level.storage.loot.LootDataType/]: Couldn't parse element ResourceKey[minecraft:root / minecraft:loot_table]:railways:blocks/track_byg_willow_wide - Unknown registry key in ResourceKey[minecraft:root / minecraft:item]: railways:track_byg_willow_wide
[01Oct2026 14:10:01.142] [Worker-Main-4/ERROR] [net.minecraft.world.level.storage.loot.LootDataType/]: Couldn't parse element ResourceKey[minecraft:root / minecraft:loot_table]:railways:blocks/track_natures_spirit_fir_wide - Unknown registry key in ResourceKey[minecraft:root / minecraft:item]: railways:track_natures_spirit_fir_wide
[01Oct2026 14:10:01.142] [Worker-Main-4/ERROR] [net.minecraft.world.level.storage.loot.LootDataType/]: Couldn't parse element ResourceKey[minecraft:root / minecraft:loot_table]:railways:blocks/track_tfc_kapok - Unknown registry key in ResourceKey[minecraft:root / minecraft:item]: railways:track_tfc_kapok
[01Oct2026 14:10:01.142] [Worker-Main-4/ERROR] [net.minecraft.world.level.storage.loot.LootDataType/]: Couldn't parse element ResourceKey[minecraft:root / minecraft:loot_table]:railways:blocks/track_tfc_oak_narrow - Unknown registry key in ResourceKey[minecraft:root / minecraft:item]: railways:track_tfc_oak_narrow
[01Oct2026 14:10:01.143] [Worker-Main-4/ERROR] [net.minecraft.world.level.storage.loot.LootDataType/]: Couldn't parse element ResourceKey[minecraft:root / minecraft:loot_table]:railways:blocks/track_twilightforest_sortingwood - Unknown registry key in ResourceKey[minecraft:root / minecraft:item]: railways:track_twilightforest_sortingwood
[01Oct2026 14:10:01.143] [Worker-Main-4/ERROR] [net.minecraft.world.level.storage.loot.LootDataType/]: Couldn't parse element ResourceKey[minecraft:root / minecraft:loot_table]:railways:blocks/track_create_dd_spirit - Unknown registry key in ResourceKey[minecraft:root / minecraft:item]: railways:track_create_dd_spirit
[01Oct2026 14:10:01.143] [Worker-Main-4/ERROR] [net.minecraft.world.level.storage.loot.LootDataType/]: Couldn't parse element ResourceKey[minecraft:root / minecraft:loot_table]:railways:blocks/track_byg_jacaranda_narrow - Unknown registry key in ResourceKey[minecraft:root / minecraft:item]: railways:track_byg_jacaranda_narrow
[01Oct2026 14:10:01.143] [Worker-Main-4/ERROR] [net.minecraft.world.level.storage.loot.LootDataType/]: Couldn't parse element ResourceKey[minecraft:root / minecraft:loot_table]:railways:blocks/track_byg_green_enchanted - Unknown registry key in ResourceKey[minecraft:root / minecraft:item]: railways:track_byg_green_enchanted
[01Oct2026 14:10:01.143] [Worker-Main-4/ERROR] [net.minecraft.world.level.storage.loot.LootDataType/]: Couldn't parse element ResourceKey[minecraft:root / minecraft:loot_table]:railways:blocks/track_byg_white_mangrove - Unknown registry key in ResourceKey[minecraft:root / minecraft:item]: railways:track_byg_white_mangrove
[01Oct2026 14:10:01.144] [Worker-Main-4/ERROR] [net.minecraft.world.level.storage.loot.LootDataType/]: Couldn't parse element ResourceKey[minecraft:root / minecraft:loot_table]:railways:blocks/track_tfc_maple - Unknown registry key in ResourceKey[minecraft:root / minecraft:item]: railways:track_tfc_maple
[01Oct2026 14:10:01.144] [Worker-Main-4/ERROR] [net.minecraft.world.level.storage.loot.LootDataType/]: Couldn't parse element ResourceKey[minecraft:root / minecraft:loot_table]:railways:blocks/track_natures_spirit_aspen - Unknown registry key in ResourceKey[minecraft:root / minecraft:item]: railways:track_natures_spirit_aspen
[01Oct2026 14:10:01.144] [Worker-Main-4/ERROR] [net.minecraft.world.level.storage.loot.LootDataType/]: Couldn't parse element ResourceKey[minecraft:root / minecraft:loot_table]:railways:blocks/track_blue_skies_frostbright_narrow - Unknown registry key in ResourceKey[minecraft:root / minecraft:item]: railways:track_blue_skies_frostbright_narrow
[01Oct2026 14:10:01.145] [Worker-Main-4/ERROR] [net.minecraft.world.level.storage.loot.LootDataType/]: Couldn't parse element ResourceKey[minecraft:root / minecraft:loot_table]:railways:blocks/track_tfc_oak_wide - Unknown registry key in ResourceKey[minecraft:root / minecraft:item]: railways:track_tfc_oak_wide
[01Oct2026 14:10:01.145] [Worker-Main-4/ERROR] [net.minecraft.world.level.storage.loot.LootDataType/]: Couldn't parse element ResourceKey[minecraft:root / minecraft:loot_table]:railways:blocks/track_tfc_blackwood - Unknown registry key in ResourceKey[minecraft:root / minecraft:item]: railways:track_tfc_blackwood
[01Oct2026 14:10:01.145] [Worker-Main-4/ERROR] [net.minecraft.world.level.storage.loot.LootDataType/]: Couldn't parse element ResourceKey[minecraft:root / minecraft:loot_table]:railways:blocks/track_byg_zelkova_narrow - Unknown registry key in ResourceKey[minecraft:root / minecraft:item]: railways:track_byg_zelkova_narrow
[01Oct2026 14:10:01.145] [Worker-Main-4/ERROR] [net.minecraft.world.level.storage.loot.LootDataType/]: Couldn't parse element ResourceKey[minecraft:root / minecraft:loot_table]:railways:blocks/track_natures_spirit_cypress_narrow - Unknown registry key in ResourceKey[minecraft:root / minecraft:item]: railways:track_natures_spirit_cypress_narrow
[01Oct2026 14:10:01.145] [Worker-Main-4/ERROR] [net.minecraft.world.level.storage.loot.LootDataType/]: Couldn't parse element ResourceKey[minecraft:root / minecraft:loot_table]:railways:blocks/track_quark_blossom_narrow - Unknown registry key in ResourceKey[minecraft:root / minecraft:item]: railways:track_quark_blossom_narrow
[01Oct2026 14:10:01.145] [Worker-Main-4/ERROR] [net.minecraft.world.level.storage.loot.LootDataType/]: Couldn't parse element ResourceKey[minecraft:root / minecraft:loot_table]:railways:blocks/track_byg_pine - Unknown registry key in ResourceKey[minecraft:root / minecraft:item]: railways:track_byg_pine
[01Oct2026 14:10:01.145] [Worker-Main-4/ERROR] [net.minecraft.world.level.storage.loot.LootDataType/]: Couldn't parse element ResourceKey[minecraft:root / minecraft:loot_table]:railways:blocks/track_biomesoplenty_umbran_narrow - Unknown registry key in ResourceKey[minecraft:root / minecraft:item]: railways:track_biomesoplenty_umbran_narrow
[01Oct2026 14:10:01.145] [Worker-Main-4/ERROR] [net.minecraft.world.level.storage.loot.LootDataType/]: Couldn't parse element ResourceKey[minecraft:root / minecraft:loot_table]:railways:blocks/track_byg_cika_wide - Unknown registry key in ResourceKey[minecraft:root / minecraft:item]: railways:track_byg_cika_wide
[01Oct2026 14:10:01.145] [Worker-Main-4/ERROR] [net.minecraft.world.level.storage.loot.LootDataType/]: Couldn't parse element ResourceKey[minecraft:root / minecraft:loot_table]:railways:blocks/track_tfc_chestnut_wide - Unknown registry key in ResourceKey[minecraft:root / minecraft:item]: railways:track_tfc_chestnut_wide
[01Oct2026 14:10:01.146] [Worker-Main-4/ERROR] [net.minecraft.world.level.storage.loot.LootDataType/]: Couldn't parse element ResourceKey[minecraft:root / minecraft:loot_table]:railways:blocks/track_natures_spirit_willow_narrow - Unknown registry key in ResourceKey[minecraft:root / minecraft:item]: railways:track_natures_spirit_willow_narrow
[01Oct2026 14:10:01.146] [Worker-Main-4/ERROR] [net.minecraft.world.level.storage.loot.LootDataType/]: Couldn't parse element ResourceKey[minecraft:root / minecraft:loot_table]:railways:blocks/track_blue_skies_bluebright - Unknown registry key in ResourceKey[minecraft:root / minecraft:item]: railways:track_blue_skies_bluebright
[01Oct2026 14:10:01.146] [Worker-Main-4/ERROR] [net.minecraft.world.level.storage.loot.LootDataType/]: Couldn't parse element ResourceKey[minecraft:root / minecraft:loot_table]:railways:blocks/track_tfc_ash_wide - Unknown registry key in ResourceKey[minecraft:root / minecraft:item]: railways:track_tfc_ash_wide
[01Oct2026 14:10:01.146] [Worker-Main-4/ERROR] [net.minecraft.world.level.storage.loot.LootDataType/]: Couldn't parse element ResourceKey[minecraft:root / minecraft:loot_table]:railways:blocks/track_blue_skies_bluebright_narrow - Unknown registry key in ResourceKey[minecraft:root / minecraft:item]: railways:track_blue_skies_bluebright_narrow
[01Oct2026 14:10:01.146] [Worker-Main-4/ERROR] [net.minecraft.world.level.storage.loot.LootDataType/]: Couldn't parse element ResourceKey[minecraft:root / minecraft:loot_table]:railways:blocks/track_biomesoplenty_mahogany - Unknown registry key in ResourceKey[minecraft:root / minecraft:item]: railways:track_biomesoplenty_mahogany
[01Oct2026 14:10:01.146] [Worker-Main-4/ERROR] [net.minecraft.world.level.storage.loot.LootDataType/]: Couldn't parse element ResourceKey[minecraft:root / minecraft:loot_table]:railways:blocks/track_natures_spirit_olive_narrow - Unknown registry key in ResourceKey[minecraft:root / minecraft:item]: railways:track_natures_spirit_olive_narrow
[01Oct2026 14:10:01.146] [Worker-Main-4/ERROR] [net.minecraft.world.level.storage.loot.LootDataType/]: Couldn't parse element ResourceKey[minecraft:root / minecraft:loot_table]:railways:blocks/track_byg_holly_narrow - Unknown registry key in ResourceKey[minecraft:root / minecraft:item]: railways:track_byg_holly_narrow
[01Oct2026 14:10:01.146] [Worker-Main-4/ERROR] [net.minecraft.world.level.storage.loot.LootDataType/]: Couldn't parse element ResourceKey[minecraft:root / minecraft:loot_table]:railways:blocks/track_biomesoplenty_magic_narrow - Unknown registry key in ResourceKey[minecraft:root / minecraft:item]: railways:track_biomesoplenty_magic_narrow
[01Oct2026 14:10:01.147] [Worker-Main-4/ERROR] [net.minecraft.world.level.storage.loot.LootDataType/]: Couldn't parse element ResourceKey[minecraft:root / minecraft:loot_table]:railways:blocks/track_tfc_ash_narrow - Unknown registry key in ResourceKey[minecraft:root / minecraft:item]: railways:track_tfc_ash_narrow
[01Oct2026 14:10:01.148] [Worker-Main-4/ERROR] [net.minecraft.world.level.storage.loot.LootDataType/]: Couldn't parse element ResourceKey[minecraft:root / minecraft:loot_table]:railways:blocks/track_biomesoplenty_hellbark_wide - Unknown registry key in ResourceKey[minecraft:root / minecraft:item]: railways:track_biomesoplenty_hellbark_wide
[01Oct2026 14:10:01.149] [Worker-Main-4/ERROR] [net.minecraft.world.level.storage.loot.LootDataType/]: Couldn't parse element ResourceKey[minecraft:root / minecraft:loot_table]:railways:blocks/track_byg_embur_narrow - Unknown registry key in ResourceKey[minecraft:root / minecraft:item]: railways:track_byg_embur_narrow
[01Oct2026 14:10:01.149] [Worker-Main-4/ERROR] [net.minecraft.world.level.storage.loot.LootDataType/]: Couldn't parse element ResourceKey[minecraft:root / minecraft:loot_table]:railways:blocks/track_byg_skyris - Unknown registry key in ResourceKey[minecraft:root / minecraft:item]: railways:track_byg_skyris
[01Oct2026 14:10:01.149] [Worker-Main-4/ERROR] [net.minecraft.world.level.storage.loot.LootDataType/]: Couldn't parse element ResourceKey[minecraft:root / minecraft:loot_table]:railways:blocks/track_tfc_birch_narrow - Unknown registry key in ResourceKey[minecraft:root / minecraft:item]: railways:track_tfc_birch_narrow
[01Oct2026 14:10:01.149] [Worker-Main-4/ERROR] [net.minecraft.world.level.storage.loot.LootDataType/]: Couldn't parse element ResourceKey[minecraft:root / minecraft:loot_table]:railways:blocks/track_tfc_mangrove_narrow - Unknown registry key in ResourceKey[minecraft:root / minecraft:item]: railways:track_tfc_mangrove_narrow
[01Oct2026 14:10:01.149] [Worker-Main-4/ERROR] [net.minecraft.world.level.storage.loot.LootDataType/]: Couldn't parse element ResourceKey[minecraft:root / minecraft:loot_table]:railways:blocks/track_natures_spirit_willow - Unknown registry key in ResourceKey[minecraft:root / minecraft:item]: railways:track_natures_spirit_willow
[01Oct2026 14:10:01.149] [Worker-Main-4/ERROR] [net.minecraft.world.level.storage.loot.LootDataType/]: Couldn't parse element ResourceKey[minecraft:root / minecraft:loot_table]:railways:blocks/track_twilightforest_twilight_oak_wide - Unknown registry key in ResourceKey[minecraft:root / minecraft:item]: railways:track_twilightforest_twilight_oak_wide
[01Oct2026 14:10:01.149] [Worker-Main-4/ERROR] [net.minecraft.world.level.storage.loot.LootDataType/]: Couldn't parse element ResourceKey[minecraft:root / minecraft:loot_table]:railways:blocks/track_byg_sythian_wide - Unknown registry key in ResourceKey[minecraft:root / minecraft:item]: railways:track_byg_sythian_wide
[01Oct2026 14:10:01.150] [Worker-Main-4/ERROR] [net.minecraft.world.level.storage.loot.LootDataType/]: Couldn't parse element ResourceKey[minecraft:root / minecraft:loot_table]:railways:blocks/track_natures_spirit_redwood - Unknown registry key in ResourceKey[minecraft:root / minecraft:item]: railways:track_natures_spirit_redwood
[01Oct2026 14:10:01.150] [Worker-Main-4/ERROR] [net.minecraft.world.level.storage.loot.LootDataType/]: Couldn't parse element ResourceKey[minecraft:root / minecraft:loot_table]:railways:blocks/track_tfc_palm_wide - Unknown registry key in ResourceKey[minecraft:root / minecraft:item]: railways:track_tfc_palm_wide
[01Oct2026 14:10:01.150] [Worker-Main-4/ERROR] [net.minecraft.world.level.storage.loot.LootDataType/]: Couldn't parse element ResourceKey[minecraft:root / minecraft:loot_table]:railways:blocks/track_byg_palm_narrow - Unknown registry key in ResourceKey[minecraft:root / minecraft:item]: railways:track_byg_palm_narrow
[01Oct2026 14:10:01.150] [Worker-Main-4/ERROR] [net.minecraft.world.level.storage.loot.LootDataType/]: Couldn't parse element ResourceKey[minecraft:root / minecraft:loot_table]:railways:blocks/track_byg_baobab_narrow - Unknown registry key in ResourceKey[minecraft:root / minecraft:item]: railways:track_byg_baobab_narrow
[01Oct2026 14:10:01.150] [Worker-Main-4/ERROR] [net.minecraft.world.level.storage.loot.LootDataType/]: Couldn't parse element ResourceKey[minecraft:root / minecraft:loot_table]:railways:blocks/track_twilightforest_canopy_narrow - Unknown registry key in ResourceKey[minecraft:root / minecraft:item]: railways:track_twilightforest_canopy_narrow
[01Oct2026 14:10:01.151] [Worker-Main-4/ERROR] [net.minecraft.world.level.storage.loot.LootDataType/]: Couldn't parse element ResourceKey[minecraft:root / minecraft:loot_table]:railways:blocks/track_twilightforest_minewood_narrow - Unknown registry key in ResourceKey[minecraft:root / minecraft:item]: railways:track_twilightforest_minewood_narrow
[01Oct2026 14:10:01.151] [Worker-Main-4/ERROR] [net.minecraft.world.level.storage.loot.LootDataType/]: Couldn't parse element ResourceKey[minecraft:root / minecraft:loot_table]:railways:blocks/track_twilightforest_twilight_oak - Unknown registry key in ResourceKey[minecraft:root / minecraft:item]: railways:track_twilightforest_twilight_oak
[01Oct2026 14:10:01.151] [Worker-Main-4/ERROR] [net.minecraft.world.level.storage.loot.LootDataType/]: Couldn't parse element ResourceKey[minecraft:root / minecraft:loot_table]:railways:blocks/track_tfc_rosewood_narrow - Unknown registry key in ResourceKey[minecraft:root / minecraft:item]: railways:track_tfc_rosewood_narrow
[01Oct2026 14:10:01.152] [Worker-Main-4/ERROR] [net.minecraft.world.level.storage.loot.LootDataType/]: Couldn't parse element ResourceKey[minecraft:root / minecraft:loot_table]:railways:blocks/track_biomesoplenty_fir_narrow - Unknown registry key in ResourceKey[minecraft:root / minecraft:item]: railways:track_biomesoplenty_fir_narrow
[01Oct2026 14:10:01.152] [Worker-Main-4/ERROR] [net.minecraft.world.level.storage.loot.LootDataType/]: Couldn't parse element ResourceKey[minecraft:root / minecraft:loot_table]:railways:blocks/track_tfc_acacia_wide - Unknown registry key in ResourceKey[minecraft:root / minecraft:item]: railways:track_tfc_acacia_wide
[01Oct2026 14:10:01.152] [Worker-Main-4/ERROR] [net.minecraft.world.level.storage.loot.LootDataType/]: Couldn't parse element ResourceKey[minecraft:root / minecraft:loot_table]:railways:blocks/track_byg_jacaranda - Unknown registry key in ResourceKey[minecraft:root / minecraft:item]: railways:track_byg_jacaranda
[01Oct2026 14:10:01.153] [Worker-Main-4/ERROR] [net.minecraft.world.level.storage.loot.LootDataType/]: Couldn't parse element ResourceKey[minecraft:root / minecraft:loot_table]:railways:blocks/track_byg_ether_narrow - Unknown registry key in ResourceKey[minecraft:root / minecraft:item]: railways:track_byg_ether_narrow
[01Oct2026 14:10:01.153] [Worker-Main-4/ERROR] [net.minecraft.world.level.storage.loot.LootDataType/]: Couldn't parse element ResourceKey[minecraft:root / minecraft:loot_table]:railways:blocks/track_natures_spirit_wisteria - Unknown registry key in ResourceKey[minecraft:root / minecraft:item]: railways:track_natures_spirit_wisteria
[01Oct2026 14:10:01.153] [Worker-Main-4/ERROR] [net.minecraft.world.level.storage.loot.LootDataType/]: Couldn't parse element ResourceKey[minecraft:root / minecraft:loot_table]:railways:blocks/track_byg_blue_enchanted_wide - Unknown registry key in ResourceKey[minecraft:root / minecraft:item]: railways:track_byg_blue_enchanted_wide
[01Oct2026 14:10:01.153] [Worker-Main-4/ERROR] [net.minecraft.world.level.storage.loot.LootDataType/]: Couldn't parse element ResourceKey[minecraft:root / minecraft:loot_table]:railways:blocks/track_natures_spirit_maple - Unknown registry key in ResourceKey[minecraft:root / minecraft:item]: railways:track_natures_spirit_maple
[01Oct2026 14:10:01.153] [Worker-Main-4/ERROR] [net.minecraft.world.level.storage.loot.LootDataType/]: Couldn't parse element ResourceKey[minecraft:root / minecraft:loot_table]:railways:blocks/track_biomesoplenty_redwood - Unknown registry key in ResourceKey[minecraft:root / minecraft:item]: railways:track_biomesoplenty_redwood
[01Oct2026 14:10:01.154] [Worker-Main-4/ERROR] [net.minecraft.world.level.storage.loot.LootDataType/]: Couldn't parse element ResourceKey[minecraft:root / minecraft:loot_table]:railways:blocks/track_create_dd_spirit_narrow - Unknown registry key in ResourceKey[minecraft:root / minecraft:item]: railways:track_create_dd_spirit_narrow
[01Oct2026 14:10:01.154] [Worker-Main-4/ERROR] [net.minecraft.world.level.storage.loot.LootDataType/]: Couldn't parse element ResourceKey[minecraft:root / minecraft:loot_table]:railways:blocks/track_quark_ancient - Unknown registry key in ResourceKey[minecraft:root / minecraft:item]: railways:track_quark_ancient
[01Oct2026 14:10:01.154] [Worker-Main-4/ERROR] [net.minecraft.world.level.storage.loot.LootDataType/]: Couldn't parse element ResourceKey[minecraft:root / minecraft:loot_table]:railways:blocks/track_tfc_hickory - Unknown registry key in ResourceKey[minecraft:root / minecraft:item]: railways:track_tfc_hickory
[01Oct2026 14:10:01.155] [Worker-Main-4/ERROR] [net.minecraft.world.level.storage.loot.LootDataType/]: Couldn't parse element ResourceKey[minecraft:root / minecraft:loot_table]:railways:blocks/track_create_dd_rubber - Unknown registry key in ResourceKey[minecraft:root / minecraft:item]: railways:track_create_dd_rubber
[01Oct2026 14:10:01.155] [Worker-Main-4/ERROR] [net.minecraft.world.level.storage.loot.LootDataType/]: Couldn't parse element ResourceKey[minecraft:root / minecraft:loot_table]:railways:blocks/track_tfc_kapok_narrow - Unknown registry key in ResourceKey[minecraft:root / minecraft:item]: railways:track_tfc_kapok_narrow
[01Oct2026 14:10:01.155] [Worker-Main-4/ERROR] [net.minecraft.world.level.storage.loot.LootDataType/]: Couldn't parse element ResourceKey[minecraft:root / minecraft:loot_table]:railways:blocks/track_byg_fir_wide - Unknown registry key in ResourceKey[minecraft:root / minecraft:item]: railways:track_byg_fir_wide
[01Oct2026 14:10:01.156] [Worker-Main-4/ERROR] [net.minecraft.world.level.storage.loot.LootDataType/]: Couldn't parse element ResourceKey[minecraft:root / minecraft:loot_table]:railways:blocks/track_blue_skies_starlit_narrow - Unknown registry key in ResourceKey[minecraft:root / minecraft:item]: railways:track_blue_skies_starlit_narrow
[01Oct2026 14:10:01.156] [Worker-Main-4/ERROR] [net.minecraft.world.level.storage.loot.LootDataType/]: Couldn't parse element ResourceKey[minecraft:root / minecraft:loot_table]:railways:blocks/track_tfc_aspen - Unknown registry key in ResourceKey[minecraft:root / minecraft:item]: railways:track_tfc_aspen
[01Oct2026 14:10:01.158] [Worker-Main-4/ERROR] [net.minecraft.world.level.storage.loot.LootDataType/]: Couldn't parse element ResourceKey[minecraft:root / minecraft:loot_table]:railways:blocks/track_byg_zelkova - Unknown registry key in ResourceKey[minecraft:root / minecraft:item]: railways:track_byg_zelkova
[01Oct2026 14:10:01.158] [Worker-Main-4/ERROR] [net.minecraft.world.level.storage.loot.LootDataType/]: Couldn't parse element ResourceKey[minecraft:root / minecraft:loot_table]:railways:blocks/track_tfc_pine - Unknown registry key in ResourceKey[minecraft:root / minecraft:item]: railways:track_tfc_pine
[01Oct2026 14:10:01.158] [Worker-Main-4/ERROR] [net.minecraft.world.level.storage.loot.LootDataType/]: Couldn't parse element ResourceKey[minecraft:root / minecraft:loot_table]:railways:blocks/track_blue_skies_bluebright_wide - Unknown registry key in ResourceKey[minecraft:root / minecraft:item]: railways:track_blue_skies_bluebright_wide
[01Oct2026 14:10:01.158] [Worker-Main-4/ERROR] [net.minecraft.world.level.storage.loot.LootDataType/]: Couldn't parse element ResourceKey[minecraft:root / minecraft:loot_table]:railways:blocks/track_byg_mahogany - Unknown registry key in ResourceKey[minecraft:root / minecraft:item]: railways:track_byg_mahogany
[01Oct2026 14:10:01.158] [Worker-Main-4/ERROR] [net.minecraft.world.level.storage.loot.LootDataType/]: Couldn't parse element ResourceKey[minecraft:root / minecraft:loot_table]:railways:blocks/track_tfc_sequoia_wide - Unknown registry key in ResourceKey[minecraft:root / minecraft:item]: railways:track_tfc_sequoia_wide
[01Oct2026 14:10:01.158] [Worker-Main-4/ERROR] [net.minecraft.world.level.storage.loot.LootDataType/]: Couldn't parse element ResourceKey[minecraft:root / minecraft:loot_table]:railways:blocks/track_tfc_hickory_wide - Unknown registry key in ResourceKey[minecraft:root / minecraft:item]: railways:track_tfc_hickory_wide
[01Oct2026 14:10:01.158] [Worker-Main-4/ERROR] [net.minecraft.world.level.storage.loot.LootDataType/]: Couldn't parse element ResourceKey[minecraft:root / minecraft:loot_table]:railways:blocks/track_tfc_spruce_wide - Unknown registry key in ResourceKey[minecraft:root / minecraft:item]: railways:track_tfc_spruce_wide
[01Oct2026 14:10:01.158] [Worker-Main-4/ERROR] [net.minecraft.world.level.storage.loot.LootDataType/]: Couldn't parse element ResourceKey[minecraft:root / minecraft:loot_table]:railways:blocks/track_byg_zelkova_wide - Unknown registry key in ResourceKey[minecraft:root / minecraft:item]: railways:track_byg_zelkova_wide
[01Oct2026 14:10:01.159] [Worker-Main-4/ERROR] [net.minecraft.world.level.storage.loot.LootDataType/]: Couldn't parse element ResourceKey[minecraft:root / minecraft:loot_table]:railways:blocks/track_biomesoplenty_umbran_wide - Unknown registry key in ResourceKey[minecraft:root / minecraft:item]: railways:track_biomesoplenty_umbran_wide
[01Oct2026 14:10:01.160] [Worker-Main-4/ERROR] [net.minecraft.world.level.storage.loot.LootDataType/]: Couldn't parse element ResourceKey[minecraft:root / minecraft:loot_table]:railways:blocks/track_twilightforest_mangrove_wide - Unknown registry key in ResourceKey[minecraft:root / minecraft:item]: railways:track_twilightforest_mangrove_wide
[01Oct2026 14:10:01.160] [Worker-Main-4/ERROR] [net.minecraft.world.level.storage.loot.LootDataType/]: Couldn't parse element ResourceKey[minecraft:root / minecraft:loot_table]:railways:blocks/track_hexcasting_edified - Unknown registry key in ResourceKey[minecraft:root / minecraft:item]: railways:track_hexcasting_edified
[01Oct2026 14:10:01.161] [Worker-Main-4/ERROR] [net.minecraft.world.level.storage.loot.LootDataType/]: Couldn't parse element ResourceKey[minecraft:root / minecraft:loot_table]:railways:blocks/track_byg_baobab_wide - Unknown registry key in ResourceKey[minecraft:root / minecraft:item]: railways:track_byg_baobab_wide
[01Oct2026 14:10:01.161] [Worker-Main-4/ERROR] [net.minecraft.world.level.storage.loot.LootDataType/]: Couldn't parse element ResourceKey[minecraft:root / minecraft:loot_table]:railways:blocks/track_tfc_spruce_narrow - Unknown registry key in ResourceKey[minecraft:root / minecraft:item]: railways:track_tfc_spruce_narrow
[01Oct2026 14:10:01.161] [Worker-Main-4/ERROR] [net.minecraft.world.level.storage.loot.LootDataType/]: Couldn't parse element ResourceKey[minecraft:root / minecraft:loot_table]:railways:blocks/track_twilightforest_darkwood_narrow - Unknown registry key in ResourceKey[minecraft:root / minecraft:item]: railways:track_twilightforest_darkwood_narrow
[01Oct2026 14:10:01.162] [Worker-Main-4/ERROR] [net.minecraft.world.level.storage.loot.LootDataType/]: Couldn't parse element ResourceKey[minecraft:root / minecraft:loot_table]:railways:blocks/track_tfc_douglas_fir_wide - Unknown registry key in ResourceKey[minecraft:root / minecraft:item]: railways:track_tfc_douglas_fir_wide
[01Oct2026 14:10:01.162] [Worker-Main-4/ERROR] [net.minecraft.world.level.storage.loot.LootDataType/]: Couldn't parse element ResourceKey[minecraft:root / minecraft:loot_table]:railways:blocks/track_natures_spirit_palo_verde_wide - Unknown registry key in ResourceKey[minecraft:root / minecraft:item]: railways:track_natures_spirit_palo_verde_wide
[01Oct2026 14:10:01.162] [Worker-Main-4/ERROR] [net.minecraft.world.level.storage.loot.LootDataType/]: Couldn't parse element ResourceKey[minecraft:root / minecraft:loot_table]:railways:blocks/track_tfc_blackwood_narrow - Unknown registry key in ResourceKey[minecraft:root / minecraft:item]: railways:track_tfc_blackwood_narrow
[01Oct2026 14:10:01.162] [Worker-Main-4/ERROR] [net.minecraft.world.level.storage.loot.LootDataType/]: Couldn't parse element ResourceKey[minecraft:root / minecraft:loot_table]:railways:blocks/track_natures_spirit_fir - Unknown registry key in ResourceKey[minecraft:root / minecraft:item]: railways:track_natures_spirit_fir
[01Oct2026 14:10:01.162] [Worker-Main-4/ERROR] [net.minecraft.world.level.storage.loot.LootDataType/]: Couldn't parse element ResourceKey[minecraft:root / minecraft:loot_table]:railways:blocks/track_natures_spirit_olive - Unknown registry key in ResourceKey[minecraft:root / minecraft:item]: railways:track_natures_spirit_olive
[01Oct2026 14:10:01.162] [Worker-Main-4/ERROR] [net.minecraft.world.level.storage.loot.LootDataType/]: Couldn't parse element ResourceKey[minecraft:root / minecraft:loot_table]:railways:blocks/track_byg_imparius_narrow - Unknown registry key in ResourceKey[minecraft:root / minecraft:item]: railways:track_byg_imparius_narrow
[01Oct2026 14:10:01.162] [Worker-Main-4/ERROR] [net.minecraft.world.level.storage.loot.LootDataType/]: Couldn't parse element ResourceKey[minecraft:root / minecraft:loot_table]:railways:blocks/track_tfc_willow - Unknown registry key in ResourceKey[minecraft:root / minecraft:item]: railways:track_tfc_willow
[01Oct2026 14:10:01.162] [Worker-Main-4/ERROR] [net.minecraft.world.level.storage.loot.LootDataType/]: Couldn't parse element ResourceKey[minecraft:root / minecraft:loot_table]:railways:blocks/track_hexcasting_edified_wide - Unknown registry key in ResourceKey[minecraft:root / minecraft:item]: railways:track_hexcasting_edified_wide
[01Oct2026 14:10:01.162] [Worker-Main-4/ERROR] [net.minecraft.world.level.storage.loot.LootDataType/]: Couldn't parse element ResourceKey[minecraft:root / minecraft:loot_table]:railways:blocks/track_byg_witch_hazel_wide - Unknown registry key in ResourceKey[minecraft:root / minecraft:item]: railways:track_byg_witch_hazel_wide
[01Oct2026 14:10:01.162] [Worker-Main-4/ERROR] [net.minecraft.world.level.storage.loot.LootDataType/]: Couldn't parse element ResourceKey[minecraft:root / minecraft:loot_table]:railways:blocks/track_byg_willow_narrow - Unknown registry key in ResourceKey[minecraft:root / minecraft:item]: railways:track_byg_willow_narrow
[01Oct2026 14:10:01.162] [Worker-Main-4/ERROR] [net.minecraft.world.level.storage.loot.LootDataType/]: Couldn't parse element ResourceKey[minecraft:root / minecraft:loot_table]:railways:blocks/track_byg_baobab - Unknown registry key in ResourceKey[minecraft:root / minecraft:item]: railways:track_byg_baobab
[01Oct2026 14:10:01.163] [Worker-Main-4/ERROR] [net.minecraft.world.level.storage.loot.LootDataType/]: Couldn't parse element ResourceKey[minecraft:root / minecraft:loot_table]:railways:blocks/track_twilightforest_canopy - Unknown registry key in ResourceKey[minecraft:root / minecraft:item]: railways:track_twilightforest_canopy
[01Oct2026 14:10:01.163] [Worker-Main-4/ERROR] [net.minecraft.world.level.storage.loot.LootDataType/]: Couldn't parse element ResourceKey[minecraft:root / minecraft:loot_table]:railways:blocks/track_natures_spirit_fir_narrow - Unknown registry key in ResourceKey[minecraft:root / minecraft:item]: railways:track_natures_spirit_fir_narrow
[01Oct2026 14:10:01.163] [Worker-Main-4/ERROR] [net.minecraft.world.level.storage.loot.LootDataType/]: Couldn't parse element ResourceKey[minecraft:root / minecraft:loot_table]:railways:blocks/track_byg_palm_wide - Unknown registry key in ResourceKey[minecraft:root / minecraft:item]: railways:track_byg_palm_wide
[01Oct2026 14:10:01.163] [Worker-Main-4/ERROR] [net.minecraft.world.level.storage.loot.LootDataType/]: Couldn't parse element ResourceKey[minecraft:root / minecraft:loot_table]:railways:blocks/track_byg_pine_wide - Unknown registry key in ResourceKey[minecraft:root / minecraft:item]: railways:track_byg_pine_wide
[01Oct2026 14:10:01.163] [Worker-Main-4/ERROR] [net.minecraft.world.level.storage.loot.LootDataType/]: Couldn't parse element ResourceKey[minecraft:root / minecraft:loot_table]:railways:blocks/track_natures_spirit_sugi_narrow - Unknown registry key in ResourceKey[minecraft:root / minecraft:item]: railways:track_natures_spirit_sugi_narrow
[01Oct2026 14:10:01.163] [Worker-Main-4/ERROR] [net.minecraft.world.level.storage.loot.LootDataType/]: Couldn't parse element ResourceKey[minecraft:root / minecraft:loot_table]:railways:blocks/track_biomesoplenty_dead - Unknown registry key in ResourceKey[minecraft:root / minecraft:item]: railways:track_biomesoplenty_dead
[01Oct2026 14:10:01.163] [Worker-Main-4/ERROR] [net.minecraft.world.level.storage.loot.LootDataType/]: Couldn't parse element ResourceKey[minecraft:root / minecraft:loot_table]:railways:blocks/track_tfc_mangrove - Unknown registry key in ResourceKey[minecraft:root / minecraft:item]: railways:track_tfc_mangrove
[01Oct2026 14:10:01.163] [Worker-Main-4/ERROR] [net.minecraft.world.level.storage.loot.LootDataType/]: Couldn't parse element ResourceKey[minecraft:root / minecraft:loot_table]:railways:blocks/track_byg_cypress_wide - Unknown registry key in ResourceKey[minecraft:root / minecraft:item]: railways:track_byg_cypress_wide
[01Oct2026 14:10:01.163] [Worker-Main-4/ERROR] [net.minecraft.world.level.storage.loot.LootDataType/]: Couldn't parse element ResourceKey[minecraft:root / minecraft:loot_table]:railways:blocks/track_tfc_palm_narrow - Unknown registry key in ResourceKey[minecraft:root / minecraft:item]: railways:track_tfc_palm_narrow
[01Oct2026 14:10:01.163] [Worker-Main-4/ERROR] [net.minecraft.world.level.storage.loot.LootDataType/]: Couldn't parse element ResourceKey[minecraft:root / minecraft:loot_table]:railways:blocks/track_tfc_kapok_wide - Unknown registry key in ResourceKey[minecraft:root / minecraft:item]: railways:track_tfc_kapok_wide
[01Oct2026 14:10:01.163] [Worker-Main-4/ERROR] [net.minecraft.world.level.storage.loot.LootDataType/]: Couldn't parse element ResourceKey[minecraft:root / minecraft:loot_table]:railways:blocks/track_byg_maple_wide - Unknown registry key in ResourceKey[minecraft:root / minecraft:item]: railways:track_byg_maple_wide
[01Oct2026 14:10:01.163] [Worker-Main-4/ERROR] [net.minecraft.world.level.storage.loot.LootDataType/]: Couldn't parse element ResourceKey[minecraft:root / minecraft:loot_table]:railways:blocks/track_biomesoplenty_fir_wide - Unknown registry key in ResourceKey[minecraft:root / minecraft:item]: railways:track_biomesoplenty_fir_wide
[01Oct2026 14:10:01.163] [Worker-Main-4/ERROR] [net.minecraft.world.level.storage.loot.LootDataType/]: Couldn't parse element ResourceKey[minecraft:root / minecraft:loot_table]:railways:blocks/track_byg_maple - Unknown registry key in ResourceKey[minecraft:root / minecraft:item]: railways:track_byg_maple
[01Oct2026 14:10:01.163] [Worker-Main-4/ERROR] [net.minecraft.world.level.storage.loot.LootDataType/]: Couldn't parse element ResourceKey[minecraft:root / minecraft:loot_table]:railways:blocks/track_byg_lament_wide - Unknown registry key in ResourceKey[minecraft:root / minecraft:item]: railways:track_byg_lament_wide
[01Oct2026 14:10:01.164] [Worker-Main-4/ERROR] [net.minecraft.world.level.storage.loot.LootDataType/]: Couldn't parse element ResourceKey[minecraft:root / minecraft:loot_table]:railways:blocks/track_byg_blue_enchanted_narrow - Unknown registry key in ResourceKey[minecraft:root / minecraft:item]: railways:track_byg_blue_enchanted_narrow
[01Oct2026 14:10:01.164] [Worker-Main-4/ERROR] [net.minecraft.world.level.storage.loot.LootDataType/]: Couldn't parse element ResourceKey[minecraft:root / minecraft:loot_table]:railways:blocks/track_byg_mahogany_wide - Unknown registry key in ResourceKey[minecraft:root / minecraft:item]: railways:track_byg_mahogany_wide
[01Oct2026 14:10:01.164] [Worker-Main-4/ERROR] [net.minecraft.world.level.storage.loot.LootDataType/]: Couldn't parse element ResourceKey[minecraft:root / minecraft:loot_table]:railways:blocks/track_natures_spirit_ghaf - Unknown registry key in ResourceKey[minecraft:root / minecraft:item]: railways:track_natures_spirit_ghaf
[01Oct2026 14:10:01.165] [Worker-Main-4/ERROR] [net.minecraft.world.level.storage.loot.LootDataType/]: Couldn't parse element ResourceKey[minecraft:root / minecraft:loot_table]:railways:blocks/track_tfc_palm - Unknown registry key in ResourceKey[minecraft:root / minecraft:item]: railways:track_tfc_palm
[01Oct2026 14:10:01.165] [Worker-Main-4/ERROR] [net.minecraft.world.level.storage.loot.LootDataType/]: Couldn't parse element ResourceKey[minecraft:root / minecraft:loot_table]:railways:blocks/track_biomesoplenty_dead_wide - Unknown registry key in ResourceKey[minecraft:root / minecraft:item]: railways:track_biomesoplenty_dead_wide
[01Oct2026 14:10:01.165] [Worker-Main-4/ERROR] [net.minecraft.world.level.storage.loot.LootDataType/]: Couldn't parse element ResourceKey[minecraft:root / minecraft:loot_table]:railways:blocks/track_byg_blue_enchanted - Unknown registry key in ResourceKey[minecraft:root / minecraft:item]: railways:track_byg_blue_enchanted
[01Oct2026 14:10:01.165] [Worker-Main-4/ERROR] [net.minecraft.world.level.storage.loot.LootDataType/]: Couldn't parse element ResourceKey[minecraft:root / minecraft:loot_table]:railways:blocks/track_natures_spirit_maple_wide - Unknown registry key in ResourceKey[minecraft:root / minecraft:item]: railways:track_natures_spirit_maple_wide
[01Oct2026 14:10:01.165] [Worker-Main-4/ERROR] [net.minecraft.world.level.storage.loot.LootDataType/]: Couldn't parse element ResourceKey[minecraft:root / minecraft:loot_table]:railways:blocks/track_tfc_white_cedar_wide - Unknown registry key in ResourceKey[minecraft:root / minecraft:item]: railways:track_tfc_white_cedar_wide
[01Oct2026 14:10:01.165] [Worker-Main-4/ERROR] [net.minecraft.world.level.storage.loot.LootDataType/]: Couldn't parse element ResourceKey[minecraft:root / minecraft:loot_table]:railways:blocks/track_byg_imparius_wide - Unknown registry key in ResourceKey[minecraft:root / minecraft:item]: railways:track_byg_imparius_wide
[01Oct2026 14:10:01.165] [Worker-Main-4/ERROR] [net.minecraft.world.level.storage.loot.LootDataType/]: Couldn't parse element ResourceKey[minecraft:root / minecraft:loot_table]:railways:blocks/track_tfc_maple_narrow - Unknown registry key in ResourceKey[minecraft:root / minecraft:item]: railways:track_tfc_maple_narrow
[01Oct2026 14:10:01.166] [Worker-Main-4/ERROR] [net.minecraft.world.level.storage.loot.LootDataType/]: Couldn't parse element ResourceKey[minecraft:root / minecraft:loot_table]:railways:blocks/track_biomesoplenty_umbran - Unknown registry key in ResourceKey[minecraft:root / minecraft:item]: railways:track_biomesoplenty_umbran
[01Oct2026 14:10:01.166] [Worker-Main-4/ERROR] [net.minecraft.world.level.storage.loot.LootDataType/]: Couldn't parse element ResourceKey[minecraft:root / minecraft:loot_table]:railways:blocks/track_byg_palm - Unknown registry key in ResourceKey[minecraft:root / minecraft:item]: railways:track_byg_palm
[01Oct2026 14:10:01.167] [Worker-Main-4/ERROR] [net.minecraft.world.level.storage.loot.LootDataType/]: Couldn't parse element ResourceKey[minecraft:root / minecraft:loot_table]:railways:blocks/track_blue_skies_dusk_wide - Unknown registry key in ResourceKey[minecraft:root / minecraft:item]: railways:track_blue_skies_dusk_wide
[01Oct2026 14:10:01.167] [Worker-Main-4/ERROR] [net.minecraft.world.level.storage.loot.LootDataType/]: Couldn't parse element ResourceKey[minecraft:root / minecraft:loot_table]:railways:blocks/track_twilightforest_minewood - Unknown registry key in ResourceKey[minecraft:root / minecraft:item]: railways:track_twilightforest_minewood
[01Oct2026 14:10:01.167] [Worker-Main-4/ERROR] [net.minecraft.world.level.storage.loot.LootDataType/]: Couldn't parse element ResourceKey[minecraft:root / minecraft:loot_table]:railways:blocks/track_blue_skies_frostbright_wide - Unknown registry key in ResourceKey[minecraft:root / minecraft:item]: railways:track_blue_skies_frostbright_wide
[01Oct2026 14:10:01.168] [Worker-Main-4/ERROR] [net.minecraft.world.level.storage.loot.LootDataType/]: Couldn't parse element ResourceKey[minecraft:root / minecraft:loot_table]:railways:blocks/track_byg_pine_narrow - Unknown registry key in ResourceKey[minecraft:root / minecraft:item]: railways:track_byg_pine_narrow
[01Oct2026 14:10:01.168] [Worker-Main-4/ERROR] [net.minecraft.world.level.storage.loot.LootDataType/]: Couldn't parse element ResourceKey[minecraft:root / minecraft:loot_table]:railways:blocks/track_natures_spirit_olive_wide - Unknown registry key in ResourceKey[minecraft:root / minecraft:item]: railways:track_natures_spirit_olive_wide
[01Oct2026 14:10:01.168] [Worker-Main-4/ERROR] [net.minecraft.world.level.storage.loot.LootDataType/]: Couldn't parse element ResourceKey[minecraft:root / minecraft:loot_table]:railways:blocks/track_natures_spirit_sugi_wide - Unknown registry key in ResourceKey[minecraft:root / minecraft:item]: railways:track_natures_spirit_sugi_wide
[01Oct2026 14:10:01.168] [Worker-Main-4/ERROR] [net.minecraft.world.level.storage.loot.LootDataType/]: Couldn't parse element ResourceKey[minecraft:root / minecraft:loot_table]:railways:blocks/track_byg_aspen_narrow - Unknown registry key in ResourceKey[minecraft:root / minecraft:item]: railways:track_byg_aspen_narrow
[01Oct2026 14:10:01.168] [Worker-Main-4/ERROR] [net.minecraft.world.level.storage.loot.LootDataType/]: Couldn't parse element ResourceKey[minecraft:root / minecraft:loot_table]:railways:blocks/track_tfc_sequoia_narrow - Unknown registry key in ResourceKey[minecraft:root / minecraft:item]: railways:track_tfc_sequoia_narrow
[01Oct2026 14:10:01.168] [Worker-Main-4/ERROR] [net.minecraft.world.level.storage.loot.LootDataType/]: Couldn't parse element ResourceKey[minecraft:root / minecraft:loot_table]:railways:blocks/track_twilightforest_sortingwood_narrow - Unknown registry key in ResourceKey[minecraft:root / minecraft:item]: railways:track_twilightforest_sortingwood_narrow
[01Oct2026 14:10:01.168] [Worker-Main-4/ERROR] [net.minecraft.world.level.storage.loot.LootDataType/]: Couldn't parse element ResourceKey[minecraft:root / minecraft:loot_table]:railways:blocks/track_tfc_spruce - Unknown registry key in ResourceKey[minecraft:root / minecraft:item]: railways:track_tfc_spruce
[01Oct2026 14:10:01.168] [Worker-Main-4/ERROR] [net.minecraft.world.level.storage.loot.LootDataType/]: Couldn't parse element ResourceKey[minecraft:root / minecraft:loot_table]:railways:blocks/track_tfc_douglas_fir_narrow - Unknown registry key in ResourceKey[minecraft:root / minecraft:item]: railways:track_tfc_douglas_fir_narrow
[01Oct2026 14:10:01.169] [Worker-Main-4/ERROR] [net.minecraft.world.level.storage.loot.LootDataType/]: Couldn't parse element ResourceKey[minecraft:root / minecraft:loot_table]:railways:blocks/track_biomesoplenty_hellbark_narrow - Unknown registry key in ResourceKey[minecraft:root / minecraft:item]: railways:track_biomesoplenty_hellbark_narrow
[01Oct2026 14:10:01.169] [Worker-Main-4/ERROR] [net.minecraft.world.level.storage.loot.LootDataType/]: Couldn't parse element ResourceKey[minecraft:root / minecraft:loot_table]:railways:blocks/track_tfc_white_cedar_narrow - Unknown registry key in ResourceKey[minecraft:root / minecraft:item]: railways:track_tfc_white_cedar_narrow
[01Oct2026 14:10:01.169] [Worker-Main-4/ERROR] [net.minecraft.world.level.storage.loot.LootDataType/]: Couldn't parse element ResourceKey[minecraft:root / minecraft:loot_table]:railways:blocks/track_byg_fir - Unknown registry key in ResourceKey[minecraft:root / minecraft:item]: railways:track_byg_fir
[01Oct2026 14:10:01.169] [Worker-Main-4/ERROR] [net.minecraft.world.level.storage.loot.LootDataType/]: Couldn't parse element ResourceKey[minecraft:root / minecraft:loot_table]:railways:blocks/track_natures_spirit_aspen_narrow - Unknown registry key in ResourceKey[minecraft:root / minecraft:item]: railways:track_natures_spirit_aspen_narrow
[01Oct2026 14:10:01.169] [Worker-Main-4/ERROR] [net.minecraft.world.level.storage.loot.LootDataType/]: Couldn't parse element ResourceKey[minecraft:root / minecraft:loot_table]:railways:blocks/track_tfc_pine_wide - Unknown registry key in ResourceKey[minecraft:root / minecraft:item]: railways:track_tfc_pine_wide
[01Oct2026 14:10:01.170] [Worker-Main-4/ERROR] [net.minecraft.world.level.storage.loot.LootDataType/]: Couldn't parse element ResourceKey[minecraft:root / minecraft:loot_table]:railways:blocks/track_byg_rainbow_eucalyptus - Unknown registry key in ResourceKey[minecraft:root / minecraft:item]: railways:track_byg_rainbow_eucalyptus
[01Oct2026 14:10:01.170] [Worker-Main-4/ERROR] [net.minecraft.world.level.storage.loot.LootDataType/]: Couldn't parse element ResourceKey[minecraft:root / minecraft:loot_table]:railways:blocks/track_twilightforest_darkwood_wide - Unknown registry key in ResourceKey[minecraft:root / minecraft:item]: railways:track_twilightforest_darkwood_wide
[01Oct2026 14:10:01.171] [Worker-Main-4/ERROR] [net.minecraft.world.level.storage.loot.LootDataType/]: Couldn't parse element ResourceKey[minecraft:root / minecraft:loot_table]:railways:blocks/track_tfc_mangrove_wide - Unknown registry key in ResourceKey[minecraft:root / minecraft:item]: railways:track_tfc_mangrove_wide
[01Oct2026 14:10:01.171] [Worker-Main-4/ERROR] [net.minecraft.world.level.storage.loot.LootDataType/]: Couldn't parse element ResourceKey[minecraft:root / minecraft:loot_table]:railways:blocks/track_tfc_ash - Unknown registry key in ResourceKey[minecraft:root / minecraft:item]: railways:track_tfc_ash
[01Oct2026 14:10:01.171] [Worker-Main-4/ERROR] [net.minecraft.world.level.storage.loot.LootDataType/]: Couldn't parse element ResourceKey[minecraft:root / minecraft:loot_table]:railways:blocks/track_byg_redwood - Unknown registry key in ResourceKey[minecraft:root / minecraft:item]: railways:track_byg_redwood
[01Oct2026 14:10:01.172] [Worker-Main-4/ERROR] [net.minecraft.world.level.storage.loot.LootDataType/]: Couldn't parse element ResourceKey[minecraft:root / minecraft:loot_table]:railways:blocks/track_create_dd_rubber_wide - Unknown registry key in ResourceKey[minecraft:root / minecraft:item]: railways:track_create_dd_rubber_wide
[01Oct2026 14:10:01.172] [Worker-Main-4/ERROR] [net.minecraft.world.level.storage.loot.LootDataType/]: Couldn't parse element ResourceKey[minecraft:root / minecraft:loot_table]:railways:blocks/track_natures_spirit_ghaf_wide - Unknown registry key in ResourceKey[minecraft:root / minecraft:item]: railways:track_natures_spirit_ghaf_wide
[01Oct2026 14:10:01.172] [Worker-Main-4/ERROR] [net.minecraft.world.level.storage.loot.LootDataType/]: Couldn't parse element ResourceKey[minecraft:root / minecraft:loot_table]:railways:blocks/track_natures_spirit_wisteria_narrow - Unknown registry key in ResourceKey[minecraft:root / minecraft:item]: railways:track_natures_spirit_wisteria_narrow
[01Oct2026 14:10:01.173] [Worker-Main-4/ERROR] [net.minecraft.world.level.storage.loot.LootDataType/]: Couldn't parse element ResourceKey[minecraft:root / minecraft:loot_table]:railways:blocks/track_natures_spirit_palo_verde - Unknown registry key in ResourceKey[minecraft:root / minecraft:item]: railways:track_natures_spirit_palo_verde
[01Oct2026 14:10:01.173] [Worker-Main-4/ERROR] [net.minecraft.world.level.storage.loot.LootDataType/]: Couldn't parse element ResourceKey[minecraft:root / minecraft:loot_table]:railways:blocks/track_tfc_sequoia - Unknown registry key in ResourceKey[minecraft:root / minecraft:item]: railways:track_tfc_sequoia
[01Oct2026 14:10:01.173] [Worker-Main-4/ERROR] [net.minecraft.world.level.storage.loot.LootDataType/]: Couldn't parse element ResourceKey[minecraft:root / minecraft:loot_table]:railways:blocks/track_byg_holly - Unknown registry key in ResourceKey[minecraft:root / minecraft:item]: railways:track_byg_holly
[01Oct2026 14:10:01.173] [Worker-Main-4/ERROR] [net.minecraft.world.level.storage.loot.LootDataType/]: Couldn't parse element ResourceKey[minecraft:root / minecraft:loot_table]:railways:blocks/track_biomesoplenty_palm_wide - Unknown registry key in ResourceKey[minecraft:root / minecraft:item]: railways:track_biomesoplenty_palm_wide
[01Oct2026 14:10:01.173] [Worker-Main-4/ERROR] [net.minecraft.world.level.storage.loot.LootDataType/]: Couldn't parse element ResourceKey[minecraft:root / minecraft:loot_table]:railways:blocks/track_tfc_maple_wide - Unknown registry key in ResourceKey[minecraft:root / minecraft:item]: railways:track_tfc_maple_wide
[01Oct2026 14:10:01.173] [Worker-Main-4/ERROR] [net.minecraft.world.level.storage.loot.LootDataType/]: Couldn't parse element ResourceKey[minecraft:root / minecraft:loot_table]:railways:blocks/track_blue_skies_lunar - Unknown registry key in ResourceKey[minecraft:root / minecraft:item]: railways:track_blue_skies_lunar
[01Oct2026 14:10:01.174] [Worker-Main-4/ERROR] [net.minecraft.world.level.storage.loot.LootDataType/]: Couldn't parse element ResourceKey[minecraft:root / minecraft:loot_table]:railways:blocks/track_natures_spirit_redwood_wide - Unknown registry key in ResourceKey[minecraft:root / minecraft:item]: railways:track_natures_spirit_redwood_wide
[01Oct2026 14:10:01.174] [Worker-Main-4/ERROR] [net.minecraft.world.level.storage.loot.LootDataType/]: Couldn't parse element ResourceKey[minecraft:root / minecraft:loot_table]:railways:blocks/track_blue_skies_lunar_narrow - Unknown registry key in ResourceKey[minecraft:root / minecraft:item]: railways:track_blue_skies_lunar_narrow
[01Oct2026 14:10:01.174] [Worker-Main-4/ERROR] [net.minecraft.world.level.storage.loot.LootDataType/]: Couldn't parse element ResourceKey[minecraft:root / minecraft:loot_table]:railways:blocks/track_byg_lament - Unknown registry key in ResourceKey[minecraft:root / minecraft:item]: railways:track_byg_lament
[01Oct2026 14:10:01.174] [Worker-Main-4/ERROR] [net.minecraft.world.level.storage.loot.LootDataType/]: Couldn't parse element ResourceKey[minecraft:root / minecraft:loot_table]:railways:blocks/track_natures_spirit_aspen_wide - Unknown registry key in ResourceKey[minecraft:root / minecraft:item]: railways:track_natures_spirit_aspen_wide
[01Oct2026 14:10:01.174] [Worker-Main-4/ERROR] [net.minecraft.world.level.storage.loot.LootDataType/]: Couldn't parse element ResourceKey[minecraft:root / minecraft:loot_table]:railways:blocks/track_tfc_sycamore_narrow - Unknown registry key in ResourceKey[minecraft:root / minecraft:item]: railways:track_tfc_sycamore_narrow
[01Oct2026 14:10:01.175] [Worker-Main-4/ERROR] [net.minecraft.world.level.storage.loot.LootDataType/]: Couldn't parse element ResourceKey[minecraft:root / minecraft:loot_table]:railways:blocks/track_byg_ebony_narrow - Unknown registry key in ResourceKey[minecraft:root / minecraft:item]: railways:track_byg_ebony_narrow
[01Oct2026 14:10:01.175] [Worker-Main-4/ERROR] [net.minecraft.world.level.storage.loot.LootDataType/]: Couldn't parse element ResourceKey[minecraft:root / minecraft:loot_table]:railways:blocks/track_byg_holly_wide - Unknown registry key in ResourceKey[minecraft:root / minecraft:item]: railways:track_byg_holly_wide
[01Oct2026 14:10:01.175] [Worker-Main-4/ERROR] [net.minecraft.world.level.storage.loot.LootDataType/]: Couldn't parse element ResourceKey[minecraft:root / minecraft:loot_table]:railways:blocks/track_tfc_aspen_narrow - Unknown registry key in ResourceKey[minecraft:root / minecraft:item]: railways:track_tfc_aspen_narrow
[01Oct2026 14:10:01.175] [Worker-Main-4/ERROR] [net.minecraft.world.level.storage.loot.LootDataType/]: Couldn't parse element ResourceKey[minecraft:root / minecraft:loot_table]:railways:blocks/track_natures_spirit_redwood_narrow - Unknown registry key in ResourceKey[minecraft:root / minecraft:item]: railways:track_natures_spirit_redwood_narrow
[01Oct2026 14:10:01.175] [Worker-Main-4/ERROR] [net.minecraft.world.level.storage.loot.LootDataType/]: Couldn't parse element ResourceKey[minecraft:root / minecraft:loot_table]:railways:blocks/track_create_dd_spirit_wide - Unknown registry key in ResourceKey[minecraft:root / minecraft:item]: railways:track_create_dd_spirit_wide
[01Oct2026 14:10:01.175] [Worker-Main-4/ERROR] [net.minecraft.world.level.storage.loot.LootDataType/]: Couldn't parse element ResourceKey[minecraft:root / minecraft:loot_table]:railways:blocks/track_create_dd_smoked_wide - Unknown registry key in ResourceKey[minecraft:root / minecraft:item]: railways:track_create_dd_smoked_wide
[01Oct2026 14:10:01.175] [Worker-Main-4/ERROR] [net.minecraft.world.level.storage.loot.LootDataType/]: Couldn't parse element ResourceKey[minecraft:root / minecraft:loot_table]:railways:blocks/track_quark_blossom_wide - Unknown registry key in ResourceKey[minecraft:root / minecraft:item]: railways:track_quark_blossom_wide
[01Oct2026 14:10:01.175] [Worker-Main-4/ERROR] [net.minecraft.world.level.storage.loot.LootDataType/]: Couldn't parse element ResourceKey[minecraft:root / minecraft:loot_table]:railways:blocks/track_biomesoplenty_magic - Unknown registry key in ResourceKey[minecraft:root / minecraft:item]: railways:track_biomesoplenty_magic
[01Oct2026 14:10:01.175] [Worker-Main-4/ERROR] [net.minecraft.world.level.storage.loot.LootDataType/]: Couldn't parse element ResourceKey[minecraft:root / minecraft:loot_table]:railways:blocks/track_twilightforest_canopy_wide - Unknown registry key in ResourceKey[minecraft:root / minecraft:item]: railways:track_twilightforest_canopy_wide
[01Oct2026 14:10:01.177] [Worker-Main-4/ERROR] [net.minecraft.world.level.storage.loot.LootDataType/]: Couldn't parse element ResourceKey[minecraft:root / minecraft:loot_table]:railways:blocks/track_byg_ether - Unknown registry key in ResourceKey[minecraft:root / minecraft:item]: railways:track_byg_ether
[01Oct2026 14:10:01.178] [Worker-Main-4/ERROR] [net.minecraft.world.level.storage.loot.LootDataType/]: Couldn't parse element ResourceKey[minecraft:root / minecraft:loot_table]:railways:blocks/track_biomesoplenty_willow_wide - Unknown registry key in ResourceKey[minecraft:root / minecraft:item]: railways:track_biomesoplenty_willow_wide
[01Oct2026 14:10:01.178] [Worker-Main-4/ERROR] [net.minecraft.world.level.storage.loot.LootDataType/]: Couldn't parse element ResourceKey[minecraft:root / minecraft:loot_table]:railways:blocks/track_blue_skies_starlit_wide - Unknown registry key in ResourceKey[minecraft:root / minecraft:item]: railways:track_blue_skies_starlit_wide
[01Oct2026 14:10:01.178] [Worker-Main-4/ERROR] [net.minecraft.world.level.storage.loot.LootDataType/]: Couldn't parse element ResourceKey[minecraft:root / minecraft:loot_table]:railways:blocks/track_natures_spirit_ghaf_narrow - Unknown registry key in ResourceKey[minecraft:root / minecraft:item]: railways:track_natures_spirit_ghaf_narrow
[01Oct2026 14:10:01.178] [Worker-Main-4/ERROR] [net.minecraft.world.level.storage.loot.LootDataType/]: Couldn't parse element ResourceKey[minecraft:root / minecraft:loot_table]:railways:blocks/track_byg_cika - Unknown registry key in ResourceKey[minecraft:root / minecraft:item]: railways:track_byg_cika
[01Oct2026 14:10:01.178] [Worker-Main-4/ERROR] [net.minecraft.world.level.storage.loot.LootDataType/]: Couldn't parse element ResourceKey[minecraft:root / minecraft:loot_table]:railways:blocks/track_biomesoplenty_palm_narrow - Unknown registry key in ResourceKey[minecraft:root / minecraft:item]: railways:track_biomesoplenty_palm_narrow
[01Oct2026 14:10:01.178] [Worker-Main-4/ERROR] [net.minecraft.world.level.storage.loot.LootDataType/]: Couldn't parse element ResourceKey[minecraft:root / minecraft:loot_table]:railways:blocks/track_byg_witch_hazel - Unknown registry key in ResourceKey[minecraft:root / minecraft:item]: railways:track_byg_witch_hazel
[01Oct2026 14:10:01.179] [Worker-Main-4/ERROR] [net.minecraft.world.level.storage.loot.LootDataType/]: Couldn't parse element ResourceKey[minecraft:root / minecraft:loot_table]:railways:blocks/track_natures_spirit_willow_wide - Unknown registry key in ResourceKey[minecraft:root / minecraft:item]: railways:track_natures_spirit_willow_wide
[01Oct2026 14:10:01.179] [Worker-Main-4/ERROR] [net.minecraft.world.level.storage.loot.LootDataType/]: Couldn't parse element ResourceKey[minecraft:root / minecraft:loot_table]:railways:blocks/track_quark_blossom - Unknown registry key in ResourceKey[minecraft:root / minecraft:item]: railways:track_quark_blossom
[01Oct2026 14:10:01.179] [Worker-Main-4/ERROR] [net.minecraft.world.level.storage.loot.LootDataType/]: Couldn't parse element ResourceKey[minecraft:root / minecraft:loot_table]:railways:blocks/track_biomesoplenty_jacaranda_narrow - Unknown registry key in ResourceKey[minecraft:root / minecraft:item]: railways:track_biomesoplenty_jacaranda_narrow
[01Oct2026 14:10:01.179] [Worker-Main-4/ERROR] [net.minecraft.world.level.storage.loot.LootDataType/]: Couldn't parse element ResourceKey[minecraft:root / minecraft:loot_table]:railways:blocks/track_quark_azalea_wide - Unknown registry key in ResourceKey[minecraft:root / minecraft:item]: railways:track_quark_azalea_wide
[01Oct2026 14:10:01.179] [Worker-Main-4/ERROR] [net.minecraft.world.level.storage.loot.LootDataType/]: Couldn't parse element ResourceKey[minecraft:root / minecraft:loot_table]:railways:blocks/track_byg_cypress - Unknown registry key in ResourceKey[minecraft:root / minecraft:item]: railways:track_byg_cypress
[01Oct2026 14:10:01.180] [Worker-Main-4/ERROR] [net.minecraft.world.level.storage.loot.LootDataType/]: Couldn't parse element ResourceKey[minecraft:root / minecraft:loot_table]:railways:blocks/track_natures_spirit_joshua - Unknown registry key in ResourceKey[minecraft:root / minecraft:item]: railways:track_natures_spirit_joshua
[01Oct2026 14:10:01.180] [Worker-Main-4/ERROR] [net.minecraft.world.level.storage.loot.LootDataType/]: Couldn't parse element ResourceKey[minecraft:root / minecraft:loot_table]:railways:blocks/track_twilightforest_twilight_oak_narrow - Unknown registry key in ResourceKey[minecraft:root / minecraft:item]: railways:track_twilightforest_twilight_oak_narrow
[01Oct2026 14:10:01.180] [Worker-Main-4/ERROR] [net.minecraft.world.level.storage.loot.LootDataType/]: Couldn't parse element ResourceKey[minecraft:root / minecraft:loot_table]:railways:blocks/track_byg_bulbis - Unknown registry key in ResourceKey[minecraft:root / minecraft:item]: railways:track_byg_bulbis
[01Oct2026 14:10:01.180] [Worker-Main-4/ERROR] [net.minecraft.world.level.storage.loot.LootDataType/]: Couldn't parse element ResourceKey[minecraft:root / minecraft:loot_table]:railways:blocks/track_byg_cypress_narrow - Unknown registry key in ResourceKey[minecraft:root / minecraft:item]: railways:track_byg_cypress_narrow
[01Oct2026 14:10:01.180] [Worker-Main-4/ERROR] [net.minecraft.world.level.storage.loot.LootDataType/]: Couldn't parse element ResourceKey[minecraft:root / minecraft:loot_table]:railways:blocks/track_byg_sythian - Unknown registry key in ResourceKey[minecraft:root / minecraft:item]: railways:track_byg_sythian
[01Oct2026 14:10:01.180] [Worker-Main-4/ERROR] [net.minecraft.world.level.storage.loot.LootDataType/]: Couldn't parse element ResourceKey[minecraft:root / minecraft:loot_table]:railways:blocks/track_blue_skies_maple_wide - Unknown registry key in ResourceKey[minecraft:root / minecraft:item]: railways:track_blue_skies_maple_wide
[01Oct2026 14:10:01.181] [Worker-Main-4/ERROR] [net.minecraft.world.level.storage.loot.LootDataType/]: Couldn't parse element ResourceKey[minecraft:root / minecraft:loot_table]:railways:blocks/track_biomesoplenty_redwood_wide - Unknown registry key in ResourceKey[minecraft:root / minecraft:item]: railways:track_biomesoplenty_redwood_wide
[01Oct2026 14:10:01.181] [Worker-Main-4/ERROR] [net.minecraft.world.level.storage.loot.LootDataType/]: Couldn't parse element ResourceKey[minecraft:root / minecraft:loot_table]:railways:blocks/track_biomesoplenty_fir - Unknown registry key in ResourceKey[minecraft:root / minecraft:item]: railways:track_biomesoplenty_fir
[01Oct2026 14:10:01.181] [Worker-Main-4/ERROR] [net.minecraft.world.level.storage.loot.LootDataType/]: Couldn't parse element ResourceKey[minecraft:root / minecraft:loot_table]:railways:blocks/track_natures_spirit_maple_narrow - Unknown registry key in ResourceKey[minecraft:root / minecraft:item]: railways:track_natures_spirit_maple_narrow
[01Oct2026 14:10:01.181] [Worker-Main-4/ERROR] [net.minecraft.world.level.storage.loot.LootDataType/]: Couldn't parse element ResourceKey[minecraft:root / minecraft:loot_table]:railways:blocks/track_biomesoplenty_willow_narrow - Unknown registry key in ResourceKey[minecraft:root / minecraft:item]: railways:track_biomesoplenty_willow_narrow
[01Oct2026 14:10:01.181] [Worker-Main-4/ERROR] [net.minecraft.world.level.storage.loot.LootDataType/]: Couldn't parse element ResourceKey[minecraft:root / minecraft:loot_table]:railways:blocks/track_twilightforest_timewood_narrow - Unknown registry key in ResourceKey[minecraft:root / minecraft:item]: railways:track_twilightforest_timewood_narrow
[01Oct2026 14:10:01.181] [Worker-Main-4/ERROR] [net.minecraft.world.level.storage.loot.LootDataType/]: Couldn't parse element ResourceKey[minecraft:root / minecraft:loot_table]:railways:blocks/track_quark_azalea - Unknown registry key in ResourceKey[minecraft:root / minecraft:item]: railways:track_quark_azalea
[01Oct2026 14:10:01.182] [Worker-Main-4/ERROR] [net.minecraft.world.level.storage.loot.LootDataType/]: Couldn't parse element ResourceKey[minecraft:root / minecraft:loot_table]:railways:blocks/track_twilightforest_timewood_wide - Unknown registry key in ResourceKey[minecraft:root / minecraft:item]: railways:track_twilightforest_timewood_wide
[01Oct2026 14:10:01.182] [Worker-Main-4/ERROR] [net.minecraft.world.level.storage.loot.LootDataType/]: Couldn't parse element ResourceKey[minecraft:root / minecraft:loot_table]:railways:blocks/track_tfc_birch - Unknown registry key in ResourceKey[minecraft:root / minecraft:item]: railways:track_tfc_birch
[01Oct2026 14:10:01.183] [Worker-Main-4/ERROR] [net.minecraft.world.level.storage.loot.LootDataType/]: Couldn't parse element ResourceKey[minecraft:root / minecraft:loot_table]:railways:blocks/track_byg_skyris_wide - Unknown registry key in ResourceKey[minecraft:root / minecraft:item]: railways:track_byg_skyris_wide
[01Oct2026 14:10:01.183] [Worker-Main-4/ERROR] [net.minecraft.world.level.storage.loot.LootDataType/]: Couldn't parse element ResourceKey[minecraft:root / minecraft:loot_table]:railways:blocks/track_biomesoplenty_jacaranda - Unknown registry key in ResourceKey[minecraft:root / minecraft:item]: railways:track_biomesoplenty_jacaranda
[01Oct2026 14:10:01.183] [Worker-Main-4/ERROR] [net.minecraft.world.level.storage.loot.LootDataType/]: Couldn't parse element ResourceKey[minecraft:root / minecraft:loot_table]:railways:blocks/track_twilightforest_transwood - Unknown registry key in ResourceKey[minecraft:root / minecraft:item]: railways:track_twilightforest_transwood
[01Oct2026 14:10:01.183] [Worker-Main-4/ERROR] [net.minecraft.world.level.storage.loot.LootDataType/]: Couldn't parse element ResourceKey[minecraft:root / minecraft:loot_table]:railways:blocks/track_biomesoplenty_hellbark - Unknown registry key in ResourceKey[minecraft:root / minecraft:item]: railways:track_biomesoplenty_hellbark
[01Oct2026 14:10:01.184] [Worker-Main-4/ERROR] [net.minecraft.world.level.storage.loot.LootDataType/]: Couldn't parse element ResourceKey[minecraft:root / minecraft:loot_table]:railways:blocks/track_tfc_pine_narrow - Unknown registry key in ResourceKey[minecraft:root / minecraft:item]: railways:track_tfc_pine_narrow
[01Oct2026 14:10:01.184] [Worker-Main-4/ERROR] [net.minecraft.world.level.storage.loot.LootDataType/]: Couldn't parse element ResourceKey[minecraft:root / minecraft:loot_table]:railways:blocks/track_biomesoplenty_redwood_narrow - Unknown registry key in ResourceKey[minecraft:root / minecraft:item]: railways:track_biomesoplenty_redwood_narrow
[01Oct2026 14:10:01.184] [Worker-Main-4/ERROR] [net.minecraft.world.level.storage.loot.LootDataType/]: Couldn't parse element ResourceKey[minecraft:root / minecraft:loot_table]:railways:blocks/track_create_dd_smoked_narrow - Unknown registry key in ResourceKey[minecraft:root / minecraft:item]: railways:track_create_dd_smoked_narrow
[01Oct2026 14:10:01.401] [Server thread/INFO] [net.minecraft.world.item.crafting.RecipeManager/]: Loaded 4109 recipes
[01Oct2026 14:10:01.481] [Server thread/INFO] [net.minecraft.advancements.AdvancementTree/]: Loaded 3670 advancements
[01Oct2026 14:10:01.483] [Server thread/INFO] [com.stonytark.magnetization.content.gas.GasExcitationProfiles/]: Loaded 0 gas excitation fluid profile bindings
[01Oct2026 14:10:01.487] [Server thread/WARN] [net.minecraft.core.MappedRegistry/]: Not all defined tags for registry ResourceKey[minecraft:root / minecraft:item] are present in data pack: c:ingots/aluminum
[01Oct2026 14:10:02.647] [Server thread/INFO] [magnetization/]: Stripped 1 recipe(s) producing disabled magnetization content.
[01Oct2026 14:10:02.660] [Server thread/INFO] [magnetization/validation-audit/]: VALIDATION_NATIVE_CRAFT_PASS material=magnetization:raw_magnetite consumed=book+material output=1 patchouli:guide_book
[01Oct2026 14:10:02.663] [Server thread/INFO] [magnetization/validation-audit/]: VALIDATION_NATIVE_CRAFT_PASS material=minecraft:lodestone consumed=book+material output=1 patchouli:guide_book
[01Oct2026 14:10:02.663] [Server thread/INFO] [magnetization/validation-audit/]: VALIDATION_RECIPES_PASS magnetite=true iron=false lodestone=true
[01Oct2026 14:10:03.624] [Server thread/INFO] [magnetization/validation-audit/]: VALIDATION_SERVER_PASS phase=initial
[01Oct2026 14:10:03.674] [Server thread/INFO] [net.minecraft.server.MinecraftServer/]: Stopping server
[01Oct2026 14:10:03.676] [Server thread/INFO] [net.minecraft.server.MinecraftServer/]: Saving players
[01Oct2026 14:10:03.820] [Server thread/INFO] [net.minecraft.server.MinecraftServer/]: Saving worlds
[01Oct2026 14:10:04.195] [Server thread/INFO] [net.minecraft.server.MinecraftServer/]: Saving chunks for level 'ServerLevel[world]'/minecraft:overworld
[01Oct2026 14:10:04.195] [Server thread/INFO] [dev.ryanhcode.sable.Sable/]: Saving sub-levels for level 'ServerLevel[world]'/minecraft:overworld
[01Oct2026 14:10:06.115] [Server thread/INFO] [net.minecraft.server.MinecraftServer/]: Saving chunks for level 'ServerLevel[world]'/minecraft:the_nether
[01Oct2026 14:10:06.115] [Server thread/INFO] [dev.ryanhcode.sable.Sable/]: Saving sub-levels for level 'ServerLevel[world]'/minecraft:the_nether
[01Oct2026 14:10:06.438] [Server thread/INFO] [net.minecraft.server.MinecraftServer/]: Saving chunks for level 'ServerLevel[world]'/minecraft:the_end
[01Oct2026 14:10:06.438] [Server thread/INFO] [dev.ryanhcode.sable.Sable/]: Saving sub-levels for level 'ServerLevel[world]'/minecraft:the_end
[01Oct2026 14:10:06.938] [Server thread/INFO] [net.minecraft.server.MinecraftServer/]: ThreadedAnvilChunkStorage (world): All chunks are saved
[01Oct2026 14:10:06.938] [Server thread/INFO] [net.minecraft.server.MinecraftServer/]: ThreadedAnvilChunkStorage (DIM-1): All chunks are saved
[01Oct2026 14:10:06.938] [Server thread/INFO] [net.minecraft.server.MinecraftServer/]: ThreadedAnvilChunkStorage (DIM1): All chunks are saved
[01Oct2026 14:10:06.938] [Server thread/INFO] [net.minecraft.server.MinecraftServer/]: ThreadedAnvilChunkStorage: All dimensions are saved
