[01Oct2026 12:44:43.500] [main/INFO] [cpw.mods.modlauncher.Launcher/MODLAUNCHER]: ModLauncher running: args [--launchTarget, forgeclientdev, --version, 21.1.252, --assetIndex, 17, --assetsDir, /home/braydon/.gradle/caches/neoformruntime/assets, --gameDir, ., --fml.fmlVersion, 4.0.44, --fml.mcVersion, 1.21.1, --fml.neoForgeVersion, 21.1.252, --fml.neoFormVersion, 20240808.144430, --width, 1280, --height, 720, --username, Validation, --quickPlayMultiplayer, 127.0.0.1:60197]
[01Oct2026 12:44:43.502] [main/INFO] [cpw.mods.modlauncher.Launcher/MODLAUNCHER]: JVM identified as Arch Linux OpenJDK 64-Bit Server VM 21.0.12.1+1
[01Oct2026 12:44:43.503] [main/INFO] [cpw.mods.modlauncher.Launcher/MODLAUNCHER]: ModLauncher 11.0.5+main.901c6ea8 starting: java version 21.0.12.1 by Arch Linux; OS Linux arch amd64 version 7.2.7-zen1-1-zen
[01Oct2026 12:44:43.552] [main/INFO] [net.neoforged.fml.loading.ImmediateWindowHandler/]: Loading ImmediateWindowProvider fmlearlywindow
[01Oct2026 12:44:43.623] [main/INFO] [EARLYDISPLAY/]: Trying GL version 4.6
[01Oct2026 12:44:43.663] [main/INFO] [EARLYDISPLAY/]: Requested GL version 4.6 got version 4.6
[01Oct2026 12:44:43.706] [main/INFO] [mixin/]: SpongePowered MIXIN Subsystem Version=0.8.7 Source=union:/home/braydon/.gradle/caches/modules-2/files-2.1/net.fabricmc/sponge-mixin/0.15.2+mixin.0.8.7/2af2f021d8e02a0220dc27a7a72b4666d66d44ca/sponge-mixin-0.15.2+mixin.0.8.7.jar%23126!/ Service=ModLauncher Env=CLIENT
[01Oct2026 12:44:43.746] [pool-2-thread-1/INFO] [EARLYDISPLAY/]: GL info: llvmpipe (LLVM 23.1.1, 256 bits) GL version 4.6 (Core Profile) Mesa 26.2.3-arch1.2, Mesa
[01Oct2026 12:44:44.001] [main/WARN] [net.neoforged.jarjar.selection.JarSelector/]: Attempted to select a dependency jar for JarJar which was passed in as source: library:Registrate.MC1._21._67. Using Mod File: /home/braydon/.gradle/caches/modules-2/files-2.1/com.tterrag.registrate/Registrate/MC1.21-1.3.0+67/66ddc4cd56472fea1ea1a24182901e6c92a51c0a/Registrate-MC1.21-1.3.0+67.jar
[01Oct2026 12:44:44.001] [main/WARN] [net.neoforged.jarjar.selection.JarSelector/]: Attempted to select a dependency jar for JarJar which was passed in as source: veil. Using Mod File: /home/braydon/.gradle/caches/modules-2/files-2.1/foundry.veil/veil-neoforge-1.21.1/4.3.2/3d4056e31dd8a06e35901c3b82210c3d471e1e48/veil-neoforge-1.21.1-4.3.2.jar
[01Oct2026 12:44:44.001] [main/WARN] [net.neoforged.jarjar.selection.JarSelector/]: Attempted to select a dependency jar for JarJar which was passed in as source: sablecompanion. Using Mod File: /home/braydon/.gradle/caches/modules-2/files-2.1/dev.ryanhcode.sable-companion/sable-companion-common-1.21.1/1.6.0/370be7db705926176e05c0215ed676150c45daae/sable-companion-common-1.21.1-1.6.0.jar
[01Oct2026 12:44:44.001] [main/WARN] [net.neoforged.jarjar.selection.JarSelector/]: Attempted to select a dependency jar for JarJar which was passed in as source: flywheel. Using Mod File: /home/braydon/.gradle/caches/modules-2/files-2.1/dev.engine-room.flywheel/flywheel-neoforge-1.21.1/1.0.6/a943872ad0bdd4458d818d8d7dc123fb250eb744/flywheel-neoforge-1.21.1-1.0.6.jar
[01Oct2026 12:44:44.002] [main/WARN] [net.neoforged.jarjar.selection.JarSelector/]: Attempted to select a dependency jar for JarJar which was passed in as source: library:sable_rapier. Using Mod File: /home/braydon/.gradle/caches/modules-2/files-2.1/dev.ryanhcode.sable/sable-sable_rapier-1.21.1/2.0.5/8fd9e68113d35a8014669da7396c6ad892c4f143/sable-sable_rapier-1.21.1-2.0.5.jar
[01Oct2026 12:44:44.002] [main/WARN] [net.neoforged.jarjar.selection.JarSelector/]: Attempted to select a dependency jar for JarJar which was passed in as source: ponder. Using Mod File: /home/braydon/.gradle/caches/modules-2/files-2.1/net.createmod.ponder/ponder-neoforge/1.0.87+mc1.21.1/7783eeff0389f8c6003457133b9dd98e903266c6/ponder-neoforge-1.0.87+mc1.21.1.jar
[01Oct2026 12:44:44.002] [main/INFO] [net.neoforged.fml.loading.moddiscovery.locators.JarInJarDependencyLocator/]: Found 4 dependencies adding them to mods collection
[01Oct2026 12:44:44.003] [main/INFO] [net.neoforged.fml.loading.moddiscovery.ModDiscoverer/]:
     Mod List:
		Name Version (Mod Id)

		Coasters Simulated: Track Styles 1.1.0 (coasterssimulatedextratypes)
		Coasters: Magnetized 1.1.0 (coastersmagnetized)
		Create 6.0.11 (create)
		Create Aeronautics 1.3.2 (aeronautics)
		Create Simulated 1.3.2 (simulated)
		Create: Coasters Simulated 0.1.5 (simulatedcoasters)
		Create: Copycats+ 3.0.9+mc.1.21.1-neoforge (copycats)
		Create: Steam 'n' Rails 1.21.1 0.2.1+neoforge-mc1.21.1 (railways)
		Flywheel 1.0.6 (flywheel)
		Magnetization 1.4.6 (magnetization)
		Minecraft 1.21.1 (minecraft)
		NeoForge 21.1.252 (neoforge)
		Patchouli 1.21.1-93-NEOFORGE (patchouli)
		Ponder 1.0.87+mc1.21.1 (ponder)
		Sable 2.0.5 (sable)
		Sable Companion 1.6.0 (sablecompanion)
		TerraBlender 4.1.0.8 (terrablender)
		Veil 4.3.2 (veil)
[01Oct2026 12:44:44.529] [main/INFO] [mixin/]: Compatibility level set to JAVA_21
[01Oct2026 12:44:44.553] [main/INFO] [cpw.mods.modlauncher.LaunchServiceHandler/MODLAUNCHER]: Launching target 'forgeclientdev' with arguments [--version, 21.1.252, --gameDir, ., --assetsDir, /home/braydon/.gradle/caches/neoformruntime/assets, --assetIndex, 17, --width, 1280, --height, 720, --username, Validation, --quickPlayMultiplayer, 127.0.0.1:60197]
[01Oct2026 12:44:44.589] [main/WARN] [mixin/]: Reference map 'simulated.refmap.json' for simulated.mixins.json could not be read. If this is a development environment you can ignore this message
[01Oct2026 12:44:44.656] [main/WARN] [mixin/]: Reference map 'Steam_Rails-neoforge-refmap.json' for railways.mixins.json could not be read. If this is a development environment you can ignore this message
[01Oct2026 12:44:44.657] [main/WARN] [mixin/]: Reference map 'aeronautics.refmap.json' for aeronautics.mixins.json could not be read. If this is a development environment you can ignore this message
[01Oct2026 12:44:44.661] [main/WARN] [mixin/]: Reference map 'ponder.refmap.json' for ponder-common.mixins.json could not be read. If this is a development environment you can ignore this message
[01Oct2026 12:44:44.663] [main/WARN] [mixin/]: Reference map 'patchouli.refmap.json' for patchouli_xplat.mixins.json could not be read. If this is a development environment you can ignore this message
[01Oct2026 12:44:44.667] [main/INFO] [dev.ryanhcode.sable.mixin.AbstractSableMixinPlugin/]: Using Vanilla renderer mixins
[01Oct2026 12:44:44.668] [main/INFO] [dev.ryanhcode.sable.mixin.AbstractSableMixinPlugin/]: Using Vanilla renderer mixins
[01Oct2026 12:44:44.676] [main/WARN] [mixin/]: Reference map 'terrablender.refmap.json' for terrablender.mixins.json could not be read. If this is a development environment you can ignore this message
[01Oct2026 12:44:44.677] [main/WARN] [mixin/]: Reference map 'terrablender.refmap.json' for terrablender_neoforge.mixins.json could not be read. If this is a development environment you can ignore this message
[01Oct2026 12:44:44.911] [main/WARN] [mixin/]: Error loading class: net/irisshaders/iris/pipeline/PipelineManager (java.lang.ClassNotFoundException: net.irisshaders.iris.pipeline.PipelineManager)
[01Oct2026 12:44:44.911] [main/WARN] [mixin/]: @Mixin target net.irisshaders.iris.pipeline.PipelineManager was not found veil.neoforge.mixins.json:client.perspective.iris.PipelineManagerMixin from mod veil
[01Oct2026 12:44:45.152] [main/WARN] [mixin/]: Error loading class: net/minecraft/client/gui/screens/controls/KeyBindsList$KeyEntry (java.lang.ClassNotFoundException: net.minecraft.client.gui.screens.controls.KeyBindsList$KeyEntry)
[01Oct2026 12:44:45.152] [main/WARN] [mixin/]: @Mixin target net.minecraft.client.gui.screens.controls.KeyBindsList$KeyEntry was not found railways-common.mixins.json:client.MixinKeyBindsListKeyEntry from mod railways
[01Oct2026 12:44:45.387] [main/WARN] [mixin/]: Error loading class: com/jesz/createdieselgenerators/content/tools/ChemicalSprayerProjectileEntity (java.lang.ClassNotFoundException: com.jesz.createdieselgenerators.content.tools.ChemicalSprayerProjectileEntity)
[01Oct2026 12:44:45.388] [main/WARN] [mixin/]: Error loading class: mcp/mobius/waila/gui/hud/RayCaster (java.lang.ClassNotFoundException: mcp.mobius.waila.gui.hud.RayCaster)
[01Oct2026 12:44:45.388] [main/WARN] [mixin/]: Error loading class: qouteall/imm_ptl/core/compat/sable_integration/IPSableBridge (java.lang.ClassNotFoundException: qouteall.imm_ptl.core.compat.sable_integration.IPSableBridge)
[01Oct2026 12:44:45.389] [main/WARN] [mixin/]: Error loading class: com/github/alexmodguy/alexscaves/server/block/blockentity/TeslaBulbBlockEntity (java.lang.ClassNotFoundException: com.github.alexmodguy.alexscaves.server.block.blockentity.TeslaBulbBlockEntity)
[01Oct2026 12:44:45.390] [main/WARN] [mixin/]: Error loading class: dev/devce/rocketnautics/content/orbit/DeepSpaceData (java.lang.ClassNotFoundException: dev.devce.rocketnautics.content.orbit.DeepSpaceData)
[01Oct2026 12:44:45.390] [main/WARN] [mixin/]: Error loading class: dev/devce/rocketnautics/content/physics/SpaceTransitionHandler (java.lang.ClassNotFoundException: dev.devce.rocketnautics.content.physics.SpaceTransitionHandler)
[01Oct2026 12:44:45.457] [main/WARN] [mixin/]: Error loading class: org/jetbrains/annotations/ApiStatus$ScheduledForRemoval (java.lang.ClassNotFoundException: org.jetbrains.annotations.ApiStatus$ScheduledForRemoval)
[01Oct2026 12:44:45.488] [main/INFO] [MixinExtras|Service/]: Initializing MixinExtras via com.llamalad7.mixinextras.service.MixinExtrasServiceImpl(version=0.5.3).
[01Oct2026 12:44:46.282] [Datafixer Bootstrap/INFO] [com.mojang.datafixers.DataFixerBuilder/]: 229 Datafixer optimizations took 126 milliseconds
[01Oct2026 12:44:49.380] [main/WARN] [net.minecraft.commands.Commands/]: Ambiguity between arguments [teleport, location] and [teleport, destination] with inputs: [0.1 -0.5 .9, 0 0 0]
[01Oct2026 12:44:49.382] [main/WARN] [net.minecraft.commands.Commands/]: Ambiguity between arguments [teleport, location] and [teleport, targets] with inputs: [0.1 -0.5 .9, 0 0 0]
[01Oct2026 12:44:49.384] [main/WARN] [net.minecraft.commands.Commands/]: Ambiguity between arguments [teleport, destination] and [teleport, targets] with inputs: [Player, 0123, @e, dd12be42-52a9-4a91-a8a1-11c01849e498]
[01Oct2026 12:44:49.384] [main/WARN] [net.minecraft.commands.Commands/]: Ambiguity between arguments [teleport, targets] and [teleport, destination] with inputs: [Player, 0123, dd12be42-52a9-4a91-a8a1-11c01849e498]
[01Oct2026 12:44:49.385] [main/WARN] [net.minecraft.commands.Commands/]: Ambiguity between arguments [teleport, targets, location] and [teleport, targets, destination] with inputs: [0.1 -0.5 .9, 0 0 0]
[01Oct2026 12:44:49.445] [Render thread/WARN] [net.minecraft.server.packs.VanillaPackResourcesBuilder/]: Assets URL 'union:/home/braydon/Magnetization-API/build/ponder-workflows-zo2e36_c/build/moddev/artifacts/neoforge-21.1.252.jar%23177!/assets/.mcassetsroot' uses unexpected schema
[01Oct2026 12:44:49.445] [Render thread/WARN] [net.minecraft.server.packs.VanillaPackResourcesBuilder/]: Assets URL 'union:/home/braydon/Magnetization-API/build/ponder-workflows-zo2e36_c/build/moddev/artifacts/neoforge-21.1.252.jar%23177!/data/.mcassetsroot' uses unexpected schema
[01Oct2026 12:44:49.459] [Render thread/INFO] [com.mojang.authlib.yggdrasil.YggdrasilAuthenticationService/]: Environment: Environment[sessionHost=https://sessionserver.mojang.com, servicesHost=https://api.minecraftservices.com, name=PROD]
[01Oct2026 12:44:49.463] [Render thread/INFO] [net.minecraft.client.Minecraft/]: Setting user: Validation
[01Oct2026 12:44:49.552] [Render thread/INFO] [net.minecraft.client.Minecraft/]: Backend library: LWJGL version 3.3.3+5
[01Oct2026 12:44:49.769] [modloading-worker-0/INFO] [Veil/]: Veil is initializing.
[01Oct2026 12:44:49.793] [modloading-worker-0/INFO] [Railways/]: Steam 'n' Rails v1.6.13-alpha initializing! Commit hash: dev on Create version: 6.0.11 on platform: Neoforge
[01Oct2026 12:44:49.800] [modloading-worker-0/WARN] [mixin/]: Discarding @Unique public method rotate in copycats-neoforge.mixins.json:foundation.copycat.CopycatBlockMixin from mod copycats because it already exists in com.copycatsplus.copycats.content.copycat.sliding_door.CopycatSlidingDoorBlock
[01Oct2026 12:44:49.800] [modloading-worker-0/WARN] [mixin/]: Discarding @Unique public method mirror in copycats-neoforge.mixins.json:foundation.copycat.CopycatBlockMixin from mod copycats because it already exists in com.copycatsplus.copycats.content.copycat.sliding_door.CopycatSlidingDoorBlock
[01Oct2026 12:44:49.800] [modloading-worker-0/WARN] [mixin/]: Discarding @Unique public method useItemOn in copycats-neoforge.mixins.json:foundation.copycat.CopycatBlockMixin from mod copycats because it already exists in com.copycatsplus.copycats.content.copycat.sliding_door.CopycatSlidingDoorBlock
[01Oct2026 12:44:49.800] [modloading-worker-0/WARN] [mixin/]: Discarding @Unique public method useWithoutItem in copycats-neoforge.mixins.json:foundation.copycat.CopycatBlockMixin from mod copycats because it already exists in com.copycatsplus.copycats.content.copycat.sliding_door.CopycatSlidingDoorBlock
[01Oct2026 12:44:49.806] [modloading-worker-0/INFO] [net.neoforged.neoforge.common.NeoForgeMod/NEOFORGE-MOD]: NeoForge mod loading, version 21.1.252, for MC 1.21.1
[01Oct2026 12:44:49.811] [modloading-worker-0/WARN] [mixin/]: Discarding @Unique public method rotate in copycats-neoforge.mixins.json:foundation.copycat.CopycatBlockMixin from mod copycats because it already exists in com.copycatsplus.copycats.content.copycat.door.CopycatDoorBlock
[01Oct2026 12:44:49.811] [modloading-worker-0/WARN] [mixin/]: Discarding @Unique public method mirror in copycats-neoforge.mixins.json:foundation.copycat.CopycatBlockMixin from mod copycats because it already exists in com.copycatsplus.copycats.content.copycat.door.CopycatDoorBlock
[01Oct2026 12:44:49.811] [modloading-worker-0/WARN] [mixin/]: Discarding @Unique public method useItemOn in copycats-neoforge.mixins.json:foundation.copycat.CopycatBlockMixin from mod copycats because it already exists in com.copycatsplus.copycats.content.copycat.door.CopycatDoorBlock
[01Oct2026 12:44:49.812] [modloading-worker-0/WARN] [mixin/]: Discarding @Unique public method useWithoutItem in copycats-neoforge.mixins.json:foundation.copycat.CopycatBlockMixin from mod copycats because it already exists in com.copycatsplus.copycats.content.copycat.door.CopycatDoorBlock
[01Oct2026 12:44:49.816] [modloading-worker-0/WARN] [mixin/]: Discarding @Unique public method rotate in copycats-neoforge.mixins.json:foundation.copycat.CopycatBlockMixin from mod copycats because it already exists in com.copycatsplus.copycats.content.copycat.fluid_pipe.CopycatGlassFluidPipeBlock
[01Oct2026 12:44:49.817] [modloading-worker-0/WARN] [mixin/]: Discarding @Unique public method mirror in copycats-neoforge.mixins.json:foundation.copycat.CopycatBlockMixin from mod copycats because it already exists in com.copycatsplus.copycats.content.copycat.fluid_pipe.CopycatGlassFluidPipeBlock
[01Oct2026 12:44:49.817] [modloading-worker-0/WARN] [mixin/]: Discarding @Unique public method useItemOn in copycats-neoforge.mixins.json:foundation.copycat.CopycatBlockMixin from mod copycats because it already exists in com.copycatsplus.copycats.content.copycat.fluid_pipe.CopycatGlassFluidPipeBlock
[01Oct2026 12:44:49.817] [modloading-worker-0/WARN] [mixin/]: Discarding @Unique public method useWithoutItem in copycats-neoforge.mixins.json:foundation.copycat.CopycatBlockMixin from mod copycats because it already exists in com.copycatsplus.copycats.content.copycat.fluid_pipe.CopycatGlassFluidPipeBlock
[01Oct2026 12:44:49.846] [modloading-worker-0/WARN] [mixin/]: Discarding @Unique public method rotate in copycats-neoforge.mixins.json:foundation.copycat.multistate.MultiStateCopycatBlockMixin from mod copycats because it already exists in com.copycatsplus.copycats.foundation.copycat.multistate.MultiStateCopycatBlock
[01Oct2026 12:44:49.847] [modloading-worker-0/WARN] [mixin/]: Discarding @Unique public method mirror in copycats-neoforge.mixins.json:foundation.copycat.multistate.MultiStateCopycatBlockMixin from mod copycats because it already exists in com.copycatsplus.copycats.foundation.copycat.multistate.MultiStateCopycatBlock
[01Oct2026 12:44:49.847] [modloading-worker-0/WARN] [mixin/]: Discarding @Unique public method useItemOn in copycats-neoforge.mixins.json:foundation.copycat.multistate.MultiStateCopycatBlockMixin from mod copycats because it already exists in com.copycatsplus.copycats.foundation.copycat.multistate.MultiStateCopycatBlock
[01Oct2026 12:44:49.847] [modloading-worker-0/WARN] [mixin/]: Discarding @Unique public method useWithoutItem in copycats-neoforge.mixins.json:foundation.copycat.multistate.MultiStateCopycatBlockMixin from mod copycats because it already exists in com.copycatsplus.copycats.foundation.copycat.multistate.MultiStateCopycatBlock
[01Oct2026 12:44:49.903] [modloading-worker-0/INFO] [com.simibubi.create.Create/]: Create 6.0.11 initializing! Commit hash: fc9535d82a29419164a1e9dc9c678bdcddeab30d
[01Oct2026 12:44:50.082] [modloading-worker-0/WARN] [mixin/]: Discarding @Unique public method rotate in copycats-neoforge.mixins.json:foundation.copycat.CopycatBlockMixin from mod copycats because it already exists in com.copycatsplus.copycats.foundation.copycat.CCCopycatBlock
[01Oct2026 12:44:50.082] [modloading-worker-0/WARN] [mixin/]: Discarding @Unique public method mirror in copycats-neoforge.mixins.json:foundation.copycat.CopycatBlockMixin from mod copycats because it already exists in com.copycatsplus.copycats.foundation.copycat.CCCopycatBlock
[01Oct2026 12:44:50.082] [modloading-worker-0/WARN] [mixin/]: Discarding @Unique public method useItemOn in copycats-neoforge.mixins.json:foundation.copycat.CopycatBlockMixin from mod copycats because it already exists in com.copycatsplus.copycats.foundation.copycat.CCCopycatBlock
[01Oct2026 12:44:50.082] [modloading-worker-0/WARN] [mixin/]: Discarding @Unique public method useWithoutItem in copycats-neoforge.mixins.json:foundation.copycat.CopycatBlockMixin from mod copycats because it already exists in com.copycatsplus.copycats.foundation.copycat.CCCopycatBlock
[01Oct2026 12:44:50.153] [modloading-worker-0/WARN] [mixin/]: Discarding @Unique public method rotate in copycats-neoforge.mixins.json:foundation.copycat.CopycatBlockMixin from mod copycats because it already exists in com.copycatsplus.copycats.content.copycat.button.CopycatButtonBlock
[01Oct2026 12:44:50.153] [modloading-worker-0/WARN] [mixin/]: Discarding @Unique public method mirror in copycats-neoforge.mixins.json:foundation.copycat.CopycatBlockMixin from mod copycats because it already exists in com.copycatsplus.copycats.content.copycat.button.CopycatButtonBlock
[01Oct2026 12:44:50.153] [modloading-worker-0/WARN] [mixin/]: Discarding @Unique public method useItemOn in copycats-neoforge.mixins.json:foundation.copycat.CopycatBlockMixin from mod copycats because it already exists in com.copycatsplus.copycats.content.copycat.button.CopycatButtonBlock
[01Oct2026 12:44:50.153] [modloading-worker-0/WARN] [mixin/]: Discarding @Unique public method useWithoutItem in copycats-neoforge.mixins.json:foundation.copycat.CopycatBlockMixin from mod copycats because it already exists in com.copycatsplus.copycats.content.copycat.button.CopycatButtonBlock
[01Oct2026 12:44:50.163] [modloading-worker-0/WARN] [mixin/]: Discarding @Unique public method rotate in copycats-neoforge.mixins.json:foundation.copycat.CopycatBlockMixin from mod copycats because it already exists in com.copycatsplus.copycats.content.copycat.fence.CopycatFenceBlock
[01Oct2026 12:44:50.164] [modloading-worker-0/WARN] [mixin/]: Discarding @Unique public method mirror in copycats-neoforge.mixins.json:foundation.copycat.CopycatBlockMixin from mod copycats because it already exists in com.copycatsplus.copycats.content.copycat.fence.CopycatFenceBlock
[01Oct2026 12:44:50.164] [modloading-worker-0/WARN] [mixin/]: Discarding @Unique public method useItemOn in copycats-neoforge.mixins.json:foundation.copycat.CopycatBlockMixin from mod copycats because it already exists in com.copycatsplus.copycats.content.copycat.fence.CopycatFenceBlock
[01Oct2026 12:44:50.164] [modloading-worker-0/WARN] [mixin/]: Discarding @Unique public method useWithoutItem in copycats-neoforge.mixins.json:foundation.copycat.CopycatBlockMixin from mod copycats because it already exists in com.copycatsplus.copycats.content.copycat.fence.CopycatFenceBlock
[01Oct2026 12:44:50.170] [modloading-worker-0/WARN] [mixin/]: Discarding @Unique public method rotate in copycats-neoforge.mixins.json:foundation.copycat.CopycatBlockMixin from mod copycats because it already exists in com.copycatsplus.copycats.content.copycat.fence_gate.CopycatFenceGateBlock
[01Oct2026 12:44:50.170] [modloading-worker-0/WARN] [mixin/]: Discarding @Unique public method mirror in copycats-neoforge.mixins.json:foundation.copycat.CopycatBlockMixin from mod copycats because it already exists in com.copycatsplus.copycats.content.copycat.fence_gate.CopycatFenceGateBlock
[01Oct2026 12:44:50.170] [modloading-worker-0/WARN] [mixin/]: Discarding @Unique public method useItemOn in copycats-neoforge.mixins.json:foundation.copycat.CopycatBlockMixin from mod copycats because it already exists in com.copycatsplus.copycats.content.copycat.fence_gate.CopycatFenceGateBlock
[01Oct2026 12:44:50.170] [modloading-worker-0/WARN] [mixin/]: Discarding @Unique public method useWithoutItem in copycats-neoforge.mixins.json:foundation.copycat.CopycatBlockMixin from mod copycats because it already exists in com.copycatsplus.copycats.content.copycat.fence_gate.CopycatFenceGateBlock
[01Oct2026 12:44:50.183] [modloading-worker-0/WARN] [mixin/]: Discarding @Unique public method rotate in copycats-neoforge.mixins.json:foundation.copycat.CopycatBlockMixin from mod copycats because it already exists in com.copycatsplus.copycats.content.copycat.ladder.CopycatLadderBlock
[01Oct2026 12:44:50.183] [modloading-worker-0/WARN] [mixin/]: Discarding @Unique public method mirror in copycats-neoforge.mixins.json:foundation.copycat.CopycatBlockMixin from mod copycats because it already exists in com.copycatsplus.copycats.content.copycat.ladder.CopycatLadderBlock
[01Oct2026 12:44:50.183] [modloading-worker-0/WARN] [mixin/]: Discarding @Unique public method useItemOn in copycats-neoforge.mixins.json:foundation.copycat.CopycatBlockMixin from mod copycats because it already exists in com.copycatsplus.copycats.content.copycat.ladder.CopycatLadderBlock
[01Oct2026 12:44:50.183] [modloading-worker-0/WARN] [mixin/]: Discarding @Unique public method useWithoutItem in copycats-neoforge.mixins.json:foundation.copycat.CopycatBlockMixin from mod copycats because it already exists in com.copycatsplus.copycats.content.copycat.ladder.CopycatLadderBlock
[01Oct2026 12:44:50.191] [modloading-worker-0/WARN] [mixin/]: Discarding @Unique public method rotate in copycats-neoforge.mixins.json:foundation.copycat.CopycatBlockMixin from mod copycats because it already exists in com.copycatsplus.copycats.content.copycat.pressure_plate.CopycatPressurePlateBlock
[01Oct2026 12:44:50.191] [modloading-worker-0/WARN] [mixin/]: Discarding @Unique public method mirror in copycats-neoforge.mixins.json:foundation.copycat.CopycatBlockMixin from mod copycats because it already exists in com.copycatsplus.copycats.content.copycat.pressure_plate.CopycatPressurePlateBlock
[01Oct2026 12:44:50.191] [modloading-worker-0/WARN] [mixin/]: Discarding @Unique public method useItemOn in copycats-neoforge.mixins.json:foundation.copycat.CopycatBlockMixin from mod copycats because it already exists in com.copycatsplus.copycats.content.copycat.pressure_plate.CopycatPressurePlateBlock
[01Oct2026 12:44:50.191] [modloading-worker-0/WARN] [mixin/]: Discarding @Unique public method useWithoutItem in copycats-neoforge.mixins.json:foundation.copycat.CopycatBlockMixin from mod copycats because it already exists in com.copycatsplus.copycats.content.copycat.pressure_plate.CopycatPressurePlateBlock
[01Oct2026 12:44:50.194] [modloading-worker-0/WARN] [mixin/]: Discarding @Unique public method rotate in copycats-neoforge.mixins.json:foundation.copycat.CopycatBlockMixin from mod copycats because it already exists in com.copycatsplus.copycats.content.copycat.pressure_plate.CopycatWeightedPressurePlate
[01Oct2026 12:44:50.194] [modloading-worker-0/WARN] [mixin/]: Discarding @Unique public method mirror in copycats-neoforge.mixins.json:foundation.copycat.CopycatBlockMixin from mod copycats because it already exists in com.copycatsplus.copycats.content.copycat.pressure_plate.CopycatWeightedPressurePlate
[01Oct2026 12:44:50.195] [modloading-worker-0/WARN] [mixin/]: Discarding @Unique public method useItemOn in copycats-neoforge.mixins.json:foundation.copycat.CopycatBlockMixin from mod copycats because it already exists in com.copycatsplus.copycats.content.copycat.pressure_plate.CopycatWeightedPressurePlate
[01Oct2026 12:44:50.195] [modloading-worker-0/WARN] [mixin/]: Discarding @Unique public method useWithoutItem in copycats-neoforge.mixins.json:foundation.copycat.CopycatBlockMixin from mod copycats because it already exists in com.copycatsplus.copycats.content.copycat.pressure_plate.CopycatWeightedPressurePlate
[01Oct2026 12:44:50.203] [modloading-worker-0/WARN] [mixin/]: Discarding @Unique public method rotate in copycats-neoforge.mixins.json:foundation.copycat.CopycatBlockMixin from mod copycats because it already exists in com.copycatsplus.copycats.content.copycat.stairs.CopycatStairsBlock
[01Oct2026 12:44:50.204] [modloading-worker-0/WARN] [mixin/]: Discarding @Unique public method mirror in copycats-neoforge.mixins.json:foundation.copycat.CopycatBlockMixin from mod copycats because it already exists in com.copycatsplus.copycats.content.copycat.stairs.CopycatStairsBlock
[01Oct2026 12:44:50.204] [modloading-worker-0/WARN] [mixin/]: Discarding @Unique public method useItemOn in copycats-neoforge.mixins.json:foundation.copycat.CopycatBlockMixin from mod copycats because it already exists in com.copycatsplus.copycats.content.copycat.stairs.CopycatStairsBlock
[01Oct2026 12:44:50.204] [modloading-worker-0/WARN] [mixin/]: Discarding @Unique public method useWithoutItem in copycats-neoforge.mixins.json:foundation.copycat.CopycatBlockMixin from mod copycats because it already exists in com.copycatsplus.copycats.content.copycat.stairs.CopycatStairsBlock
[01Oct2026 12:44:50.210] [modloading-worker-0/WARN] [mixin/]: Discarding @Unique public method rotate in copycats-neoforge.mixins.json:foundation.copycat.CopycatBlockMixin from mod copycats because it already exists in com.copycatsplus.copycats.content.copycat.trapdoor.CopycatTrapdoorBlock
[01Oct2026 12:44:50.218] [modloading-worker-0/WARN] [mixin/]: Discarding @Unique public method mirror in copycats-neoforge.mixins.json:foundation.copycat.CopycatBlockMixin from mod copycats because it already exists in com.copycatsplus.copycats.content.copycat.trapdoor.CopycatTrapdoorBlock
[01Oct2026 12:44:50.218] [modloading-worker-0/WARN] [mixin/]: Discarding @Unique public method useItemOn in copycats-neoforge.mixins.json:foundation.copycat.CopycatBlockMixin from mod copycats because it already exists in com.copycatsplus.copycats.content.copycat.trapdoor.CopycatTrapdoorBlock
[01Oct2026 12:44:50.218] [modloading-worker-0/WARN] [mixin/]: Discarding @Unique public method useWithoutItem in copycats-neoforge.mixins.json:foundation.copycat.CopycatBlockMixin from mod copycats because it already exists in com.copycatsplus.copycats.content.copycat.trapdoor.CopycatTrapdoorBlock
[01Oct2026 12:44:50.225] [modloading-worker-0/WARN] [mixin/]: Discarding @Unique public method rotate in copycats-neoforge.mixins.json:foundation.copycat.CopycatBlockMixin from mod copycats because it already exists in com.copycatsplus.copycats.content.copycat.wall.CopycatWallBlock
[01Oct2026 12:44:50.225] [modloading-worker-0/WARN] [mixin/]: Discarding @Unique public method mirror in copycats-neoforge.mixins.json:foundation.copycat.CopycatBlockMixin from mod copycats because it already exists in com.copycatsplus.copycats.content.copycat.wall.CopycatWallBlock
[01Oct2026 12:44:50.225] [modloading-worker-0/WARN] [mixin/]: Discarding @Unique public method useItemOn in copycats-neoforge.mixins.json:foundation.copycat.CopycatBlockMixin from mod copycats because it already exists in com.copycatsplus.copycats.content.copycat.wall.CopycatWallBlock
[01Oct2026 12:44:50.225] [modloading-worker-0/WARN] [mixin/]: Discarding @Unique public method useWithoutItem in copycats-neoforge.mixins.json:foundation.copycat.CopycatBlockMixin from mod copycats because it already exists in com.copycatsplus.copycats.content.copycat.wall.CopycatWallBlock
[01Oct2026 12:44:50.236] [modloading-worker-0/WARN] [mixin/]: Discarding @Unique public method rotate in copycats-neoforge.mixins.json:foundation.copycat.CopycatBlockMixin from mod copycats because it already exists in com.copycatsplus.copycats.content.copycat.shaft.CopycatShaftBlock
[01Oct2026 12:44:50.236] [modloading-worker-0/WARN] [mixin/]: Discarding @Unique public method mirror in copycats-neoforge.mixins.json:foundation.copycat.CopycatBlockMixin from mod copycats because it already exists in com.copycatsplus.copycats.content.copycat.shaft.CopycatShaftBlock
[01Oct2026 12:44:50.236] [modloading-worker-0/WARN] [mixin/]: Discarding @Unique public method useItemOn in copycats-neoforge.mixins.json:foundation.copycat.CopycatBlockMixin from mod copycats because it already exists in com.copycatsplus.copycats.content.copycat.shaft.CopycatShaftBlock
[01Oct2026 12:44:50.236] [modloading-worker-0/WARN] [mixin/]: Discarding @Unique public method useWithoutItem in copycats-neoforge.mixins.json:foundation.copycat.CopycatBlockMixin from mod copycats because it already exists in com.copycatsplus.copycats.content.copycat.shaft.CopycatShaftBlock
[01Oct2026 12:44:50.240] [modloading-worker-0/WARN] [mixin/]: Discarding @Unique public method rotate in copycats-neoforge.mixins.json:foundation.copycat.multistate.MultiStateCopycatBlockMixin from mod copycats because it already exists in com.copycatsplus.copycats.content.copycat.cogwheel.CopycatCogWheelBlock
[01Oct2026 12:44:50.241] [modloading-worker-0/WARN] [mixin/]: Discarding @Unique public method mirror in copycats-neoforge.mixins.json:foundation.copycat.multistate.MultiStateCopycatBlockMixin from mod copycats because it already exists in com.copycatsplus.copycats.content.copycat.cogwheel.CopycatCogWheelBlock
[01Oct2026 12:44:50.241] [modloading-worker-0/WARN] [mixin/]: Discarding @Unique public method useItemOn in copycats-neoforge.mixins.json:foundation.copycat.multistate.MultiStateCopycatBlockMixin from mod copycats because it already exists in com.copycatsplus.copycats.content.copycat.cogwheel.CopycatCogWheelBlock
[01Oct2026 12:44:50.241] [modloading-worker-0/WARN] [mixin/]: Discarding @Unique public method useWithoutItem in copycats-neoforge.mixins.json:foundation.copycat.multistate.MultiStateCopycatBlockMixin from mod copycats because it already exists in com.copycatsplus.copycats.content.copycat.cogwheel.CopycatCogWheelBlock
[01Oct2026 12:44:50.251] [modloading-worker-0/WARN] [mixin/]: Discarding @Unique public method rotate in copycats-neoforge.mixins.json:foundation.copycat.CopycatBlockMixin from mod copycats because it already exists in com.copycatsplus.copycats.content.copycat.fluid_pipe.CopycatFluidPipeBlock
[01Oct2026 12:44:50.251] [modloading-worker-0/WARN] [mixin/]: Discarding @Unique public method mirror in copycats-neoforge.mixins.json:foundation.copycat.CopycatBlockMixin from mod copycats because it already exists in com.copycatsplus.copycats.content.copycat.fluid_pipe.CopycatFluidPipeBlock
[01Oct2026 12:44:50.251] [modloading-worker-0/WARN] [mixin/]: Discarding @Unique public method useItemOn in copycats-neoforge.mixins.json:foundation.copycat.CopycatBlockMixin from mod copycats because it already exists in com.copycatsplus.copycats.content.copycat.fluid_pipe.CopycatFluidPipeBlock
[01Oct2026 12:44:50.251] [modloading-worker-0/WARN] [mixin/]: Discarding @Unique public method useWithoutItem in copycats-neoforge.mixins.json:foundation.copycat.CopycatBlockMixin from mod copycats because it already exists in com.copycatsplus.copycats.content.copycat.fluid_pipe.CopycatFluidPipeBlock
[01Oct2026 12:44:50.260] [modloading-worker-0/WARN] [mixin/]: Discarding @Unique public method rotate in copycats-neoforge.mixins.json:foundation.copycat.CopycatBlockMixin from mod copycats because it already exists in com.copycatsplus.copycats.content.copycat.pane.CopycatPaneBlock
[01Oct2026 12:44:50.260] [modloading-worker-0/WARN] [mixin/]: Discarding @Unique public method mirror in copycats-neoforge.mixins.json:foundation.copycat.CopycatBlockMixin from mod copycats because it already exists in com.copycatsplus.copycats.content.copycat.pane.CopycatPaneBlock
[01Oct2026 12:44:50.260] [modloading-worker-0/WARN] [mixin/]: Discarding @Unique public method useItemOn in copycats-neoforge.mixins.json:foundation.copycat.CopycatBlockMixin from mod copycats because it already exists in com.copycatsplus.copycats.content.copycat.pane.CopycatPaneBlock
[01Oct2026 12:44:50.260] [modloading-worker-0/WARN] [mixin/]: Discarding @Unique public method useWithoutItem in copycats-neoforge.mixins.json:foundation.copycat.CopycatBlockMixin from mod copycats because it already exists in com.copycatsplus.copycats.content.copycat.pane.CopycatPaneBlock
[01Oct2026 12:44:50.270] [modloading-worker-0/WARN] [mixin/]: Discarding @Unique public method onLoad in copycats-neoforge.mixins.json:foundation.copycat.CopycatBlockEntityMixin from mod copycats because it already exists in com.copycatsplus.copycats.foundation.copycat.CCCopycatBlockEntity
[01Oct2026 12:44:50.274] [modloading-worker-0/WARN] [mixin/]: Discarding @Unique public method onLoad in copycats-neoforge.mixins.json:foundation.copycat.multistate.MultiStateCopycatBlockEntityMixin from mod copycats because it already exists in com.copycatsplus.copycats.foundation.copycat.multistate.MultiStateCopycatBlockEntity
[01Oct2026 12:44:50.278] [modloading-worker-0/WARN] [mixin/]: Discarding @Unique public method onLoad in copycats-neoforge.mixins.json:foundation.copycat.CopycatBlockEntityMixin from mod copycats because it already exists in com.copycatsplus.copycats.content.copycat.shaft.CopycatShaftBlockEntity
[01Oct2026 12:44:50.279] [modloading-worker-0/WARN] [mixin/]: Discarding @Unique public method onLoad in copycats-neoforge.mixins.json:foundation.copycat.multistate.MultiStateCopycatBlockEntityMixin from mod copycats because it already exists in com.copycatsplus.copycats.content.copycat.cogwheel.CopycatCogWheelBlockEntity
[01Oct2026 12:44:50.280] [modloading-worker-0/WARN] [mixin/]: Discarding @Unique public method onLoad in copycats-neoforge.mixins.json:foundation.copycat.CopycatBlockEntityMixin from mod copycats because it already exists in com.copycatsplus.copycats.content.copycat.fluid_pipe.CopycatFluidPipeBlockEntity
[01Oct2026 12:44:50.281] [modloading-worker-0/WARN] [mixin/]: Discarding @Unique public method onLoad in copycats-neoforge.mixins.json:foundation.copycat.CopycatBlockEntityMixin from mod copycats because it already exists in com.copycatsplus.copycats.content.copycat.fluid_pipe.CopycatStraightPipeBlockEntity
[01Oct2026 12:44:50.282] [modloading-worker-0/WARN] [mixin/]: Discarding @Unique public method onLoad in copycats-neoforge.mixins.json:foundation.copycat.CopycatBlockEntityMixin from mod copycats because it already exists in com.copycatsplus.copycats.content.copycat.sliding_door.CopycatSlidingDoorBlockEntity
[01Oct2026 12:44:50.530] [modloading-worker-0/WARN] [mixin/]: Discarding @Unique public method useItemOn in copycats-common.mixins.json:copycat.step.CopycatStepBlockMixin from mod copycats because it already exists in com.simibubi.create.content.decoration.copycat.CopycatStepBlock
[01Oct2026 12:44:50.533] [modloading-worker-0/WARN] [mixin/]: Discarding @Unique public method onLoad in copycats-common.mixins.json:foundation.copycat.CopycatBlockEntityMixin from mod copycats because it already exists in com.simibubi.create.content.decoration.copycat.CopycatBlockEntity
[01Oct2026 12:44:50.536] [modloading-worker-0/WARN] [mixin/]: Discarding @Unique public method useItemOn in copycats-common.mixins.json:copycat.panel.CopycatPanelBlockMixin from mod copycats because it already exists in com.simibubi.create.content.decoration.copycat.CopycatPanelBlock
[01Oct2026 12:44:50.536] [modloading-worker-0/WARN] [mixin/]: Discarding @Unique public method mirror in copycats-common.mixins.json:copycat.panel.CopycatPanelBlockMixin from mod copycats because it already exists in com.simibubi.create.content.decoration.copycat.CopycatPanelBlock
[01Oct2026 12:44:50.536] [modloading-worker-0/WARN] [mixin/]: Discarding @Unique public method rotate in copycats-common.mixins.json:copycat.panel.CopycatPanelBlockMixin from mod copycats because it already exists in com.simibubi.create.content.decoration.copycat.CopycatPanelBlock
[01Oct2026 12:44:50.748] [modloading-worker-0/INFO] [Railways/]: Registered bogey styles from railways
[01Oct2026 12:44:50.849] [modloading-worker-0/INFO] [Railways/]: Registering data fixers
[01Oct2026 12:44:50.871] [modloading-worker-0/INFO] [Railways/]: [Dev] Registrate entries -> items: 443, blocks: 341
[01Oct2026 12:44:50.872] [modloading-worker-0/INFO] [Railways/]: [Dev] Creative tab assignment -> main: 152 items, 50 blocks | tracks: 53 items, 53 blocks | palettes: 238 items, 238 blocks
[01Oct2026 12:44:51.226] [modloading-worker-0/INFO] [dev.ryanhcode.sable.Sable/]: Sable loaded!
[01Oct2026 12:44:51.235] [modloading-worker-0/WARN] [dev.ryanhcode.sable.Sable/]: NOTE: Sable is loaded with Flywheel. Sable contains extensive shader overrides and a full light-storage replacement. Expect this to cause compatibility issues. If issues arise, please report them to the Sable issue tracker (https://github.com/ryanhcode/sable/issues) instead of the Flywheel issue tracker.
[01Oct2026 12:44:53.125] [Render thread/INFO] [Veil/]: GL Debug supported
[01Oct2026 12:44:53.329] [Render thread/INFO] [net.neoforged.neoforge.gametest.GameTestHooks/]: Enabled Gametest Namespaces: [magnetization]
[01Oct2026 12:44:53.616] [Render thread/ERROR] [com.mojang.text2speech.Narrator/]: Error while loading the narrator
com.mojang.text2speech.Narrator$InitializeException: Failed to load library flite
	at MC-BOOTSTRAP/text2speech@1.17.9/com.mojang.text2speech.NarratorLinux$FliteLibrary.loadNative(NarratorLinux.java:69) ~[text2speech-1.17.9.jar%23110!/:?]
	at MC-BOOTSTRAP/text2speech@1.17.9/com.mojang.text2speech.NarratorLinux.<init>(NarratorLinux.java:18) ~[text2speech-1.17.9.jar%23110!/:?]
	at MC-BOOTSTRAP/text2speech@1.17.9/com.mojang.text2speech.Narrator.getNarrator(Narrator.java:41) ~[text2speech-1.17.9.jar%23110!/:?]
	at TRANSFORMER/minecraft@1.21.1/net.minecraft.client.GameNarrator.<init>(GameNarrator.java:21) ~[neoforge-21.1.252.jar%23177!/:?]
	at TRANSFORMER/minecraft@1.21.1/net.minecraft.client.Minecraft.<init>(Minecraft.java:609) ~[neoforge-21.1.252.jar%23177!/:?]
	at TRANSFORMER/minecraft@1.21.1/net.minecraft.client.main.Main.main(Main.java:214) ~[neoforge-21.1.252.jar%23177!/:?]
	at java.base/jdk.internal.reflect.DirectMethodHandleAccessor.invoke(DirectMethodHandleAccessor.java:103) ~[?:?]
	at java.base/java.lang.reflect.Method.invoke(Method.java:580) ~[?:?]
	at MC-BOOTSTRAP/fml_loader@4.0.44/net.neoforged.fml.loading.targets.CommonLaunchHandler.runTarget(CommonLaunchHandler.java:136) ~[loader-4.0.44.jar%23134!/:4.0]
	at MC-BOOTSTRAP/fml_loader@4.0.44/net.neoforged.fml.loading.targets.CommonLaunchHandler.clientService(CommonLaunchHandler.java:124) ~[loader-4.0.44.jar%23134!/:4.0]
	at MC-BOOTSTRAP/fml_loader@4.0.44/net.neoforged.fml.loading.targets.NeoForgeClientDevLaunchHandler.runService(NeoForgeClientDevLaunchHandler.java:23) ~[loader-4.0.44.jar%23134!/:4.0]
	at MC-BOOTSTRAP/fml_loader@4.0.44/net.neoforged.fml.loading.targets.CommonLaunchHandler.lambda$launchService$4(CommonLaunchHandler.java:118) ~[loader-4.0.44.jar%23134!/:4.0]
	at MC-BOOTSTRAP/cpw.mods.modlauncher@11.0.5/cpw.mods.modlauncher.LaunchServiceHandlerDecorator.launch(LaunchServiceHandlerDecorator.java:30) [modlauncher-11.0.5.jar%23114!/:?]
	at MC-BOOTSTRAP/cpw.mods.modlauncher@11.0.5/cpw.mods.modlauncher.LaunchServiceHandler.launch(LaunchServiceHandler.java:53) [modlauncher-11.0.5.jar%23114!/:?]
	at MC-BOOTSTRAP/cpw.mods.modlauncher@11.0.5/cpw.mods.modlauncher.LaunchServiceHandler.launch(LaunchServiceHandler.java:71) [modlauncher-11.0.5.jar%23114!/:?]
	at MC-BOOTSTRAP/cpw.mods.modlauncher@11.0.5/cpw.mods.modlauncher.Launcher.run(Launcher.java:103) [modlauncher-11.0.5.jar%23114!/:?]
	at MC-BOOTSTRAP/cpw.mods.modlauncher@11.0.5/cpw.mods.modlauncher.Launcher.main(Launcher.java:74) [modlauncher-11.0.5.jar%23114!/:?]
	at MC-BOOTSTRAP/cpw.mods.modlauncher@11.0.5/cpw.mods.modlauncher.BootstrapLaunchConsumer.accept(BootstrapLaunchConsumer.java:26) [modlauncher-11.0.5.jar%23114!/:?]
	at MC-BOOTSTRAP/cpw.mods.modlauncher@11.0.5/cpw.mods.modlauncher.BootstrapLaunchConsumer.accept(BootstrapLaunchConsumer.java:23) [modlauncher-11.0.5.jar%23114!/:?]
	at cpw.mods.bootstraplauncher@2.0.2/cpw.mods.bootstraplauncher.BootstrapLauncher.run(BootstrapLauncher.java:210) [bootstraplauncher-2.0.2.jar:?]
	at cpw.mods.bootstraplauncher@2.0.2/cpw.mods.bootstraplauncher.BootstrapLauncher.main(BootstrapLauncher.java:69) [bootstraplauncher-2.0.2.jar:?]
	at java.base/jdk.internal.reflect.DirectMethodHandleAccessor.invoke(DirectMethodHandleAccessor.java:103) ~[?:?]
	at java.base/java.lang.reflect.Method.invoke(Method.java:580) ~[?:?]
	at net.neoforged.devlaunch.Main.main(Main.java:57) [DevLaunch-1.0.2.jar:?]
Caused by: java.lang.UnsatisfiedLinkError: Unable to load library 'flite':
libflite.so: cannot open shared object file: No such file or directory
libflite.so: cannot open shared object file: No such file or directory
Native library (linux-x86-64/libflite.so) not found in resource path (/home/braydon/Magnetization-API/build/ponder-workflows-zo2e36_c/build/classes/java/main:/home/braydon/Magnetization-API/build/ponder-workflows-zo2e36_c/build/resources/main:/home/braydon/Magnetization-API/build/ponder-workflows-zo2e36_c/build/aeronautics-bundle/dev.eriksonn.aeronautics.aeronautics-neoforge-1.21.1-1.3.2.jar:/home/braydon/Magnetization-API/build/ponder-workflows-zo2e36_c/build/aeronautics-bundle/dev.simulated_team.simulated.simulated-neoforge-1.21.1-1.3.2.jar:/home/braydon/Magnetization-API/build/ponder-workflows-zo2e36_c/build/moddev/artifacts/neoforge-21.1.252.jar:/home/braydon/Magnetization-API/build/ponder-workflows-zo2e36_c/build/moddev/artifacts/neoforge-21.1.252-client-extra-aka-minecraft-resources.jar:/home/braydon/.gradle/caches/modules-2/files-2.1/curse.maven/coasters-magnetized-1642979/8668703/26332fc0110181036d58b4135fd1cf431d842cb0/coasters-magnetized-1642979-8668703.jar:/home/braydon/.gradle/caches/modules-2/files-2.1/maven.modrinth/UT2M39wf/bPYeUWZx/74de17876c43f5f780bac478b9f9eb11e687b8d7/UT2M39wf-bPYeUWZx.jar:/home/braydon/.gradle/caches/modules-2/files-2.1/net.neoforged/DevLaunch/1.0.2/2e0e9a67793d5bfdedee4f9ea00934dbf3f2e22d/DevLaunch-1.0.2.jar:/home/braydon/.gradle/caches/modules-2/files-2.1/dev.ryanhcode.sable/sable-neoforge-1.21.1/2.0.5/5f666e973d32baaaf405acb9bbed6615b909971/sable-neoforge-1.21.1-2.0.5.jar:/home/braydon/.gradle/caches/modules-2/files-2.1/com.simibubi.create/create-1.21.1/6.0.11-312/29bd0ef8ff4851eabc1c7ab008939b0ee82abae8/create-1.21.1-6.0.11-312.jar:/home/braydon/.gradle/caches/modules-2/files-2.1/net.createmod.ponder/ponder-neoforge/1.0.87+mc1.21.1/7783eeff0389f8c6003457133b9dd98e903266c6/ponder-neoforge-1.0.87+mc1.21.1.jar:/home/braydon/.gradle/caches/modules-2/files-2.1/com.tterrag.registrate/Registrate/MC1.21-1.3.0+67/66ddc4cd56472fea1ea1a24182901e6c92a51c0a/Registrate-MC1.21-1.3.0+67.jar:/home/braydon/.gradle/caches/modules-2/files-2.1/dev.ryanhcode.sable-companion/sable-companion-common-1.21.1/1.6.0/370be7db705926176e05c0215ed676150c45daae/sable-companion-common-1.21.1-1.6.0.jar:/home/braydon/.gradle/caches/modules-2/files-2.1/maven.modrinth/terrablender/6e8GCrLb/744394d979b422be560babf9df7a6800ede9ac5b/terrablender-6e8GCrLb.jar:/home/braydon/.gradle/caches/modules-2/files-2.1/dev.engine-room.flywheel/flywheel-neoforge-1.21.1/1.0.6/a943872ad0bdd4458d818d8d7dc123fb250eb744/flywheel-neoforge-1.21.1-1.0.6.jar:/home/braydon/.gradle/caches/modules-2/files-2.1/curse.maven/create-coasters-simulated-1601871/8655742/4d3381b781a1129f793358b8ae13e0abcd2e655b/create-coasters-simulated-1601871-8655742.jar:/home/braydon/.gradle/caches/modules-2/files-2.1/curse.maven/coasters-simulated-track-styles-1642719/8672156/37f7c03050ee36cd2be8c64597daa8cb866e1bf8/coasters-simulated-track-styles-1642719-8672156.jar:/home/braydon/.gradle/caches/modules-2/files-2.1/curse.maven/steam-n-rails-neoforge-1414670/8243336/f2d71927ef504b597a6c992d02118c1e6ee6e369/steam-n-rails-neoforge-1414670-8243336.jar:/home/braydon/.gradle/caches/modules-2/files-2.1/maven.modrinth/patchouli/BIogJv2D/5413bb9b8fc35ebe46b06b48bf9afafbd8471140/patchouli-BIogJv2D.jar:/home/braydon/.gradle/caches/modules-2/files-2.1/foundry.veil/veil-neoforge-1.21.1/4.3.2/3d4056e31dd8a06e35901c3b82210c3d471e1e48/veil-neoforge-1.21.1-4.3.2.jar:/home/braydon/.gradle/caches/modules-2/files-2.1/dev.ryanhcode.sable/sable-sable_rapier-1.21.1/2.0.5/8fd9e68113d35a8014669da7396c6ad892c4f143/sable-sable_rapier-1.21.1-2.0.5.jar:/home/braydon/.gradle/caches/modules-2/files-2.1/net.neoforged.fancymodloader/earlydisplay/4.0.44/cb2afcf15672180eca1c49b1c9b1208951ef322e/earlydisplay-4.0.44.jar:/home/braydon/.gradle/caches/modules-2/files-2.1/net.neoforged.fancymodloader/loader/4.0.44/63433608b68302a442e3dba87880e54f42ea0583/loader-4.0.44.jar:/home/braydon/.gradle/caches/modules-2/files-2.1/net.neoforged.accesstransformers/at-modlauncher/10.0.1/5aba50202aceead086bc09fbc2751c9f05cb4890/at-modlauncher-10.0.1.jar:/home/braydon/.gradle/caches/modules-2/files-2.1/net.neoforged/accesstransformers/10.0.1/fd83b5725f76eae9115e9355fa1c456a6a441400/accesstransformers-10.0.1.jar:/home/braydon/.gradle/caches/modules-2/files-2.1/net.neoforged/bus/8.0.5/5b2d33285ab5d1554e9798ad98c40d6ea3868bd5/bus-8.0.5.jar:/home/braydon/.gradle/caches/modules-2/files-2.1/net.neoforged/coremods/7.0.3/9147e6f638b4272b3bd5fc8f92ad37802512c6c/coremods-7.0.3.jar:/home/braydon/.gradle/caches/modules-2/files-2.1/cpw.mods/modlauncher/11.0.5/b8f0d49294f733fdb6173931b263553e943dc950/modlauncher-11.0.5.jar:/home/braydon/.gradle/caches/modules-2/files-2.1/net.neoforged/mergetool/2.0.0/52fe1949be64e3303aabaaa21e315f551db9c9f4/mergetool-2.0.0-api.jar:/home/braydon/.gradle/caches/modules-2/files-2.1/com.electronwill.night-config/toml/3.8.3/90b2fd6efcb4a7d5b9810cf78f9d824994d717f2/toml-3.8.3.jar:/home/braydon/.gradle/caches/modules-2/files-2.1/com.electronwill.night-config/core/3.8.3/b442a95f09e349927f5a945ecb594455870fcf4f/core-3.8.3.jar:/home/braydon/.gradle/caches/modules-2/files-2.1/net.neoforged/JarJarSelector/0.4.1/fb3cc7a58af22ad2880adb98af6d518128c47dae/JarJarSelector-0.4.1.jar:/home/braydon/.gradle/caches/modules-2/files-2.1/net.neoforged/JarJarMetadata/0.4.1/f8da03683dc81694556dc3e177c5e3bb77ae6fcb/JarJarMetadata-0.4.1.jar:/home/braydon/.gradle/caches/modules-2/files-2.1/org.apache.maven/maven-artifact/3.8.5/4433f50c07debefaed0553bd0068f4f48d449313/maven-artifact-3.8.5.jar:/home/braydon/.gradle/caches/modules-2/files-2.1/net.jodah/typetools/0.6.3/a01aaa6ddaea9ec07ec4f209487b7a46a526283a/typetools-0.6.3.jar:/home/braydon/.gradle/caches/modules-2/files-2.1/net.minecrell/terminalconsoleappender/1.3.0/b562e9bb61235c9520e26282cdee71f8f802d1fc/terminalconsoleappender-1.3.0.jar:/home/braydon/.gradle/caches/modules-2/files-2.1/net.fabricmc/sponge-mixin/0.15.2+mixin.0.8.7/2af2f021d8e02a0220dc27a7a72b4666d66d44ca/sponge-mixin-0.15.2+mixin.0.8.7.jar:/home/braydon/.gradle/caches/modules-2/files-2.1/org.openjdk.nashorn/nashorn-core/15.4/f67f5ffaa5f5130cf6fb9b133da00c7df3b532a5/nashorn-core-15.4.jar:/home/braydon/.gradle/caches/modules-2/files-2.1/org.apache.commons/commons-lang3/3.14.0/1ed471194b02f2c6cb734a0cd6f6f107c673afae/commons-lang3-3.14.0.jar:/home/braydon/.gradle/caches/modules-2/files-2.1/cpw.mods/bootstraplauncher/2.0.2/1a2d076cbc33b0520cbacd591224427b2a20047d/bootstraplauncher-2.0.2.jar:/home/braydon/.gradle/caches/modules-2/files-2.1/cpw.mods/securejarhandler/3.0.8/c0ef95cecd8699a0449053ac7d9c160748d902cd/securejarhandler-3.0.8.jar:/home/braydon/.gradle/caches/modules-2/files-2.1/org.ow2.asm/asm-commons/9.10.1/4229e4c55fd8e01c23f9fe9884075cc628aacc50/asm-commons-9.10.1.jar:/home/braydon/.gradle/caches/modules-2/files-2.1/org.ow2.asm/asm-util/9.10.1/7bb9d450e8d4cbf9f9e04096c44bbfe7fba80b15/asm-util-9.10.1.jar:/home/braydon/.gradle/caches/modules-2/files-2.1/org.ow2.asm/asm-analysis/9.10.1/8d49f14d51f632cb1d87c88d1ceaf50db0d8af1b/asm-analysis-9.10.1.jar:/home/braydon/.gradle/caches/modules-2/files-2.1/gg.moonflower/molang-compiler/3.1.1.19/c7c0f9a9d0431c3485a0b6d2a4fb87e3de415ff9/molang-compiler-3.1.1.19.jar:/home/braydon/.gradle/caches/modules-2/files-2.1/io.github.ocelot/glsl-processor/0.2.3/f43cf0a51050fcdcbe8253368f0d77cf0439bf04/glsl-processor-0.2.3.jar:/home/braydon/.gradle/caches/modules-2/files-2.1/org.ow2.asm/asm-tree/9.10.1/e244332a17564c1d1572449399a842de35881be2/asm-tree-9.10.1.jar:/home/braydon/.gradle/caches/modules-2/files-2.1/org.ow2.asm/asm/9.10.1/ada2141c0cc52ee8f5c48cd5fa4ce0e794f22236/asm-9.10.1.jar:/home/braydon/.gradle/caches/modules-2/files-2.1/net.neoforged/JarJarFileSystems/0.4.1/78f59f89defcd032ed788b151ca6a0d40ace796a/JarJarFileSystems-0.4.1.jar:/home/braydon/.gradle/caches/modules-2/files-2.1/net.sf.jopt-simple/jopt-simple/5.0.4/4fdac2fbe92dfad86aa6e9301736f6b4342a3f5c/jopt-simple-5.0.4.jar:/home/braydon/.gradle/caches/modules-2/files-2.1/commons-io/commons-io/2.15.1/f11560da189ab563a5c8e351941415430e9304ea/commons-io-2.15.1.jar:/home/braydon/.gradle/caches/modules-2/files-2.1/com.mojang/logging/1.2.7/24cb95ffb0e3433fd6e844c04e68009e504ca1c0/logging-1.2.7.jar:/home/braydon/.gradle/caches/modules-2/files-2.1/org.apache.logging.log4j/log4j-slf4j2-impl/2.22.1/d7e6693c2606cb7e7335047d7bb96dec52db5665/log4j-slf4j2-impl-2.22.1.jar:/home/braydon/.gradle/caches/modules-2/files-2.1/org.apache.logging.log4j/log4j-core/2.22.1/7183a25510a02ad00cc6a95d3b3d2a7d3c5a8dc4/log4j-core-2.22.1.jar:/home/braydon/.gradle/caches/modules-2/files-2.1/org.apache.logging.log4j/log4j-api/2.22.1/bea6fede6328fabafd7e68363161a7ea6605abd1/log4j-api-2.22.1.jar:/home/braydon/.gradle/caches/modules-2/files-2.1/com.google.guava/guava/32.1.2-jre/5e64ec7e056456bef3a4bc4c6fdaef71e8ab6318/guava-32.1.2-jre.jar:/home/braydon/.gradle/caches/modules-2/files-2.1/com.google.code.gson/gson/2.10.1/b3add478d4382b78ea20b1671390a858002feb6c/gson-2.10.1.jar:/home/braydon/.gradle/caches/modules-2/files-2.1/org.slf4j/slf4j-api/2.0.9/7cf2726fdcfbc8610f9a71fb3ed639871f315340/slf4j-api-2.0.9.jar:/home/braydon/.gradle/caches/modules-2/files-2.1/org.antlr/antlr4-runtime/4.13.1/17125bae1d965624e265ef49552f6465a2bfa307/antlr4-runtime-4.13.1.jar:/home/braydon/.gradle/caches/modules-2/files-2.1/net.minecraftforge/srgutils/0.4.15/ca408b131759478f164e010fae0d73997e125fb5/srgutils-0.4.15.jar:/home/braydon/.gradle/caches/modules-2/files-2.1/org.codehaus.plexus/plexus-utils/3.3.0/cf43b5391de623b36fe066a21127baef82c64022/plexus-utils-3.3.0.jar:/home/braydon/.gradle/caches/modules-2/files-2.1/org.jline/jline-reader/3.20.0/8f15415b022a25b473e8e16c28ae913186ffb9c4/jline-reader-3.20.0.jar:/home/braydon/.gradle/caches/modules-2/files-2.1/com.machinezoo.noexception/noexception/1.7.1/b65330c98e38a1f915fa54a6e5eca496505e3f0a/noexception-1.7.1.jar:/home/braydon/.gradle/caches/modules-2/files-2.1/com.google.guava/failureaccess/1.0.1/1dcf1de382a0bf95a3d8b0849546c88bac1292c9/failureaccess-1.0.1.jar:/home/braydon/.gradle/caches/modules-2/files-2.1/com.google.guava/listenablefuture/9999.0-empty-to-avoid-conflict-with-guava/b421526c5f297295adef1c886e5246c39d4ac629/listenablefuture-9999.0-empty-to-avoid-conflict-with-guava.jar:/home/braydon/.gradle/caches/modules-2/files-2.1/com.google.code.findbugs/jsr305/3.0.2/25ea2e8b0c338a877313bd4672d3fe056ea78f0d/jsr305-3.0.2.jar:/home/braydon/.gradle/caches/modules-2/files-2.1/org.checkerframework/checker-qual/3.33.0/de2b60b62da487644fc11f734e73c8b0b431238f/checker-qual-3.33.0.jar:/home/braydon/.gradle/caches/modules-2/files-2.1/com.google.errorprone/error_prone_annotations/2.18.0/89b684257096f548fa39a7df9fdaa409d4d4df91/error_prone_annotations-2.18.0.jar:/home/braydon/.gradle/caches/modules-2/files-2.1/com.google.j2objc/j2objc-annotations/2.8/c85270e307e7b822f1086b93689124b89768e273/j2objc-annotations-2.8.jar:/home/braydon/.gradle/caches/modules-2/files-2.1/org.jline/jline-terminal/3.20.0/d0ddcc708ddf527a3454c941b7b9225cc83a15ff/jline-terminal-3.20.0.jar:/home/braydon/.gradle/caches/modules-2/files-2.1/com.github.oshi/oshi-core/6.4.10/b1d8ab82d11d92fd639b56d639f8f46f739dd5fa/oshi-core-6.4.10.jar:/home/braydon/.gradle/caches/modules-2/files-2.1/com.ibm.icu/icu4j/73.2/61ad4ef7f9131fcf6d25c34b817f90d6da06c9e9/icu4j-73.2.jar:/home/braydon/.gradle/caches/modules-2/files-2.1/com.mojang/authlib/6.0.54/de8bc95660e1b2fe8793fd427a7a10dcec5b3ea7/authlib-6.0.54.jar:/home/braydon/.gradle/caches/modules-2/files-2.1/com.mojang/blocklist/1.0.10/5c685c5ffa94c4cd39496c7184c1d122e515ecef/blocklist-1.0.10.jar:/home/braydon/.gradle/caches/modules-2/files-2.1/com.mojang/brigadier/1.3.10/d15b53a14cf20fdcaa98f731af5dda654452c010/brigadier-1.3.10.jar:/home/braydon/.gradle/caches/modules-2/files-2.1/com.mojang/datafixerupper/8.0.16/67d4de6d7f95d89bcf5862995fb854ebaec02a34/datafixerupper-8.0.16.jar:/home/braydon/.gradle/caches/modules-2/files-2.1/com.mojang/patchy/2.2.10/da05971b07cbb379d002cf7eaec6a2048211fefc/patchy-2.2.10.jar:/home/braydon/.gradle/caches/modules-2/files-2.1/com.mojang/text2speech/1.17.9/3cad216e3a7f0c19b4b394388bc9ffc446f13b14/text2speech-1.17.9.jar:/home/braydon/.gradle/caches/modules-2/files-2.1/commons-codec/commons-codec/1.16.0/4e3eb3d79888d76b54e28b350915b5dc3919c9de/commons-codec-1.16.0.jar:/home/braydon/.gradle/caches/modules-2/files-2.1/commons-logging/commons-logging/1.2/4bfc12adfe4842bf07b657f0369c4cb522955686/commons-logging-1.2.jar:/home/braydon/.gradle/caches/modules-2/files-2.1/io.netty/netty-buffer/4.1.97.Final/f8f3d8644afa5e6e1a40a3a6aeb9d9aa970ecb4f/netty-buffer-4.1.97.Final.jar:/home/braydon/.gradle/caches/modules-2/files-2.1/io.netty/netty-codec/4.1.97.Final/384ba4d75670befbedb45c4d3b497a93639c206d/netty-codec-4.1.97.Final.jar:/home/braydon/.gradle/caches/modules-2/files-2.1/io.netty/netty-common/4.1.97.Final/7cceacaf11df8dc63f23d0fb58e9d4640fc88404/netty-common-4.1.97.Final.jar:/home/braydon/.gradle/caches/modules-2/files-2.1/io.netty/netty-handler/4.1.97.Final/abb86c6906bf512bf2b797a41cd7d2e8d3cd7c36/netty-handler-4.1.97.Final.jar:/home/braydon/.gradle/caches/modules-2/files-2.1/io.netty/netty-resolver/4.1.97.Final/cec8348108dc76c47cf87c669d514be52c922144/netty-resolver-4.1.97.Final.jar:/home/braydon/.gradle/caches/modules-2/files-2.1/io.netty/netty-transport-classes-epoll/4.1.97.Final/795da37ded759e862457a82d9d92c4d39ce8ecee/netty-transport-classes-epoll-4.1.97.Final.jar:/home/braydon/.gradle/caches/modules-2/files-2.1/io.netty/netty-transport-native-unix-common/4.1.97.Final/d469d84265ab70095b01b40886cabdd433b6e664/netty-transport-native-unix-common-4.1.97.Final.jar:/home/braydon/.gradle/caches/modules-2/files-2.1/io.netty/netty-transport/4.1.97.Final/f37380d23c9bb079bc702910833b2fd532c9abd0/netty-transport-4.1.97.Final.jar:/home/braydon/.gradle/caches/modules-2/files-2.1/it.unimi.dsi/fastutil/8.5.12/c24946d46824bd528054bface3231d2ecb7e95e8/fastutil-8.5.12.jar:/home/braydon/.gradle/caches/modules-2/files-2.1/net.java.dev.jna/jna-platform/5.14.0/28934d48aed814f11e4c584da55c49fa7032b31b/jna-platform-5.14.0.jar:/home/braydon/.gradle/caches/modules-2/files-2.1/net.java.dev.jna/jna/5.14.0/67bf3eaea4f0718cb376a181a629e5f88fa1c9dd/jna-5.14.0.jar:/home/braydon/.gradle/caches/modules-2/files-2.1/org.apache.commons/commons-compress/1.26.0/659feffdd12280201c8aacb8f7be94f9a883c824/commons-compress-1.26.0.jar:/home/braydon/.gradle/caches/modules-2/files-2.1/org.apache.httpcomponents/httpclient/4.5.13/e5f6cae5ca7ecaac1ec2827a9e2d65ae2869cada/httpclient-4.5.13.jar:/home/braydon/.gradle/caches/modules-2/files-2.1/org.apache.httpcomponents/httpcore/4.4.16/51cf043c87253c9f58b539c9f7e44c8894223850/httpcore-4.4.16.jar:/home/braydon/.gradle/caches/modules-2/files-2.1/org.jcraft/jorbis/0.0.17/8872d22b293e8f5d7d56ff92be966e6dc28ebdc6/jorbis-0.0.17.jar:/home/braydon/.gradle/caches/modules-2/files-2.1/org.joml/joml/1.10.5/22566d58af70ad3d72308bab63b8339906deb649/joml-1.10.5.jar:/home/braydon/.gradle/caches/modules-2/files-2.1/org.lwjgl/lwjgl-freetype/3.3.3/a0db6c84a8becc8ca05f9dbfa985edc348a824c7/lwjgl-freetype-3.3.3.jar:/home/braydon/.gradle/caches/modules-2/files-2.1/org.lwjgl/lwjgl-freetype/3.3.3/149070a5480900347071b7074779531f25a6e3dc/lwjgl-freetype-3.3.3-natives-linux.jar:/home/braydon/.gradle/caches/modules-2/files-2.1/org.lwjgl/lwjgl-glfw/3.3.3/efa1eb78c5ccd840e9f329717109b5e892d72f8e/lwjgl-glfw-3.3.3.jar:/home/braydon/.gradle/caches/modules-2/files-2.1/org.lwjgl/lwjgl-glfw/3.3.3/a03684c5e4b1b1dbbe0d29dbbdc27b985b6840f2/lwjgl-glfw-3.3.3-natives-linux.jar:/home/braydon/.gradle/caches/modules-2/files-2.1/org.lwjgl/lwjgl-jemalloc/3.3.3/b543467b7ff3c6920539a88ee602d34098628be5/lwjgl-jemalloc-3.3.3.jar:/home/braydon/.gradle/caches/modules-2/files-2.1/org.lwjgl/lwjgl-jemalloc/3.3.3/4f86728bf449b1dd61251c4e0ac01df1389cb51e/lwjgl-jemalloc-3.3.3-natives-linux.jar:/home/braydon/.gradle/caches/modules-2/files-2.1/org.lwjgl/lwjgl-openal/3.3.3/daada81ceb5fc0c291fbfdd4433cb8d9423577f2/lwjgl-openal-3.3.3.jar:/home/braydon/.gradle/caches/modules-2/files-2.1/org.lwjgl/lwjgl-openal/3.3.3/3037360cc4595079bea240af250b6d1a527e0905/lwjgl-openal-3.3.3-natives-linux.jar:/home/braydon/.gradle/caches/modules-2/files-2.1/org.lwjgl/lwjgl-opengl/3.3.3/2f6b0147078396a58979125a4c947664e98293a/lwjgl-opengl-3.3.3.jar:/home/braydon/.gradle/caches/modules-2/files-2.1/org.lwjgl/lwjgl-opengl/3.3.3/62c70a4b00ca5391882b0f4b787c1588d24f1c86/lwjgl-opengl-3.3.3-natives-linux.jar:/home/braydon/.gradle/caches/modules-2/files-2.1/org.lwjgl/lwjgl-stb/3.3.3/25dd6161988d7e65f71d5065c99902402ee32746/lwjgl-stb-3.3.3.jar:/home/braydon/.gradle/caches/modules-2/files-2.1/org.lwjgl/lwjgl-stb/3.3.3/fd1271ccd9d85eff2fa31f3fd543e02ccfaf5041/lwjgl-stb-3.3.3-natives-linux.jar:/home/braydon/.gradle/caches/modules-2/files-2.1/org.lwjgl/lwjgl-tinyfd/3.3.3/82d755ca94b102e9ca77283b9e2dc46d1b15fbe5/lwjgl-tinyfd-3.3.3.jar:/home/braydon/.gradle/caches/modules-2/files-2.1/org.lwjgl/lwjgl-tinyfd/3.3.3/d8d58daa0c3e5fd906fee96f5fddbcbc07cc308b/lwjgl-tinyfd-3.3.3-natives-linux.jar:/home/braydon/.gradle/caches/modules-2/files-2.1/org.lwjgl/lwjgl/3.3.3/29589b5f87ed335a6c7e7ee6a5775f81f97ecb84/lwjgl-3.3.3.jar:/home/braydon/.gradle/caches/modules-2/files-2.1/org.lwjgl/lwjgl/3.3.3/1713758e3660ba66e1e954396fd18126038b33c0/lwjgl-3.3.3-natives-linux.jar:/home/braydon/.gradle/caches/modules-2/files-2.1/org.lz4/lz4-java/1.8.0/4b986a99445e49ea5fbf5d149c4b63f6ed6c6780/lz4-java-1.8.0.jar:/home/braydon/.gradle/caches/modules-2/files-2.1/io.netty/netty-transport-native-epoll/4.1.97.Final/5514744c588190ffda076b35a9b8c9f24946a960/netty-transport-native-epoll-4.1.97.Final-linux-aarch_64.jar:/home/braydon/.gradle/caches/modules-2/files-2.1/io.netty/netty-transport-native-epoll/4.1.97.Final/54188f271e388e7f313aea995e82f58ce2cdb809/netty-transport-native-epoll-4.1.97.Final-linux-x86_64.jar)
	at MC-BOOTSTRAP/com.sun.jna@5.14.0/com.sun.jna.NativeLibrary.loadLibrary(NativeLibrary.java:325) ~[jna-5.14.0.jar%23128!/:5.14.0 (b0)]
	at MC-BOOTSTRAP/com.sun.jna@5.14.0/com.sun.jna.NativeLibrary.getInstance(NativeLibrary.java:481) ~[jna-5.14.0.jar%23128!/:5.14.0 (b0)]
	at MC-BOOTSTRAP/com.sun.jna@5.14.0/com.sun.jna.NativeLibrary.getInstance(NativeLibrary.java:423) ~[jna-5.14.0.jar%23128!/:5.14.0 (b0)]
	at MC-BOOTSTRAP/text2speech@1.17.9/com.mojang.text2speech.NarratorLinux$FliteLibrary.loadNative(NarratorLinux.java:67) ~[text2speech-1.17.9.jar%23110!/:?]
	... 23 more
	Suppressed: java.lang.UnsatisfiedLinkError: libflite.so: cannot open shared object file: No such file or directory
		at MC-BOOTSTRAP/com.sun.jna@5.14.0/com.sun.jna.Native.open(Native Method) ~[jna-5.14.0.jar%23128!/:5.14.0 (b0)]
		at MC-BOOTSTRAP/com.sun.jna@5.14.0/com.sun.jna.NativeLibrary.loadLibrary(NativeLibrary.java:213) ~[jna-5.14.0.jar%23128!/:5.14.0 (b0)]
		at MC-BOOTSTRAP/com.sun.jna@5.14.0/com.sun.jna.NativeLibrary.getInstance(NativeLibrary.java:481) ~[jna-5.14.0.jar%23128!/:5.14.0 (b0)]
		at MC-BOOTSTRAP/com.sun.jna@5.14.0/com.sun.jna.NativeLibrary.getInstance(NativeLibrary.java:423) ~[jna-5.14.0.jar%23128!/:5.14.0 (b0)]
		at MC-BOOTSTRAP/text2speech@1.17.9/com.mojang.text2speech.NarratorLinux$FliteLibrary.loadNative(NarratorLinux.java:67) ~[text2speech-1.17.9.jar%23110!/:?]
		at MC-BOOTSTRAP/text2speech@1.17.9/com.mojang.text2speech.NarratorLinux.<init>(NarratorLinux.java:18) ~[text2speech-1.17.9.jar%23110!/:?]
		at MC-BOOTSTRAP/text2speech@1.17.9/com.mojang.text2speech.Narrator.getNarrator(Narrator.java:41) ~[text2speech-1.17.9.jar%23110!/:?]
		at TRANSFORMER/minecraft@1.21.1/net.minecraft.client.GameNarrator.<init>(GameNarrator.java:21) ~[neoforge-21.1.252.jar%23177!/:?]
		at TRANSFORMER/minecraft@1.21.1/net.minecraft.client.Minecraft.<init>(Minecraft.java:609) ~[neoforge-21.1.252.jar%23177!/:?]
		at TRANSFORMER/minecraft@1.21.1/net.minecraft.client.main.Main.main(Main.java:214) ~[neoforge-21.1.252.jar%23177!/:?]
		at java.base/jdk.internal.reflect.DirectMethodHandleAccessor.invoke(DirectMethodHandleAccessor.java:103) ~[?:?]
		at java.base/java.lang.reflect.Method.invoke(Method.java:580) ~[?:?]
		at MC-BOOTSTRAP/fml_loader@4.0.44/net.neoforged.fml.loading.targets.CommonLaunchHandler.runTarget(CommonLaunchHandler.java:136) ~[loader-4.0.44.jar%23134!/:4.0]
		at MC-BOOTSTRAP/fml_loader@4.0.44/net.neoforged.fml.loading.targets.CommonLaunchHandler.clientService(CommonLaunchHandler.java:124) ~[loader-4.0.44.jar%23134!/:4.0]
		at MC-BOOTSTRAP/fml_loader@4.0.44/net.neoforged.fml.loading.targets.NeoForgeClientDevLaunchHandler.runService(NeoForgeClientDevLaunchHandler.java:23) ~[loader-4.0.44.jar%23134!/:4.0]
		at MC-BOOTSTRAP/fml_loader@4.0.44/net.neoforged.fml.loading.targets.CommonLaunchHandler.lambda$launchService$4(CommonLaunchHandler.java:118) ~[loader-4.0.44.jar%23134!/:4.0]
		at MC-BOOTSTRAP/cpw.mods.modlauncher@11.0.5/cpw.mods.modlauncher.LaunchServiceHandlerDecorator.launch(LaunchServiceHandlerDecorator.java:30) [modlauncher-11.0.5.jar%23114!/:?]
		at MC-BOOTSTRAP/cpw.mods.modlauncher@11.0.5/cpw.mods.modlauncher.LaunchServiceHandler.launch(LaunchServiceHandler.java:53) [modlauncher-11.0.5.jar%23114!/:?]
		at MC-BOOTSTRAP/cpw.mods.modlauncher@11.0.5/cpw.mods.modlauncher.LaunchServiceHandler.launch(LaunchServiceHandler.java:71) [modlauncher-11.0.5.jar%23114!/:?]
		at MC-BOOTSTRAP/cpw.mods.modlauncher@11.0.5/cpw.mods.modlauncher.Launcher.run(Launcher.java:103) [modlauncher-11.0.5.jar%23114!/:?]
		at MC-BOOTSTRAP/cpw.mods.modlauncher@11.0.5/cpw.mods.modlauncher.Launcher.main(Launcher.java:74) [modlauncher-11.0.5.jar%23114!/:?]
		at MC-BOOTSTRAP/cpw.mods.modlauncher@11.0.5/cpw.mods.modlauncher.BootstrapLaunchConsumer.accept(BootstrapLaunchConsumer.java:26) [modlauncher-11.0.5.jar%23114!/:?]
		at MC-BOOTSTRAP/cpw.mods.modlauncher@11.0.5/cpw.mods.modlauncher.BootstrapLaunchConsumer.accept(BootstrapLaunchConsumer.java:23) [modlauncher-11.0.5.jar%23114!/:?]
		at cpw.mods.bootstraplauncher@2.0.2/cpw.mods.bootstraplauncher.BootstrapLauncher.run(BootstrapLauncher.java:210) [bootstraplauncher-2.0.2.jar:?]
		at cpw.mods.bootstraplauncher@2.0.2/cpw.mods.bootstraplauncher.BootstrapLauncher.main(BootstrapLauncher.java:69) [bootstraplauncher-2.0.2.jar:?]
		at java.base/jdk.internal.reflect.DirectMethodHandleAccessor.invoke(DirectMethodHandleAccessor.java:103) ~[?:?]
		at java.base/java.lang.reflect.Method.invoke(Method.java:580) ~[?:?]
		at net.neoforged.devlaunch.Main.main(Main.java:57) [DevLaunch-1.0.2.jar:?]
	Suppressed: java.lang.UnsatisfiedLinkError: libflite.so: cannot open shared object file: No such file or directory
		at MC-BOOTSTRAP/com.sun.jna@5.14.0/com.sun.jna.Native.open(Native Method) ~[jna-5.14.0.jar%23128!/:5.14.0 (b0)]
		at MC-BOOTSTRAP/com.sun.jna@5.14.0/com.sun.jna.NativeLibrary.loadLibrary(NativeLibrary.java:226) ~[jna-5.14.0.jar%23128!/:5.14.0 (b0)]
		at MC-BOOTSTRAP/com.sun.jna@5.14.0/com.sun.jna.NativeLibrary.getInstance(NativeLibrary.java:481) ~[jna-5.14.0.jar%23128!/:5.14.0 (b0)]
		at MC-BOOTSTRAP/com.sun.jna@5.14.0/com.sun.jna.NativeLibrary.getInstance(NativeLibrary.java:423) ~[jna-5.14.0.jar%23128!/:5.14.0 (b0)]
		at MC-BOOTSTRAP/text2speech@1.17.9/com.mojang.text2speech.NarratorLinux$FliteLibrary.loadNative(NarratorLinux.java:67) ~[text2speech-1.17.9.jar%23110!/:?]
		at MC-BOOTSTRAP/text2speech@1.17.9/com.mojang.text2speech.NarratorLinux.<init>(NarratorLinux.java:18) ~[text2speech-1.17.9.jar%23110!/:?]
		at MC-BOOTSTRAP/text2speech@1.17.9/com.mojang.text2speech.Narrator.getNarrator(Narrator.java:41) ~[text2speech-1.17.9.jar%23110!/:?]
		at TRANSFORMER/minecraft@1.21.1/net.minecraft.client.GameNarrator.<init>(GameNarrator.java:21) ~[neoforge-21.1.252.jar%23177!/:?]
		at TRANSFORMER/minecraft@1.21.1/net.minecraft.client.Minecraft.<init>(Minecraft.java:609) ~[neoforge-21.1.252.jar%23177!/:?]
		at TRANSFORMER/minecraft@1.21.1/net.minecraft.client.main.Main.main(Main.java:214) ~[neoforge-21.1.252.jar%23177!/:?]
		at java.base/jdk.internal.reflect.DirectMethodHandleAccessor.invoke(DirectMethodHandleAccessor.java:103) ~[?:?]
		at java.base/java.lang.reflect.Method.invoke(Method.java:580) ~[?:?]
		at MC-BOOTSTRAP/fml_loader@4.0.44/net.neoforged.fml.loading.targets.CommonLaunchHandler.runTarget(CommonLaunchHandler.java:136) ~[loader-4.0.44.jar%23134!/:4.0]
		at MC-BOOTSTRAP/fml_loader@4.0.44/net.neoforged.fml.loading.targets.CommonLaunchHandler.clientService(CommonLaunchHandler.java:124) ~[loader-4.0.44.jar%23134!/:4.0]
		at MC-BOOTSTRAP/fml_loader@4.0.44/net.neoforged.fml.loading.targets.NeoForgeClientDevLaunchHandler.runService(NeoForgeClientDevLaunchHandler.java:23) ~[loader-4.0.44.jar%23134!/:4.0]
		at MC-BOOTSTRAP/fml_loader@4.0.44/net.neoforged.fml.loading.targets.CommonLaunchHandler.lambda$launchService$4(CommonLaunchHandler.java:118) ~[loader-4.0.44.jar%23134!/:4.0]
		at MC-BOOTSTRAP/cpw.mods.modlauncher@11.0.5/cpw.mods.modlauncher.LaunchServiceHandlerDecorator.launch(LaunchServiceHandlerDecorator.java:30) [modlauncher-11.0.5.jar%23114!/:?]
		at MC-BOOTSTRAP/cpw.mods.modlauncher@11.0.5/cpw.mods.modlauncher.LaunchServiceHandler.launch(LaunchServiceHandler.java:53) [modlauncher-11.0.5.jar%23114!/:?]
		at MC-BOOTSTRAP/cpw.mods.modlauncher@11.0.5/cpw.mods.modlauncher.LaunchServiceHandler.launch(LaunchServiceHandler.java:71) [modlauncher-11.0.5.jar%23114!/:?]
		at MC-BOOTSTRAP/cpw.mods.modlauncher@11.0.5/cpw.mods.modlauncher.Launcher.run(Launcher.java:103) [modlauncher-11.0.5.jar%23114!/:?]
		at MC-BOOTSTRAP/cpw.mods.modlauncher@11.0.5/cpw.mods.modlauncher.Launcher.main(Launcher.java:74) [modlauncher-11.0.5.jar%23114!/:?]
		at MC-BOOTSTRAP/cpw.mods.modlauncher@11.0.5/cpw.mods.modlauncher.BootstrapLaunchConsumer.accept(BootstrapLaunchConsumer.java:26) [modlauncher-11.0.5.jar%23114!/:?]
		at MC-BOOTSTRAP/cpw.mods.modlauncher@11.0.5/cpw.mods.modlauncher.BootstrapLaunchConsumer.accept(BootstrapLaunchConsumer.java:23) [modlauncher-11.0.5.jar%23114!/:?]
		at cpw.mods.bootstraplauncher@2.0.2/cpw.mods.bootstraplauncher.BootstrapLauncher.run(BootstrapLauncher.java:210) [bootstraplauncher-2.0.2.jar:?]
		at cpw.mods.bootstraplauncher@2.0.2/cpw.mods.bootstraplauncher.BootstrapLauncher.main(BootstrapLauncher.java:69) [bootstraplauncher-2.0.2.jar:?]
		at java.base/jdk.internal.reflect.DirectMethodHandleAccessor.invoke(DirectMethodHandleAccessor.java:103) ~[?:?]
		at java.base/java.lang.reflect.Method.invoke(Method.java:580) ~[?:?]
		at net.neoforged.devlaunch.Main.main(Main.java:57) [DevLaunch-1.0.2.jar:?]
	Suppressed: java.io.IOException: Native library (linux-x86-64/libflite.so) not found in resource path (/home/braydon/Magnetization-API/build/ponder-workflows-zo2e36_c/build/classes/java/main:/home/braydon/Magnetization-API/build/ponder-workflows-zo2e36_c/build/resources/main:/home/braydon/Magnetization-API/build/ponder-workflows-zo2e36_c/build/aeronautics-bundle/dev.eriksonn.aeronautics.aeronautics-neoforge-1.21.1-1.3.2.jar:/home/braydon/Magnetization-API/build/ponder-workflows-zo2e36_c/build/aeronautics-bundle/dev.simulated_team.simulated.simulated-neoforge-1.21.1-1.3.2.jar:/home/braydon/Magnetization-API/build/ponder-workflows-zo2e36_c/build/moddev/artifacts/neoforge-21.1.252.jar:/home/braydon/Magnetization-API/build/ponder-workflows-zo2e36_c/build/moddev/artifacts/neoforge-21.1.252-client-extra-aka-minecraft-resources.jar:/home/braydon/.gradle/caches/modules-2/files-2.1/curse.maven/coasters-magnetized-1642979/8668703/26332fc0110181036d58b4135fd1cf431d842cb0/coasters-magnetized-1642979-8668703.jar:/home/braydon/.gradle/caches/modules-2/files-2.1/maven.modrinth/UT2M39wf/bPYeUWZx/74de17876c43f5f780bac478b9f9eb11e687b8d7/UT2M39wf-bPYeUWZx.jar:/home/braydon/.gradle/caches/modules-2/files-2.1/net.neoforged/DevLaunch/1.0.2/2e0e9a67793d5bfdedee4f9ea00934dbf3f2e22d/DevLaunch-1.0.2.jar:/home/braydon/.gradle/caches/modules-2/files-2.1/dev.ryanhcode.sable/sable-neoforge-1.21.1/2.0.5/5f666e973d32baaaf405acb9bbed6615b909971/sable-neoforge-1.21.1-2.0.5.jar:/home/braydon/.gradle/caches/modules-2/files-2.1/com.simibubi.create/create-1.21.1/6.0.11-312/29bd0ef8ff4851eabc1c7ab008939b0ee82abae8/create-1.21.1-6.0.11-312.jar:/home/braydon/.gradle/caches/modules-2/files-2.1/net.createmod.ponder/ponder-neoforge/1.0.87+mc1.21.1/7783eeff0389f8c6003457133b9dd98e903266c6/ponder-neoforge-1.0.87+mc1.21.1.jar:/home/braydon/.gradle/caches/modules-2/files-2.1/com.tterrag.registrate/Registrate/MC1.21-1.3.0+67/66ddc4cd56472fea1ea1a24182901e6c92a51c0a/Registrate-MC1.21-1.3.0+67.jar:/home/braydon/.gradle/caches/modules-2/files-2.1/dev.ryanhcode.sable-companion/sable-companion-common-1.21.1/1.6.0/370be7db705926176e05c0215ed676150c45daae/sable-companion-common-1.21.1-1.6.0.jar:/home/braydon/.gradle/caches/modules-2/files-2.1/maven.modrinth/terrablender/6e8GCrLb/744394d979b422be560babf9df7a6800ede9ac5b/terrablender-6e8GCrLb.jar:/home/braydon/.gradle/caches/modules-2/files-2.1/dev.engine-room.flywheel/flywheel-neoforge-1.21.1/1.0.6/a943872ad0bdd4458d818d8d7dc123fb250eb744/flywheel-neoforge-1.21.1-1.0.6.jar:/home/braydon/.gradle/caches/modules-2/files-2.1/curse.maven/create-coasters-simulated-1601871/8655742/4d3381b781a1129f793358b8ae13e0abcd2e655b/create-coasters-simulated-1601871-8655742.jar:/home/braydon/.gradle/caches/modules-2/files-2.1/curse.maven/coasters-simulated-track-styles-1642719/8672156/37f7c03050ee36cd2be8c64597daa8cb866e1bf8/coasters-simulated-track-styles-1642719-8672156.jar:/home/braydon/.gradle/caches/modules-2/files-2.1/curse.maven/steam-n-rails-neoforge-1414670/8243336/f2d71927ef504b597a6c992d02118c1e6ee6e369/steam-n-rails-neoforge-1414670-8243336.jar:/home/braydon/.gradle/caches/modules-2/files-2.1/maven.modrinth/patchouli/BIogJv2D/5413bb9b8fc35ebe46b06b48bf9afafbd8471140/patchouli-BIogJv2D.jar:/home/braydon/.gradle/caches/modules-2/files-2.1/foundry.veil/veil-neoforge-1.21.1/4.3.2/3d4056e31dd8a06e35901c3b82210c3d471e1e48/veil-neoforge-1.21.1-4.3.2.jar:/home/braydon/.gradle/caches/modules-2/files-2.1/dev.ryanhcode.sable/sable-sable_rapier-1.21.1/2.0.5/8fd9e68113d35a8014669da7396c6ad892c4f143/sable-sable_rapier-1.21.1-2.0.5.jar:/home/braydon/.gradle/caches/modules-2/files-2.1/net.neoforged.fancymodloader/earlydisplay/4.0.44/cb2afcf15672180eca1c49b1c9b1208951ef322e/earlydisplay-4.0.44.jar:/home/braydon/.gradle/caches/modules-2/files-2.1/net.neoforged.fancymodloader/loader/4.0.44/63433608b68302a442e3dba87880e54f42ea0583/loader-4.0.44.jar:/home/braydon/.gradle/caches/modules-2/files-2.1/net.neoforged.accesstransformers/at-modlauncher/10.0.1/5aba50202aceead086bc09fbc2751c9f05cb4890/at-modlauncher-10.0.1.jar:/home/braydon/.gradle/caches/modules-2/files-2.1/net.neoforged/accesstransformers/10.0.1/fd83b5725f76eae9115e9355fa1c456a6a441400/accesstransformers-10.0.1.jar:/home/braydon/.gradle/caches/modules-2/files-2.1/net.neoforged/bus/8.0.5/5b2d33285ab5d1554e9798ad98c40d6ea3868bd5/bus-8.0.5.jar:/home/braydon/.gradle/caches/modules-2/files-2.1/net.neoforged/coremods/7.0.3/9147e6f638b4272b3bd5fc8f92ad37802512c6c/coremods-7.0.3.jar:/home/braydon/.gradle/caches/modules-2/files-2.1/cpw.mods/modlauncher/11.0.5/b8f0d49294f733fdb6173931b263553e943dc950/modlauncher-11.0.5.jar:/home/braydon/.gradle/caches/modules-2/files-2.1/net.neoforged/mergetool/2.0.0/52fe1949be64e3303aabaaa21e315f551db9c9f4/mergetool-2.0.0-api.jar:/home/braydon/.gradle/caches/modules-2/files-2.1/com.electronwill.night-config/toml/3.8.3/90b2fd6efcb4a7d5b9810cf78f9d824994d717f2/toml-3.8.3.jar:/home/braydon/.gradle/caches/modules-2/files-2.1/com.electronwill.night-config/core/3.8.3/b442a95f09e349927f5a945ecb594455870fcf4f/core-3.8.3.jar:/home/braydon/.gradle/caches/modules-2/files-2.1/net.neoforged/JarJarSelector/0.4.1/fb3cc7a58af22ad2880adb98af6d518128c47dae/JarJarSelector-0.4.1.jar:/home/braydon/.gradle/caches/modules-2/files-2.1/net.neoforged/JarJarMetadata/0.4.1/f8da03683dc81694556dc3e177c5e3bb77ae6fcb/JarJarMetadata-0.4.1.jar:/home/braydon/.gradle/caches/modules-2/files-2.1/org.apache.maven/maven-artifact/3.8.5/4433f50c07debefaed0553bd0068f4f48d449313/maven-artifact-3.8.5.jar:/home/braydon/.gradle/caches/modules-2/files-2.1/net.jodah/typetools/0.6.3/a01aaa6ddaea9ec07ec4f209487b7a46a526283a/typetools-0.6.3.jar:/home/braydon/.gradle/caches/modules-2/files-2.1/net.minecrell/terminalconsoleappender/1.3.0/b562e9bb61235c9520e26282cdee71f8f802d1fc/terminalconsoleappender-1.3.0.jar:/home/braydon/.gradle/caches/modules-2/files-2.1/net.fabricmc/sponge-mixin/0.15.2+mixin.0.8.7/2af2f021d8e02a0220dc27a7a72b4666d66d44ca/sponge-mixin-0.15.2+mixin.0.8.7.jar:/home/braydon/.gradle/caches/modules-2/files-2.1/org.openjdk.nashorn/nashorn-core/15.4/f67f5ffaa5f5130cf6fb9b133da00c7df3b532a5/nashorn-core-15.4.jar:/home/braydon/.gradle/caches/modules-2/files-2.1/org.apache.commons/commons-lang3/3.14.0/1ed471194b02f2c6cb734a0cd6f6f107c673afae/commons-lang3-3.14.0.jar:/home/braydon/.gradle/caches/modules-2/files-2.1/cpw.mods/bootstraplauncher/2.0.2/1a2d076cbc33b0520cbacd591224427b2a20047d/bootstraplauncher-2.0.2.jar:/home/braydon/.gradle/caches/modules-2/files-2.1/cpw.mods/securejarhandler/3.0.8/c0ef95cecd8699a0449053ac7d9c160748d902cd/securejarhandler-3.0.8.jar:/home/braydon/.gradle/caches/modules-2/files-2.1/org.ow2.asm/asm-commons/9.10.1/4229e4c55fd8e01c23f9fe9884075cc628aacc50/asm-commons-9.10.1.jar:/home/braydon/.gradle/caches/modules-2/files-2.1/org.ow2.asm/asm-util/9.10.1/7bb9d450e8d4cbf9f9e04096c44bbfe7fba80b15/asm-util-9.10.1.jar:/home/braydon/.gradle/caches/modules-2/files-2.1/org.ow2.asm/asm-analysis/9.10.1/8d49f14d51f632cb1d87c88d1ceaf50db0d8af1b/asm-analysis-9.10.1.jar:/home/braydon/.gradle/caches/modules-2/files-2.1/gg.moonflower/molang-compiler/3.1.1.19/c7c0f9a9d0431c3485a0b6d2a4fb87e3de415ff9/molang-compiler-3.1.1.19.jar:/home/braydon/.gradle/caches/modules-2/files-2.1/io.github.ocelot/glsl-processor/0.2.3/f43cf0a51050fcdcbe8253368f0d77cf0439bf04/glsl-processor-0.2.3.jar:/home/braydon/.gradle/caches/modules-2/files-2.1/org.ow2.asm/asm-tree/9.10.1/e244332a17564c1d1572449399a842de35881be2/asm-tree-9.10.1.jar:/home/braydon/.gradle/caches/modules-2/files-2.1/org.ow2.asm/asm/9.10.1/ada2141c0cc52ee8f5c48cd5fa4ce0e794f22236/asm-9.10.1.jar:/home/braydon/.gradle/caches/modules-2/files-2.1/net.neoforged/JarJarFileSystems/0.4.1/78f59f89defcd032ed788b151ca6a0d40ace796a/JarJarFileSystems-0.4.1.jar:/home/braydon/.gradle/caches/modules-2/files-2.1/net.sf.jopt-simple/jopt-simple/5.0.4/4fdac2fbe92dfad86aa6e9301736f6b4342a3f5c/jopt-simple-5.0.4.jar:/home/braydon/.gradle/caches/modules-2/files-2.1/commons-io/commons-io/2.15.1/f11560da189ab563a5c8e351941415430e9304ea/commons-io-2.15.1.jar:/home/braydon/.gradle/caches/modules-2/files-2.1/com.mojang/logging/1.2.7/24cb95ffb0e3433fd6e844c04e68009e504ca1c0/logging-1.2.7.jar:/home/braydon/.gradle/caches/modules-2/files-2.1/org.apache.logging.log4j/log4j-slf4j2-impl/2.22.1/d7e6693c2606cb7e7335047d7bb96dec52db5665/log4j-slf4j2-impl-2.22.1.jar:/home/braydon/.gradle/caches/modules-2/files-2.1/org.apache.logging.log4j/log4j-core/2.22.1/7183a25510a02ad00cc6a95d3b3d2a7d3c5a8dc4/log4j-core-2.22.1.jar:/home/braydon/.gradle/caches/modules-2/files-2.1/org.apache.logging.log4j/log4j-api/2.22.1/bea6fede6328fabafd7e68363161a7ea6605abd1/log4j-api-2.22.1.jar:/home/braydon/.gradle/caches/modules-2/files-2.1/com.google.guava/guava/32.1.2-jre/5e64ec7e056456bef3a4bc4c6fdaef71e8ab6318/guava-32.1.2-jre.jar:/home/braydon/.gradle/caches/modules-2/files-2.1/com.google.code.gson/gson/2.10.1/b3add478d4382b78ea20b1671390a858002feb6c/gson-2.10.1.jar:/home/braydon/.gradle/caches/modules-2/files-2.1/org.slf4j/slf4j-api/2.0.9/7cf2726fdcfbc8610f9a71fb3ed639871f315340/slf4j-api-2.0.9.jar:/home/braydon/.gradle/caches/modules-2/files-2.1/org.antlr/antlr4-runtime/4.13.1/17125bae1d965624e265ef49552f6465a2bfa307/antlr4-runtime-4.13.1.jar:/home/braydon/.gradle/caches/modules-2/files-2.1/net.minecraftforge/srgutils/0.4.15/ca408b131759478f164e010fae0d73997e125fb5/srgutils-0.4.15.jar:/home/braydon/.gradle/caches/modules-2/files-2.1/org.codehaus.plexus/plexus-utils/3.3.0/cf43b5391de623b36fe066a21127baef82c64022/plexus-utils-3.3.0.jar:/home/braydon/.gradle/caches/modules-2/files-2.1/org.jline/jline-reader/3.20.0/8f15415b022a25b473e8e16c28ae913186ffb9c4/jline-reader-3.20.0.jar:/home/braydon/.gradle/caches/modules-2/files-2.1/com.machinezoo.noexception/noexception/1.7.1/b65330c98e38a1f915fa54a6e5eca496505e3f0a/noexception-1.7.1.jar:/home/braydon/.gradle/caches/modules-2/files-2.1/com.google.guava/failureaccess/1.0.1/1dcf1de382a0bf95a3d8b0849546c88bac1292c9/failureaccess-1.0.1.jar:/home/braydon/.gradle/caches/modules-2/files-2.1/com.google.guava/listenablefuture/9999.0-empty-to-avoid-conflict-with-guava/b421526c5f297295adef1c886e5246c39d4ac629/listenablefuture-9999.0-empty-to-avoid-conflict-with-guava.jar:/home/braydon/.gradle/caches/modules-2/files-2.1/com.google.code.findbugs/jsr305/3.0.2/25ea2e8b0c338a877313bd4672d3fe056ea78f0d/jsr305-3.0.2.jar:/home/braydon/.gradle/caches/modules-2/files-2.1/org.checkerframework/checker-qual/3.33.0/de2b60b62da487644fc11f734e73c8b0b431238f/checker-qual-3.33.0.jar:/home/braydon/.gradle/caches/modules-2/files-2.1/com.google.errorprone/error_prone_annotations/2.18.0/89b684257096f548fa39a7df9fdaa409d4d4df91/error_prone_annotations-2.18.0.jar:/home/braydon/.gradle/caches/modules-2/files-2.1/com.google.j2objc/j2objc-annotations/2.8/c85270e307e7b822f1086b93689124b89768e273/j2objc-annotations-2.8.jar:/home/braydon/.gradle/caches/modules-2/files-2.1/org.jline/jline-terminal/3.20.0/d0ddcc708ddf527a3454c941b7b9225cc83a15ff/jline-terminal-3.20.0.jar:/home/braydon/.gradle/caches/modules-2/files-2.1/com.github.oshi/oshi-core/6.4.10/b1d8ab82d11d92fd639b56d639f8f46f739dd5fa/oshi-core-6.4.10.jar:/home/braydon/.gradle/caches/modules-2/files-2.1/com.ibm.icu/icu4j/73.2/61ad4ef7f9131fcf6d25c34b817f90d6da06c9e9/icu4j-73.2.jar:/home/braydon/.gradle/caches/modules-2/files-2.1/com.mojang/authlib/6.0.54/de8bc95660e1b2fe8793fd427a7a10dcec5b3ea7/authlib-6.0.54.jar:/home/braydon/.gradle/caches/modules-2/files-2.1/com.mojang/blocklist/1.0.10/5c685c5ffa94c4cd39496c7184c1d122e515ecef/blocklist-1.0.10.jar:/home/braydon/.gradle/caches/modules-2/files-2.1/com.mojang/brigadier/1.3.10/d15b53a14cf20fdcaa98f731af5dda654452c010/brigadier-1.3.10.jar:/home/braydon/.gradle/caches/modules-2/files-2.1/com.mojang/datafixerupper/8.0.16/67d4de6d7f95d89bcf5862995fb854ebaec02a34/datafixerupper-8.0.16.jar:/home/braydon/.gradle/caches/modules-2/files-2.1/com.mojang/patchy/2.2.10/da05971b07cbb379d002cf7eaec6a2048211fefc/patchy-2.2.10.jar:/home/braydon/.gradle/caches/modules-2/files-2.1/com.mojang/text2speech/1.17.9/3cad216e3a7f0c19b4b394388bc9ffc446f13b14/text2speech-1.17.9.jar:/home/braydon/.gradle/caches/modules-2/files-2.1/commons-codec/commons-codec/1.16.0/4e3eb3d79888d76b54e28b350915b5dc3919c9de/commons-codec-1.16.0.jar:/home/braydon/.gradle/caches/modules-2/files-2.1/commons-logging/commons-logging/1.2/4bfc12adfe4842bf07b657f0369c4cb522955686/commons-logging-1.2.jar:/home/braydon/.gradle/caches/modules-2/files-2.1/io.netty/netty-buffer/4.1.97.Final/f8f3d8644afa5e6e1a40a3a6aeb9d9aa970ecb4f/netty-buffer-4.1.97.Final.jar:/home/braydon/.gradle/caches/modules-2/files-2.1/io.netty/netty-codec/4.1.97.Final/384ba4d75670befbedb45c4d3b497a93639c206d/netty-codec-4.1.97.Final.jar:/home/braydon/.gradle/caches/modules-2/files-2.1/io.netty/netty-common/4.1.97.Final/7cceacaf11df8dc63f23d0fb58e9d4640fc88404/netty-common-4.1.97.Final.jar:/home/braydon/.gradle/caches/modules-2/files-2.1/io.netty/netty-handler/4.1.97.Final/abb86c6906bf512bf2b797a41cd7d2e8d3cd7c36/netty-handler-4.1.97.Final.jar:/home/braydon/.gradle/caches/modules-2/files-2.1/io.netty/netty-resolver/4.1.97.Final/cec8348108dc76c47cf87c669d514be52c922144/netty-resolver-4.1.97.Final.jar:/home/braydon/.gradle/caches/modules-2/files-2.1/io.netty/netty-transport-classes-epoll/4.1.97.Final/795da37ded759e862457a82d9d92c4d39ce8ecee/netty-transport-classes-epoll-4.1.97.Final.jar:/home/braydon/.gradle/caches/modules-2/files-2.1/io.netty/netty-transport-native-unix-common/4.1.97.Final/d469d84265ab70095b01b40886cabdd433b6e664/netty-transport-native-unix-common-4.1.97.Final.jar:/home/braydon/.gradle/caches/modules-2/files-2.1/io.netty/netty-transport/4.1.97.Final/f37380d23c9bb079bc702910833b2fd532c9abd0/netty-transport-4.1.97.Final.jar:/home/braydon/.gradle/caches/modules-2/files-2.1/it.unimi.dsi/fastutil/8.5.12/c24946d46824bd528054bface3231d2ecb7e95e8/fastutil-8.5.12.jar:/home/braydon/.gradle/caches/modules-2/files-2.1/net.java.dev.jna/jna-platform/5.14.0/28934d48aed814f11e4c584da55c49fa7032b31b/jna-platform-5.14.0.jar:/home/braydon/.gradle/caches/modules-2/files-2.1/net.java.dev.jna/jna/5.14.0/67bf3eaea4f0718cb376a181a629e5f88fa1c9dd/jna-5.14.0.jar:/home/braydon/.gradle/caches/modules-2/files-2.1/org.apache.commons/commons-compress/1.26.0/659feffdd12280201c8aacb8f7be94f9a883c824/commons-compress-1.26.0.jar:/home/braydon/.gradle/caches/modules-2/files-2.1/org.apache.httpcomponents/httpclient/4.5.13/e5f6cae5ca7ecaac1ec2827a9e2d65ae2869cada/httpclient-4.5.13.jar:/home/braydon/.gradle/caches/modules-2/files-2.1/org.apache.httpcomponents/httpcore/4.4.16/51cf043c87253c9f58b539c9f7e44c8894223850/httpcore-4.4.16.jar:/home/braydon/.gradle/caches/modules-2/files-2.1/org.jcraft/jorbis/0.0.17/8872d22b293e8f5d7d56ff92be966e6dc28ebdc6/jorbis-0.0.17.jar:/home/braydon/.gradle/caches/modules-2/files-2.1/org.joml/joml/1.10.5/22566d58af70ad3d72308bab63b8339906deb649/joml-1.10.5.jar:/home/braydon/.gradle/caches/modules-2/files-2.1/org.lwjgl/lwjgl-freetype/3.3.3/a0db6c84a8becc8ca05f9dbfa985edc348a824c7/lwjgl-freetype-3.3.3.jar:/home/braydon/.gradle/caches/modules-2/files-2.1/org.lwjgl/lwjgl-freetype/3.3.3/149070a5480900347071b7074779531f25a6e3dc/lwjgl-freetype-3.3.3-natives-linux.jar:/home/braydon/.gradle/caches/modules-2/files-2.1/org.lwjgl/lwjgl-glfw/3.3.3/efa1eb78c5ccd840e9f329717109b5e892d72f8e/lwjgl-glfw-3.3.3.jar:/home/braydon/.gradle/caches/modules-2/files-2.1/org.lwjgl/lwjgl-glfw/3.3.3/a03684c5e4b1b1dbbe0d29dbbdc27b985b6840f2/lwjgl-glfw-3.3.3-natives-linux.jar:/home/braydon/.gradle/caches/modules-2/files-2.1/org.lwjgl/lwjgl-jemalloc/3.3.3/b543467b7ff3c6920539a88ee602d34098628be5/lwjgl-jemalloc-3.3.3.jar:/home/braydon/.gradle/caches/modules-2/files-2.1/org.lwjgl/lwjgl-jemalloc/3.3.3/4f86728bf449b1dd61251c4e0ac01df1389cb51e/lwjgl-jemalloc-3.3.3-natives-linux.jar:/home/braydon/.gradle/caches/modules-2/files-2.1/org.lwjgl/lwjgl-openal/3.3.3/daada81ceb5fc0c291fbfdd4433cb8d9423577f2/lwjgl-openal-3.3.3.jar:/home/braydon/.gradle/caches/modules-2/files-2.1/org.lwjgl/lwjgl-openal/3.3.3/3037360cc4595079bea240af250b6d1a527e0905/lwjgl-openal-3.3.3-natives-linux.jar:/home/braydon/.gradle/caches/modules-2/files-2.1/org.lwjgl/lwjgl-opengl/3.3.3/2f6b0147078396a58979125a4c947664e98293a/lwjgl-opengl-3.3.3.jar:/home/braydon/.gradle/caches/modules-2/files-2.1/org.lwjgl/lwjgl-opengl/3.3.3/62c70a4b00ca5391882b0f4b787c1588d24f1c86/lwjgl-opengl-3.3.3-natives-linux.jar:/home/braydon/.gradle/caches/modules-2/files-2.1/org.lwjgl/lwjgl-stb/3.3.3/25dd6161988d7e65f71d5065c99902402ee32746/lwjgl-stb-3.3.3.jar:/home/braydon/.gradle/caches/modules-2/files-2.1/org.lwjgl/lwjgl-stb/3.3.3/fd1271ccd9d85eff2fa31f3fd543e02ccfaf5041/lwjgl-stb-3.3.3-natives-linux.jar:/home/braydon/.gradle/caches/modules-2/files-2.1/org.lwjgl/lwjgl-tinyfd/3.3.3/82d755ca94b102e9ca77283b9e2dc46d1b15fbe5/lwjgl-tinyfd-3.3.3.jar:/home/braydon/.gradle/caches/modules-2/files-2.1/org.lwjgl/lwjgl-tinyfd/3.3.3/d8d58daa0c3e5fd906fee96f5fddbcbc07cc308b/lwjgl-tinyfd-3.3.3-natives-linux.jar:/home/braydon/.gradle/caches/modules-2/files-2.1/org.lwjgl/lwjgl/3.3.3/29589b5f87ed335a6c7e7ee6a5775f81f97ecb84/lwjgl-3.3.3.jar:/home/braydon/.gradle/caches/modules-2/files-2.1/org.lwjgl/lwjgl/3.3.3/1713758e3660ba66e1e954396fd18126038b33c0/lwjgl-3.3.3-natives-linux.jar:/home/braydon/.gradle/caches/modules-2/files-2.1/org.lz4/lz4-java/1.8.0/4b986a99445e49ea5fbf5d149c4b63f6ed6c6780/lz4-java-1.8.0.jar:/home/braydon/.gradle/caches/modules-2/files-2.1/io.netty/netty-transport-native-epoll/4.1.97.Final/5514744c588190ffda076b35a9b8c9f24946a960/netty-transport-native-epoll-4.1.97.Final-linux-aarch_64.jar:/home/braydon/.gradle/caches/modules-2/files-2.1/io.netty/netty-transport-native-epoll/4.1.97.Final/54188f271e388e7f313aea995e82f58ce2cdb809/netty-transport-native-epoll-4.1.97.Final-linux-x86_64.jar)
		at MC-BOOTSTRAP/com.sun.jna@5.14.0/com.sun.jna.Native.extractFromResourcePath(Native.java:1141) ~[jna-5.14.0.jar%23128!/:5.14.0 (b0)]
		at MC-BOOTSTRAP/com.sun.jna@5.14.0/com.sun.jna.NativeLibrary.loadLibrary(NativeLibrary.java:297) ~[jna-5.14.0.jar%23128!/:5.14.0 (b0)]
		at MC-BOOTSTRAP/com.sun.jna@5.14.0/com.sun.jna.NativeLibrary.getInstance(NativeLibrary.java:481) ~[jna-5.14.0.jar%23128!/:5.14.0 (b0)]
		at MC-BOOTSTRAP/com.sun.jna@5.14.0/com.sun.jna.NativeLibrary.getInstance(NativeLibrary.java:423) ~[jna-5.14.0.jar%23128!/:5.14.0 (b0)]
		at MC-BOOTSTRAP/text2speech@1.17.9/com.mojang.text2speech.NarratorLinux$FliteLibrary.loadNative(NarratorLinux.java:67) ~[text2speech-1.17.9.jar%23110!/:?]
		at MC-BOOTSTRAP/text2speech@1.17.9/com.mojang.text2speech.NarratorLinux.<init>(NarratorLinux.java:18) ~[text2speech-1.17.9.jar%23110!/:?]
		at MC-BOOTSTRAP/text2speech@1.17.9/com.mojang.text2speech.Narrator.getNarrator(Narrator.java:41) ~[text2speech-1.17.9.jar%23110!/:?]
		at TRANSFORMER/minecraft@1.21.1/net.minecraft.client.GameNarrator.<init>(GameNarrator.java:21) ~[neoforge-21.1.252.jar%23177!/:?]
		at TRANSFORMER/minecraft@1.21.1/net.minecraft.client.Minecraft.<init>(Minecraft.java:609) ~[neoforge-21.1.252.jar%23177!/:?]
		at TRANSFORMER/minecraft@1.21.1/net.minecraft.client.main.Main.main(Main.java:214) ~[neoforge-21.1.252.jar%23177!/:?]
		at java.base/jdk.internal.reflect.DirectMethodHandleAccessor.invoke(DirectMethodHandleAccessor.java:103) ~[?:?]
		at java.base/java.lang.reflect.Method.invoke(Method.java:580) ~[?:?]
		at MC-BOOTSTRAP/fml_loader@4.0.44/net.neoforged.fml.loading.targets.CommonLaunchHandler.runTarget(CommonLaunchHandler.java:136) ~[loader-4.0.44.jar%23134!/:4.0]
		at MC-BOOTSTRAP/fml_loader@4.0.44/net.neoforged.fml.loading.targets.CommonLaunchHandler.clientService(CommonLaunchHandler.java:124) ~[loader-4.0.44.jar%23134!/:4.0]
		at MC-BOOTSTRAP/fml_loader@4.0.44/net.neoforged.fml.loading.targets.NeoForgeClientDevLaunchHandler.runService(NeoForgeClientDevLaunchHandler.java:23) ~[loader-4.0.44.jar%23134!/:4.0]
		at MC-BOOTSTRAP/fml_loader@4.0.44/net.neoforged.fml.loading.targets.CommonLaunchHandler.lambda$launchService$4(CommonLaunchHandler.java:118) ~[loader-4.0.44.jar%23134!/:4.0]
		at MC-BOOTSTRAP/cpw.mods.modlauncher@11.0.5/cpw.mods.modlauncher.LaunchServiceHandlerDecorator.launch(LaunchServiceHandlerDecorator.java:30) [modlauncher-11.0.5.jar%23114!/:?]
		at MC-BOOTSTRAP/cpw.mods.modlauncher@11.0.5/cpw.mods.modlauncher.LaunchServiceHandler.launch(LaunchServiceHandler.java:53) [modlauncher-11.0.5.jar%23114!/:?]
		at MC-BOOTSTRAP/cpw.mods.modlauncher@11.0.5/cpw.mods.modlauncher.LaunchServiceHandler.launch(LaunchServiceHandler.java:71) [modlauncher-11.0.5.jar%23114!/:?]
		at MC-BOOTSTRAP/cpw.mods.modlauncher@11.0.5/cpw.mods.modlauncher.Launcher.run(Launcher.java:103) [modlauncher-11.0.5.jar%23114!/:?]
		at MC-BOOTSTRAP/cpw.mods.modlauncher@11.0.5/cpw.mods.modlauncher.Launcher.main(Launcher.java:74) [modlauncher-11.0.5.jar%23114!/:?]
		at MC-BOOTSTRAP/cpw.mods.modlauncher@11.0.5/cpw.mods.modlauncher.BootstrapLaunchConsumer.accept(BootstrapLaunchConsumer.java:26) [modlauncher-11.0.5.jar%23114!/:?]
		at MC-BOOTSTRAP/cpw.mods.modlauncher@11.0.5/cpw.mods.modlauncher.BootstrapLaunchConsumer.accept(BootstrapLaunchConsumer.java:23) [modlauncher-11.0.5.jar%23114!/:?]
		at cpw.mods.bootstraplauncher@2.0.2/cpw.mods.bootstraplauncher.BootstrapLauncher.run(BootstrapLauncher.java:210) [bootstraplauncher-2.0.2.jar:?]
		at cpw.mods.bootstraplauncher@2.0.2/cpw.mods.bootstraplauncher.BootstrapLauncher.main(BootstrapLauncher.java:69) [bootstraplauncher-2.0.2.jar:?]
		at java.base/jdk.internal.reflect.DirectMethodHandleAccessor.invoke(DirectMethodHandleAccessor.java:103) ~[?:?]
		at java.base/java.lang.reflect.Method.invoke(Method.java:580) ~[?:?]
		at net.neoforged.devlaunch.Main.main(Main.java:57) [DevLaunch-1.0.2.jar:?]
[01Oct2026 12:44:53.629] [Render thread/INFO] [net.minecraft.server.packs.resources.ReloadableResourceManager/]: Reloading ResourceManager: vanilla, mod_resources, mod/simulatedcoasters, mod/veil, mod/simulated, mod/copycats, mod/railways, mod/aeronautics, mod/flywheel, mod/ponder, mod/sablecompanion, mod/patchouli, mod/create, mod/sable, mod/coasterssimulatedextratypes, mod/coastersmagnetized, mod/magnetization, mod/terrablender, mod/neoforge
[01Oct2026 12:44:53.656] [Worker-Main-7/INFO] [top.claebcode.coasterssimulatedextratypes.CoastersSimulatedExtraTypes/]: HELLO FROM COMMON SETUP
[01Oct2026 12:44:53.656] [Worker-Main-7/INFO] [top.claebcode.coasterssimulatedextratypes.CoastersSimulatedExtraTypes/]: DIRT BLOCK >> minecraft:dirt
[01Oct2026 12:44:53.656] [Worker-Main-7/INFO] [top.claebcode.coasterssimulatedextratypes.CoastersSimulatedExtraTypes/]: The magic number is... 42
[01Oct2026 12:44:53.656] [Worker-Main-7/INFO] [top.claebcode.coasterssimulatedextratypes.CoastersSimulatedExtraTypes/]: ITEM >> minecraft:iron_ingot
[01Oct2026 12:44:53.658] [NeoForge Version Check/INFO] [net.neoforged.fml.VersionChecker/]: [copycats] Starting version check at https://raw.githubusercontent.com/copycats-plus/copycats/multiloader/update.json
[01Oct2026 12:44:53.693] [Worker-Main-3/INFO] [net.minecraft.client.gui.font.providers.UnihexProvider/]: Found unifont_all_no_pua-15.1.05.hex, loading
[01Oct2026 12:44:53.706] [Worker-Main-9/INFO] [net.minecraft.client.gui.font.providers.UnihexProvider/]: Found unifont_jp_patch-15.1.05.hex, loading
[01Oct2026 12:44:53.774] [Render thread/INFO] [terrablender/]: Registered region minecraft:overworld to index 0 for type OVERWORLD
[01Oct2026 12:44:53.774] [Render thread/INFO] [terrablender/]: Registered region minecraft:nether to index 0 for type NETHER
[01Oct2026 12:44:53.774] [Render thread/INFO] [terrablender/]: Registered region magnetization:anomaly_region to index 1 for type OVERWORLD
[01Oct2026 12:44:53.781] [Render thread/INFO] [terrablender/]: Registered region magnetization:petrified_forest_region to index 2 for type OVERWORLD
[01Oct2026 12:44:53.782] [Worker-Main-17/ERROR] [net.minecraft.Util/]: Invalid path in pack: byg:textures/block/track/TODO.txt, ignoring
[01Oct2026 12:44:53.792] [Render thread/INFO] [magnetization/]: Surface rules registered for OVERWORLD category (anomaly + petrified_forest)
[01Oct2026 12:44:53.795] [Worker-Main-17/ERROR] [net.minecraft.Util/]: Invalid path in pack: coasterssimulatedextratypes:textures/block/track/standard_track_dyed - Copy.png, ignoring
[01Oct2026 12:44:53.865] [Worker-Main-5/INFO] [top.claebcode.coasterssimulatedextratypes.CoastersSimulatedExtraTypes/]: HELLO FROM CLIENT SETUP
[01Oct2026 12:44:53.866] [Worker-Main-5/INFO] [top.claebcode.coasterssimulatedextratypes.CoastersSimulatedExtraTypes/]: MINECRAFT NAME >> Validation
[01Oct2026 12:44:53.958] [Worker-Main-1/WARN] [net.minecraft.client.renderer.texture.SpriteLoader/]: Texture simulatedcoasters:block/chain_lift/chain with size 8x10 limits mip level from 4 to 1
[01Oct2026 12:44:53.971] [Worker-Main-16/ERROR] [net.minecraft.Util/]: Invalid path in pack: coasterssimulatedextratypes:models/block/track_v1/steel_no_spine/#0.png, ignoring
[01Oct2026 12:44:53.972] [Worker-Main-16/ERROR] [net.minecraft.Util/]: Invalid path in pack: coasterssimulatedextratypes:models/block/track_v1/intamin_triangular/#0.png, ignoring
[01Oct2026 12:44:53.972] [Worker-Main-16/ERROR] [net.minecraft.Util/]: Invalid path in pack: coasterssimulatedextratypes:models/block/track_v1/intamin_box/intamin_box_tie - pure json.json, ignoring
[01Oct2026 12:44:53.972] [Worker-Main-16/ERROR] [net.minecraft.Util/]: Invalid path in pack: coasterssimulatedextratypes:models/block/track_v1/intamin_box/intamin_box_tie - pure json - copy.json, ignoring
[01Oct2026 12:44:53.972] [Worker-Main-16/ERROR] [net.minecraft.Util/]: Invalid path in pack: coasterssimulatedextratypes:models/block/track_v1/intamin_box/intamin_box_rail - pure json.json, ignoring
[01Oct2026 12:44:53.972] [Worker-Main-16/ERROR] [net.minecraft.Util/]: Invalid path in pack: coasterssimulatedextratypes:models/block/track_v1/intamin_box/intamin_box_rail - pure json - copy.json, ignoring
[01Oct2026 12:44:53.972] [Worker-Main-16/ERROR] [net.minecraft.Util/]: Invalid path in pack: coasterssimulatedextratypes:models/block/track/arrow_4D/arrow_4D_tie.obj, ignoring
[01Oct2026 12:44:53.972] [Worker-Main-16/ERROR] [net.minecraft.Util/]: Invalid path in pack: coasterssimulatedextratypes:models/block/track/arrow_4D/arrow_4D_tie.mtl, ignoring
[01Oct2026 12:44:53.972] [Worker-Main-16/ERROR] [net.minecraft.Util/]: Invalid path in pack: coasterssimulatedextratypes:models/block/track/arrow_4D/arrow_4D_tie.json, ignoring
[01Oct2026 12:44:53.972] [Worker-Main-16/ERROR] [net.minecraft.Util/]: Invalid path in pack: coasterssimulatedextratypes:models/block/track/arrow_4D/arrow_4D_rail.json, ignoring
[01Oct2026 12:44:53.972] [Worker-Main-16/ERROR] [net.minecraft.Util/]: Invalid path in pack: coasterssimulatedextratypes:models/block/track/arrow_4D/arrow_4D_center_beam.obj, ignoring
[01Oct2026 12:44:53.972] [Worker-Main-16/ERROR] [net.minecraft.Util/]: Invalid path in pack: coasterssimulatedextratypes:models/block/track/arrow_4D/arrow_4D_center_beam.mtl, ignoring
[01Oct2026 12:44:53.972] [Worker-Main-16/ERROR] [net.minecraft.Util/]: Invalid path in pack: coasterssimulatedextratypes:models/block/track/arrow_4D/arrow_4D_center_beam.json, ignoring
[01Oct2026 12:44:54.044] [NeoForge Version Check/INFO] [net.neoforged.fml.VersionChecker/]: [copycats] Found status: AHEAD Current: 3.0.9+mc.1.21.1-neoforge Target: null
[01Oct2026 12:44:54.693] [Worker-Main-8/WARN] [net.minecraft.client.resources.model.BlockStateModelLoader/]: Exception loading blockstate definition: 'simulatedcoasters:blockstates/coaster_track_material.json' missing model for variant: 'simulatedcoasters:coaster_track_material#shape=an,turn=false,waterlogged=false'
[01Oct2026 12:44:54.694] [Worker-Main-8/WARN] [net.minecraft.client.resources.model.BlockStateModelLoader/]: Exception loading blockstate definition: 'simulatedcoasters:blockstates/coaster_track_material.json' missing model for variant: 'simulatedcoasters:coaster_track_material#shape=cr_d,turn=false,waterlogged=false'
[01Oct2026 12:44:54.694] [Worker-Main-8/WARN] [net.minecraft.client.resources.model.BlockStateModelLoader/]: Exception loading blockstate definition: 'simulatedcoasters:blockstates/coaster_track_material.json' missing model for variant: 'simulatedcoasters:coaster_track_material#shape=zo,turn=true,waterlogged=false'
[01Oct2026 12:44:54.694] [Worker-Main-8/WARN] [net.minecraft.client.resources.model.BlockStateModelLoader/]: Exception loading blockstate definition: 'simulatedcoasters:blockstates/coaster_track_material.json' missing model for variant: 'simulatedcoasters:coaster_track_material#shape=ae,turn=false,waterlogged=false'
[01Oct2026 12:44:54.694] [Worker-Main-8/WARN] [net.minecraft.client.resources.model.BlockStateModelLoader/]: Exception loading blockstate definition: 'simulatedcoasters:blockstates/coaster_track_material.json' missing model for variant: 'simulatedcoasters:coaster_track_material#shape=tw,turn=true,waterlogged=true'
[01Oct2026 12:44:54.694] [Worker-Main-8/WARN] [net.minecraft.client.resources.model.BlockStateModelLoader/]: Exception loading blockstate definition: 'simulatedcoasters:blockstates/coaster_track_material.json' missing model for variant: 'simulatedcoasters:coaster_track_material#shape=tn,turn=true,waterlogged=true'
[01Oct2026 12:44:54.694] [Worker-Main-8/WARN] [net.minecraft.client.resources.model.BlockStateModelLoader/]: Exception loading blockstate definition: 'simulatedcoasters:blockstates/coaster_track_material.json' missing model for variant: 'simulatedcoasters:coaster_track_material#shape=te,turn=true,waterlogged=true'
[01Oct2026 12:44:54.694] [Worker-Main-8/WARN] [net.minecraft.client.resources.model.BlockStateModelLoader/]: Exception loading blockstate definition: 'simulatedcoasters:blockstates/coaster_track_material.json' missing model for variant: 'simulatedcoasters:coaster_track_material#shape=nd,turn=false,waterlogged=false'
[01Oct2026 12:44:54.694] [Worker-Main-8/WARN] [net.minecraft.client.resources.model.BlockStateModelLoader/]: Exception loading blockstate definition: 'simulatedcoasters:blockstates/coaster_track_material.json' missing model for variant: 'simulatedcoasters:coaster_track_material#shape=aw,turn=false,waterlogged=false'
[01Oct2026 12:44:54.694] [Worker-Main-8/WARN] [net.minecraft.client.resources.model.BlockStateModelLoader/]: Exception loading blockstate definition: 'simulatedcoasters:blockstates/coaster_track_material.json' missing model for variant: 'simulatedcoasters:coaster_track_material#shape=te,turn=false,waterlogged=false'
[01Oct2026 12:44:54.694] [Worker-Main-8/WARN] [net.minecraft.client.resources.model.BlockStateModelLoader/]: Exception loading blockstate definition: 'simulatedcoasters:blockstates/coaster_track_material.json' missing model for variant: 'simulatedcoasters:coaster_track_material#shape=ae,turn=true,waterlogged=false'
[01Oct2026 12:44:54.694] [Worker-Main-8/WARN] [net.minecraft.client.resources.model.BlockStateModelLoader/]: Exception loading blockstate definition: 'simulatedcoasters:blockstates/coaster_track_material.json' missing model for variant: 'simulatedcoasters:coaster_track_material#shape=none,turn=true,waterlogged=false'
[01Oct2026 12:44:54.694] [Worker-Main-8/WARN] [net.minecraft.client.resources.model.BlockStateModelLoader/]: Exception loading blockstate definition: 'simulatedcoasters:blockstates/coaster_track_material.json' missing model for variant: 'simulatedcoasters:coaster_track_material#shape=cr_o,turn=false,waterlogged=false'
[01Oct2026 12:44:54.694] [Worker-Main-8/WARN] [net.minecraft.client.resources.model.BlockStateModelLoader/]: Exception loading blockstate definition: 'simulatedcoasters:blockstates/coaster_track_material.json' missing model for variant: 'simulatedcoasters:coaster_track_material#shape=cr_d,turn=true,waterlogged=false'
[01Oct2026 12:44:54.694] [Worker-Main-8/WARN] [net.minecraft.client.resources.model.BlockStateModelLoader/]: Exception loading blockstate definition: 'simulatedcoasters:blockstates/coaster_track_material.json' missing model for variant: 'simulatedcoasters:coaster_track_material#shape=cr_pdz,turn=true,waterlogged=true'
[01Oct2026 12:44:54.694] [Worker-Main-8/WARN] [net.minecraft.client.resources.model.BlockStateModelLoader/]: Exception loading blockstate definition: 'simulatedcoasters:blockstates/coaster_track_material.json' missing model for variant: 'simulatedcoasters:coaster_track_material#shape=tw,turn=false,waterlogged=false'
[01Oct2026 12:44:54.694] [Worker-Main-8/WARN] [net.minecraft.client.resources.model.BlockStateModelLoader/]: Exception loading blockstate definition: 'simulatedcoasters:blockstates/coaster_track_material.json' missing model for variant: 'simulatedcoasters:coaster_track_material#shape=cr_o,turn=false,waterlogged=true'
[01Oct2026 12:44:54.694] [Worker-Main-8/WARN] [net.minecraft.client.resources.model.BlockStateModelLoader/]: Exception loading blockstate definition: 'simulatedcoasters:blockstates/coaster_track_material.json' missing model for variant: 'simulatedcoasters:coaster_track_material#shape=cr_ndx,turn=true,waterlogged=true'
[01Oct2026 12:44:54.694] [Worker-Main-8/WARN] [net.minecraft.client.resources.model.BlockStateModelLoader/]: Exception loading blockstate definition: 'simulatedcoasters:blockstates/coaster_track_material.json' missing model for variant: 'simulatedcoasters:coaster_track_material#shape=cr_pdz,turn=false,waterlogged=false'
[01Oct2026 12:44:54.695] [Worker-Main-8/WARN] [net.minecraft.client.resources.model.BlockStateModelLoader/]: Exception loading blockstate definition: 'simulatedcoasters:blockstates/coaster_track_material.json' missing model for variant: 'simulatedcoasters:coaster_track_material#shape=aw,turn=true,waterlogged=false'
[01Oct2026 12:44:54.695] [Worker-Main-8/WARN] [net.minecraft.client.resources.model.BlockStateModelLoader/]: Exception loading blockstate definition: 'simulatedcoasters:blockstates/coaster_track_material.json' missing model for variant: 'simulatedcoasters:coaster_track_material#shape=an,turn=true,waterlogged=true'
[01Oct2026 12:44:54.695] [Worker-Main-8/WARN] [net.minecraft.client.resources.model.BlockStateModelLoader/]: Exception loading blockstate definition: 'simulatedcoasters:blockstates/coaster_track_material.json' missing model for variant: 'simulatedcoasters:coaster_track_material#shape=cr_d,turn=true,waterlogged=true'
[01Oct2026 12:44:54.695] [Worker-Main-8/WARN] [net.minecraft.client.resources.model.BlockStateModelLoader/]: Exception loading blockstate definition: 'simulatedcoasters:blockstates/coaster_track_material.json' missing model for variant: 'simulatedcoasters:coaster_track_material#shape=as,turn=true,waterlogged=false'
[01Oct2026 12:44:54.695] [Worker-Main-8/WARN] [net.minecraft.client.resources.model.BlockStateModelLoader/]: Exception loading blockstate definition: 'simulatedcoasters:blockstates/coaster_track_material.json' missing model for variant: 'simulatedcoasters:coaster_track_material#shape=aw,turn=false,waterlogged=true'
[01Oct2026 12:44:54.695] [Worker-Main-8/WARN] [net.minecraft.client.resources.model.BlockStateModelLoader/]: Exception loading blockstate definition: 'simulatedcoasters:blockstates/coaster_track_material.json' missing model for variant: 'simulatedcoasters:coaster_track_material#shape=tw,turn=true,waterlogged=false'
[01Oct2026 12:44:54.695] [Worker-Main-8/WARN] [net.minecraft.client.resources.model.BlockStateModelLoader/]: Exception loading blockstate definition: 'simulatedcoasters:blockstates/coaster_track_material.json' missing model for variant: 'simulatedcoasters:coaster_track_material#shape=as,turn=true,waterlogged=true'
[01Oct2026 12:44:54.695] [Worker-Main-8/WARN] [net.minecraft.client.resources.model.BlockStateModelLoader/]: Exception loading blockstate definition: 'simulatedcoasters:blockstates/coaster_track_material.json' missing model for variant: 'simulatedcoasters:coaster_track_material#shape=cr_ndz,turn=false,waterlogged=true'
[01Oct2026 12:44:54.696] [Worker-Main-8/WARN] [net.minecraft.client.resources.model.BlockStateModelLoader/]: Exception loading blockstate definition: 'simulatedcoasters:blockstates/coaster_track_material.json' missing model for variant: 'simulatedcoasters:coaster_track_material#shape=xo,turn=true,waterlogged=true'
[01Oct2026 12:44:54.696] [Worker-Main-8/WARN] [net.minecraft.client.resources.model.BlockStateModelLoader/]: Exception loading blockstate definition: 'simulatedcoasters:blockstates/coaster_track_material.json' missing model for variant: 'simulatedcoasters:coaster_track_material#shape=ts,turn=false,waterlogged=true'
[01Oct2026 12:44:54.696] [Worker-Main-8/WARN] [net.minecraft.client.resources.model.BlockStateModelLoader/]: Exception loading blockstate definition: 'simulatedcoasters:blockstates/coaster_track_material.json' missing model for variant: 'simulatedcoasters:coaster_track_material#shape=none,turn=false,waterlogged=false'
[01Oct2026 12:44:54.696] [Worker-Main-8/WARN] [net.minecraft.client.resources.model.BlockStateModelLoader/]: Exception loading blockstate definition: 'simulatedcoasters:blockstates/coaster_track_material.json' missing model for variant: 'simulatedcoasters:coaster_track_material#shape=cr_pdx,turn=true,waterlogged=false'
[01Oct2026 12:44:54.696] [Worker-Main-8/WARN] [net.minecraft.client.resources.model.BlockStateModelLoader/]: Exception loading blockstate definition: 'simulatedcoasters:blockstates/coaster_track_material.json' missing model for variant: 'simulatedcoasters:coaster_track_material#shape=pd,turn=false,waterlogged=true'
[01Oct2026 12:44:54.696] [Worker-Main-8/WARN] [net.minecraft.client.resources.model.BlockStateModelLoader/]: Exception loading blockstate definition: 'simulatedcoasters:blockstates/coaster_track_material.json' missing model for variant: 'simulatedcoasters:coaster_track_material#shape=none,turn=false,waterlogged=true'
[01Oct2026 12:44:54.696] [Worker-Main-8/WARN] [net.minecraft.client.resources.model.BlockStateModelLoader/]: Exception loading blockstate definition: 'simulatedcoasters:blockstates/coaster_track_material.json' missing model for variant: 'simulatedcoasters:coaster_track_material#shape=an,turn=true,waterlogged=false'
[01Oct2026 12:44:54.696] [Worker-Main-8/WARN] [net.minecraft.client.resources.model.BlockStateModelLoader/]: Exception loading blockstate definition: 'simulatedcoasters:blockstates/coaster_track_material.json' missing model for variant: 'simulatedcoasters:coaster_track_material#shape=cr_o,turn=true,waterlogged=true'
[01Oct2026 12:44:54.696] [Worker-Main-8/WARN] [net.minecraft.client.resources.model.BlockStateModelLoader/]: Exception loading blockstate definition: 'simulatedcoasters:blockstates/coaster_track_material.json' missing model for variant: 'simulatedcoasters:coaster_track_material#shape=cr_ndz,turn=true,waterlogged=true'
[01Oct2026 12:44:54.696] [Worker-Main-8/WARN] [net.minecraft.client.resources.model.BlockStateModelLoader/]: Exception loading blockstate definition: 'simulatedcoasters:blockstates/coaster_track_material.json' missing model for variant: 'simulatedcoasters:coaster_track_material#shape=te,turn=false,waterlogged=true'
[01Oct2026 12:44:54.696] [Worker-Main-8/WARN] [net.minecraft.client.resources.model.BlockStateModelLoader/]: Exception loading blockstate definition: 'simulatedcoasters:blockstates/coaster_track_material.json' missing model for variant: 'simulatedcoasters:coaster_track_material#shape=as,turn=false,waterlogged=false'
[01Oct2026 12:44:54.696] [Worker-Main-8/WARN] [net.minecraft.client.resources.model.BlockStateModelLoader/]: Exception loading blockstate definition: 'simulatedcoasters:blockstates/coaster_track_material.json' missing model for variant: 'simulatedcoasters:coaster_track_material#shape=cr_ndx,turn=false,waterlogged=true'
[01Oct2026 12:44:54.696] [Worker-Main-8/WARN] [net.minecraft.client.resources.model.BlockStateModelLoader/]: Exception loading blockstate definition: 'simulatedcoasters:blockstates/coaster_track_material.json' missing model for variant: 'simulatedcoasters:coaster_track_material#shape=cr_pdz,turn=false,waterlogged=true'
[01Oct2026 12:44:54.696] [Worker-Main-8/WARN] [net.minecraft.client.resources.model.BlockStateModelLoader/]: Exception loading blockstate definition: 'simulatedcoasters:blockstates/coaster_track_material.json' missing model for variant: 'simulatedcoasters:coaster_track_material#shape=zo,turn=true,waterlogged=true'
[01Oct2026 12:44:54.696] [Worker-Main-8/WARN] [net.minecraft.client.resources.model.BlockStateModelLoader/]: Exception loading blockstate definition: 'simulatedcoasters:blockstates/coaster_track_material.json' missing model for variant: 'simulatedcoasters:coaster_track_material#shape=zo,turn=false,waterlogged=true'
[01Oct2026 12:44:54.696] [Worker-Main-8/WARN] [net.minecraft.client.resources.model.BlockStateModelLoader/]: Exception loading blockstate definition: 'simulatedcoasters:blockstates/coaster_track_material.json' missing model for variant: 'simulatedcoasters:coaster_track_material#shape=cr_o,turn=true,waterlogged=false'
[01Oct2026 12:44:54.696] [Worker-Main-8/WARN] [net.minecraft.client.resources.model.BlockStateModelLoader/]: Exception loading blockstate definition: 'simulatedcoasters:blockstates/coaster_track_material.json' missing model for variant: 'simulatedcoasters:coaster_track_material#shape=ae,turn=false,waterlogged=true'
[01Oct2026 12:44:54.696] [Worker-Main-8/WARN] [net.minecraft.client.resources.model.BlockStateModelLoader/]: Exception loading blockstate definition: 'simulatedcoasters:blockstates/coaster_track_material.json' missing model for variant: 'simulatedcoasters:coaster_track_material#shape=pd,turn=true,waterlogged=true'
[01Oct2026 12:44:54.696] [Worker-Main-8/WARN] [net.minecraft.client.resources.model.BlockStateModelLoader/]: Exception loading blockstate definition: 'simulatedcoasters:blockstates/coaster_track_material.json' missing model for variant: 'simulatedcoasters:coaster_track_material#shape=nd,turn=false,waterlogged=true'
[01Oct2026 12:44:54.696] [Worker-Main-8/WARN] [net.minecraft.client.resources.model.BlockStateModelLoader/]: Exception loading blockstate definition: 'simulatedcoasters:blockstates/coaster_track_material.json' missing model for variant: 'simulatedcoasters:coaster_track_material#shape=ts,turn=true,waterlogged=true'
[01Oct2026 12:44:54.696] [Worker-Main-8/WARN] [net.minecraft.client.resources.model.BlockStateModelLoader/]: Exception loading blockstate definition: 'simulatedcoasters:blockstates/coaster_track_material.json' missing model for variant: 'simulatedcoasters:coaster_track_material#shape=cr_ndx,turn=false,waterlogged=false'
[01Oct2026 12:44:54.696] [Worker-Main-8/WARN] [net.minecraft.client.resources.model.BlockStateModelLoader/]: Exception loading blockstate definition: 'simulatedcoasters:blockstates/coaster_track_material.json' missing model for variant: 'simulatedcoasters:coaster_track_material#shape=tn,turn=true,waterlogged=false'
[01Oct2026 12:44:54.696] [Worker-Main-8/WARN] [net.minecraft.client.resources.model.BlockStateModelLoader/]: Exception loading blockstate definition: 'simulatedcoasters:blockstates/coaster_track_material.json' missing model for variant: 'simulatedcoasters:coaster_track_material#shape=cr_d,turn=false,waterlogged=true'
[01Oct2026 12:44:54.696] [Worker-Main-8/WARN] [net.minecraft.client.resources.model.BlockStateModelLoader/]: Exception loading blockstate definition: 'simulatedcoasters:blockstates/coaster_track_material.json' missing model for variant: 'simulatedcoasters:coaster_track_material#shape=cr_ndz,turn=true,waterlogged=false'
[01Oct2026 12:44:54.697] [Worker-Main-8/WARN] [net.minecraft.client.resources.model.BlockStateModelLoader/]: Exception loading blockstate definition: 'simulatedcoasters:blockstates/coaster_track_material.json' missing model for variant: 'simulatedcoasters:coaster_track_material#shape=pd,turn=false,waterlogged=false'
[01Oct2026 12:44:54.697] [Worker-Main-8/WARN] [net.minecraft.client.resources.model.BlockStateModelLoader/]: Exception loading blockstate definition: 'simulatedcoasters:blockstates/coaster_track_material.json' missing model for variant: 'simulatedcoasters:coaster_track_material#shape=xo,turn=true,waterlogged=false'
[01Oct2026 12:44:54.697] [Worker-Main-8/WARN] [net.minecraft.client.resources.model.BlockStateModelLoader/]: Exception loading blockstate definition: 'simulatedcoasters:blockstates/coaster_track_material.json' missing model for variant: 'simulatedcoasters:coaster_track_material#shape=tn,turn=false,waterlogged=true'
[01Oct2026 12:44:54.697] [Worker-Main-8/WARN] [net.minecraft.client.resources.model.BlockStateModelLoader/]: Exception loading blockstate definition: 'simulatedcoasters:blockstates/coaster_track_material.json' missing model for variant: 'simulatedcoasters:coaster_track_material#shape=xo,turn=false,waterlogged=true'
[01Oct2026 12:44:54.697] [Worker-Main-8/WARN] [net.minecraft.client.resources.model.BlockStateModelLoader/]: Exception loading blockstate definition: 'simulatedcoasters:blockstates/coaster_track_material.json' missing model for variant: 'simulatedcoasters:coaster_track_material#shape=aw,turn=true,waterlogged=true'
[01Oct2026 12:44:54.697] [Worker-Main-8/WARN] [net.minecraft.client.resources.model.BlockStateModelLoader/]: Exception loading blockstate definition: 'simulatedcoasters:blockstates/coaster_track_material.json' missing model for variant: 'simulatedcoasters:coaster_track_material#shape=ts,turn=true,waterlogged=false'
[01Oct2026 12:44:54.697] [Worker-Main-8/WARN] [net.minecraft.client.resources.model.BlockStateModelLoader/]: Exception loading blockstate definition: 'simulatedcoasters:blockstates/coaster_track_material.json' missing model for variant: 'simulatedcoasters:coaster_track_material#shape=ae,turn=true,waterlogged=true'
[01Oct2026 12:44:54.697] [Worker-Main-8/WARN] [net.minecraft.client.resources.model.BlockStateModelLoader/]: Exception loading blockstate definition: 'simulatedcoasters:blockstates/coaster_track_material.json' missing model for variant: 'simulatedcoasters:coaster_track_material#shape=cr_pdx,turn=false,waterlogged=true'
[01Oct2026 12:44:54.697] [Worker-Main-8/WARN] [net.minecraft.client.resources.model.BlockStateModelLoader/]: Exception loading blockstate definition: 'simulatedcoasters:blockstates/coaster_track_material.json' missing model for variant: 'simulatedcoasters:coaster_track_material#shape=te,turn=true,waterlogged=false'
[01Oct2026 12:44:54.697] [Worker-Main-8/WARN] [net.minecraft.client.resources.model.BlockStateModelLoader/]: Exception loading blockstate definition: 'simulatedcoasters:blockstates/coaster_track_material.json' missing model for variant: 'simulatedcoasters:coaster_track_material#shape=tw,turn=false,waterlogged=true'
[01Oct2026 12:44:54.697] [Worker-Main-8/WARN] [net.minecraft.client.resources.model.BlockStateModelLoader/]: Exception loading blockstate definition: 'simulatedcoasters:blockstates/coaster_track_material.json' missing model for variant: 'simulatedcoasters:coaster_track_material#shape=xo,turn=false,waterlogged=false'
[01Oct2026 12:44:54.697] [Worker-Main-8/WARN] [net.minecraft.client.resources.model.BlockStateModelLoader/]: Exception loading blockstate definition: 'simulatedcoasters:blockstates/coaster_track_material.json' missing model for variant: 'simulatedcoasters:coaster_track_material#shape=as,turn=false,waterlogged=true'
[01Oct2026 12:44:54.697] [Worker-Main-8/WARN] [net.minecraft.client.resources.model.BlockStateModelLoader/]: Exception loading blockstate definition: 'simulatedcoasters:blockstates/coaster_track_material.json' missing model for variant: 'simulatedcoasters:coaster_track_material#shape=pd,turn=true,waterlogged=false'
[01Oct2026 12:44:54.697] [Worker-Main-8/WARN] [net.minecraft.client.resources.model.BlockStateModelLoader/]: Exception loading blockstate definition: 'simulatedcoasters:blockstates/coaster_track_material.json' missing model for variant: 'simulatedcoasters:coaster_track_material#shape=cr_pdx,turn=true,waterlogged=true'
[01Oct2026 12:44:54.697] [Worker-Main-8/WARN] [net.minecraft.client.resources.model.BlockStateModelLoader/]: Exception loading blockstate definition: 'simulatedcoasters:blockstates/coaster_track_material.json' missing model for variant: 'simulatedcoasters:coaster_track_material#shape=tn,turn=false,waterlogged=false'
[01Oct2026 12:44:54.697] [Worker-Main-8/WARN] [net.minecraft.client.resources.model.BlockStateModelLoader/]: Exception loading blockstate definition: 'simulatedcoasters:blockstates/coaster_track_material.json' missing model for variant: 'simulatedcoasters:coaster_track_material#shape=nd,turn=true,waterlogged=true'
[01Oct2026 12:44:54.697] [Worker-Main-8/WARN] [net.minecraft.client.resources.model.BlockStateModelLoader/]: Exception loading blockstate definition: 'simulatedcoasters:blockstates/coaster_track_material.json' missing model for variant: 'simulatedcoasters:coaster_track_material#shape=nd,turn=true,waterlogged=false'
[01Oct2026 12:44:54.697] [Worker-Main-8/WARN] [net.minecraft.client.resources.model.BlockStateModelLoader/]: Exception loading blockstate definition: 'simulatedcoasters:blockstates/coaster_track_material.json' missing model for variant: 'simulatedcoasters:coaster_track_material#shape=cr_pdz,turn=true,waterlogged=false'
[01Oct2026 12:44:54.697] [Worker-Main-8/WARN] [net.minecraft.client.resources.model.BlockStateModelLoader/]: Exception loading blockstate definition: 'simulatedcoasters:blockstates/coaster_track_material.json' missing model for variant: 'simulatedcoasters:coaster_track_material#shape=ts,turn=false,waterlogged=false'
[01Oct2026 12:44:54.698] [Worker-Main-8/WARN] [net.minecraft.client.resources.model.BlockStateModelLoader/]: Exception loading blockstate definition: 'simulatedcoasters:blockstates/coaster_track_material.json' missing model for variant: 'simulatedcoasters:coaster_track_material#shape=cr_pdx,turn=false,waterlogged=false'
[01Oct2026 12:44:54.698] [Worker-Main-8/WARN] [net.minecraft.client.resources.model.BlockStateModelLoader/]: Exception loading blockstate definition: 'simulatedcoasters:blockstates/coaster_track_material.json' missing model for variant: 'simulatedcoasters:coaster_track_material#shape=an,turn=false,waterlogged=true'
[01Oct2026 12:44:54.699] [Worker-Main-8/WARN] [net.minecraft.client.resources.model.BlockStateModelLoader/]: Exception loading blockstate definition: 'simulatedcoasters:blockstates/coaster_track_material.json' missing model for variant: 'simulatedcoasters:coaster_track_material#shape=none,turn=true,waterlogged=true'
[01Oct2026 12:44:54.699] [Worker-Main-8/WARN] [net.minecraft.client.resources.model.BlockStateModelLoader/]: Exception loading blockstate definition: 'simulatedcoasters:blockstates/coaster_track_material.json' missing model for variant: 'simulatedcoasters:coaster_track_material#shape=cr_ndz,turn=false,waterlogged=false'
[01Oct2026 12:44:54.699] [Worker-Main-8/WARN] [net.minecraft.client.resources.model.BlockStateModelLoader/]: Exception loading blockstate definition: 'simulatedcoasters:blockstates/coaster_track_material.json' missing model for variant: 'simulatedcoasters:coaster_track_material#shape=cr_ndx,turn=true,waterlogged=false'
[01Oct2026 12:44:55.700] [Worker-Main-8/WARN] [net.minecraft.client.resources.model.ModelManager/]: Missing textures in model coastersmagnetized:block/anchorpoint/track_anchorpoint_connection_chainlift_end#standalone:
    minecraft:textures/atlas/blocks.png:coastersmagnetized:block/chain_lift/chain_connection
[01Oct2026 12:44:55.701] [Worker-Main-8/WARN] [net.minecraft.client.resources.model.ModelManager/]: Missing textures in model coastersmagnetized:block/anchorpoint/brake/track_anchorpoint_connection_chainlift_end#standalone:
    minecraft:textures/atlas/blocks.png:coastersmagnetized:block/chain_lift/chain_connection
[01Oct2026 12:44:55.840] [Render thread/INFO] [Veil/]: Loaded 0 shader redirects, 0 replacements
[01Oct2026 12:44:55.899] [Render thread/INFO] [Veil/]: Loaded 29 shaders from: pinwheel/shaders/program
[01Oct2026 12:44:55.976] [Worker-Main-19/INFO] [magnetization/Ponder/]: Registered 24 core and 2 optional Magnetization Ponder scenes
[01Oct2026 12:44:55.996] [Worker-Main-19/INFO] [PonderIndex/]: Registering Ponder Scenes took 74.02 ms
[01Oct2026 12:44:55.999] [Worker-Main-19/INFO] [PonderIndex/]: Registering Ponder Tags took 2.855 ms
[01Oct2026 12:44:56.039] [Render thread/INFO] [Railways/]: Registering Railways network payloads...
[01Oct2026 12:44:56.040] [Render thread/INFO] [Railways/]: Railways network payloads registered successfully
[01Oct2026 12:44:56.105] [Render thread/WARN] [net.minecraft.client.sounds.SoundEngine/]: Missing sound for event: minecraft:item.goat_horn.play
[01Oct2026 12:44:56.106] [Render thread/WARN] [net.minecraft.client.sounds.SoundEngine/]: Missing sound for event: minecraft:entity.goat.screaming.horn_break
[01Oct2026 12:44:56.163] [Render thread/INFO] [com.mojang.blaze3d.audio.Library/]: OpenAL initialized on device Arctis Nova Elite Analog Stereo
[01Oct2026 12:44:56.164] [Render thread/INFO] [net.minecraft.client.sounds.SoundEngine/SOUNDS]: Sound engine started
[01Oct2026 12:44:56.246] [Render thread/INFO] [net.minecraft.client.renderer.texture.TextureAtlas/]: Created: 4096x2048x4 minecraft:textures/atlas/blocks.png-atlas
[01Oct2026 12:44:56.277] [Render thread/INFO] [net.minecraft.client.renderer.texture.TextureAtlas/]: Created: 256x256x4 minecraft:textures/atlas/signs.png-atlas
[01Oct2026 12:44:56.278] [Render thread/INFO] [net.minecraft.client.renderer.texture.TextureAtlas/]: Created: 512x512x4 minecraft:textures/atlas/shield_patterns.png-atlas
[01Oct2026 12:44:56.279] [Render thread/INFO] [net.minecraft.client.renderer.texture.TextureAtlas/]: Created: 512x512x4 minecraft:textures/atlas/banner_patterns.png-atlas
[01Oct2026 12:44:56.280] [Render thread/INFO] [net.minecraft.client.renderer.texture.TextureAtlas/]: Created: 2048x1024x4 minecraft:textures/atlas/armor_trims.png-atlas
[01Oct2026 12:44:56.286] [Render thread/INFO] [net.minecraft.client.renderer.texture.TextureAtlas/]: Created: 128x64x4 minecraft:textures/atlas/decorated_pot.png-atlas
[01Oct2026 12:44:56.286] [Render thread/INFO] [net.minecraft.client.renderer.texture.TextureAtlas/]: Created: 256x256x4 minecraft:textures/atlas/chest.png-atlas
[01Oct2026 12:44:56.287] [Render thread/INFO] [net.minecraft.client.renderer.texture.TextureAtlas/]: Created: 512x256x4 minecraft:textures/atlas/beds.png-atlas
[01Oct2026 12:44:56.287] [Render thread/INFO] [net.minecraft.client.renderer.texture.TextureAtlas/]: Created: 512x256x4 minecraft:textures/atlas/shulker_boxes.png-atlas
[01Oct2026 12:44:56.339] [Render thread/INFO] [net.minecraft.client.renderer.texture.TextureAtlas/]: Created: 2048x1024x0 minecraft:textures/atlas/particles.png-atlas
[01Oct2026 12:44:56.342] [Render thread/INFO] [net.minecraft.client.renderer.texture.TextureAtlas/]: Created: 512x256x0 minecraft:textures/atlas/paintings.png-atlas
[01Oct2026 12:44:56.343] [Render thread/INFO] [net.minecraft.client.renderer.texture.TextureAtlas/]: Created: 256x128x0 minecraft:textures/atlas/mob_effects.png-atlas
[01Oct2026 12:44:56.343] [Render thread/INFO] [net.minecraft.client.renderer.texture.TextureAtlas/]: Created: 64x64x0 minecraft:textures/atlas/map_decorations.png-atlas
[01Oct2026 12:44:56.343] [Render thread/INFO] [net.minecraft.client.renderer.texture.TextureAtlas/]: Created: 1024x512x0 minecraft:textures/atlas/gui.png-atlas
[01Oct2026 12:44:56.366] [Render thread/WARN] [net.minecraft.client.renderer.ShaderInstance/]: Shader rendertype_entity_translucent_emissive could not find sampler named Sampler2 in the specified shader program.
[01Oct2026 12:44:56.436] [Render thread/INFO] [Veil/]: Loaded 3 framebuffers
[01Oct2026 12:44:56.465] [Render thread/INFO] [Veil/]: Loaded 6 post pipelines
[01Oct2026 12:44:56.471] [Render thread/INFO] [Veil/]: Loaded 4 render types
[01Oct2026 12:44:56.471] [Render thread/INFO] [Veil/]: Enabled bloom pipeline
[01Oct2026 12:44:56.472] [Render thread/INFO] [Veil/]: Loaded 0 quasar particles
[01Oct2026 12:44:56.472] [Render thread/INFO] [Veil/]: Loaded 0 templates
[01Oct2026 12:44:56.472] [Render thread/INFO] [Veil/]: Loaded 0 modules
[01Oct2026 12:44:56.510] [Render thread/INFO] [flywheel/backend/shaders/]: Loaded 79 shader sources in 29.873 ms
[01Oct2026 12:44:56.528] [Render thread/INFO] [Veil/]: Compiled 58 vanilla shaders in 106.8 ms
[01Oct2026 12:44:56.529] [Render thread/INFO] [patchouli/]: BookContentResourceListenerLoader preloaded 99 jsons
[01Oct2026 12:44:56.534] [Render thread/INFO] [com.simibubi.create.Create/]: Loaded 59 train hat configurations.
[01Oct2026 12:44:56.534] [Render thread/INFO] [net.neoforged.neoforge.client.entity.animation.json.AnimationLoader/]: Loaded 0 entity animations
[01Oct2026 12:44:56.592] [Render thread/INFO] [net.minecraft.client.gui.screens.ConnectScreen/]: Connecting to 127.0.0.1, 60197
[01Oct2026 12:44:57.519] [Render thread/INFO] [Veil/]: Finished uploading vanilla shaders
[01Oct2026 12:44:57.944] [Server Connector #1/INFO] [dev.ryanhcode.sable.Sable/]: Starting remote client UDP channel future
[01Oct2026 12:44:57.952] [Netty Epoll Client IO #1/INFO] [dev.ryanhcode.sable.Sable/]: Client UDP channel active
[01Oct2026 12:44:58.301] [Render thread/INFO] [com.simibubi.create.Create/]: Created 157 recipes which will be injected into the game
[01Oct2026 12:44:58.304] [Render thread/INFO] [com.simibubi.create.Create/]: Created 0 tags which will be injected into the game
[01Oct2026 12:44:59.908] [Render thread/INFO] [flywheel/]: Started 10 worker threads
[01Oct2026 12:44:59.953] [Render thread/INFO] [dev.ryanhcode.sable.Sable/]: Received UDP authentication request, sending response over UDP to localhost/127.0.0.1:60197
[01Oct2026 12:45:00.055] [Render thread/INFO] [net.minecraft.advancements.AdvancementTree/]: Loaded 23 advancements
[01Oct2026 12:45:00.060] [Render thread/INFO] [patchouli/]: BookContentResourceListenerLoader: Files found in 344.0 μs
[01Oct2026 12:45:00.063] [Render thread/INFO] [patchouli/]: BookContentResourceListenerLoader: Files found in 380.6 μs
[01Oct2026 12:45:00.081] [Render thread/INFO] [patchouli/]: BookContentResourceListenerLoader: Files found in 176.2 μs
[01Oct2026 12:45:00.125] [Render thread/ERROR] [dev.ryanhcode.sable.Sable/]: Failed to apply tag physics properties. Unknown block: copycats:copycat_catwalk
[01Oct2026 12:45:00.642] [Render thread/INFO] [Veil/]: Multi-Bind supported, using core
[01Oct2026 12:45:04.499] [Render thread/INFO] [magnetization/validation-client/]: VALIDATION_MANUAL_OPEN_PASS phase=initial
[01Oct2026 12:45:04.523] [Render thread/INFO] [magnetization/validation-client/]: VALIDATION_PONDER_FOCUS scene=magnetic_basics,magnetic_excavator,repulsor_transport guiScale=3.0
[01Oct2026 12:45:04.545] [IO-Worker-1/INFO] [magnetization/validation-client/]: VALIDATION_CAPTURE manual-initial Saved screenshot as validation-manual-initial.png
[01Oct2026 12:45:04.559] [Render thread/INFO] [magnetization/validation-client/]: VALIDATION_PONDER_TARGET_PASS id=magnetic_basics target=magnetization:permanent_magnet
[01Oct2026 12:45:04.562] [Render thread/INFO] [magnetization/validation-client/]: VALIDATION_PONDER_TARGET_PASS id=magnetic_basics target=magnetization:electromagnet
[01Oct2026 12:45:04.564] [Render thread/INFO] [magnetization/validation-client/]: VALIDATION_PONDER_TARGET_PASS id=magnetic_basics target=magnetization:kinetic_electromagnet
[01Oct2026 12:45:04.565] [Render thread/INFO] [magnetization/validation-client/]: VALIDATION_PONDER_TARGET_PASS id=magnetic_basics target=magnetization:polarity_inverter
[01Oct2026 12:45:04.578] [Render thread/INFO] [magnetization/validation-client/]: VALIDATION_PONDER_START id=magnetic_basics duration=686
[01Oct2026 12:45:05.397] [Render thread/INFO] [magnetization/validation-client/]: VALIDATION_PONDER_TEXT_PASS id=magnetic_basics index=1 time=18
[01Oct2026 12:45:05.459] [IO-Worker-1/INFO] [magnetization/validation-client/]: VALIDATION_CAPTURE ponder-magnetic_basics-text-1 Saved screenshot as validation-ponder-magnetic_basics-text-1.png
[01Oct2026 12:45:07.805] [IO-Worker-1/INFO] [magnetization/validation-client/]: VALIDATION_CAPTURE ponder-magnetic_basics-first Saved screenshot as validation-ponder-magnetic_basics-first.png
[01Oct2026 12:45:09.884] [Render thread/INFO] [magnetization/validation-client/]: VALIDATION_PONDER_TEXT_PASS id=magnetic_basics index=2 time=108
[01Oct2026 12:45:09.943] [IO-Worker-1/INFO] [magnetization/validation-client/]: VALIDATION_CAPTURE ponder-magnetic_basics-text-2 Saved screenshot as validation-ponder-magnetic_basics-text-2.png
[01Oct2026 12:45:15.013] [Render thread/INFO] [magnetization/validation-client/]: VALIDATION_PONDER_TEXT_PASS id=magnetic_basics index=3 time=210
[01Oct2026 12:45:15.076] [IO-Worker-1/INFO] [magnetization/validation-client/]: VALIDATION_CAPTURE ponder-magnetic_basics-text-3 Saved screenshot as validation-ponder-magnetic_basics-text-3.png
[01Oct2026 12:45:20.083] [Render thread/INFO] [magnetization/validation-client/]: VALIDATION_PONDER_TEXT_PASS id=magnetic_basics index=4 time=312
[01Oct2026 12:45:20.142] [IO-Worker-1/INFO] [magnetization/validation-client/]: VALIDATION_CAPTURE ponder-magnetic_basics-text-4 Saved screenshot as validation-ponder-magnetic_basics-text-4.png
[01Oct2026 12:45:24.592] [Render thread/INFO] [magnetization/validation-client/]: VALIDATION_PONDER_TEXT_PASS id=magnetic_basics index=5 time=402
[01Oct2026 12:45:24.654] [IO-Worker-1/INFO] [magnetization/validation-client/]: VALIDATION_CAPTURE ponder-magnetic_basics-text-5 Saved screenshot as validation-ponder-magnetic_basics-text-5.png
[01Oct2026 12:45:29.126] [Render thread/INFO] [magnetization/validation-client/]: VALIDATION_PONDER_TEXT_PASS id=magnetic_basics index=6 time=492
[01Oct2026 12:45:29.198] [IO-Worker-1/INFO] [magnetization/validation-client/]: VALIDATION_CAPTURE ponder-magnetic_basics-text-6 Saved screenshot as validation-ponder-magnetic_basics-text-6.png
[01Oct2026 12:45:34.581] [Render thread/INFO] [magnetization/validation-client/]: VALIDATION_PONDER_TEXT_PASS id=magnetic_basics index=7 time=602
[01Oct2026 12:45:34.645] [IO-Worker-1/INFO] [magnetization/validation-client/]: VALIDATION_CAPTURE ponder-magnetic_basics-text-7 Saved screenshot as validation-ponder-magnetic_basics-text-7.png
[01Oct2026 12:45:36.304] [Render thread/INFO] [magnetization/validation-client/]: VALIDATION_PONDER_SEMANTIC_PASS id=magnetic_basics
[01Oct2026 12:45:36.369] [IO-Worker-1/INFO] [magnetization/validation-client/]: VALIDATION_CAPTURE ponder-magnetic_basics-last Saved screenshot as validation-ponder-magnetic_basics-last.png
[01Oct2026 12:45:38.801] [Render thread/INFO] [magnetization/validation-client/]: VALIDATION_PONDER_PASS id=magnetization:magnetic_basics elapsed=686 total=686 title=Understand fields and ship polarity
[01Oct2026 12:45:38.807] [Render thread/INFO] [magnetization/validation-client/]: VALIDATION_PONDER_TARGET_PASS id=magnetic_excavator target=magnetization:magnetic_excavator
[01Oct2026 12:45:38.810] [Render thread/INFO] [magnetization/validation-client/]: VALIDATION_PONDER_START id=magnetic_excavator duration=576
[01Oct2026 12:45:40.908] [Render thread/INFO] [magnetization/validation-client/]: VALIDATION_PONDER_TEXT_PASS id=magnetic_excavator index=1 time=42
[01Oct2026 12:45:40.909] [Render thread/INFO] [magnetization/validation-client/]: VALIDATION_PONDER_INPUT_PASS id=magnetic_excavator item=create:wrench time=42
[01Oct2026 12:45:40.968] [IO-Worker-1/INFO] [magnetization/validation-client/]: VALIDATION_CAPTURE ponder-magnetic_excavator-text-1 Saved screenshot as validation-ponder-magnetic_excavator-text-1.png
[01Oct2026 12:45:40.971] [IO-Worker-2/INFO] [magnetization/validation-client/]: VALIDATION_CAPTURE ponder-magnetic_excavator-input-create-wrench Saved screenshot as validation-ponder-magnetic_excavator-input-create-wrench.png
[01Oct2026 12:45:42.109] [IO-Worker-2/INFO] [magnetization/validation-client/]: VALIDATION_CAPTURE ponder-magnetic_excavator-first Saved screenshot as validation-ponder-magnetic_excavator-first.png
[01Oct2026 12:45:45.386] [Render thread/INFO] [magnetization/validation-client/]: VALIDATION_PONDER_TEXT_PASS id=magnetic_excavator index=2 time=132
[01Oct2026 12:45:45.455] [IO-Worker-2/INFO] [magnetization/validation-client/]: VALIDATION_CAPTURE ponder-magnetic_excavator-text-2 Saved screenshot as validation-ponder-magnetic_excavator-text-2.png
[01Oct2026 12:45:49.914] [Render thread/INFO] [magnetization/validation-client/]: VALIDATION_PONDER_TEXT_PASS id=magnetic_excavator index=3 time=222
[01Oct2026 12:45:49.917] [Render thread/INFO] [magnetization/validation-client/]: VALIDATION_PONDER_INPUT_PASS id=magnetic_excavator item=minecraft:redstone time=222
[01Oct2026 12:45:49.987] [IO-Worker-2/INFO] [magnetization/validation-client/]: VALIDATION_CAPTURE ponder-magnetic_excavator-text-3 Saved screenshot as validation-ponder-magnetic_excavator-text-3.png
[01Oct2026 12:45:49.992] [IO-Worker-1/INFO] [magnetization/validation-client/]: VALIDATION_CAPTURE ponder-magnetic_excavator-input-minecraft-redstone Saved screenshot as validation-ponder-magnetic_excavator-input-minecraft-redstone.png
[01Oct2026 12:45:54.399] [Render thread/INFO] [magnetization/validation-client/]: VALIDATION_PONDER_TEXT_PASS id=magnetic_excavator index=4 time=312
[01Oct2026 12:45:54.460] [IO-Worker-1/INFO] [magnetization/validation-client/]: VALIDATION_CAPTURE ponder-magnetic_excavator-text-4 Saved screenshot as validation-ponder-magnetic_excavator-text-4.png
[01Oct2026 12:45:58.905] [Render thread/INFO] [magnetization/validation-client/]: VALIDATION_PONDER_TEXT_PASS id=magnetic_excavator index=5 time=402
[01Oct2026 12:45:58.906] [Render thread/INFO] [magnetization/validation-client/]: VALIDATION_PONDER_INPUT_PASS id=magnetic_excavator item=minecraft:raw_iron time=402
[01Oct2026 12:45:58.974] [IO-Worker-1/INFO] [magnetization/validation-client/]: VALIDATION_CAPTURE ponder-magnetic_excavator-text-5 Saved screenshot as validation-ponder-magnetic_excavator-text-5.png
[01Oct2026 12:45:58.981] [IO-Worker-2/INFO] [magnetization/validation-client/]: VALIDATION_CAPTURE ponder-magnetic_excavator-input-minecraft-raw_iron Saved screenshot as validation-ponder-magnetic_excavator-input-minecraft-raw_iron.png
[01Oct2026 12:46:03.399] [Render thread/INFO] [magnetization/validation-client/]: VALIDATION_PONDER_TEXT_PASS id=magnetic_excavator index=6 time=492
[01Oct2026 12:46:03.458] [IO-Worker-2/INFO] [magnetization/validation-client/]: VALIDATION_CAPTURE ponder-magnetic_excavator-text-6 Saved screenshot as validation-ponder-magnetic_excavator-text-6.png
[01Oct2026 12:46:05.075] [Render thread/INFO] [magnetization/validation-client/]: VALIDATION_PONDER_SEMANTIC_PASS id=magnetic_excavator
[01Oct2026 12:46:05.137] [IO-Worker-2/INFO] [magnetization/validation-client/]: VALIDATION_CAPTURE ponder-magnetic_excavator-last Saved screenshot as validation-ponder-magnetic_excavator-last.png
[01Oct2026 12:46:07.608] [Render thread/INFO] [magnetization/validation-client/]: VALIDATION_PONDER_PASS id=magnetization:magnetic_excavator elapsed=576 total=576 title=Operate the Excavator
[01Oct2026 12:46:07.611] [Render thread/INFO] [magnetization/validation-client/]: VALIDATION_PONDER_TARGET_PASS id=repulsor_transport target=magnetization:repulsor_coil
[01Oct2026 12:46:07.612] [Render thread/INFO] [magnetization/validation-client/]: VALIDATION_PONDER_TARGET_PASS id=repulsor_transport target=magnetization:vector_core
[01Oct2026 12:46:07.613] [Render thread/INFO] [magnetization/validation-client/]: VALIDATION_PONDER_TARGET_PASS id=repulsor_transport target=minecraft:copper_block
[01Oct2026 12:46:07.615] [Render thread/INFO] [magnetization/validation-client/]: VALIDATION_PONDER_START id=repulsor_transport duration=434
[01Oct2026 12:46:08.493] [Render thread/INFO] [magnetization/validation-client/]: VALIDATION_PONDER_TEXT_PASS id=repulsor_transport index=1 time=18
[01Oct2026 12:46:08.559] [IO-Worker-2/INFO] [magnetization/validation-client/]: VALIDATION_CAPTURE ponder-repulsor_transport-text-1 Saved screenshot as validation-ponder-repulsor_transport-text-1.png
[01Oct2026 12:46:10.935] [IO-Worker-2/INFO] [magnetization/validation-client/]: VALIDATION_CAPTURE ponder-repulsor_transport-first Saved screenshot as validation-ponder-repulsor_transport-first.png
[01Oct2026 12:46:12.993] [Render thread/INFO] [magnetization/validation-client/]: VALIDATION_PONDER_TEXT_PASS id=repulsor_transport index=2 time=108
[01Oct2026 12:46:12.994] [Render thread/INFO] [magnetization/validation-client/]: VALIDATION_PONDER_INPUT_PASS id=repulsor_transport item=magnetization:vector_core time=108
[01Oct2026 12:46:13.052] [IO-Worker-1/INFO] [magnetization/validation-client/]: VALIDATION_CAPTURE ponder-repulsor_transport-input-magnetization-vector_core Saved screenshot as validation-ponder-repulsor_transport-input-magnetization-vector_core.png
[01Oct2026 12:46:13.052] [IO-Worker-2/INFO] [magnetization/validation-client/]: VALIDATION_CAPTURE ponder-repulsor_transport-text-2 Saved screenshot as validation-ponder-repulsor_transport-text-2.png
[01Oct2026 12:46:17.507] [Render thread/INFO] [magnetization/validation-client/]: VALIDATION_PONDER_TEXT_PASS id=repulsor_transport index=3 time=198
[01Oct2026 12:46:17.571] [IO-Worker-2/INFO] [magnetization/validation-client/]: VALIDATION_CAPTURE ponder-repulsor_transport-text-3 Saved screenshot as validation-ponder-repulsor_transport-text-3.png
[01Oct2026 12:46:25.079] [Render thread/INFO] [magnetization/validation-client/]: VALIDATION_PONDER_TEXT_PASS id=repulsor_transport index=4 time=350
[01Oct2026 12:46:25.141] [IO-Worker-2/INFO] [magnetization/validation-client/]: VALIDATION_CAPTURE ponder-repulsor_transport-text-4 Saved screenshot as validation-ponder-repulsor_transport-text-4.png
[01Oct2026 12:46:26.774] [Render thread/INFO] [magnetization/validation-client/]: VALIDATION_PONDER_SEMANTIC_PASS id=repulsor_transport
[01Oct2026 12:46:26.841] [IO-Worker-2/INFO] [magnetization/validation-client/]: VALIDATION_CAPTURE ponder-repulsor_transport-last Saved screenshot as validation-ponder-repulsor_transport-last.png
[01Oct2026 12:46:29.281] [Render thread/INFO] [magnetization/validation-client/]: VALIDATION_PONDER_PASS id=magnetization:repulsor_transport elapsed=434 total=434 title=Convey and brake a magnetic ship
[01Oct2026 12:46:34.870] [Render thread/ERROR] [dev.ryanhcode.sable.Sable/]: Failed to apply tag physics properties. Unknown block: copycats:copycat_catwalk
[01Oct2026 12:46:34.936] [Render thread/INFO] [net.minecraft.advancements.AdvancementTree/]: Loaded 23 advancements
[01Oct2026 12:46:38.755] [Render thread/ERROR] [dev.ryanhcode.sable.Sable/]: Failed to apply tag physics properties. Unknown block: copycats:copycat_catwalk
[01Oct2026 12:46:38.795] [Render thread/INFO] [net.minecraft.advancements.AdvancementTree/]: Loaded 23 advancements
[01Oct2026 12:46:43.572] [Render thread/ERROR] [dev.ryanhcode.sable.Sable/]: Failed to apply tag physics properties. Unknown block: copycats:copycat_catwalk
[01Oct2026 12:46:43.594] [Render thread/INFO] [net.minecraft.advancements.AdvancementTree/]: Loaded 23 advancements
[01Oct2026 12:46:47.454] [Render thread/ERROR] [dev.ryanhcode.sable.Sable/]: Failed to apply tag physics properties. Unknown block: copycats:copycat_catwalk
[01Oct2026 12:46:47.471] [Render thread/INFO] [net.minecraft.advancements.AdvancementTree/]: Loaded 23 advancements
[01Oct2026 12:46:47.488] [Render thread/INFO] [magnetization/validation-client/]: VALIDATION_CLIENT_PACKAGE_OFF_PASS registry=absent
[01Oct2026 12:46:59.416] [Render thread/ERROR] [dev.ryanhcode.sable.Sable/]: Failed to apply tag physics properties. Unknown block: copycats:copycat_catwalk
[01Oct2026 12:46:59.432] [Render thread/INFO] [net.minecraft.advancements.AdvancementTree/]: Loaded 23 advancements
[01Oct2026 12:46:59.437] [Render thread/INFO] [magnetization/validation-client/]: VALIDATION_CLIENT_PACKAGE_ON_PASS registry=absent restart=required
[01Oct2026 12:46:59.438] [Render thread/INFO] [magnetization/validation-client/]: VALIDATION_CLIENT_PASS phase=initial
[01Oct2026 12:46:59.787] [Netty Epoll Client IO #1/INFO] [dev.ryanhcode.sable.Sable/]: Client UDP channel inactive
[01Oct2026 12:46:59.787] [Netty Epoll Client IO #1/INFO] [dev.ryanhcode.sable.Sable/]: Closed UDP channel!
[01Oct2026 12:46:59.942] [Render thread/WARN] [net.minecraft.client.multiplayer.ClientCommonPacketListenerImpl/]: Client disconnected with reason: Disconnected
